date,rate_pct,source
2000-01-03,3.06,EONIA
2000-01-04,3.01,EONIA
2000-01-05,2.99,EONIA
2000-01-06,2.92,EONIA
2000-01-07,2.89,EONIA
2000-01-10,2.98,EONIA
2000-01-11,3.01,EONIA
2000-01-12,3.07,EONIA
2000-01-13,3.04,EONIA
2000-01-14,3.03,EONIA
2000-01-17,3.02,EONIA
2000-01-18,2.98,EONIA
2000-01-19,2.85,EONIA
2000-01-20,2.95,EONIA
2000-01-21,3.15,EONIA
2000-01-24,3.11,EONIA
2000-01-25,3.09,EONIA
2000-01-26,3.06,EONIA
2000-01-27,3.1,EONIA
2000-01-28,3.3,EONIA
2000-01-31,3.29,EONIA
2000-02-01,3.26,EONIA
2000-02-02,3.18,EONIA
2000-02-03,3.19,EONIA
2000-02-04,3.26,EONIA
2000-02-07,3.25,EONIA
2000-02-08,3.25,EONIA
2000-02-09,3.24,EONIA
2000-02-10,3.24,EONIA
2000-02-11,3.25,EONIA
2000-02-14,3.25,EONIA
2000-02-15,3.25,EONIA
2000-02-16,3.25,EONIA
2000-02-17,3.23,EONIA
2000-02-18,3.2,EONIA
2000-02-21,3.2,EONIA
2000-02-22,3.22,EONIA
2000-02-23,3.48,EONIA
2000-02-24,3.41,EONIA
2000-02-25,3.34,EONIA
2000-02-28,3.37,EONIA
2000-02-29,3.47,EONIA
2000-03-01,3.37,EONIA
2000-03-02,3.33,EONIA
2000-03-03,3.28,EONIA
2000-03-06,3.29,EONIA
2000-03-07,3.31,EONIA
2000-03-08,3.35,EONIA
2000-03-09,3.47,EONIA
2000-03-10,3.52,EONIA
2000-03-13,3.54,EONIA
2000-03-14,3.53,EONIA
2000-03-15,3.5,EONIA
2000-03-16,3.49,EONIA
2000-03-17,3.49,EONIA
2000-03-20,3.48,EONIA
2000-03-21,3.49,EONIA
2000-03-22,3.58,EONIA
2000-03-23,3.86,EONIA
2000-03-24,3.59,EONIA
2000-03-27,3.6,EONIA
2000-03-28,3.6,EONIA
2000-03-29,3.62,EONIA
2000-03-30,3.7,EONIA
2000-03-31,3.75,EONIA
2000-04-03,3.6,EONIA
2000-04-04,3.6,EONIA
2000-04-05,3.58,EONIA
2000-04-06,3.58,EONIA
2000-04-07,3.58,EONIA
2000-04-10,3.59,EONIA
2000-04-11,3.64,EONIA
2000-04-12,3.72,EONIA
2000-04-13,3.68,EONIA
2000-04-14,3.61,EONIA
2000-04-17,3.66,EONIA
2000-04-18,3.83,EONIA
2000-04-19,3.83,EONIA
2000-04-20,3.35,EONIA
2000-04-25,3.81,EONIA
2000-04-26,3.91,EONIA
2000-04-27,3.83,EONIA
2000-04-28,3.93,EONIA
2000-05-02,3.9,EONIA
2000-05-03,3.91,EONIA
2000-05-04,3.96,EONIA
2000-05-05,4.03,EONIA
2000-05-08,4.01,EONIA
2000-05-09,3.99,EONIA
2000-05-10,3.98,EONIA
2000-05-11,3.93,EONIA
2000-05-12,3.9,EONIA
2000-05-15,3.94,EONIA
2000-05-16,3.98,EONIA
2000-05-17,4.08,EONIA
2000-05-18,4.02,EONIA
2000-05-19,3.79,EONIA
2000-05-22,3.49,EONIA
2000-05-23,2.9,EONIA
2000-05-24,4.06,EONIA
2000-05-25,4.03,EONIA
2000-05-26,4.02,EONIA
2000-05-29,4.04,EONIA
2000-05-30,4.08,EONIA
2000-05-31,4.2,EONIA
2000-06-01,4.16,EONIA
2000-06-02,4.16,EONIA
2000-06-05,4.16,EONIA
2000-06-06,4.13,EONIA
2000-06-07,4.06,EONIA
2000-06-08,4.15,EONIA
2000-06-09,4.33,EONIA
2000-06-12,4.36,EONIA
2000-06-13,4.35,EONIA
2000-06-14,4.31,EONIA
2000-06-15,4.26,EONIA
2000-06-16,4.24,EONIA
2000-06-19,4.21,EONIA
2000-06-20,4.22,EONIA
2000-06-21,4.38,EONIA
2000-06-22,4.16,EONIA
2000-06-23,4.51,EONIA
2000-06-26,4.44,EONIA
2000-06-27,4.43,EONIA
2000-06-28,4.38,EONIA
2000-06-29,4.33,EONIA
2000-06-30,4.75,EONIA
2000-07-03,4.33,EONIA
2000-07-04,4.32,EONIA
2000-07-05,4.32,EONIA
2000-07-06,4.32,EONIA
2000-07-07,4.31,EONIA
2000-07-10,4.31,EONIA
2000-07-11,4.31,EONIA
2000-07-12,4.31,EONIA
2000-07-13,4.3,EONIA
2000-07-14,4.31,EONIA
2000-07-17,4.31,EONIA
2000-07-18,4.32,EONIA
2000-07-19,4.34,EONIA
2000-07-20,4.22,EONIA
2000-07-21,3.98,EONIA
2000-07-24,4.36,EONIA
2000-07-25,4.35,EONIA
2000-07-26,4.33,EONIA
2000-07-27,4.33,EONIA
2000-07-28,4.35,EONIA
2000-07-31,4.45,EONIA
2000-08-01,4.33,EONIA
2000-08-02,4.33,EONIA
2000-08-03,4.33,EONIA
2000-08-04,4.33,EONIA
2000-08-07,4.33,EONIA
2000-08-08,4.33,EONIA
2000-08-09,4.33,EONIA
2000-08-10,4.33,EONIA
2000-08-11,4.35,EONIA
2000-08-14,4.39,EONIA
2000-08-15,4.39,EONIA
2000-08-16,4.38,EONIA
2000-08-17,4.35,EONIA
2000-08-18,4.27,EONIA
2000-08-21,4.26,EONIA
2000-08-22,4.35,EONIA
2000-08-23,4.08,EONIA
2000-08-24,4.55,EONIA
2000-08-25,4.73,EONIA
2000-08-28,4.76,EONIA
2000-08-29,4.74,EONIA
2000-08-30,4.7,EONIA
2000-08-31,4.7,EONIA
2000-09-01,4.6,EONIA
2000-09-04,4.59,EONIA
2000-09-05,4.6,EONIA
2000-09-06,4.61,EONIA
2000-09-07,4.64,EONIA
2000-09-08,4.64,EONIA
2000-09-11,4.63,EONIA
2000-09-12,4.61,EONIA
2000-09-13,4.58,EONIA
2000-09-14,4.54,EONIA
2000-09-15,4.53,EONIA
2000-09-18,4.54,EONIA
2000-09-19,4.54,EONIA
2000-09-20,4.54,EONIA
2000-09-21,4.4,EONIA
2000-09-22,4.12,EONIA
2000-09-25,4.66,EONIA
2000-09-26,4.72,EONIA
2000-09-27,4.7,EONIA
2000-09-28,4.7,EONIA
2000-09-29,4.91,EONIA
2000-10-02,4.69,EONIA
2000-10-03,4.69,EONIA
2000-10-04,4.68,EONIA
2000-10-05,4.71,EONIA
2000-10-06,4.8,EONIA
2000-10-09,4.79,EONIA
2000-10-10,4.78,EONIA
2000-10-11,4.78,EONIA
2000-10-12,4.77,EONIA
2000-10-13,4.73,EONIA
2000-10-16,4.73,EONIA
2000-10-17,4.73,EONIA
2000-10-18,4.65,EONIA
2000-10-19,4.64,EONIA
2000-10-20,4.68,EONIA
2000-10-23,4.72,EONIA
2000-10-24,4.84,EONIA
2000-10-25,4.85,EONIA
2000-10-26,4.85,EONIA
2000-10-27,4.85,EONIA
2000-10-30,4.85,EONIA
2000-10-31,4.97,EONIA
2000-11-01,4.87,EONIA
2000-11-02,4.86,EONIA
2000-11-03,4.85,EONIA
2000-11-06,4.85,EONIA
2000-11-07,4.84,EONIA
2000-11-08,4.83,EONIA
2000-11-09,4.82,EONIA
2000-11-10,4.81,EONIA
2000-11-13,4.81,EONIA
2000-11-14,4.8,EONIA
2000-11-15,4.79,EONIA
2000-11-16,4.77,EONIA
2000-11-17,4.76,EONIA
2000-11-20,4.8,EONIA
2000-11-21,4.86,EONIA
2000-11-22,4.79,EONIA
2000-11-23,4.81,EONIA
2000-11-24,4.83,EONIA
2000-11-27,4.84,EONIA
2000-11-28,4.85,EONIA
2000-11-29,4.86,EONIA
2000-11-30,4.94,EONIA
2000-12-01,4.84,EONIA
2000-12-04,4.82,EONIA
2000-12-05,4.8,EONIA
2000-12-06,4.78,EONIA
2000-12-07,4.81,EONIA
2000-12-08,4.83,EONIA
2000-12-11,4.83,EONIA
2000-12-12,4.83,EONIA
2000-12-13,4.81,EONIA
2000-12-14,4.79,EONIA
2000-12-15,4.78,EONIA
2000-12-18,4.79,EONIA
2000-12-19,4.78,EONIA
2000-12-20,4.74,EONIA
2000-12-21,4.73,EONIA
2000-12-22,4.85,EONIA
2000-12-27,4.86,EONIA
2000-12-28,4.88,EONIA
2000-12-29,5.16,EONIA
2001-01-02,4.83,EONIA
2001-01-03,4.82,EONIA
2001-01-04,4.81,EONIA
2001-01-05,4.78,EONIA
2001-01-08,4.77,EONIA
2001-01-09,4.78,EONIA
2001-01-10,4.81,EONIA
2001-01-11,4.82,EONIA
2001-01-12,4.81,EONIA
2001-01-15,4.81,EONIA
2001-01-16,4.8,EONIA
2001-01-17,4.78,EONIA
2001-01-18,4.77,EONIA
2001-01-19,4.72,EONIA
2001-01-22,4.61,EONIA
2001-01-23,4.19,EONIA
2001-01-24,4.77,EONIA
2001-01-25,4.78,EONIA
2001-01-26,4.78,EONIA
2001-01-29,4.79,EONIA
2001-01-30,4.78,EONIA
2001-01-31,4.82,EONIA
2001-02-01,4.77,EONIA
2001-02-02,4.77,EONIA
2001-02-05,4.77,EONIA
2001-02-06,4.76,EONIA
2001-02-07,4.76,EONIA
2001-02-08,4.76,EONIA
2001-02-09,4.76,EONIA
2001-02-12,4.75,EONIA
2001-02-13,4.77,EONIA
2001-02-14,4.87,EONIA
2001-02-15,4.9,EONIA
2001-02-16,5.01,EONIA
2001-02-19,5.45,EONIA
2001-02-20,5.57,EONIA
2001-02-21,5.72,EONIA
2001-02-22,5.7,EONIA
2001-02-23,5.08,EONIA
2001-02-26,4.83,EONIA
2001-02-27,4.86,EONIA
2001-02-28,4.99,EONIA
2001-03-01,4.81,EONIA
2001-03-02,4.81,EONIA
2001-03-05,4.8,EONIA
2001-03-06,4.81,EONIA
2001-03-07,4.83,EONIA
2001-03-08,4.85,EONIA
2001-03-09,4.85,EONIA
2001-03-12,4.83,EONIA
2001-03-13,4.81,EONIA
2001-03-14,4.79,EONIA
2001-03-15,4.78,EONIA
2001-03-16,4.78,EONIA
2001-03-19,4.79,EONIA
2001-03-20,4.82,EONIA
2001-03-21,4.83,EONIA
2001-03-22,4.65,EONIA
2001-03-23,4.44,EONIA
2001-03-26,4.76,EONIA
2001-03-27,4.76,EONIA
2001-03-28,4.77,EONIA
2001-03-29,4.77,EONIA
2001-03-30,4.85,EONIA
2001-04-02,4.78,EONIA
2001-04-03,4.77,EONIA
2001-04-04,4.77,EONIA
2001-04-05,4.76,EONIA
2001-04-06,4.75,EONIA
2001-04-09,4.74,EONIA
2001-04-10,4.84,EONIA
2001-04-11,5.47,EONIA
2001-04-12,5.73,EONIA
2001-04-17,5.75,EONIA
2001-04-18,5.56,EONIA
2001-04-19,5.43,EONIA
2001-04-20,5.5,EONIA
2001-04-23,5.23,EONIA
2001-04-24,4.79,EONIA
2001-04-25,4.8,EONIA
2001-04-26,4.81,EONIA
2001-04-27,4.81,EONIA
2001-04-30,4.93,EONIA
2001-05-02,4.83,EONIA
2001-05-03,4.82,EONIA
2001-05-04,4.81,EONIA
2001-05-07,4.81,EONIA
2001-05-08,4.81,EONIA
2001-05-09,4.8,EONIA
2001-05-10,4.75,EONIA
2001-05-11,4.58,EONIA
2001-05-14,4.57,EONIA
2001-05-15,4.57,EONIA
2001-05-16,4.56,EONIA
2001-05-17,4.56,EONIA
2001-05-18,4.54,EONIA
2001-05-21,4.53,EONIA
2001-05-22,4.49,EONIA
2001-05-23,4.86,EONIA
2001-05-24,4.59,EONIA
2001-05-25,4.59,EONIA
2001-05-28,4.58,EONIA
2001-05-29,4.57,EONIA
2001-05-30,4.56,EONIA
2001-05-31,4.6,EONIA
2001-06-01,4.54,EONIA
2001-06-04,4.53,EONIA
2001-06-05,4.53,EONIA
2001-06-06,4.52,EONIA
2001-06-07,4.52,EONIA
2001-06-08,4.53,EONIA
2001-06-11,4.53,EONIA
2001-06-12,4.53,EONIA
2001-06-13,4.53,EONIA
2001-06-14,4.52,EONIA
2001-06-15,4.52,EONIA
2001-06-18,4.53,EONIA
2001-06-19,4.52,EONIA
2001-06-20,4.52,EONIA
2001-06-21,4.42,EONIA
2001-06-22,4.61,EONIA
2001-06-25,4.55,EONIA
2001-06-26,4.55,EONIA
2001-06-27,4.56,EONIA
2001-06-28,4.55,EONIA
2001-06-29,4.72,EONIA
2001-07-02,4.54,EONIA
2001-07-03,4.53,EONIA
2001-07-04,4.53,EONIA
2001-07-05,4.53,EONIA
2001-07-06,4.53,EONIA
2001-07-09,4.52,EONIA
2001-07-10,4.52,EONIA
2001-07-11,4.52,EONIA
2001-07-12,4.52,EONIA
2001-07-13,4.52,EONIA
2001-07-16,4.52,EONIA
2001-07-17,4.51,EONIA
2001-07-18,4.51,EONIA
2001-07-19,4.41,EONIA
2001-07-20,4.33,EONIA
2001-07-23,4.4,EONIA
2001-07-24,4.52,EONIA
2001-07-25,4.52,EONIA
2001-07-26,4.52,EONIA
2001-07-27,4.52,EONIA
2001-07-30,4.52,EONIA
2001-07-31,4.58,EONIA
2001-08-01,4.51,EONIA
2001-08-02,4.5,EONIA
2001-08-03,4.52,EONIA
2001-08-06,4.52,EONIA
2001-08-07,4.52,EONIA
2001-08-08,4.52,EONIA
2001-08-09,4.52,EONIA
2001-08-10,4.52,EONIA
2001-08-13,4.51,EONIA
2001-08-14,4.51,EONIA
2001-08-15,4.51,EONIA
2001-08-16,4.51,EONIA
2001-08-17,4.51,EONIA
2001-08-20,4.51,EONIA
2001-08-21,4.51,EONIA
2001-08-22,4.44,EONIA
2001-08-23,4.5,EONIA
2001-08-24,4.51,EONIA
2001-08-27,4.49,EONIA
2001-08-28,4.49,EONIA
2001-08-29,4.42,EONIA
2001-08-30,4.37,EONIA
2001-08-31,4.38,EONIA
2001-09-03,4.3,EONIA
2001-09-04,4.3,EONIA
2001-09-05,4.29,EONIA
2001-09-06,4.29,EONIA
2001-09-07,4.28,EONIA
2001-09-10,4.28,EONIA
2001-09-11,4.29,EONIA
2001-09-12,4.42,EONIA
2001-09-13,4.28,EONIA
2001-09-14,4.23,EONIA
2001-09-17,4.23,EONIA
2001-09-18,3.76,EONIA
2001-09-19,3.56,EONIA
2001-09-20,3.13,EONIA
2001-09-21,3.12,EONIA
2001-09-24,3.78,EONIA
2001-09-25,3.79,EONIA
2001-09-26,3.79,EONIA
2001-09-27,3.78,EONIA
2001-09-28,3.83,EONIA
2001-10-01,3.77,EONIA
2001-10-02,3.76,EONIA
2001-10-03,3.75,EONIA
2001-10-04,3.74,EONIA
2001-10-05,3.72,EONIA
2001-10-08,3.72,EONIA
2001-10-09,3.83,EONIA
2001-10-10,3.94,EONIA
2001-10-11,3.96,EONIA
2001-10-12,3.98,EONIA
2001-10-15,3.87,EONIA
2001-10-16,3.91,EONIA
2001-10-17,4.33,EONIA
2001-10-18,4.4,EONIA
2001-10-19,4.6,EONIA
2001-10-22,4.69,EONIA
2001-10-23,4.74,EONIA
2001-10-24,3.76,EONIA
2001-10-25,3.74,EONIA
2001-10-26,3.77,EONIA
2001-10-29,3.76,EONIA
2001-10-30,3.76,EONIA
2001-10-31,3.84,EONIA
2001-11-01,3.77,EONIA
2001-11-02,3.76,EONIA
2001-11-05,3.76,EONIA
2001-11-06,3.85,EONIA
2001-11-07,3.88,EONIA
2001-11-08,3.73,EONIA
2001-11-09,3.86,EONIA
2001-11-12,3.83,EONIA
2001-11-13,3.68,EONIA
2001-11-14,3.37,EONIA
2001-11-15,3.3,EONIA
2001-11-16,3.29,EONIA
2001-11-19,3.25,EONIA
2001-11-20,3.25,EONIA
2001-11-21,3.35,EONIA
2001-11-22,3.4,EONIA
2001-11-23,3.28,EONIA
2001-11-26,3.3,EONIA
2001-11-27,3.3,EONIA
2001-11-28,3.3,EONIA
2001-11-29,3.3,EONIA
2001-11-30,3.35,EONIA
2001-12-03,3.29,EONIA
2001-12-04,3.28,EONIA
2001-12-05,3.26,EONIA
2001-12-06,3.26,EONIA
2001-12-07,3.27,EONIA
2001-12-10,3.28,EONIA
2001-12-11,3.29,EONIA
2001-12-12,3.29,EONIA
2001-12-13,3.3,EONIA
2001-12-14,3.3,EONIA
2001-12-17,3.3,EONIA
2001-12-18,3.31,EONIA
2001-12-19,3.32,EONIA
2001-12-20,3.27,EONIA
2001-12-21,3.05,EONIA
2001-12-24,3.43,EONIA
2001-12-27,3.69,EONIA
2001-12-28,3.91,EONIA
2002-01-02,3.35,EONIA
2002-01-03,3.45,EONIA
2002-01-04,3.45,EONIA
2002-01-07,3.38,EONIA
2002-01-08,3.35,EONIA
2002-01-09,3.34,EONIA
2002-01-10,3.34,EONIA
2002-01-11,3.34,EONIA
2002-01-14,3.33,EONIA
2002-01-15,3.32,EONIA
2002-01-16,3.33,EONIA
2002-01-17,3.32,EONIA
2002-01-18,3.31,EONIA
2002-01-21,3.3,EONIA
2002-01-22,3.03,EONIA
2002-01-23,2.59,EONIA
2002-01-24,3.31,EONIA
2002-01-25,3.31,EONIA
2002-01-28,3.32,EONIA
2002-01-29,3.32,EONIA
2002-01-30,3.32,EONIA
2002-01-31,3.35,EONIA
2002-02-01,3.32,EONIA
2002-02-04,3.31,EONIA
2002-02-05,3.3,EONIA
2002-02-06,3.3,EONIA
2002-02-07,3.3,EONIA
2002-02-08,3.3,EONIA
2002-02-11,3.3,EONIA
2002-02-12,3.3,EONIA
2002-02-13,3.3,EONIA
2002-02-14,3.29,EONIA
2002-02-15,3.29,EONIA
2002-02-18,3.28,EONIA
2002-02-19,3.27,EONIA
2002-02-20,3.21,EONIA
2002-02-21,3.08,EONIA
2002-02-22,3.22,EONIA
2002-02-25,3.31,EONIA
2002-02-26,3.32,EONIA
2002-02-27,3.32,EONIA
2002-02-28,3.34,EONIA
2002-03-01,3.31,EONIA
2002-03-04,3.3,EONIA
2002-03-05,3.29,EONIA
2002-03-06,3.28,EONIA
2002-03-07,3.28,EONIA
2002-03-08,3.28,EONIA
2002-03-11,3.28,EONIA
2002-03-12,3.28,EONIA
2002-03-13,3.28,EONIA
2002-03-14,3.27,EONIA
2002-03-15,3.25,EONIA
2002-03-18,3.23,EONIA
2002-03-19,3.19,EONIA
2002-03-20,3.12,EONIA
2002-03-21,2.99,EONIA
2002-03-22,3.26,EONIA
2002-03-25,3.33,EONIA
2002-03-26,3.34,EONIA
2002-03-27,3.33,EONIA
2002-03-28,3.39,EONIA
2002-04-02,3.31,EONIA
2002-04-03,3.3,EONIA
2002-04-04,3.3,EONIA
2002-04-05,3.3,EONIA
2002-04-08,3.29,EONIA
2002-04-09,3.29,EONIA
2002-04-10,3.29,EONIA
2002-04-11,3.29,EONIA
2002-04-12,3.28,EONIA
2002-04-15,3.27,EONIA
2002-04-16,3.26,EONIA
2002-04-17,3.2,EONIA
2002-04-18,3.19,EONIA
2002-04-19,3.27,EONIA
2002-04-22,3.33,EONIA
2002-04-23,3.9,EONIA
2002-04-24,3.31,EONIA
2002-04-25,3.3,EONIA
2002-04-26,3.3,EONIA
2002-04-29,3.3,EONIA
2002-04-30,3.36,EONIA
2002-05-02,3.31,EONIA
2002-05-03,3.3,EONIA
2002-05-06,3.3,EONIA
2002-05-07,3.31,EONIA
2002-05-08,3.3,EONIA
2002-05-09,3.3,EONIA
2002-05-10,3.3,EONIA
2002-05-13,3.3,EONIA
2002-05-14,3.3,EONIA
2002-05-15,3.3,EONIA
2002-05-16,3.29,EONIA
2002-05-17,3.27,EONIA
2002-05-20,3.26,EONIA
2002-05-21,3.25,EONIA
2002-05-22,3.33,EONIA
2002-05-23,3.32,EONIA
2002-05-24,3.35,EONIA
2002-05-27,3.35,EONIA
2002-05-28,3.34,EONIA
2002-05-29,3.34,EONIA
2002-05-30,3.34,EONIA
2002-05-31,3.36,EONIA
2002-06-03,3.34,EONIA
2002-06-04,3.33,EONIA
2002-06-05,3.33,EONIA
2002-06-06,3.33,EONIA
2002-06-07,3.33,EONIA
2002-06-10,3.33,EONIA
2002-06-11,3.32,EONIA
2002-06-12,3.32,EONIA
2002-06-13,3.31,EONIA
2002-06-14,3.31,EONIA
2002-06-17,3.31,EONIA
2002-06-18,3.3,EONIA
2002-06-19,3.3,EONIA
2002-06-20,3.32,EONIA
2002-06-21,3.58,EONIA
2002-06-24,3.35,EONIA
2002-06-25,3.36,EONIA
2002-06-26,3.36,EONIA
2002-06-27,3.35,EONIA
2002-06-28,3.49,EONIA
2002-07-01,3.34,EONIA
2002-07-02,3.33,EONIA
2002-07-03,3.32,EONIA
2002-07-04,3.32,EONIA
2002-07-05,3.32,EONIA
2002-07-08,3.31,EONIA
2002-07-09,3.3,EONIA
2002-07-10,3.3,EONIA
2002-07-11,3.3,EONIA
2002-07-12,3.3,EONIA
2002-07-15,3.3,EONIA
2002-07-16,3.29,EONIA
2002-07-17,3.28,EONIA
2002-07-18,3.21,EONIA
2002-07-19,3.23,EONIA
2002-07-22,3.31,EONIA
2002-07-23,3.31,EONIA
2002-07-24,3.32,EONIA
2002-07-25,3.31,EONIA
2002-07-26,3.3,EONIA
2002-07-29,3.3,EONIA
2002-07-30,3.3,EONIA
2002-07-31,3.34,EONIA
2002-08-01,3.3,EONIA
2002-08-02,3.3,EONIA
2002-08-05,3.3,EONIA
2002-08-06,3.29,EONIA
2002-08-07,3.29,EONIA
2002-08-08,3.29,EONIA
2002-08-09,3.29,EONIA
2002-08-12,3.29,EONIA
2002-08-13,3.29,EONIA
2002-08-14,3.29,EONIA
2002-08-15,3.28,EONIA
2002-08-16,3.28,EONIA
2002-08-19,3.29,EONIA
2002-08-20,3.29,EONIA
2002-08-21,3.29,EONIA
2002-08-22,3.29,EONIA
2002-08-23,3.29,EONIA
2002-08-26,3.29,EONIA
2002-08-27,3.29,EONIA
2002-08-28,3.29,EONIA
2002-08-29,3.29,EONIA
2002-08-30,3.34,EONIA
2002-09-02,3.29,EONIA
2002-09-03,3.29,EONIA
2002-09-04,3.29,EONIA
2002-09-05,3.29,EONIA
2002-09-06,3.28,EONIA
2002-09-09,3.28,EONIA
2002-09-10,3.29,EONIA
2002-09-11,3.29,EONIA
2002-09-12,3.29,EONIA
2002-09-13,3.29,EONIA
2002-09-16,3.29,EONIA
2002-09-17,3.29,EONIA
2002-09-18,3.29,EONIA
2002-09-19,3.29,EONIA
2002-09-20,3.36,EONIA
2002-09-23,3.63,EONIA
2002-09-24,3.31,EONIA
2002-09-25,3.31,EONIA
2002-09-26,3.31,EONIA
2002-09-27,3.31,EONIA
2002-09-30,3.42,EONIA
2002-10-01,3.3,EONIA
2002-10-02,3.3,EONIA
2002-10-03,3.29,EONIA
2002-10-04,3.29,EONIA
2002-10-07,3.29,EONIA
2002-10-08,3.29,EONIA
2002-10-09,3.29,EONIA
2002-10-10,3.29,EONIA
2002-10-11,3.29,EONIA
2002-10-14,3.29,EONIA
2002-10-15,3.29,EONIA
2002-10-16,3.29,EONIA
2002-10-17,3.29,EONIA
2002-10-18,3.29,EONIA
2002-10-21,3.35,EONIA
2002-10-22,3.37,EONIA
2002-10-23,3.32,EONIA
2002-10-24,3.29,EONIA
2002-10-25,3.29,EONIA
2002-10-28,3.29,EONIA
2002-10-29,3.29,EONIA
2002-10-30,3.29,EONIA
2002-10-31,3.34,EONIA
2002-11-01,3.3,EONIA
2002-11-04,3.29,EONIA
2002-11-05,3.29,EONIA
2002-11-06,3.28,EONIA
2002-11-07,3.25,EONIA
2002-11-08,3.29,EONIA
2002-11-11,3.29,EONIA
2002-11-12,3.29,EONIA
2002-11-13,3.29,EONIA
2002-11-14,3.29,EONIA
2002-11-15,3.29,EONIA
2002-11-18,3.29,EONIA
2002-11-19,3.29,EONIA
2002-11-20,3.29,EONIA
2002-11-21,3.3,EONIA
2002-11-22,3.49,EONIA
2002-11-25,3.3,EONIA
2002-11-26,3.3,EONIA
2002-11-27,3.3,EONIA
2002-11-28,3.3,EONIA
2002-11-29,3.38,EONIA
2002-12-02,3.36,EONIA
2002-12-03,3.32,EONIA
2002-12-04,3.01,EONIA
2002-12-05,2.94,EONIA
2002-12-06,2.9,EONIA
2002-12-09,2.89,EONIA
2002-12-10,2.89,EONIA
2002-12-11,2.88,EONIA
2002-12-12,2.88,EONIA
2002-12-13,2.89,EONIA
2002-12-16,2.89,EONIA
2002-12-17,2.97,EONIA
2002-12-18,2.97,EONIA
2002-12-19,3.35,EONIA
2002-12-20,3.5,EONIA
2002-12-23,3.7,EONIA
2002-12-24,3.05,EONIA
2002-12-27,3.03,EONIA
2002-12-30,3.03,EONIA
2002-12-31,3.44,EONIA
2003-01-02,2.9,EONIA
2003-01-03,2.89,EONIA
2003-01-06,2.88,EONIA
2003-01-07,2.86,EONIA
2003-01-08,2.84,EONIA
2003-01-09,2.83,EONIA
2003-01-10,2.82,EONIA
2003-01-13,2.82,EONIA
2003-01-14,2.82,EONIA
2003-01-15,2.82,EONIA
2003-01-16,2.82,EONIA
2003-01-17,2.81,EONIA
2003-01-20,2.81,EONIA
2003-01-21,2.81,EONIA
2003-01-22,2.57,EONIA
2003-01-23,2.12,EONIA
2003-01-24,2.81,EONIA
2003-01-27,2.81,EONIA
2003-01-28,2.81,EONIA
2003-01-29,2.8,EONIA
2003-01-30,2.8,EONIA
2003-01-31,2.86,EONIA
2003-02-03,2.8,EONIA
2003-02-04,2.8,EONIA
2003-02-05,2.79,EONIA
2003-02-06,2.79,EONIA
2003-02-07,2.78,EONIA
2003-02-10,2.78,EONIA
2003-02-11,2.78,EONIA
2003-02-12,2.78,EONIA
2003-02-13,2.78,EONIA
2003-02-14,2.78,EONIA
2003-02-17,2.78,EONIA
2003-02-18,2.79,EONIA
2003-02-19,2.79,EONIA
2003-02-20,2.77,EONIA
2003-02-21,2.39,EONIA
2003-02-24,2.78,EONIA
2003-02-25,2.77,EONIA
2003-02-26,2.77,EONIA
2003-02-27,2.75,EONIA
2003-02-28,2.82,EONIA
2003-03-03,2.97,EONIA
2003-03-04,3.36,EONIA
2003-03-05,3.11,EONIA
2003-03-06,2.97,EONIA
2003-03-07,3.17,EONIA
2003-03-10,3.19,EONIA
2003-03-11,2.84,EONIA
2003-03-12,2.65,EONIA
2003-03-13,2.61,EONIA
2003-03-14,2.61,EONIA
2003-03-17,2.6,EONIA
2003-03-18,2.59,EONIA
2003-03-19,2.51,EONIA
2003-03-20,2.37,EONIA
2003-03-21,2.72,EONIA
2003-03-24,2.56,EONIA
2003-03-25,2.56,EONIA
2003-03-26,2.56,EONIA
2003-03-27,2.56,EONIA
2003-03-28,2.56,EONIA
2003-03-31,2.66,EONIA
2003-04-01,2.55,EONIA
2003-04-02,2.54,EONIA
2003-04-03,2.54,EONIA
2003-04-04,2.54,EONIA
2003-04-07,2.54,EONIA
2003-04-08,2.54,EONIA
2003-04-09,2.54,EONIA
2003-04-10,2.54,EONIA
2003-04-11,2.54,EONIA
2003-04-14,2.54,EONIA
2003-04-15,2.54,EONIA
2003-04-16,2.55,EONIA
2003-04-17,2.64,EONIA
2003-04-22,2.65,EONIA
2003-04-23,2.58,EONIA
2003-04-24,2.55,EONIA
2003-04-25,2.55,EONIA
2003-04-28,2.55,EONIA
2003-04-29,2.55,EONIA
2003-04-30,2.64,EONIA
2003-05-02,2.55,EONIA
2003-05-05,2.55,EONIA
2003-05-06,2.55,EONIA
2003-05-07,2.55,EONIA
2003-05-08,2.54,EONIA
2003-05-09,2.55,EONIA
2003-05-12,2.55,EONIA
2003-05-13,2.55,EONIA
2003-05-14,2.55,EONIA
2003-05-15,2.56,EONIA
2003-05-16,2.56,EONIA
2003-05-19,2.56,EONIA
2003-05-20,2.59,EONIA
2003-05-21,2.73,EONIA
2003-05-22,2.57,EONIA
2003-05-23,2.21,EONIA
2003-05-26,2.56,EONIA
2003-05-27,2.58,EONIA
2003-05-28,2.59,EONIA
2003-05-29,2.6,EONIA
2003-05-30,2.65,EONIA
2003-06-02,2.65,EONIA
2003-06-03,2.68,EONIA
2003-06-04,2.37,EONIA
2003-06-05,2.19,EONIA
2003-06-06,2.15,EONIA
2003-06-09,2.14,EONIA
2003-06-10,2.13,EONIA
2003-06-11,2.14,EONIA
2003-06-12,2.14,EONIA
2003-06-13,2.14,EONIA
2003-06-16,2.14,EONIA
2003-06-17,2.13,EONIA
2003-06-18,2.13,EONIA
2003-06-19,2.2,EONIA
2003-06-20,2.16,EONIA
2003-06-23,2.11,EONIA
2003-06-24,2.12,EONIA
2003-06-25,2.12,EONIA
2003-06-26,2.12,EONIA
2003-06-27,2.14,EONIA
2003-06-30,2.38,EONIA
2003-07-01,2.12,EONIA
2003-07-02,2.12,EONIA
2003-07-03,2.12,EONIA
2003-07-04,2.12,EONIA
2003-07-07,2.11,EONIA
2003-07-08,2.1,EONIA
2003-07-09,2.1,EONIA
2003-07-10,2.1,EONIA
2003-07-11,2.09,EONIA
2003-07-14,2.09,EONIA
2003-07-15,2.09,EONIA
2003-07-16,2.09,EONIA
2003-07-17,2.09,EONIA
2003-07-18,2.08,EONIA
2003-07-21,2.08,EONIA
2003-07-22,2.09,EONIA
2003-07-23,1.83,EONIA
2003-07-24,2.06,EONIA
2003-07-25,2.05,EONIA
2003-07-28,2.04,EONIA
2003-07-29,2.05,EONIA
2003-07-30,2.07,EONIA
2003-07-31,2.11,EONIA
2003-08-01,2.08,EONIA
2003-08-04,2.07,EONIA
2003-08-05,2.07,EONIA
2003-08-06,2.06,EONIA
2003-08-07,2.06,EONIA
2003-08-08,2.06,EONIA
2003-08-11,2.06,EONIA
2003-08-12,2.06,EONIA
2003-08-13,2.06,EONIA
2003-08-14,2.06,EONIA
2003-08-15,2.07,EONIA
2003-08-18,2.07,EONIA
2003-08-19,2.07,EONIA
2003-08-20,2.09,EONIA
2003-08-21,2.15,EONIA
2003-08-22,2.45,EONIA
2003-08-25,2.1,EONIA
2003-08-26,2.1,EONIA
2003-08-27,2.09,EONIA
2003-08-28,2.09,EONIA
2003-08-29,2.14,EONIA
2003-09-01,2.09,EONIA
2003-09-02,2.09,EONIA
2003-09-03,2.09,EONIA
2003-09-04,2.08,EONIA
2003-09-05,2.08,EONIA
2003-09-08,2.08,EONIA
2003-09-09,2.08,EONIA
2003-09-10,2.08,EONIA
2003-09-11,2.08,EONIA
2003-09-12,2.08,EONIA
2003-09-15,2.08,EONIA
2003-09-16,2.08,EONIA
2003-09-17,2.07,EONIA
2003-09-18,2.04,EONIA
2003-09-19,1.93,EONIA
2003-09-22,1.74,EONIA
2003-09-23,1.34,EONIA
2003-09-24,2.07,EONIA
2003-09-25,2.06,EONIA
2003-09-26,2.06,EONIA
2003-09-29,2.06,EONIA
2003-09-30,2.1,EONIA
2003-10-01,2.06,EONIA
2003-10-02,2.06,EONIA
2003-10-03,2.06,EONIA
2003-10-06,2.06,EONIA
2003-10-07,2.06,EONIA
2003-10-08,2.06,EONIA
2003-10-09,2.06,EONIA
2003-10-10,2.06,EONIA
2003-10-13,2.06,EONIA
2003-10-14,2.05,EONIA
2003-10-15,2.05,EONIA
2003-10-16,2.05,EONIA
2003-10-17,2.01,EONIA
2003-10-20,1.91,EONIA
2003-10-21,1.99,EONIA
2003-10-22,1.96,EONIA
2003-10-23,1.44,EONIA
2003-10-24,2.05,EONIA
2003-10-27,2.05,EONIA
2003-10-28,2.05,EONIA
2003-10-29,2.05,EONIA
2003-10-30,2.06,EONIA
2003-10-31,2.08,EONIA
2003-11-03,2.05,EONIA
2003-11-04,2.05,EONIA
2003-11-05,2.05,EONIA
2003-11-06,2.05,EONIA
2003-11-07,2.05,EONIA
2003-11-10,2.05,EONIA
2003-11-11,2.04,EONIA
2003-11-12,2.04,EONIA
2003-11-13,2.02,EONIA
2003-11-14,1.92,EONIA
2003-11-17,2.0,EONIA
2003-11-18,1.99,EONIA
2003-11-19,1.79,EONIA
2003-11-20,1.54,EONIA
2003-11-21,1.46,EONIA
2003-11-24,2.04,EONIA
2003-11-25,2.06,EONIA
2003-11-26,2.08,EONIA
2003-11-27,2.09,EONIA
2003-11-28,2.09,EONIA
2003-12-01,2.05,EONIA
2003-12-02,2.05,EONIA
2003-12-03,2.04,EONIA
2003-12-04,2.04,EONIA
2003-12-05,2.04,EONIA
2003-12-08,2.03,EONIA
2003-12-09,2.03,EONIA
2003-12-10,2.04,EONIA
2003-12-11,2.04,EONIA
2003-12-12,2.05,EONIA
2003-12-15,2.04,EONIA
2003-12-16,2.03,EONIA
2003-12-17,1.88,EONIA
2003-12-18,1.71,EONIA
2003-12-19,1.62,EONIA
2003-12-22,1.89,EONIA
2003-12-23,2.46,EONIA
2003-12-24,2.28,EONIA
2003-12-29,2.33,EONIA
2003-12-30,2.22,EONIA
2003-12-31,2.32,EONIA
2004-01-02,2.06,EONIA
2004-01-05,2.05,EONIA
2004-01-06,2.04,EONIA
2004-01-07,2.04,EONIA
2004-01-08,2.04,EONIA
2004-01-09,2.04,EONIA
2004-01-12,2.04,EONIA
2004-01-13,2.04,EONIA
2004-01-14,2.02,EONIA
2004-01-15,1.94,EONIA
2004-01-16,1.95,EONIA
2004-01-19,1.99,EONIA
2004-01-20,2.0,EONIA
2004-01-21,2.04,EONIA
2004-01-22,1.98,EONIA
2004-01-23,1.92,EONIA
2004-01-26,2.05,EONIA
2004-01-27,2.05,EONIA
2004-01-28,2.05,EONIA
2004-01-29,2.05,EONIA
2004-01-30,2.06,EONIA
2004-02-02,2.04,EONIA
2004-02-03,2.03,EONIA
2004-02-04,2.03,EONIA
2004-02-05,2.03,EONIA
2004-02-06,2.02,EONIA
2004-02-09,2.02,EONIA
2004-02-10,2.02,EONIA
2004-02-11,2.02,EONIA
2004-02-12,2.02,EONIA
2004-02-13,2.02,EONIA
2004-02-16,2.02,EONIA
2004-02-17,2.02,EONIA
2004-02-18,2.02,EONIA
2004-02-19,2.02,EONIA
2004-02-20,2.04,EONIA
2004-02-23,2.05,EONIA
2004-02-24,2.05,EONIA
2004-02-25,2.05,EONIA
2004-02-26,2.05,EONIA
2004-02-27,2.06,EONIA
2004-03-01,2.04,EONIA
2004-03-02,2.03,EONIA
2004-03-03,1.99,EONIA
2004-03-04,1.88,EONIA
2004-03-05,1.84,EONIA
2004-03-08,1.9,EONIA
2004-03-09,1.99,EONIA
2004-03-10,2.02,EONIA
2004-03-11,2.02,EONIA
2004-03-12,2.02,EONIA
2004-03-15,2.02,EONIA
2004-03-16,2.01,EONIA
2004-03-17,2.01,EONIA
2004-03-18,2.0,EONIA
2004-03-19,2.0,EONIA
2004-03-22,2.01,EONIA
2004-03-23,2.03,EONIA
2004-03-24,2.05,EONIA
2004-03-25,2.05,EONIA
2004-03-26,2.05,EONIA
2004-03-29,2.06,EONIA
2004-03-30,2.05,EONIA
2004-03-31,2.06,EONIA
2004-04-01,2.02,EONIA
2004-04-02,2.02,EONIA
2004-04-05,2.26,EONIA
2004-04-06,2.75,EONIA
2004-04-07,2.04,EONIA
2004-04-08,2.04,EONIA
2004-04-13,2.04,EONIA
2004-04-14,2.03,EONIA
2004-04-15,2.03,EONIA
2004-04-16,2.03,EONIA
2004-04-19,2.02,EONIA
2004-04-20,2.02,EONIA
2004-04-21,2.02,EONIA
2004-04-22,2.02,EONIA
2004-04-23,2.02,EONIA
2004-04-26,2.03,EONIA
2004-04-27,2.03,EONIA
2004-04-28,2.04,EONIA
2004-04-29,2.04,EONIA
2004-04-30,2.06,EONIA
2004-05-03,2.04,EONIA
2004-05-04,2.04,EONIA
2004-05-05,2.04,EONIA
2004-05-06,2.03,EONIA
2004-05-07,1.83,EONIA
2004-05-10,1.84,EONIA
2004-05-11,2.07,EONIA
2004-05-12,2.03,EONIA
2004-05-13,2.03,EONIA
2004-05-14,2.03,EONIA
2004-05-17,2.03,EONIA
2004-05-18,2.03,EONIA
2004-05-19,2.02,EONIA
2004-05-20,2.02,EONIA
2004-05-21,2.03,EONIA
2004-05-24,2.03,EONIA
2004-05-25,2.03,EONIA
2004-05-26,2.03,EONIA
2004-05-27,2.03,EONIA
2004-05-28,2.04,EONIA
2004-05-31,2.05,EONIA
2004-06-01,2.04,EONIA
2004-06-02,2.04,EONIA
2004-06-03,2.09,EONIA
2004-06-04,2.12,EONIA
2004-06-07,1.98,EONIA
2004-06-08,1.72,EONIA
2004-06-09,2.03,EONIA
2004-06-10,2.03,EONIA
2004-06-11,2.03,EONIA
2004-06-14,2.03,EONIA
2004-06-15,2.03,EONIA
2004-06-16,2.03,EONIA
2004-06-17,2.03,EONIA
2004-06-18,2.03,EONIA
2004-06-21,2.03,EONIA
2004-06-22,2.03,EONIA
2004-06-23,2.03,EONIA
2004-06-24,2.03,EONIA
2004-06-25,2.04,EONIA
2004-06-28,2.04,EONIA
2004-06-29,2.05,EONIA
2004-06-30,2.13,EONIA
2004-07-01,2.04,EONIA
2004-07-02,2.04,EONIA
2004-07-05,2.11,EONIA
2004-07-06,2.53,EONIA
2004-07-07,2.04,EONIA
2004-07-08,2.04,EONIA
2004-07-09,2.04,EONIA
2004-07-12,2.04,EONIA
2004-07-13,2.04,EONIA
2004-07-14,2.04,EONIA
2004-07-15,2.04,EONIA
2004-07-16,2.04,EONIA
2004-07-19,2.04,EONIA
2004-07-20,2.04,EONIA
2004-07-21,2.04,EONIA
2004-07-22,2.04,EONIA
2004-07-23,2.04,EONIA
2004-07-26,2.04,EONIA
2004-07-27,2.04,EONIA
2004-07-28,2.04,EONIA
2004-07-29,2.05,EONIA
2004-07-30,2.08,EONIA
2004-08-02,2.05,EONIA
2004-08-03,2.05,EONIA
2004-08-04,2.05,EONIA
2004-08-05,2.03,EONIA
2004-08-06,1.93,EONIA
2004-08-09,2.0,EONIA
2004-08-10,2.16,EONIA
2004-08-11,2.04,EONIA
2004-08-12,2.04,EONIA
2004-08-13,2.04,EONIA
2004-08-16,2.04,EONIA
2004-08-17,2.04,EONIA
2004-08-18,2.04,EONIA
2004-08-19,2.04,EONIA
2004-08-20,2.04,EONIA
2004-08-23,2.04,EONIA
2004-08-24,2.04,EONIA
2004-08-25,2.04,EONIA
2004-08-26,2.04,EONIA
2004-08-27,2.04,EONIA
2004-08-30,2.04,EONIA
2004-08-31,2.06,EONIA
2004-09-01,2.04,EONIA
2004-09-02,2.02,EONIA
2004-09-03,2.01,EONIA
2004-09-06,2.16,EONIA
2004-09-07,2.17,EONIA
2004-09-08,2.05,EONIA
2004-09-09,2.04,EONIA
2004-09-10,2.04,EONIA
2004-09-13,2.04,EONIA
2004-09-14,2.04,EONIA
2004-09-15,2.04,EONIA
2004-09-16,2.04,EONIA
2004-09-17,2.04,EONIA
2004-09-20,2.04,EONIA
2004-09-21,2.04,EONIA
2004-09-22,2.04,EONIA
2004-09-23,2.04,EONIA
2004-09-24,2.04,EONIA
2004-09-27,2.04,EONIA
2004-09-28,2.04,EONIA
2004-09-29,2.04,EONIA
2004-09-30,2.09,EONIA
2004-10-01,2.05,EONIA
2004-10-04,2.05,EONIA
2004-10-05,2.1,EONIA
2004-10-06,2.13,EONIA
2004-10-07,2.12,EONIA
2004-10-08,2.33,EONIA
2004-10-11,2.77,EONIA
2004-10-12,2.05,EONIA
2004-10-13,2.05,EONIA
2004-10-14,2.05,EONIA
2004-10-15,2.06,EONIA
2004-10-18,2.06,EONIA
2004-10-19,2.06,EONIA
2004-10-20,2.05,EONIA
2004-10-21,2.05,EONIA
2004-10-22,2.05,EONIA
2004-10-25,2.05,EONIA
2004-10-26,2.05,EONIA
2004-10-27,2.06,EONIA
2004-10-28,2.06,EONIA
2004-10-29,2.09,EONIA
2004-11-01,2.06,EONIA
2004-11-02,2.06,EONIA
2004-11-03,2.13,EONIA
2004-11-04,2.24,EONIA
2004-11-05,2.12,EONIA
2004-11-08,2.02,EONIA
2004-11-09,2.06,EONIA
2004-11-10,2.07,EONIA
2004-11-11,2.07,EONIA
2004-11-12,2.08,EONIA
2004-11-15,2.08,EONIA
2004-11-16,2.08,EONIA
2004-11-17,2.08,EONIA
2004-11-18,2.07,EONIA
2004-11-19,2.07,EONIA
2004-11-22,2.08,EONIA
2004-11-23,2.08,EONIA
2004-11-24,2.08,EONIA
2004-11-25,2.08,EONIA
2004-11-26,2.08,EONIA
2004-11-29,2.08,EONIA
2004-11-30,2.1,EONIA
2004-12-01,2.05,EONIA
2004-12-02,1.89,EONIA
2004-12-03,1.82,EONIA
2004-12-06,1.83,EONIA
2004-12-07,1.98,EONIA
2004-12-08,2.07,EONIA
2004-12-09,2.08,EONIA
2004-12-10,2.09,EONIA
2004-12-13,2.1,EONIA
2004-12-14,2.1,EONIA
2004-12-15,2.09,EONIA
2004-12-16,2.08,EONIA
2004-12-17,2.08,EONIA
2004-12-20,2.08,EONIA
2004-12-21,2.09,EONIA
2004-12-22,2.08,EONIA
2004-12-23,2.08,EONIA
2004-12-24,2.08,EONIA
2004-12-27,2.08,EONIA
2004-12-28,2.08,EONIA
2004-12-29,2.08,EONIA
2004-12-30,2.11,EONIA
2004-12-31,2.21,EONIA
2005-01-03,2.09,EONIA
2005-01-04,2.09,EONIA
2005-01-05,2.08,EONIA
2005-01-06,2.08,EONIA
2005-01-07,2.08,EONIA
2005-01-10,2.09,EONIA
2005-01-11,2.09,EONIA
2005-01-12,2.08,EONIA
2005-01-13,1.98,EONIA
2005-01-14,1.97,EONIA
2005-01-17,2.12,EONIA
2005-01-18,2.14,EONIA
2005-01-19,2.08,EONIA
2005-01-20,2.08,EONIA
2005-01-21,2.08,EONIA
2005-01-24,2.08,EONIA
2005-01-25,2.08,EONIA
2005-01-26,2.08,EONIA
2005-01-27,2.08,EONIA
2005-01-28,2.08,EONIA
2005-01-31,2.09,EONIA
2005-02-01,2.07,EONIA
2005-02-02,2.01,EONIA
2005-02-03,2.05,EONIA
2005-02-04,2.04,EONIA
2005-02-07,2.03,EONIA
2005-02-08,2.07,EONIA
2005-02-09,2.07,EONIA
2005-02-10,2.07,EONIA
2005-02-11,2.07,EONIA
2005-02-14,2.07,EONIA
2005-02-15,2.07,EONIA
2005-02-16,2.06,EONIA
2005-02-17,2.06,EONIA
2005-02-18,2.06,EONIA
2005-02-21,2.06,EONIA
2005-02-22,2.06,EONIA
2005-02-23,2.06,EONIA
2005-02-24,2.06,EONIA
2005-02-25,2.06,EONIA
2005-02-28,2.07,EONIA
2005-03-01,2.06,EONIA
2005-03-02,2.06,EONIA
2005-03-03,2.05,EONIA
2005-03-04,2.02,EONIA
2005-03-07,1.98,EONIA
2005-03-08,2.01,EONIA
2005-03-09,2.06,EONIA
2005-03-10,2.06,EONIA
2005-03-11,2.06,EONIA
2005-03-14,2.06,EONIA
2005-03-15,2.06,EONIA
2005-03-16,2.06,EONIA
2005-03-17,2.06,EONIA
2005-03-18,2.06,EONIA
2005-03-21,2.06,EONIA
2005-03-22,2.07,EONIA
2005-03-23,2.07,EONIA
2005-03-24,2.07,EONIA
2005-03-29,2.07,EONIA
2005-03-30,2.07,EONIA
2005-03-31,2.12,EONIA
2005-04-01,2.07,EONIA
2005-04-04,2.07,EONIA
2005-04-05,2.07,EONIA
2005-04-06,2.07,EONIA
2005-04-07,2.07,EONIA
2005-04-08,2.06,EONIA
2005-04-11,2.09,EONIA
2005-04-12,2.18,EONIA
2005-04-13,2.07,EONIA
2005-04-14,2.07,EONIA
2005-04-15,2.07,EONIA
2005-04-18,2.07,EONIA
2005-04-19,2.07,EONIA
2005-04-20,2.06,EONIA
2005-04-21,2.06,EONIA
2005-04-22,2.06,EONIA
2005-04-25,2.07,EONIA
2005-04-26,2.07,EONIA
2005-04-27,2.07,EONIA
2005-04-28,2.08,EONIA
2005-04-29,2.09,EONIA
2005-05-02,2.07,EONIA
2005-05-03,2.07,EONIA
2005-05-04,2.08,EONIA
2005-05-05,2.09,EONIA
2005-05-06,2.06,EONIA
2005-05-09,2.05,EONIA
2005-05-10,1.99,EONIA
2005-05-11,2.07,EONIA
2005-05-12,2.07,EONIA
2005-05-13,2.07,EONIA
2005-05-16,2.07,EONIA
2005-05-17,2.07,EONIA
2005-05-18,2.07,EONIA
2005-05-19,2.07,EONIA
2005-05-20,2.07,EONIA
2005-05-23,2.07,EONIA
2005-05-24,2.08,EONIA
2005-05-25,2.08,EONIA
2005-05-26,2.08,EONIA
2005-05-27,2.08,EONIA
2005-05-30,2.08,EONIA
2005-05-31,2.1,EONIA
2005-06-01,2.08,EONIA
2005-06-02,2.07,EONIA
2005-06-03,2.04,EONIA
2005-06-06,1.98,EONIA
2005-06-07,1.78,EONIA
2005-06-08,2.08,EONIA
2005-06-09,2.08,EONIA
2005-06-10,2.08,EONIA
2005-06-13,2.08,EONIA
2005-06-14,2.08,EONIA
2005-06-15,2.07,EONIA
2005-06-16,2.07,EONIA
2005-06-17,2.07,EONIA
2005-06-20,2.07,EONIA
2005-06-21,2.07,EONIA
2005-06-22,2.07,EONIA
2005-06-23,2.07,EONIA
2005-06-24,2.08,EONIA
2005-06-27,2.09,EONIA
2005-06-28,2.09,EONIA
2005-06-29,2.1,EONIA
2005-06-30,2.17,EONIA
2005-07-01,2.08,EONIA
2005-07-04,2.08,EONIA
2005-07-05,2.08,EONIA
2005-07-06,2.08,EONIA
2005-07-07,2.11,EONIA
2005-07-08,2.03,EONIA
2005-07-11,1.97,EONIA
2005-07-12,2.06,EONIA
2005-07-13,2.08,EONIA
2005-07-14,2.08,EONIA
2005-07-15,2.08,EONIA
2005-07-18,2.08,EONIA
2005-07-19,2.08,EONIA
2005-07-20,2.07,EONIA
2005-07-21,2.07,EONIA
2005-07-22,2.07,EONIA
2005-07-25,2.08,EONIA
2005-07-26,2.08,EONIA
2005-07-27,2.08,EONIA
2005-07-28,2.08,EONIA
2005-07-29,2.11,EONIA
2005-08-01,2.08,EONIA
2005-08-02,2.08,EONIA
2005-08-03,2.08,EONIA
2005-08-04,2.09,EONIA
2005-08-05,2.09,EONIA
2005-08-08,2.07,EONIA
2005-08-09,1.63,EONIA
2005-08-10,2.08,EONIA
2005-08-11,2.08,EONIA
2005-08-12,2.08,EONIA
2005-08-15,2.08,EONIA
2005-08-16,2.08,EONIA
2005-08-17,2.08,EONIA
2005-08-18,2.08,EONIA
2005-08-19,2.08,EONIA
2005-08-22,2.08,EONIA
2005-08-23,2.08,EONIA
2005-08-24,2.08,EONIA
2005-08-25,2.08,EONIA
2005-08-26,2.08,EONIA
2005-08-29,2.08,EONIA
2005-08-30,2.07,EONIA
2005-08-31,2.09,EONIA
2005-09-01,2.08,EONIA
2005-09-02,2.09,EONIA
2005-09-05,2.17,EONIA
2005-09-06,2.18,EONIA
2005-09-07,2.08,EONIA
2005-09-08,2.08,EONIA
2005-09-09,2.08,EONIA
2005-09-12,2.08,EONIA
2005-09-13,2.08,EONIA
2005-09-14,2.08,EONIA
2005-09-15,2.08,EONIA
2005-09-16,2.08,EONIA
2005-09-19,2.08,EONIA
2005-09-20,2.08,EONIA
2005-09-21,2.08,EONIA
2005-09-22,2.08,EONIA
2005-09-23,2.08,EONIA
2005-09-26,2.08,EONIA
2005-09-27,2.09,EONIA
2005-09-28,2.09,EONIA
2005-09-29,2.1,EONIA
2005-09-30,2.15,EONIA
2005-10-03,2.09,EONIA
2005-10-04,2.09,EONIA
2005-10-05,2.1,EONIA
2005-10-06,2.1,EONIA
2005-10-07,2.02,EONIA
2005-10-10,1.96,EONIA
2005-10-11,1.93,EONIA
2005-10-12,2.08,EONIA
2005-10-13,2.08,EONIA
2005-10-14,2.08,EONIA
2005-10-17,2.08,EONIA
2005-10-18,2.08,EONIA
2005-10-19,2.08,EONIA
2005-10-20,2.08,EONIA
2005-10-21,2.08,EONIA
2005-10-24,2.08,EONIA
2005-10-25,2.08,EONIA
2005-10-26,2.08,EONIA
2005-10-27,2.08,EONIA
2005-10-28,2.07,EONIA
2005-10-31,2.09,EONIA
2005-11-01,2.07,EONIA
2005-11-02,2.07,EONIA
2005-11-03,2.07,EONIA
2005-11-04,2.09,EONIA
2005-11-07,2.09,EONIA
2005-11-08,1.87,EONIA
2005-11-09,2.08,EONIA
2005-11-10,2.08,EONIA
2005-11-11,2.08,EONIA
2005-11-14,2.08,EONIA
2005-11-15,2.08,EONIA
2005-11-16,2.08,EONIA
2005-11-17,2.08,EONIA
2005-11-18,2.08,EONIA
2005-11-21,2.11,EONIA
2005-11-22,2.16,EONIA
2005-11-23,2.19,EONIA
2005-11-24,2.16,EONIA
2005-11-25,2.11,EONIA
2005-11-28,2.11,EONIA
2005-11-29,2.09,EONIA
2005-11-30,2.06,EONIA
2005-12-01,2.04,EONIA
2005-12-02,1.8,EONIA
2005-12-05,1.85,EONIA
2005-12-06,2.32,EONIA
2005-12-07,2.32,EONIA
2005-12-08,2.32,EONIA
2005-12-09,2.32,EONIA
2005-12-12,2.32,EONIA
2005-12-13,2.32,EONIA
2005-12-14,2.32,EONIA
2005-12-15,2.32,EONIA
2005-12-16,2.33,EONIA
2005-12-19,2.33,EONIA
2005-12-20,2.33,EONIA
2005-12-21,2.34,EONIA
2005-12-22,2.4,EONIA
2005-12-23,2.35,EONIA
2005-12-27,2.35,EONIA
2005-12-28,2.35,EONIA
2005-12-29,2.34,EONIA
2005-12-30,2.42,EONIA
2006-01-02,2.35,EONIA
2006-01-03,2.34,EONIA
2006-01-04,2.34,EONIA
2006-01-05,2.34,EONIA
2006-01-06,2.34,EONIA
2006-01-09,2.34,EONIA
2006-01-10,2.34,EONIA
2006-01-11,2.34,EONIA
2006-01-12,2.32,EONIA
2006-01-13,2.21,EONIA
2006-01-16,2.31,EONIA
2006-01-17,2.3,EONIA
2006-01-18,2.33,EONIA
2006-01-19,2.33,EONIA
2006-01-20,2.33,EONIA
2006-01-23,2.33,EONIA
2006-01-24,2.33,EONIA
2006-01-25,2.33,EONIA
2006-01-26,2.33,EONIA
2006-01-27,2.33,EONIA
2006-01-30,2.33,EONIA
2006-01-31,2.34,EONIA
2006-02-01,2.33,EONIA
2006-02-02,2.34,EONIA
2006-02-03,2.4,EONIA
2006-02-06,2.38,EONIA
2006-02-07,2.34,EONIA
2006-02-08,2.34,EONIA
2006-02-09,2.34,EONIA
2006-02-10,2.34,EONIA
2006-02-13,2.34,EONIA
2006-02-14,2.34,EONIA
2006-02-15,2.34,EONIA
2006-02-16,2.34,EONIA
2006-02-17,2.34,EONIA
2006-02-20,2.34,EONIA
2006-02-21,2.34,EONIA
2006-02-22,2.34,EONIA
2006-02-23,2.35,EONIA
2006-02-24,2.35,EONIA
2006-02-27,2.36,EONIA
2006-02-28,2.4,EONIA
2006-03-01,2.37,EONIA
2006-03-02,2.38,EONIA
2006-03-03,2.35,EONIA
2006-03-06,2.29,EONIA
2006-03-07,2.08,EONIA
2006-03-08,2.58,EONIA
2006-03-09,2.58,EONIA
2006-03-10,2.58,EONIA
2006-03-13,2.58,EONIA
2006-03-14,2.58,EONIA
2006-03-15,2.58,EONIA
2006-03-16,2.58,EONIA
2006-03-17,2.58,EONIA
2006-03-20,2.58,EONIA
2006-03-21,2.58,EONIA
2006-03-22,2.58,EONIA
2006-03-23,2.58,EONIA
2006-03-24,2.58,EONIA
2006-03-27,2.58,EONIA
2006-03-28,2.58,EONIA
2006-03-29,2.58,EONIA
2006-03-30,2.59,EONIA
2006-03-31,2.62,EONIA
2006-04-03,2.59,EONIA
2006-04-04,2.59,EONIA
2006-04-05,2.61,EONIA
2006-04-06,2.67,EONIA
2006-04-07,2.69,EONIA
2006-04-10,2.71,EONIA
2006-04-11,2.63,EONIA
2006-04-12,2.6,EONIA
2006-04-13,2.61,EONIA
2006-04-18,2.61,EONIA
2006-04-19,2.61,EONIA
2006-04-20,2.62,EONIA
2006-04-21,2.62,EONIA
2006-04-24,2.62,EONIA
2006-04-25,2.63,EONIA
2006-04-26,2.63,EONIA
2006-04-27,2.62,EONIA
2006-04-28,2.65,EONIA
2006-05-02,2.62,EONIA
2006-05-03,2.59,EONIA
2006-05-04,2.49,EONIA
2006-05-05,2.39,EONIA
2006-05-08,2.43,EONIA
2006-05-09,2.52,EONIA
2006-05-10,2.6,EONIA
2006-05-11,2.61,EONIA
2006-05-12,2.61,EONIA
2006-05-15,2.61,EONIA
2006-05-16,2.6,EONIA
2006-05-17,2.6,EONIA
2006-05-18,2.6,EONIA
2006-05-19,2.6,EONIA
2006-05-22,2.6,EONIA
2006-05-23,2.6,EONIA
2006-05-24,2.6,EONIA
2006-05-25,2.6,EONIA
2006-05-26,2.6,EONIA
2006-05-29,2.6,EONIA
2006-05-30,2.6,EONIA
2006-05-31,2.62,EONIA
2006-06-01,2.6,EONIA
2006-06-02,2.59,EONIA
2006-06-05,2.57,EONIA
2006-06-06,2.55,EONIA
2006-06-07,2.47,EONIA
2006-06-08,2.47,EONIA
2006-06-09,2.48,EONIA
2006-06-12,2.5,EONIA
2006-06-13,2.52,EONIA
2006-06-14,2.5,EONIA
2006-06-15,2.84,EONIA
2006-06-16,2.84,EONIA
2006-06-19,2.84,EONIA
2006-06-20,2.84,EONIA
2006-06-21,2.84,EONIA
2006-06-22,2.83,EONIA
2006-06-23,2.83,EONIA
2006-06-26,2.83,EONIA
2006-06-27,2.84,EONIA
2006-06-28,2.84,EONIA
2006-06-29,2.84,EONIA
2006-06-30,2.89,EONIA
2006-07-03,2.83,EONIA
2006-07-04,2.82,EONIA
2006-07-05,2.81,EONIA
2006-07-06,2.8,EONIA
2006-07-07,2.78,EONIA
2006-07-10,2.78,EONIA
2006-07-11,2.76,EONIA
2006-07-12,2.83,EONIA
2006-07-13,2.83,EONIA
2006-07-14,2.83,EONIA
2006-07-17,2.83,EONIA
2006-07-18,2.83,EONIA
2006-07-19,2.83,EONIA
2006-07-20,2.83,EONIA
2006-07-21,2.83,EONIA
2006-07-24,2.83,EONIA
2006-07-25,2.83,EONIA
2006-07-26,2.82,EONIA
2006-07-27,2.81,EONIA
2006-07-28,2.78,EONIA
2006-07-31,2.8,EONIA
2006-08-01,2.78,EONIA
2006-08-02,2.77,EONIA
2006-08-03,2.75,EONIA
2006-08-04,2.7,EONIA
2006-08-07,2.68,EONIA
2006-08-08,2.73,EONIA
2006-08-09,3.07,EONIA
2006-08-10,3.07,EONIA
2006-08-11,3.07,EONIA
2006-08-14,3.07,EONIA
2006-08-15,3.07,EONIA
2006-08-16,3.07,EONIA
2006-08-17,3.07,EONIA
2006-08-18,3.07,EONIA
2006-08-21,3.07,EONIA
2006-08-22,3.06,EONIA
2006-08-23,3.05,EONIA
2006-08-24,3.03,EONIA
2006-08-25,3.01,EONIA
2006-08-28,3.01,EONIA
2006-08-29,3.01,EONIA
2006-08-30,3.02,EONIA
2006-08-31,3.04,EONIA
2006-09-01,3.01,EONIA
2006-09-04,2.98,EONIA
2006-09-05,3.04,EONIA
2006-09-06,3.06,EONIA
2006-09-07,3.06,EONIA
2006-09-08,3.06,EONIA
2006-09-11,3.06,EONIA
2006-09-12,3.06,EONIA
2006-09-13,3.05,EONIA
2006-09-14,3.05,EONIA
2006-09-15,3.05,EONIA
2006-09-18,3.05,EONIA
2006-09-19,3.04,EONIA
2006-09-20,3.04,EONIA
2006-09-21,3.02,EONIA
2006-09-22,3.01,EONIA
2006-09-25,3.01,EONIA
2006-09-26,3.02,EONIA
2006-09-27,3.04,EONIA
2006-09-28,3.05,EONIA
2006-09-29,3.1,EONIA
2006-10-02,3.06,EONIA
2006-10-03,3.1,EONIA
2006-10-04,3.19,EONIA
2006-10-05,3.24,EONIA
2006-10-06,3.25,EONIA
2006-10-09,3.19,EONIA
2006-10-10,3.09,EONIA
2006-10-11,3.31,EONIA
2006-10-12,3.31,EONIA
2006-10-13,3.31,EONIA
2006-10-16,3.32,EONIA
2006-10-17,3.32,EONIA
2006-10-18,3.32,EONIA
2006-10-19,3.33,EONIA
2006-10-20,3.33,EONIA
2006-10-23,3.33,EONIA
2006-10-24,3.34,EONIA
2006-10-25,3.34,EONIA
2006-10-26,3.35,EONIA
2006-10-27,3.35,EONIA
2006-10-30,3.36,EONIA
2006-10-31,3.38,EONIA
2006-11-01,3.33,EONIA
2006-11-02,3.36,EONIA
2006-11-03,3.35,EONIA
2006-11-06,3.33,EONIA
2006-11-07,3.32,EONIA
2006-11-08,3.33,EONIA
2006-11-09,3.33,EONIA
2006-11-10,3.33,EONIA
2006-11-13,3.33,EONIA
2006-11-14,3.33,EONIA
2006-11-15,3.33,EONIA
2006-11-16,3.32,EONIA
2006-11-17,3.32,EONIA
2006-11-20,3.32,EONIA
2006-11-21,3.32,EONIA
2006-11-22,3.32,EONIA
2006-11-23,3.32,EONIA
2006-11-24,3.32,EONIA
2006-11-27,3.32,EONIA
2006-11-28,3.32,EONIA
2006-11-29,3.32,EONIA
2006-11-30,3.34,EONIA
2006-12-01,3.32,EONIA
2006-12-04,3.32,EONIA
2006-12-05,3.32,EONIA
2006-12-06,3.31,EONIA
2006-12-07,3.28,EONIA
2006-12-08,3.29,EONIA
2006-12-11,3.35,EONIA
2006-12-12,3.36,EONIA
2006-12-13,3.57,EONIA
2006-12-14,3.58,EONIA
2006-12-15,3.59,EONIA
2006-12-18,3.6,EONIA
2006-12-19,3.61,EONIA
2006-12-20,3.63,EONIA
2006-12-21,3.67,EONIA
2006-12-22,3.67,EONIA
2006-12-27,3.69,EONIA
2006-12-28,3.67,EONIA
2006-12-29,3.69,EONIA
2007-01-02,3.6,EONIA
2007-01-03,3.6,EONIA
2007-01-04,3.6,EONIA
2007-01-05,3.59,EONIA
2007-01-08,3.58,EONIA
2007-01-09,3.56,EONIA
2007-01-10,3.53,EONIA
2007-01-11,3.52,EONIA
2007-01-12,3.5,EONIA
2007-01-15,3.52,EONIA
2007-01-16,3.5,EONIA
2007-01-17,3.57,EONIA
2007-01-18,3.57,EONIA
2007-01-19,3.57,EONIA
2007-01-22,3.57,EONIA
2007-01-23,3.57,EONIA
2007-01-24,3.57,EONIA
2007-01-25,3.57,EONIA
2007-01-26,3.57,EONIA
2007-01-29,3.57,EONIA
2007-01-30,3.57,EONIA
2007-01-31,3.59,EONIA
2007-02-01,3.57,EONIA
2007-02-02,3.56,EONIA
2007-02-05,3.56,EONIA
2007-02-06,3.55,EONIA
2007-02-07,3.53,EONIA
2007-02-08,3.53,EONIA
2007-02-09,3.54,EONIA
2007-02-12,3.55,EONIA
2007-02-13,3.71,EONIA
2007-02-14,3.57,EONIA
2007-02-15,3.57,EONIA
2007-02-16,3.57,EONIA
2007-02-19,3.57,EONIA
2007-02-20,3.57,EONIA
2007-02-21,3.57,EONIA
2007-02-22,3.57,EONIA
2007-02-23,3.57,EONIA
2007-02-26,3.57,EONIA
2007-02-27,3.56,EONIA
2007-02-28,3.6,EONIA
2007-03-01,3.57,EONIA
2007-03-02,3.57,EONIA
2007-03-05,3.56,EONIA
2007-03-06,3.56,EONIA
2007-03-07,3.55,EONIA
2007-03-08,3.54,EONIA
2007-03-09,3.52,EONIA
2007-03-12,3.52,EONIA
2007-03-13,3.11,EONIA
2007-03-14,3.82,EONIA
2007-03-15,3.82,EONIA
2007-03-16,3.82,EONIA
2007-03-19,3.82,EONIA
2007-03-20,3.82,EONIA
2007-03-21,3.81,EONIA
2007-03-22,3.81,EONIA
2007-03-23,3.81,EONIA
2007-03-26,3.81,EONIA
2007-03-27,3.81,EONIA
2007-03-28,3.82,EONIA
2007-03-29,3.83,EONIA
2007-03-30,3.9,EONIA
2007-04-02,3.83,EONIA
2007-04-03,3.84,EONIA
2007-04-04,3.84,EONIA
2007-04-05,3.86,EONIA
2007-04-10,3.83,EONIA
2007-04-11,3.83,EONIA
2007-04-12,3.82,EONIA
2007-04-13,3.73,EONIA
2007-04-16,3.69,EONIA
2007-04-17,3.79,EONIA
2007-04-18,3.83,EONIA
2007-04-19,3.83,EONIA
2007-04-20,3.83,EONIA
2007-04-23,3.83,EONIA
2007-04-24,3.83,EONIA
2007-04-25,3.83,EONIA
2007-04-26,3.83,EONIA
2007-04-27,3.83,EONIA
2007-04-30,3.87,EONIA
2007-05-02,3.84,EONIA
2007-05-03,3.84,EONIA
2007-05-04,3.83,EONIA
2007-05-07,3.83,EONIA
2007-05-08,3.81,EONIA
2007-05-09,3.7,EONIA
2007-05-10,3.67,EONIA
2007-05-11,3.68,EONIA
2007-05-14,3.39,EONIA
2007-05-15,3.83,EONIA
2007-05-16,3.83,EONIA
2007-05-17,3.83,EONIA
2007-05-18,3.83,EONIA
2007-05-21,3.83,EONIA
2007-05-22,3.83,EONIA
2007-05-23,3.83,EONIA
2007-05-24,3.83,EONIA
2007-05-25,3.83,EONIA
2007-05-28,3.83,EONIA
2007-05-29,3.83,EONIA
2007-05-30,3.82,EONIA
2007-05-31,3.85,EONIA
2007-06-01,3.8,EONIA
2007-06-04,3.76,EONIA
2007-06-05,3.73,EONIA
2007-06-06,3.68,EONIA
2007-06-07,3.69,EONIA
2007-06-08,3.82,EONIA
2007-06-11,3.81,EONIA
2007-06-12,3.79,EONIA
2007-06-13,4.08,EONIA
2007-06-14,4.08,EONIA
2007-06-15,4.07,EONIA
2007-06-18,4.07,EONIA
2007-06-19,4.07,EONIA
2007-06-20,4.06,EONIA
2007-06-21,4.06,EONIA
2007-06-22,4.06,EONIA
2007-06-25,4.07,EONIA
2007-06-26,4.07,EONIA
2007-06-27,4.08,EONIA
2007-06-28,4.08,EONIA
2007-06-29,4.14,EONIA
2007-07-02,4.07,EONIA
2007-07-03,4.04,EONIA
2007-07-04,4.01,EONIA
2007-07-05,4.05,EONIA
2007-07-06,4.06,EONIA
2007-07-09,4.06,EONIA
2007-07-10,4.07,EONIA
2007-07-11,4.07,EONIA
2007-07-12,4.07,EONIA
2007-07-13,4.07,EONIA
2007-07-16,4.07,EONIA
2007-07-17,4.07,EONIA
2007-07-18,4.07,EONIA
2007-07-19,4.07,EONIA
2007-07-20,4.07,EONIA
2007-07-23,4.07,EONIA
2007-07-24,4.07,EONIA
2007-07-25,4.07,EONIA
2007-07-26,4.07,EONIA
2007-07-27,4.06,EONIA
2007-07-30,4.05,EONIA
2007-07-31,4.08,EONIA
2007-08-01,4.05,EONIA
2007-08-02,4.04,EONIA
2007-08-03,4.05,EONIA
2007-08-06,4.07,EONIA
2007-08-07,4.23,EONIA
2007-08-08,4.09,EONIA
2007-08-09,4.22,EONIA
2007-08-10,4.14,EONIA
2007-08-13,4.1,EONIA
2007-08-14,4.05,EONIA
2007-08-15,4.01,EONIA
2007-08-16,4.0,EONIA
2007-08-17,4.0,EONIA
2007-08-20,4.02,EONIA
2007-08-21,4.02,EONIA
2007-08-22,4.03,EONIA
2007-08-23,4.03,EONIA
2007-08-24,3.93,EONIA
2007-08-27,3.82,EONIA
2007-08-28,3.72,EONIA
2007-08-29,4.05,EONIA
2007-08-30,4.13,EONIA
2007-08-31,4.29,EONIA
2007-09-03,4.272,EONIA
2007-09-04,4.458,EONIA
2007-09-05,4.588,EONIA
2007-09-06,4.05,EONIA
2007-09-07,3.816,EONIA
2007-09-10,3.538,EONIA
2007-09-11,3.865,EONIA
2007-09-12,4.113,EONIA
2007-09-13,3.956,EONIA
2007-09-14,3.662,EONIA
2007-09-17,3.573,EONIA
2007-09-18,3.618,EONIA
2007-09-19,4.095,EONIA
2007-09-20,4.007,EONIA
2007-09-21,4.041,EONIA
2007-09-24,4.109,EONIA
2007-09-25,4.218,EONIA
2007-09-26,4.293,EONIA
2007-09-27,4.137,EONIA
2007-09-28,4.162,EONIA
2007-10-01,3.858,EONIA
2007-10-02,3.829,EONIA
2007-10-03,3.845,EONIA
2007-10-04,3.811,EONIA
2007-10-05,3.673,EONIA
2007-10-08,3.621,EONIA
2007-10-09,3.945,EONIA
2007-10-10,3.946,EONIA
2007-10-11,3.818,EONIA
2007-10-12,3.83,EONIA
2007-10-15,3.99,EONIA
2007-10-16,4.008,EONIA
2007-10-17,4.029,EONIA
2007-10-18,4.039,EONIA
2007-10-19,4.03,EONIA
2007-10-22,4.033,EONIA
2007-10-23,4.038,EONIA
2007-10-24,4.033,EONIA
2007-10-25,4.033,EONIA
2007-10-26,4.033,EONIA
2007-10-29,4.039,EONIA
2007-10-30,4.041,EONIA
2007-10-31,4.131,EONIA
2007-11-01,4.067,EONIA
2007-11-02,4.061,EONIA
2007-11-05,4.054,EONIA
2007-11-06,4.041,EONIA
2007-11-07,4.041,EONIA
2007-11-08,4.035,EONIA
2007-11-09,3.944,EONIA
2007-11-12,3.837,EONIA
2007-11-13,3.755,EONIA
2007-11-14,4.039,EONIA
2007-11-15,4.047,EONIA
2007-11-16,4.056,EONIA
2007-11-19,4.057,EONIA
2007-11-20,4.073,EONIA
2007-11-21,4.083,EONIA
2007-11-22,4.099,EONIA
2007-11-23,4.108,EONIA
2007-11-26,4.078,EONIA
2007-11-27,4.039,EONIA
2007-11-28,3.965,EONIA
2007-11-29,3.97,EONIA
2007-11-30,4.038,EONIA
2007-12-03,3.964,EONIA
2007-12-04,3.914,EONIA
2007-12-05,3.793,EONIA
2007-12-06,3.735,EONIA
2007-12-07,3.789,EONIA
2007-12-10,3.857,EONIA
2007-12-11,4.038,EONIA
2007-12-12,4.043,EONIA
2007-12-13,4.026,EONIA
2007-12-14,3.852,EONIA
2007-12-17,3.912,EONIA
2007-12-18,3.874,EONIA
2007-12-19,3.87,EONIA
2007-12-20,3.933,EONIA
2007-12-21,3.882,EONIA
2007-12-24,3.849,EONIA
2007-12-27,3.837,EONIA
2007-12-28,3.618,EONIA
2007-12-31,3.916,EONIA
2008-01-02,3.782,EONIA
2008-01-03,3.909,EONIA
2008-01-04,4.087,EONIA
2008-01-07,4.107,EONIA
2008-01-08,4.119,EONIA
2008-01-09,4.174,EONIA
2008-01-10,4.053,EONIA
2008-01-11,3.883,EONIA
2008-01-14,3.881,EONIA
2008-01-15,4.078,EONIA
2008-01-16,4.041,EONIA
2008-01-17,4.018,EONIA
2008-01-18,3.968,EONIA
2008-01-21,3.984,EONIA
2008-01-22,3.989,EONIA
2008-01-23,3.994,EONIA
2008-01-24,4.003,EONIA
2008-01-25,4.015,EONIA
2008-01-28,4.018,EONIA
2008-01-29,4.055,EONIA
2008-01-30,4.135,EONIA
2008-01-31,4.187,EONIA
2008-02-01,4.114,EONIA
2008-02-04,4.082,EONIA
2008-02-05,4.034,EONIA
2008-02-06,4.024,EONIA
2008-02-07,4.018,EONIA
2008-02-08,4.0,EONIA
2008-02-11,3.999,EONIA
2008-02-12,4.103,EONIA
2008-02-13,4.035,EONIA
2008-02-14,4.03,EONIA
2008-02-15,4.008,EONIA
2008-02-18,4.013,EONIA
2008-02-19,4.014,EONIA
2008-02-20,4.016,EONIA
2008-02-21,4.015,EONIA
2008-02-22,4.008,EONIA
2008-02-25,4.01,EONIA
2008-02-26,4.008,EONIA
2008-02-27,4.006,EONIA
2008-02-28,4.007,EONIA
2008-02-29,4.041,EONIA
2008-03-03,4.009,EONIA
2008-03-04,4.01,EONIA
2008-03-05,4.013,EONIA
2008-03-06,4.019,EONIA
2008-03-07,4.047,EONIA
2008-03-10,4.128,EONIA
2008-03-11,4.229,EONIA
2008-03-12,4.04,EONIA
2008-03-13,4.029,EONIA
2008-03-14,4.026,EONIA
2008-03-17,4.046,EONIA
2008-03-18,4.083,EONIA
2008-03-19,4.188,EONIA
2008-03-20,4.133,EONIA
2008-03-25,4.193,EONIA
2008-03-26,4.187,EONIA
2008-03-27,4.125,EONIA
2008-03-28,4.065,EONIA
2008-03-31,4.159,EONIA
2008-04-01,4.025,EONIA
2008-04-02,4.035,EONIA
2008-04-03,4.006,EONIA
2008-04-04,3.942,EONIA
2008-04-07,3.913,EONIA
2008-04-08,3.895,EONIA
2008-04-09,4.023,EONIA
2008-04-10,4.014,EONIA
2008-04-11,3.973,EONIA
2008-04-14,3.988,EONIA
2008-04-15,3.783,EONIA
2008-04-16,4.005,EONIA
2008-04-17,3.989,EONIA
2008-04-18,3.921,EONIA
2008-04-21,3.877,EONIA
2008-04-22,3.892,EONIA
2008-04-23,3.977,EONIA
2008-04-24,4.027,EONIA
2008-04-25,4.056,EONIA
2008-04-28,4.069,EONIA
2008-04-29,4.09,EONIA
2008-04-30,4.21,EONIA
2008-05-02,4.082,EONIA
2008-05-05,4.065,EONIA
2008-05-06,4.062,EONIA
2008-05-07,4.048,EONIA
2008-05-08,3.979,EONIA
2008-05-09,3.793,EONIA
2008-05-12,3.73,EONIA
2008-05-13,4.004,EONIA
2008-05-14,4.036,EONIA
2008-05-15,4.02,EONIA
2008-05-16,3.999,EONIA
2008-05-19,3.994,EONIA
2008-05-20,3.982,EONIA
2008-05-21,3.987,EONIA
2008-05-22,3.996,EONIA
2008-05-23,4.024,EONIA
2008-05-26,4.043,EONIA
2008-05-27,4.062,EONIA
2008-05-28,4.076,EONIA
2008-05-29,4.107,EONIA
2008-05-30,4.114,EONIA
2008-06-02,4.044,EONIA
2008-06-03,4.037,EONIA
2008-06-04,4.001,EONIA
2008-06-05,3.98,EONIA
2008-06-06,3.963,EONIA
2008-06-09,3.975,EONIA
2008-06-10,4.179,EONIA
2008-06-11,4.04,EONIA
2008-06-12,4.036,EONIA
2008-06-13,4.022,EONIA
2008-06-16,4.027,EONIA
2008-06-17,4.022,EONIA
2008-06-18,4.014,EONIA
2008-06-19,4.003,EONIA
2008-06-20,3.988,EONIA
2008-06-23,3.997,EONIA
2008-06-24,3.993,EONIA
2008-06-25,3.957,EONIA
2008-06-26,3.892,EONIA
2008-06-27,3.706,EONIA
2008-06-30,4.265,EONIA
2008-07-01,3.916,EONIA
2008-07-02,3.925,EONIA
2008-07-03,3.938,EONIA
2008-07-04,3.941,EONIA
2008-07-07,3.913,EONIA
2008-07-08,3.792,EONIA
2008-07-09,4.285,EONIA
2008-07-10,4.28,EONIA
2008-07-11,4.273,EONIA
2008-07-14,4.277,EONIA
2008-07-15,4.277,EONIA
2008-07-16,4.285,EONIA
2008-07-17,4.282,EONIA
2008-07-18,4.281,EONIA
2008-07-21,4.286,EONIA
2008-07-22,4.293,EONIA
2008-07-23,4.296,EONIA
2008-07-24,4.297,EONIA
2008-07-25,4.292,EONIA
2008-07-28,4.297,EONIA
2008-07-29,4.286,EONIA
2008-07-30,4.296,EONIA
2008-07-31,4.381,EONIA
2008-08-01,4.289,EONIA
2008-08-04,4.3,EONIA
2008-08-05,4.309,EONIA
2008-08-06,4.313,EONIA
2008-08-07,4.316,EONIA
2008-08-08,4.295,EONIA
2008-08-11,4.295,EONIA
2008-08-12,4.318,EONIA
2008-08-13,4.303,EONIA
2008-08-14,4.309,EONIA
2008-08-15,4.292,EONIA
2008-08-18,4.302,EONIA
2008-08-19,4.285,EONIA
2008-08-20,4.277,EONIA
2008-08-21,4.273,EONIA
2008-08-22,4.274,EONIA
2008-08-25,4.284,EONIA
2008-08-26,4.289,EONIA
2008-08-27,4.298,EONIA
2008-08-28,4.301,EONIA
2008-08-29,4.355,EONIA
2008-09-01,4.296,EONIA
2008-09-02,4.3,EONIA
2008-09-03,4.308,EONIA
2008-09-04,4.309,EONIA
2008-09-05,4.309,EONIA
2008-09-08,4.3,EONIA
2008-09-09,3.916,EONIA
2008-09-10,4.303,EONIA
2008-09-11,4.306,EONIA
2008-09-12,4.298,EONIA
2008-09-15,4.465,EONIA
2008-09-16,4.216,EONIA
2008-09-17,4.421,EONIA
2008-09-18,4.374,EONIA
2008-09-19,4.378,EONIA
2008-09-22,4.38,EONIA
2008-09-23,4.469,EONIA
2008-09-24,4.257,EONIA
2008-09-25,4.285,EONIA
2008-09-26,4.028,EONIA
2008-09-29,3.922,EONIA
2008-09-30,4.173,EONIA
2008-10-01,4.193,EONIA
2008-10-02,4.203,EONIA
2008-10-03,4.14,EONIA
2008-10-06,4.388,EONIA
2008-10-07,4.601,EONIA
2008-10-08,4.51,EONIA
2008-10-09,3.971,EONIA
2008-10-10,3.846,EONIA
2008-10-13,3.757,EONIA
2008-10-14,3.696,EONIA
2008-10-15,3.697,EONIA
2008-10-16,3.635,EONIA
2008-10-17,3.615,EONIA
2008-10-20,3.597,EONIA
2008-10-21,3.572,EONIA
2008-10-22,3.569,EONIA
2008-10-23,3.567,EONIA
2008-10-24,3.566,EONIA
2008-10-27,3.525,EONIA
2008-10-28,3.537,EONIA
2008-10-29,3.535,EONIA
2008-10-30,3.548,EONIA
2008-10-31,3.587,EONIA
2008-11-03,3.48,EONIA
2008-11-04,3.454,EONIA
2008-11-05,3.442,EONIA
2008-11-06,3.423,EONIA
2008-11-07,3.432,EONIA
2008-11-10,3.453,EONIA
2008-11-11,3.66,EONIA
2008-11-12,3.138,EONIA
2008-11-13,3.078,EONIA
2008-11-14,3.031,EONIA
2008-11-17,2.999,EONIA
2008-11-18,2.957,EONIA
2008-11-19,2.922,EONIA
2008-11-20,2.913,EONIA
2008-11-21,2.904,EONIA
2008-11-24,2.937,EONIA
2008-11-25,2.931,EONIA
2008-11-26,2.934,EONIA
2008-11-27,2.948,EONIA
2008-11-28,2.968,EONIA
2008-12-01,2.934,EONIA
2008-12-02,2.911,EONIA
2008-12-03,2.919,EONIA
2008-12-04,2.896,EONIA
2008-12-05,2.894,EONIA
2008-12-08,2.867,EONIA
2008-12-09,2.941,EONIA
2008-12-10,2.347,EONIA
2008-12-11,2.322,EONIA
2008-12-12,2.306,EONIA
2008-12-15,2.293,EONIA
2008-12-16,2.303,EONIA
2008-12-17,2.249,EONIA
2008-12-18,2.237,EONIA
2008-12-19,2.234,EONIA
2008-12-22,2.235,EONIA
2008-12-23,2.251,EONIA
2008-12-24,2.225,EONIA
2008-12-29,2.234,EONIA
2008-12-30,2.265,EONIA
2008-12-31,2.352,EONIA
2009-01-02,2.221,EONIA
2009-01-05,2.212,EONIA
2009-01-06,2.177,EONIA
2009-01-07,2.181,EONIA
2009-01-08,2.159,EONIA
2009-01-09,2.15,EONIA
2009-01-12,2.144,EONIA
2009-01-13,2.123,EONIA
2009-01-14,2.115,EONIA
2009-01-15,2.117,EONIA
2009-01-16,2.11,EONIA
2009-01-19,2.12,EONIA
2009-01-20,2.147,EONIA
2009-01-21,1.498,EONIA
2009-01-22,1.248,EONIA
2009-01-23,1.204,EONIA
2009-01-26,1.228,EONIA
2009-01-27,1.193,EONIA
2009-01-28,1.209,EONIA
2009-01-29,1.228,EONIA
2009-01-30,1.273,EONIA
2009-02-02,1.211,EONIA
2009-02-03,1.219,EONIA
2009-02-04,1.201,EONIA
2009-02-05,1.186,EONIA
2009-02-06,1.191,EONIA
2009-02-09,1.187,EONIA
2009-02-10,1.291,EONIA
2009-02-11,1.245,EONIA
2009-02-12,1.229,EONIA
2009-02-13,1.235,EONIA
2009-02-16,1.243,EONIA
2009-02-17,1.281,EONIA
2009-02-18,1.281,EONIA
2009-02-19,1.281,EONIA
2009-02-20,1.295,EONIA
2009-02-23,1.302,EONIA
2009-02-24,1.289,EONIA
2009-02-25,1.295,EONIA
2009-02-26,1.306,EONIA
2009-02-27,1.374,EONIA
2009-03-02,1.28,EONIA
2009-03-03,1.284,EONIA
2009-03-04,1.283,EONIA
2009-03-05,1.277,EONIA
2009-03-06,1.261,EONIA
2009-03-09,1.243,EONIA
2009-03-10,1.335,EONIA
2009-03-11,0.845,EONIA
2009-03-12,0.851,EONIA
2009-03-13,0.855,EONIA
2009-03-16,0.865,EONIA
2009-03-17,0.885,EONIA
2009-03-18,0.888,EONIA
2009-03-19,0.901,EONIA
2009-03-20,0.92,EONIA
2009-03-23,0.937,EONIA
2009-03-24,0.931,EONIA
2009-03-25,0.971,EONIA
2009-03-26,0.979,EONIA
2009-03-27,0.972,EONIA
2009-03-30,0.964,EONIA
2009-03-31,1.636,EONIA
2009-04-01,0.96,EONIA
2009-04-02,0.891,EONIA
2009-04-03,0.826,EONIA
2009-04-06,0.786,EONIA
2009-04-07,1.006,EONIA
2009-04-08,0.858,EONIA
2009-04-09,0.958,EONIA
2009-04-14,0.891,EONIA
2009-04-15,0.92,EONIA
2009-04-16,0.974,EONIA
2009-04-17,0.964,EONIA
2009-04-20,0.978,EONIA
2009-04-21,1.0,EONIA
2009-04-22,0.954,EONIA
2009-04-23,0.853,EONIA
2009-04-24,0.699,EONIA
2009-04-27,0.638,EONIA
2009-04-28,0.583,EONIA
2009-04-29,0.511,EONIA
2009-04-30,0.588,EONIA
2009-05-04,0.5,EONIA
2009-05-05,0.523,EONIA
2009-05-06,0.532,EONIA
2009-05-07,0.519,EONIA
2009-05-08,0.512,EONIA
2009-05-11,0.486,EONIA
2009-05-12,0.851,EONIA
2009-05-13,0.729,EONIA
2009-05-14,0.717,EONIA
2009-05-15,0.728,EONIA
2009-05-18,0.769,EONIA
2009-05-19,0.838,EONIA
2009-05-20,0.922,EONIA
2009-05-21,0.924,EONIA
2009-05-22,1.082,EONIA
2009-05-25,1.122,EONIA
2009-05-26,1.146,EONIA
2009-05-27,1.01,EONIA
2009-05-28,0.901,EONIA
2009-05-29,0.831,EONIA
2009-06-01,0.687,EONIA
2009-06-02,0.607,EONIA
2009-06-03,0.58,EONIA
2009-06-04,0.581,EONIA
2009-06-05,0.55,EONIA
2009-06-08,0.502,EONIA
2009-06-09,0.737,EONIA
2009-06-10,0.797,EONIA
2009-06-11,0.788,EONIA
2009-06-12,0.837,EONIA
2009-06-15,0.847,EONIA
2009-06-16,0.856,EONIA
2009-06-17,0.852,EONIA
2009-06-18,0.843,EONIA
2009-06-19,0.793,EONIA
2009-06-22,0.76,EONIA
2009-06-23,0.752,EONIA
2009-06-24,1.386,EONIA
2009-06-25,0.432,EONIA
2009-06-26,0.388,EONIA
2009-06-29,0.381,EONIA
2009-06-30,0.401,EONIA
2009-07-01,0.344,EONIA
2009-07-02,0.36,EONIA
2009-07-03,0.328,EONIA
2009-07-06,0.332,EONIA
2009-07-07,0.476,EONIA
2009-07-08,0.362,EONIA
2009-07-09,0.36,EONIA
2009-07-10,0.34,EONIA
2009-07-13,0.353,EONIA
2009-07-14,0.363,EONIA
2009-07-15,0.345,EONIA
2009-07-16,0.358,EONIA
2009-07-17,0.356,EONIA
2009-07-20,0.354,EONIA
2009-07-21,0.365,EONIA
2009-07-22,0.366,EONIA
2009-07-23,0.355,EONIA
2009-07-24,0.346,EONIA
2009-07-27,0.345,EONIA
2009-07-28,0.349,EONIA
2009-07-29,0.349,EONIA
2009-07-30,0.36,EONIA
2009-07-31,0.358,EONIA
2009-08-03,0.346,EONIA
2009-08-04,0.351,EONIA
2009-08-05,0.343,EONIA
2009-08-06,0.334,EONIA
2009-08-07,0.341,EONIA
2009-08-10,0.332,EONIA
2009-08-11,0.473,EONIA
2009-08-12,0.339,EONIA
2009-08-13,0.342,EONIA
2009-08-14,0.338,EONIA
2009-08-17,0.348,EONIA
2009-08-18,0.345,EONIA
2009-08-19,0.343,EONIA
2009-08-20,0.333,EONIA
2009-08-21,0.34,EONIA
2009-08-24,0.347,EONIA
2009-08-25,0.346,EONIA
2009-08-26,0.341,EONIA
2009-08-27,0.342,EONIA
2009-08-28,0.334,EONIA
2009-08-31,0.339,EONIA
2009-09-01,0.334,EONIA
2009-09-02,0.334,EONIA
2009-09-03,0.329,EONIA
2009-09-04,0.333,EONIA
2009-09-07,0.338,EONIA
2009-09-08,0.535,EONIA
2009-09-09,0.332,EONIA
2009-09-10,0.338,EONIA
2009-09-11,0.34,EONIA
2009-09-14,0.35,EONIA
2009-09-15,0.355,EONIA
2009-09-16,0.369,EONIA
2009-09-17,0.359,EONIA
2009-09-18,0.366,EONIA
2009-09-21,0.35,EONIA
2009-09-22,0.355,EONIA
2009-09-23,0.344,EONIA
2009-09-24,0.347,EONIA
2009-09-25,0.342,EONIA
2009-09-28,0.353,EONIA
2009-09-29,0.354,EONIA
2009-09-30,0.533,EONIA
2009-10-01,0.34,EONIA
2009-10-02,0.361,EONIA
2009-10-05,0.354,EONIA
2009-10-06,0.37,EONIA
2009-10-07,0.336,EONIA
2009-10-08,0.33,EONIA
2009-10-09,0.333,EONIA
2009-10-12,0.335,EONIA
2009-10-13,0.57,EONIA
2009-10-14,0.367,EONIA
2009-10-15,0.34,EONIA
2009-10-16,0.343,EONIA
2009-10-19,0.35,EONIA
2009-10-20,0.352,EONIA
2009-10-21,0.347,EONIA
2009-10-22,0.347,EONIA
2009-10-23,0.343,EONIA
2009-10-26,0.34,EONIA
2009-10-27,0.339,EONIA
2009-10-28,0.349,EONIA
2009-10-29,0.348,EONIA
2009-10-30,0.397,EONIA
2009-11-02,0.328,EONIA
2009-11-03,0.324,EONIA
2009-11-04,0.331,EONIA
2009-11-05,0.333,EONIA
2009-11-06,0.326,EONIA
2009-11-09,0.331,EONIA
2009-11-10,0.69,EONIA
2009-11-11,0.339,EONIA
2009-11-12,0.343,EONIA
2009-11-13,0.356,EONIA
2009-11-16,0.347,EONIA
2009-11-17,0.344,EONIA
2009-11-18,0.35,EONIA
2009-11-19,0.35,EONIA
2009-11-20,0.35,EONIA
2009-11-23,0.35,EONIA
2009-11-24,0.346,EONIA
2009-11-25,0.349,EONIA
2009-11-26,0.355,EONIA
2009-11-27,0.342,EONIA
2009-11-30,0.426,EONIA
2009-12-01,0.344,EONIA
2009-12-02,0.349,EONIA
2009-12-03,0.336,EONIA
2009-12-04,0.339,EONIA
2009-12-07,0.642,EONIA
2009-12-08,0.351,EONIA
2009-12-09,0.352,EONIA
2009-12-10,0.351,EONIA
2009-12-11,0.353,EONIA
2009-12-14,0.352,EONIA
2009-12-15,0.352,EONIA
2009-12-16,0.347,EONIA
2009-12-17,0.343,EONIA
2009-12-18,0.343,EONIA
2009-12-21,0.332,EONIA
2009-12-22,0.323,EONIA
2009-12-23,0.299,EONIA
2009-12-24,0.302,EONIA
2009-12-28,0.334,EONIA
2009-12-29,0.326,EONIA
2009-12-30,0.321,EONIA
2009-12-31,0.41,EONIA
2010-01-04,0.341,EONIA
2010-01-05,0.325,EONIA
2010-01-06,0.322,EONIA
2010-01-07,0.351,EONIA
2010-01-08,0.347,EONIA
2010-01-11,0.336,EONIA
2010-01-12,0.333,EONIA
2010-01-13,0.325,EONIA
2010-01-14,0.318,EONIA
2010-01-15,0.316,EONIA
2010-01-18,0.328,EONIA
2010-01-19,0.585,EONIA
2010-01-20,0.335,EONIA
2010-01-21,0.327,EONIA
2010-01-22,0.322,EONIA
2010-01-25,0.339,EONIA
2010-01-26,0.331,EONIA
2010-01-27,0.335,EONIA
2010-01-28,0.338,EONIA
2010-01-29,0.326,EONIA
2010-02-01,0.32,EONIA
2010-02-02,0.33,EONIA
2010-02-03,0.323,EONIA
2010-02-04,0.318,EONIA
2010-02-05,0.312,EONIA
2010-02-08,0.315,EONIA
2010-02-09,0.642,EONIA
2010-02-10,0.32,EONIA
2010-02-11,0.318,EONIA
2010-02-12,0.318,EONIA
2010-02-15,0.319,EONIA
2010-02-16,0.32,EONIA
2010-02-17,0.322,EONIA
2010-02-18,0.329,EONIA
2010-02-19,0.33,EONIA
2010-02-22,0.335,EONIA
2010-02-23,0.338,EONIA
2010-02-24,0.341,EONIA
2010-02-25,0.343,EONIA
2010-02-26,0.319,EONIA
2010-03-01,0.314,EONIA
2010-03-02,0.319,EONIA
2010-03-03,0.319,EONIA
2010-03-04,0.324,EONIA
2010-03-05,0.316,EONIA
2010-03-08,0.312,EONIA
2010-03-09,0.643,EONIA
2010-03-10,0.326,EONIA
2010-03-11,0.346,EONIA
2010-03-12,0.337,EONIA
2010-03-15,0.333,EONIA
2010-03-16,0.321,EONIA
2010-03-17,0.328,EONIA
2010-03-18,0.332,EONIA
2010-03-19,0.338,EONIA
2010-03-22,0.342,EONIA
2010-03-23,0.348,EONIA
2010-03-24,0.33,EONIA
2010-03-25,0.343,EONIA
2010-03-26,0.334,EONIA
2010-03-29,0.342,EONIA
2010-03-30,0.348,EONIA
2010-03-31,0.401,EONIA
2010-04-01,0.325,EONIA
2010-04-06,0.319,EONIA
2010-04-07,0.329,EONIA
2010-04-08,0.332,EONIA
2010-04-09,0.325,EONIA
2010-04-12,0.342,EONIA
2010-04-13,0.658,EONIA
2010-04-14,0.337,EONIA
2010-04-15,0.338,EONIA
2010-04-16,0.334,EONIA
2010-04-19,0.339,EONIA
2010-04-20,0.343,EONIA
2010-04-21,0.343,EONIA
2010-04-22,0.339,EONIA
2010-04-23,0.338,EONIA
2010-04-26,0.345,EONIA
2010-04-27,0.346,EONIA
2010-04-28,0.347,EONIA
2010-04-29,0.349,EONIA
2010-04-30,0.337,EONIA
2010-05-03,0.339,EONIA
2010-05-04,0.34,EONIA
2010-05-05,0.344,EONIA
2010-05-06,0.335,EONIA
2010-05-07,0.321,EONIA
2010-05-10,0.341,EONIA
2010-05-11,0.645,EONIA
2010-05-12,0.307,EONIA
2010-05-13,0.307,EONIA
2010-05-14,0.339,EONIA
2010-05-17,0.325,EONIA
2010-05-18,0.327,EONIA
2010-05-19,0.329,EONIA
2010-05-20,0.342,EONIA
2010-05-21,0.303,EONIA
2010-05-24,0.303,EONIA
2010-05-25,0.337,EONIA
2010-05-26,0.339,EONIA
2010-05-27,0.331,EONIA
2010-05-28,0.338,EONIA
2010-05-31,0.33,EONIA
2010-06-01,0.329,EONIA
2010-06-02,0.3,EONIA
2010-06-03,0.295,EONIA
2010-06-04,0.322,EONIA
2010-06-07,0.324,EONIA
2010-06-08,0.318,EONIA
2010-06-09,0.332,EONIA
2010-06-10,0.334,EONIA
2010-06-11,0.326,EONIA
2010-06-14,0.318,EONIA
2010-06-15,0.665,EONIA
2010-06-16,0.341,EONIA
2010-06-17,0.354,EONIA
2010-06-18,0.368,EONIA
2010-06-21,0.347,EONIA
2010-06-22,0.35,EONIA
2010-06-23,0.328,EONIA
2010-06-24,0.329,EONIA
2010-06-25,0.321,EONIA
2010-06-28,0.326,EONIA
2010-06-29,0.325,EONIA
2010-06-30,0.542,EONIA
2010-07-01,0.48,EONIA
2010-07-02,0.437,EONIA
2010-07-05,0.405,EONIA
2010-07-06,0.424,EONIA
2010-07-07,0.414,EONIA
2010-07-08,0.398,EONIA
2010-07-09,0.394,EONIA
2010-07-12,0.393,EONIA
2010-07-13,0.75,EONIA
2010-07-14,0.444,EONIA
2010-07-15,0.488,EONIA
2010-07-16,0.556,EONIA
2010-07-19,0.555,EONIA
2010-07-20,0.554,EONIA
2010-07-21,0.528,EONIA
2010-07-22,0.524,EONIA
2010-07-23,0.5,EONIA
2010-07-26,0.497,EONIA
2010-07-27,0.49,EONIA
2010-07-28,0.478,EONIA
2010-07-29,0.453,EONIA
2010-07-30,0.423,EONIA
2010-08-02,0.399,EONIA
2010-08-03,0.377,EONIA
2010-08-04,0.365,EONIA
2010-08-05,0.363,EONIA
2010-08-06,0.349,EONIA
2010-08-09,0.344,EONIA
2010-08-10,0.769,EONIA
2010-08-11,0.477,EONIA
2010-08-12,0.464,EONIA
2010-08-13,0.449,EONIA
2010-08-16,0.448,EONIA
2010-08-17,0.443,EONIA
2010-08-18,0.44,EONIA
2010-08-19,0.43,EONIA
2010-08-20,0.428,EONIA
2010-08-23,0.423,EONIA
2010-08-24,0.41,EONIA
2010-08-25,0.411,EONIA
2010-08-26,0.408,EONIA
2010-08-27,0.39,EONIA
2010-08-30,0.384,EONIA
2010-08-31,0.392,EONIA
2010-09-01,0.37,EONIA
2010-09-02,0.364,EONIA
2010-09-03,0.36,EONIA
2010-09-06,0.377,EONIA
2010-09-07,0.695,EONIA
2010-09-08,0.423,EONIA
2010-09-09,0.419,EONIA
2010-09-10,0.415,EONIA
2010-09-13,0.422,EONIA
2010-09-14,0.438,EONIA
2010-09-15,0.455,EONIA
2010-09-16,0.455,EONIA
2010-09-17,0.448,EONIA
2010-09-20,0.446,EONIA
2010-09-21,0.44,EONIA
2010-09-22,0.438,EONIA
2010-09-23,0.439,EONIA
2010-09-24,0.434,EONIA
2010-09-27,0.43,EONIA
2010-09-28,0.425,EONIA
2010-09-29,0.408,EONIA
2010-09-30,0.878,EONIA
2010-10-01,0.721,EONIA
2010-10-04,0.67,EONIA
2010-10-05,0.516,EONIA
2010-10-06,0.438,EONIA
2010-10-07,0.402,EONIA
2010-10-08,0.396,EONIA
2010-10-11,0.39,EONIA
2010-10-12,0.762,EONIA
2010-10-13,0.726,EONIA
2010-10-14,0.742,EONIA
2010-10-15,0.745,EONIA
2010-10-18,0.778,EONIA
2010-10-19,0.81,EONIA
2010-10-20,0.843,EONIA
2010-10-21,0.862,EONIA
2010-10-22,0.849,EONIA
2010-10-25,0.859,EONIA
2010-10-26,0.86,EONIA
2010-10-27,0.849,EONIA
2010-10-28,0.785,EONIA
2010-10-29,0.724,EONIA
2010-11-01,0.683,EONIA
2010-11-02,0.664,EONIA
2010-11-03,0.579,EONIA
2010-11-04,0.456,EONIA
2010-11-05,0.365,EONIA
2010-11-08,0.371,EONIA
2010-11-09,0.729,EONIA
2010-11-10,0.805,EONIA
2010-11-11,0.798,EONIA
2010-11-12,0.791,EONIA
2010-11-15,0.764,EONIA
2010-11-16,0.745,EONIA
2010-11-17,0.707,EONIA
2010-11-18,0.632,EONIA
2010-11-19,0.545,EONIA
2010-11-22,0.521,EONIA
2010-11-23,0.514,EONIA
2010-11-24,0.482,EONIA
2010-11-25,0.474,EONIA
2010-11-26,0.446,EONIA
2010-11-29,0.428,EONIA
2010-11-30,0.539,EONIA
2010-12-01,0.468,EONIA
2010-12-02,0.462,EONIA
2010-12-03,0.414,EONIA
2010-12-06,0.386,EONIA
2010-12-07,0.738,EONIA
2010-12-08,0.721,EONIA
2010-12-09,0.646,EONIA
2010-12-10,0.627,EONIA
2010-12-13,0.588,EONIA
2010-12-14,0.566,EONIA
2010-12-15,0.508,EONIA
2010-12-16,0.453,EONIA
2010-12-17,0.432,EONIA
2010-12-20,0.398,EONIA
2010-12-21,0.391,EONIA
2010-12-22,0.379,EONIA
2010-12-23,0.356,EONIA
2010-12-24,0.396,EONIA
2010-12-27,0.441,EONIA
2010-12-28,0.447,EONIA
2010-12-29,0.43,EONIA
2010-12-30,0.393,EONIA
2010-12-31,0.817,EONIA
2011-01-03,0.421,EONIA
2011-01-04,0.422,EONIA
2011-01-05,0.397,EONIA
2011-01-06,0.379,EONIA
2011-01-07,0.38,EONIA
2011-01-10,0.389,EONIA
2011-01-11,0.376,EONIA
2011-01-12,0.376,EONIA
2011-01-13,0.375,EONIA
2011-01-14,0.361,EONIA
2011-01-17,0.367,EONIA
2011-01-18,0.814,EONIA
2011-01-19,0.705,EONIA
2011-01-20,0.713,EONIA
2011-01-21,0.824,EONIA
2011-01-24,0.916,EONIA
2011-01-25,1.035,EONIA
2011-01-26,1.172,EONIA
2011-01-27,1.063,EONIA
2011-01-28,1.04,EONIA
2011-01-31,1.313,EONIA
2011-02-01,1.318,EONIA
2011-02-02,0.792,EONIA
2011-02-03,0.526,EONIA
2011-02-04,0.365,EONIA
2011-02-07,0.347,EONIA
2011-02-08,0.677,EONIA
2011-02-09,1.093,EONIA
2011-02-10,1.023,EONIA
2011-02-11,0.924,EONIA
2011-02-14,0.827,EONIA
2011-02-15,0.749,EONIA
2011-02-16,0.7,EONIA
2011-02-17,0.625,EONIA
2011-02-18,0.504,EONIA
2011-02-21,0.497,EONIA
2011-02-22,0.531,EONIA
2011-02-23,0.661,EONIA
2011-02-24,0.666,EONIA
2011-02-25,0.628,EONIA
2011-02-28,0.689,EONIA
2011-03-01,0.602,EONIA
2011-03-02,0.472,EONIA
2011-03-03,0.376,EONIA
2011-03-04,0.381,EONIA
2011-03-07,0.447,EONIA
2011-03-08,0.807,EONIA
2011-03-09,0.84,EONIA
2011-03-10,0.799,EONIA
2011-03-11,0.747,EONIA
2011-03-14,0.73,EONIA
2011-03-15,0.718,EONIA
2011-03-16,0.706,EONIA
2011-03-17,0.7,EONIA
2011-03-18,0.71,EONIA
2011-03-21,0.695,EONIA
2011-03-22,0.692,EONIA
2011-03-23,0.695,EONIA
2011-03-24,0.672,EONIA
2011-03-25,0.635,EONIA
2011-03-28,0.622,EONIA
2011-03-29,0.612,EONIA
2011-03-30,0.59,EONIA
2011-03-31,0.902,EONIA
2011-04-01,0.588,EONIA
2011-04-04,0.58,EONIA
2011-04-05,0.583,EONIA
2011-04-06,0.559,EONIA
2011-04-07,0.554,EONIA
2011-04-08,0.54,EONIA
2011-04-11,0.531,EONIA
2011-04-12,0.802,EONIA
2011-04-13,1.139,EONIA
2011-04-14,1.146,EONIA
2011-04-15,1.14,EONIA
2011-04-18,1.129,EONIA
2011-04-19,1.131,EONIA
2011-04-20,1.215,EONIA
2011-04-21,1.434,EONIA
2011-04-26,1.297,EONIA
2011-04-27,1.286,EONIA
2011-04-28,1.282,EONIA
2011-04-29,1.42,EONIA
2011-05-02,1.289,EONIA
2011-05-03,1.26,EONIA
2011-05-04,1.045,EONIA
2011-05-05,0.854,EONIA
2011-05-06,0.59,EONIA
2011-05-09,0.595,EONIA
2011-05-10,0.927,EONIA
2011-05-11,1.051,EONIA
2011-05-12,1.061,EONIA
2011-05-13,1.11,EONIA
2011-05-16,1.129,EONIA
2011-05-17,1.133,EONIA
2011-05-18,1.152,EONIA
2011-05-19,1.161,EONIA
2011-05-20,1.158,EONIA
2011-05-23,1.16,EONIA
2011-05-24,1.138,EONIA
2011-05-25,1.125,EONIA
2011-05-26,1.075,EONIA
2011-05-27,0.921,EONIA
2011-05-30,0.847,EONIA
2011-05-31,0.953,EONIA
2011-06-01,0.849,EONIA
2011-06-02,0.876,EONIA
2011-06-03,0.886,EONIA
2011-06-06,0.88,EONIA
2011-06-07,0.898,EONIA
2011-06-08,1.065,EONIA
2011-06-09,1.296,EONIA
2011-06-10,1.549,EONIA
2011-06-13,1.404,EONIA
2011-06-14,1.185,EONIA
2011-06-15,1.269,EONIA
2011-06-16,1.303,EONIA
2011-06-17,1.338,EONIA
2011-06-20,1.336,EONIA
2011-06-21,1.307,EONIA
2011-06-22,1.091,EONIA
2011-06-23,0.946,EONIA
2011-06-24,0.858,EONIA
2011-06-27,0.846,EONIA
2011-06-28,0.839,EONIA
2011-06-29,0.993,EONIA
2011-06-30,1.715,EONIA
2011-07-01,0.909,EONIA
2011-07-04,0.815,EONIA
2011-07-05,0.707,EONIA
2011-07-06,0.598,EONIA
2011-07-07,0.596,EONIA
2011-07-08,0.592,EONIA
2011-07-11,0.6,EONIA
2011-07-12,1.016,EONIA
2011-07-13,1.476,EONIA
2011-07-14,1.461,EONIA
2011-07-15,1.484,EONIA
2011-07-18,1.489,EONIA
2011-07-19,1.467,EONIA
2011-07-20,1.2,EONIA
2011-07-21,1.078,EONIA
2011-07-22,0.97,EONIA
2011-07-25,0.975,EONIA
2011-07-26,0.991,EONIA
2011-07-27,0.953,EONIA
2011-07-28,0.899,EONIA
2011-07-29,0.972,EONIA
2011-08-01,0.912,EONIA
2011-08-02,0.941,EONIA
2011-08-03,0.858,EONIA
2011-08-04,0.851,EONIA
2011-08-05,0.846,EONIA
2011-08-08,0.86,EONIA
2011-08-09,1.211,EONIA
2011-08-10,1.006,EONIA
2011-08-11,0.903,EONIA
2011-08-12,0.88,EONIA
2011-08-15,0.874,EONIA
2011-08-16,0.885,EONIA
2011-08-17,0.876,EONIA
2011-08-18,0.883,EONIA
2011-08-19,0.89,EONIA
2011-08-22,0.908,EONIA
2011-08-23,0.9,EONIA
2011-08-24,0.896,EONIA
2011-08-25,0.89,EONIA
2011-08-26,0.874,EONIA
2011-08-29,0.869,EONIA
2011-08-30,0.865,EONIA
2011-08-31,0.955,EONIA
2011-09-01,0.884,EONIA
2011-09-02,0.868,EONIA
2011-09-05,0.873,EONIA
2011-09-06,0.871,EONIA
2011-09-07,0.87,EONIA
2011-09-08,0.863,EONIA
2011-09-09,0.85,EONIA
2011-09-12,0.857,EONIA
2011-09-13,1.214,EONIA
2011-09-14,0.93,EONIA
2011-09-15,0.952,EONIA
2011-09-16,1.112,EONIA
2011-09-19,1.041,EONIA
2011-09-20,1.061,EONIA
2011-09-21,1.061,EONIA
2011-09-22,1.04,EONIA
2011-09-23,1.055,EONIA
2011-09-26,1.058,EONIA
2011-09-27,1.071,EONIA
2011-09-28,1.069,EONIA
2011-09-29,1.057,EONIA
2011-09-30,1.463,EONIA
2011-10-03,1.071,EONIA
2011-10-04,0.997,EONIA
2011-10-05,0.97,EONIA
2011-10-06,0.947,EONIA
2011-10-07,0.919,EONIA
2011-10-10,0.892,EONIA
2011-10-11,1.22,EONIA
2011-10-12,0.986,EONIA
2011-10-13,0.958,EONIA
2011-10-14,0.93,EONIA
2011-10-17,0.928,EONIA
2011-10-18,0.924,EONIA
2011-10-19,0.949,EONIA
2011-10-20,0.932,EONIA
2011-10-21,0.937,EONIA
2011-10-24,0.934,EONIA
2011-10-25,0.932,EONIA
2011-10-26,0.946,EONIA
2011-10-27,0.923,EONIA
2011-10-28,0.919,EONIA
2011-10-31,0.937,EONIA
2011-11-01,0.872,EONIA
2011-11-02,0.899,EONIA
2011-11-03,0.909,EONIA
2011-11-04,0.892,EONIA
2011-11-07,0.885,EONIA
2011-11-08,1.219,EONIA
2011-11-09,0.769,EONIA
2011-11-10,0.736,EONIA
2011-11-11,0.733,EONIA
2011-11-14,0.738,EONIA
2011-11-15,0.733,EONIA
2011-11-16,0.728,EONIA
2011-11-17,0.709,EONIA
2011-11-18,0.722,EONIA
2011-11-21,0.705,EONIA
2011-11-22,0.724,EONIA
2011-11-23,0.722,EONIA
2011-11-24,0.719,EONIA
2011-11-25,0.73,EONIA
2011-11-28,0.713,EONIA
2011-11-29,0.718,EONIA
2011-11-30,0.805,EONIA
2011-12-01,0.736,EONIA
2011-12-02,0.725,EONIA
2011-12-05,0.733,EONIA
2011-12-06,0.755,EONIA
2011-12-07,0.747,EONIA
2011-12-08,0.727,EONIA
2011-12-09,0.735,EONIA
2011-12-12,0.696,EONIA
2011-12-13,1.018,EONIA
2011-12-14,0.579,EONIA
2011-12-15,0.571,EONIA
2011-12-16,0.569,EONIA
2011-12-19,0.583,EONIA
2011-12-20,0.605,EONIA
2011-12-21,0.611,EONIA
2011-12-22,0.509,EONIA
2011-12-23,0.422,EONIA
2011-12-27,0.417,EONIA
2011-12-28,0.402,EONIA
2011-12-29,0.399,EONIA
2011-12-30,0.629,EONIA
2012-01-02,0.39,EONIA
2012-01-03,0.396,EONIA
2012-01-04,0.395,EONIA
2012-01-05,0.369,EONIA
2012-01-06,0.357,EONIA
2012-01-09,0.372,EONIA
2012-01-10,0.371,EONIA
2012-01-11,0.375,EONIA
2012-01-12,0.378,EONIA
2012-01-13,0.385,EONIA
2012-01-16,0.386,EONIA
2012-01-17,0.379,EONIA
2012-01-18,0.391,EONIA
2012-01-19,0.374,EONIA
2012-01-20,0.394,EONIA
2012-01-23,0.371,EONIA
2012-01-24,0.378,EONIA
2012-01-25,0.379,EONIA
2012-01-26,0.377,EONIA
2012-01-27,0.379,EONIA
2012-01-30,0.385,EONIA
2012-01-31,0.38,EONIA
2012-02-01,0.363,EONIA
2012-02-02,0.366,EONIA
2012-02-03,0.377,EONIA
2012-02-06,0.366,EONIA
2012-02-07,0.367,EONIA
2012-02-08,0.362,EONIA
2012-02-09,0.367,EONIA
2012-02-10,0.362,EONIA
2012-02-13,0.364,EONIA
2012-02-14,0.371,EONIA
2012-02-15,0.371,EONIA
2012-02-16,0.371,EONIA
2012-02-17,0.364,EONIA
2012-02-20,0.36,EONIA
2012-02-21,0.362,EONIA
2012-02-22,0.359,EONIA
2012-02-23,0.364,EONIA
2012-02-24,0.368,EONIA
2012-02-27,0.36,EONIA
2012-02-28,0.36,EONIA
2012-02-29,0.374,EONIA
2012-03-01,0.37,EONIA
2012-03-02,0.36,EONIA
2012-03-05,0.351,EONIA
2012-03-06,0.342,EONIA
2012-03-07,0.355,EONIA
2012-03-08,0.359,EONIA
2012-03-09,0.362,EONIA
2012-03-12,0.355,EONIA
2012-03-13,0.355,EONIA
2012-03-14,0.363,EONIA
2012-03-15,0.356,EONIA
2012-03-16,0.361,EONIA
2012-03-19,0.359,EONIA
2012-03-20,0.35,EONIA
2012-03-21,0.348,EONIA
2012-03-22,0.352,EONIA
2012-03-23,0.359,EONIA
2012-03-26,0.349,EONIA
2012-03-27,0.353,EONIA
2012-03-28,0.352,EONIA
2012-03-29,0.349,EONIA
2012-03-30,0.388,EONIA
2012-04-02,0.347,EONIA
2012-04-03,0.343,EONIA
2012-04-04,0.353,EONIA
2012-04-05,0.352,EONIA
2012-04-10,0.347,EONIA
2012-04-11,0.35,EONIA
2012-04-12,0.341,EONIA
2012-04-13,0.346,EONIA
2012-04-16,0.346,EONIA
2012-04-17,0.349,EONIA
2012-04-18,0.346,EONIA
2012-04-19,0.347,EONIA
2012-04-20,0.344,EONIA
2012-04-23,0.338,EONIA
2012-04-24,0.338,EONIA
2012-04-25,0.337,EONIA
2012-04-26,0.343,EONIA
2012-04-27,0.346,EONIA
2012-04-30,0.344,EONIA
2012-05-02,0.343,EONIA
2012-05-03,0.343,EONIA
2012-05-04,0.343,EONIA
2012-05-07,0.348,EONIA
2012-05-08,0.346,EONIA
2012-05-09,0.344,EONIA
2012-05-10,0.348,EONIA
2012-05-11,0.341,EONIA
2012-05-14,0.346,EONIA
2012-05-15,0.34,EONIA
2012-05-16,0.33,EONIA
2012-05-17,0.32,EONIA
2012-05-18,0.337,EONIA
2012-05-21,0.337,EONIA
2012-05-22,0.336,EONIA
2012-05-23,0.335,EONIA
2012-05-24,0.335,EONIA
2012-05-25,0.323,EONIA
2012-05-28,0.322,EONIA
2012-05-29,0.335,EONIA
2012-05-30,0.333,EONIA
2012-05-31,0.329,EONIA
2012-06-01,0.337,EONIA
2012-06-04,0.332,EONIA
2012-06-05,0.335,EONIA
2012-06-06,0.31,EONIA
2012-06-07,0.312,EONIA
2012-06-08,0.331,EONIA
2012-06-11,0.336,EONIA
2012-06-12,0.336,EONIA
2012-06-13,0.335,EONIA
2012-06-14,0.331,EONIA
2012-06-15,0.329,EONIA
2012-06-18,0.334,EONIA
2012-06-19,0.333,EONIA
2012-06-20,0.326,EONIA
2012-06-21,0.329,EONIA
2012-06-22,0.325,EONIA
2012-06-25,0.328,EONIA
2012-06-26,0.33,EONIA
2012-06-27,0.331,EONIA
2012-06-28,0.331,EONIA
2012-06-29,0.382,EONIA
2012-07-02,0.329,EONIA
2012-07-03,0.332,EONIA
2012-07-04,0.332,EONIA
2012-07-05,0.331,EONIA
2012-07-06,0.329,EONIA
2012-07-09,0.325,EONIA
2012-07-10,0.323,EONIA
2012-07-11,0.131,EONIA
2012-07-12,0.128,EONIA
2012-07-13,0.117,EONIA
2012-07-16,0.114,EONIA
2012-07-17,0.119,EONIA
2012-07-18,0.119,EONIA
2012-07-19,0.12,EONIA
2012-07-20,0.115,EONIA
2012-07-23,0.116,EONIA
2012-07-24,0.113,EONIA
2012-07-25,0.114,EONIA
2012-07-26,0.112,EONIA
2012-07-27,0.111,EONIA
2012-07-30,0.112,EONIA
2012-07-31,0.111,EONIA
2012-08-01,0.112,EONIA
2012-08-02,0.109,EONIA
2012-08-03,0.111,EONIA
2012-08-06,0.109,EONIA
2012-08-07,0.111,EONIA
2012-08-08,0.116,EONIA
2012-08-09,0.123,EONIA
2012-08-10,0.115,EONIA
2012-08-13,0.112,EONIA
2012-08-14,0.11,EONIA
2012-08-15,0.112,EONIA
2012-08-16,0.111,EONIA
2012-08-17,0.112,EONIA
2012-08-20,0.109,EONIA
2012-08-21,0.103,EONIA
2012-08-22,0.103,EONIA
2012-08-23,0.108,EONIA
2012-08-24,0.107,EONIA
2012-08-27,0.11,EONIA
2012-08-28,0.111,EONIA
2012-08-29,0.102,EONIA
2012-08-30,0.106,EONIA
2012-08-31,0.11,EONIA
2012-09-03,0.108,EONIA
2012-09-04,0.102,EONIA
2012-09-05,0.107,EONIA
2012-09-06,0.108,EONIA
2012-09-07,0.105,EONIA
2012-09-10,0.101,EONIA
2012-09-11,0.1,EONIA
2012-09-12,0.101,EONIA
2012-09-13,0.103,EONIA
2012-09-14,0.095,EONIA
2012-09-17,0.089,EONIA
2012-09-18,0.1,EONIA
2012-09-19,0.09,EONIA
2012-09-20,0.097,EONIA
2012-09-21,0.095,EONIA
2012-09-24,0.095,EONIA
2012-09-25,0.092,EONIA
2012-09-26,0.096,EONIA
2012-09-27,0.095,EONIA
2012-09-28,0.107,EONIA
2012-10-01,0.095,EONIA
2012-10-02,0.087,EONIA
2012-10-03,0.085,EONIA
2012-10-04,0.095,EONIA
2012-10-05,0.093,EONIA
2012-10-08,0.094,EONIA
2012-10-09,0.091,EONIA
2012-10-10,0.092,EONIA
2012-10-11,0.095,EONIA
2012-10-12,0.092,EONIA
2012-10-15,0.096,EONIA
2012-10-16,0.091,EONIA
2012-10-17,0.093,EONIA
2012-10-18,0.093,EONIA
2012-10-19,0.095,EONIA
2012-10-22,0.092,EONIA
2012-10-23,0.088,EONIA
2012-10-24,0.089,EONIA
2012-10-25,0.089,EONIA
2012-10-26,0.086,EONIA
2012-10-29,0.089,EONIA
2012-10-30,0.088,EONIA
2012-10-31,0.078,EONIA
2012-11-01,0.079,EONIA
2012-11-02,0.09,EONIA
2012-11-05,0.089,EONIA
2012-11-06,0.09,EONIA
2012-11-07,0.09,EONIA
2012-11-08,0.087,EONIA
2012-11-09,0.072,EONIA
2012-11-12,0.082,EONIA
2012-11-13,0.08,EONIA
2012-11-14,0.077,EONIA
2012-11-15,0.078,EONIA
2012-11-16,0.079,EONIA
2012-11-19,0.077,EONIA
2012-11-20,0.074,EONIA
2012-11-21,0.072,EONIA
2012-11-22,0.071,EONIA
2012-11-23,0.074,EONIA
2012-11-26,0.072,EONIA
2012-11-27,0.072,EONIA
2012-11-28,0.073,EONIA
2012-11-29,0.072,EONIA
2012-11-30,0.077,EONIA
2012-12-03,0.077,EONIA
2012-12-04,0.073,EONIA
2012-12-05,0.069,EONIA
2012-12-06,0.072,EONIA
2012-12-07,0.072,EONIA
2012-12-10,0.069,EONIA
2012-12-11,0.067,EONIA
2012-12-12,0.066,EONIA
2012-12-13,0.071,EONIA
2012-12-14,0.074,EONIA
2012-12-17,0.071,EONIA
2012-12-18,0.072,EONIA
2012-12-19,0.07,EONIA
2012-12-20,0.069,EONIA
2012-12-21,0.06,EONIA
2012-12-24,0.061,EONIA
2012-12-27,0.072,EONIA
2012-12-28,0.079,EONIA
2012-12-31,0.131,EONIA
2013-01-02,0.062,EONIA
2013-01-03,0.066,EONIA
2013-01-04,0.068,EONIA
2013-01-07,0.066,EONIA
2013-01-08,0.067,EONIA
2013-01-09,0.069,EONIA
2013-01-10,0.069,EONIA
2013-01-11,0.067,EONIA
2013-01-14,0.065,EONIA
2013-01-15,0.064,EONIA
2013-01-16,0.067,EONIA
2013-01-17,0.068,EONIA
2013-01-18,0.068,EONIA
2013-01-21,0.068,EONIA
2013-01-22,0.069,EONIA
2013-01-23,0.068,EONIA
2013-01-24,0.068,EONIA
2013-01-25,0.071,EONIA
2013-01-28,0.073,EONIA
2013-01-29,0.074,EONIA
2013-01-30,0.081,EONIA
2013-01-31,0.08,EONIA
2013-02-01,0.081,EONIA
2013-02-04,0.079,EONIA
2013-02-05,0.074,EONIA
2013-02-06,0.067,EONIA
2013-02-07,0.068,EONIA
2013-02-08,0.068,EONIA
2013-02-11,0.072,EONIA
2013-02-12,0.073,EONIA
2013-02-13,0.064,EONIA
2013-02-14,0.066,EONIA
2013-02-15,0.06,EONIA
2013-02-18,0.058,EONIA
2013-02-19,0.062,EONIA
2013-02-20,0.069,EONIA
2013-02-21,0.07,EONIA
2013-02-22,0.071,EONIA
2013-02-25,0.064,EONIA
2013-02-26,0.065,EONIA
2013-02-27,0.056,EONIA
2013-02-28,0.066,EONIA
2013-03-01,0.059,EONIA
2013-03-04,0.06,EONIA
2013-03-05,0.061,EONIA
2013-03-06,0.07,EONIA
2013-03-07,0.063,EONIA
2013-03-08,0.06,EONIA
2013-03-11,0.064,EONIA
2013-03-12,0.068,EONIA
2013-03-13,0.068,EONIA
2013-03-14,0.068,EONIA
2013-03-15,0.07,EONIA
2013-03-18,0.069,EONIA
2013-03-19,0.064,EONIA
2013-03-20,0.065,EONIA
2013-03-21,0.062,EONIA
2013-03-22,0.061,EONIA
2013-03-25,0.064,EONIA
2013-03-26,0.064,EONIA
2013-03-27,0.067,EONIA
2013-03-28,0.112,EONIA
2013-04-02,0.07,EONIA
2013-04-03,0.072,EONIA
2013-04-04,0.074,EONIA
2013-04-05,0.075,EONIA
2013-04-08,0.082,EONIA
2013-04-09,0.078,EONIA
2013-04-10,0.082,EONIA
2013-04-11,0.086,EONIA
2013-04-12,0.082,EONIA
2013-04-15,0.083,EONIA
2013-04-16,0.08,EONIA
2013-04-17,0.078,EONIA
2013-04-18,0.08,EONIA
2013-04-19,0.083,EONIA
2013-04-22,0.082,EONIA
2013-04-23,0.079,EONIA
2013-04-24,0.083,EONIA
2013-04-25,0.083,EONIA
2013-04-26,0.082,EONIA
2013-04-29,0.085,EONIA
2013-04-30,0.102,EONIA
2013-05-02,0.078,EONIA
2013-05-03,0.077,EONIA
2013-05-06,0.083,EONIA
2013-05-07,0.075,EONIA
2013-05-08,0.064,EONIA
2013-05-09,0.072,EONIA
2013-05-10,0.074,EONIA
2013-05-13,0.086,EONIA
2013-05-14,0.081,EONIA
2013-05-15,0.078,EONIA
2013-05-16,0.082,EONIA
2013-05-17,0.066,EONIA
2013-05-20,0.069,EONIA
2013-05-21,0.076,EONIA
2013-05-22,0.083,EONIA
2013-05-23,0.078,EONIA
2013-05-24,0.081,EONIA
2013-05-27,0.082,EONIA
2013-05-28,0.084,EONIA
2013-05-29,0.076,EONIA
2013-05-30,0.073,EONIA
2013-05-31,0.114,EONIA
2013-06-03,0.078,EONIA
2013-06-04,0.078,EONIA
2013-06-05,0.081,EONIA
2013-06-06,0.083,EONIA
2013-06-07,0.078,EONIA
2013-06-10,0.082,EONIA
2013-06-11,0.075,EONIA
2013-06-12,0.077,EONIA
2013-06-13,0.074,EONIA
2013-06-14,0.075,EONIA
2013-06-17,0.08,EONIA
2013-06-18,0.073,EONIA
2013-06-19,0.082,EONIA
2013-06-20,0.082,EONIA
2013-06-21,0.084,EONIA
2013-06-24,0.084,EONIA
2013-06-25,0.079,EONIA
2013-06-26,0.084,EONIA
2013-06-27,0.086,EONIA
2013-06-28,0.208,EONIA
2013-07-01,0.085,EONIA
2013-07-02,0.082,EONIA
2013-07-03,0.082,EONIA
2013-07-04,0.087,EONIA
2013-07-05,0.087,EONIA
2013-07-08,0.084,EONIA
2013-07-09,0.083,EONIA
2013-07-10,0.088,EONIA
2013-07-11,0.09,EONIA
2013-07-12,0.087,EONIA
2013-07-15,0.086,EONIA
2013-07-16,0.083,EONIA
2013-07-17,0.09,EONIA
2013-07-18,0.091,EONIA
2013-07-19,0.098,EONIA
2013-07-22,0.101,EONIA
2013-07-23,0.105,EONIA
2013-07-24,0.104,EONIA
2013-07-25,0.098,EONIA
2013-07-26,0.097,EONIA
2013-07-29,0.092,EONIA
2013-07-30,0.099,EONIA
2013-07-31,0.143,EONIA
2013-08-01,0.093,EONIA
2013-08-02,0.084,EONIA
2013-08-05,0.083,EONIA
2013-08-06,0.078,EONIA
2013-08-07,0.099,EONIA
2013-08-08,0.084,EONIA
2013-08-09,0.082,EONIA
2013-08-12,0.079,EONIA
2013-08-13,0.077,EONIA
2013-08-14,0.08,EONIA
2013-08-15,0.077,EONIA
2013-08-16,0.078,EONIA
2013-08-19,0.079,EONIA
2013-08-20,0.078,EONIA
2013-08-21,0.078,EONIA
2013-08-22,0.079,EONIA
2013-08-23,0.077,EONIA
2013-08-26,0.078,EONIA
2013-08-27,0.08,EONIA
2013-08-28,0.078,EONIA
2013-08-29,0.076,EONIA
2013-08-30,0.107,EONIA
2013-09-02,0.079,EONIA
2013-09-03,0.08,EONIA
2013-09-04,0.073,EONIA
2013-09-05,0.069,EONIA
2013-09-06,0.075,EONIA
2013-09-09,0.068,EONIA
2013-09-10,0.071,EONIA
2013-09-11,0.073,EONIA
2013-09-12,0.068,EONIA
2013-09-13,0.072,EONIA
2013-09-16,0.073,EONIA
2013-09-17,0.075,EONIA
2013-09-18,0.078,EONIA
2013-09-19,0.075,EONIA
2013-09-20,0.078,EONIA
2013-09-23,0.08,EONIA
2013-09-24,0.077,EONIA
2013-09-25,0.077,EONIA
2013-09-26,0.082,EONIA
2013-09-27,0.085,EONIA
2013-09-30,0.179,EONIA
2013-10-01,0.08,EONIA
2013-10-02,0.079,EONIA
2013-10-03,0.079,EONIA
2013-10-04,0.084,EONIA
2013-10-07,0.082,EONIA
2013-10-08,0.084,EONIA
2013-10-09,0.081,EONIA
2013-10-10,0.08,EONIA
2013-10-11,0.085,EONIA
2013-10-14,0.078,EONIA
2013-10-15,0.078,EONIA
2013-10-16,0.082,EONIA
2013-10-17,0.088,EONIA
2013-10-18,0.093,EONIA
2013-10-21,0.091,EONIA
2013-10-22,0.093,EONIA
2013-10-23,0.094,EONIA
2013-10-24,0.096,EONIA
2013-10-25,0.096,EONIA
2013-10-28,0.095,EONIA
2013-10-29,0.098,EONIA
2013-10-30,0.103,EONIA
2013-10-31,0.228,EONIA
2013-11-01,0.092,EONIA
2013-11-04,0.092,EONIA
2013-11-05,0.089,EONIA
2013-11-06,0.086,EONIA
2013-11-07,0.078,EONIA
2013-11-08,0.077,EONIA
2013-11-11,0.076,EONIA
2013-11-12,0.074,EONIA
2013-11-13,0.07,EONIA
2013-11-14,0.076,EONIA
2013-11-15,0.079,EONIA
2013-11-18,0.084,EONIA
2013-11-19,0.086,EONIA
2013-11-20,0.091,EONIA
2013-11-21,0.108,EONIA
2013-11-22,0.117,EONIA
2013-11-25,0.132,EONIA
2013-11-26,0.131,EONIA
2013-11-27,0.123,EONIA
2013-11-28,0.127,EONIA
2013-11-29,0.277,EONIA
2013-12-02,0.112,EONIA
2013-12-03,0.117,EONIA
2013-12-04,0.126,EONIA
2013-12-05,0.127,EONIA
2013-12-06,0.127,EONIA
2013-12-09,0.125,EONIA
2013-12-10,0.131,EONIA
2013-12-11,0.144,EONIA
2013-12-12,0.139,EONIA
2013-12-13,0.15,EONIA
2013-12-16,0.183,EONIA
2013-12-17,0.206,EONIA
2013-12-18,0.176,EONIA
2013-12-19,0.159,EONIA
2013-12-20,0.161,EONIA
2013-12-23,0.158,EONIA
2013-12-24,0.171,EONIA
2013-12-27,0.192,EONIA
2013-12-30,0.223,EONIA
2013-12-31,0.446,EONIA
2014-01-02,0.152,EONIA
2014-01-03,0.111,EONIA
2014-01-06,0.096,EONIA
2014-01-07,0.099,EONIA
2014-01-08,0.137,EONIA
2014-01-09,0.156,EONIA
2014-01-10,0.154,EONIA
2014-01-13,0.153,EONIA
2014-01-14,0.147,EONIA
2014-01-15,0.21,EONIA
2014-01-16,0.3,EONIA
2014-01-17,0.343,EONIA
2014-01-20,0.359,EONIA
2014-01-21,0.351,EONIA
2014-01-22,0.238,EONIA
2014-01-23,0.21,EONIA
2014-01-24,0.191,EONIA
2014-01-27,0.188,EONIA
2014-01-28,0.179,EONIA
2014-01-29,0.157,EONIA
2014-01-30,0.155,EONIA
2014-01-31,0.228,EONIA
2014-02-03,0.14,EONIA
2014-02-04,0.133,EONIA
2014-02-05,0.145,EONIA
2014-02-06,0.132,EONIA
2014-02-07,0.131,EONIA
2014-02-10,0.127,EONIA
2014-02-11,0.122,EONIA
2014-02-12,0.17,EONIA
2014-02-13,0.159,EONIA
2014-02-14,0.144,EONIA
2014-02-17,0.15,EONIA
2014-02-18,0.153,EONIA
2014-02-19,0.164,EONIA
2014-02-20,0.169,EONIA
2014-02-21,0.171,EONIA
2014-02-24,0.169,EONIA
2014-02-25,0.166,EONIA
2014-02-26,0.168,EONIA
2014-02-27,0.162,EONIA
2014-02-28,0.259,EONIA
2014-03-03,0.156,EONIA
2014-03-04,0.157,EONIA
2014-03-05,0.164,EONIA
2014-03-06,0.163,EONIA
2014-03-07,0.159,EONIA
2014-03-10,0.167,EONIA
2014-03-11,0.171,EONIA
2014-03-12,0.172,EONIA
2014-03-13,0.17,EONIA
2014-03-14,0.158,EONIA
2014-03-17,0.162,EONIA
2014-03-18,0.16,EONIA
2014-03-19,0.168,EONIA
2014-03-20,0.163,EONIA
2014-03-21,0.17,EONIA
2014-03-24,0.169,EONIA
2014-03-25,0.172,EONIA
2014-03-26,0.171,EONIA
2014-03-27,0.174,EONIA
2014-03-28,0.195,EONIA
2014-03-31,0.688,EONIA
2014-04-01,0.194,EONIA
2014-04-02,0.212,EONIA
2014-04-03,0.218,EONIA
2014-04-04,0.212,EONIA
2014-04-07,0.224,EONIA
2014-04-08,0.216,EONIA
2014-04-09,0.209,EONIA
2014-04-10,0.207,EONIA
2014-04-11,0.209,EONIA
2014-04-14,0.209,EONIA
2014-04-15,0.207,EONIA
2014-04-16,0.204,EONIA
2014-04-17,0.221,EONIA
2014-04-22,0.217,EONIA
2014-04-23,0.238,EONIA
2014-04-24,0.294,EONIA
2014-04-25,0.331,EONIA
2014-04-28,0.398,EONIA
2014-04-29,0.457,EONIA
2014-04-30,0.4,EONIA
2014-05-02,0.159,EONIA
2014-05-05,0.126,EONIA
2014-05-06,0.108,EONIA
2014-05-07,0.26,EONIA
2014-05-08,0.239,EONIA
2014-05-09,0.222,EONIA
2014-05-12,0.191,EONIA
2014-05-13,0.184,EONIA
2014-05-14,0.177,EONIA
2014-05-15,0.172,EONIA
2014-05-16,0.169,EONIA
2014-05-19,0.177,EONIA
2014-05-20,0.196,EONIA
2014-05-21,0.271,EONIA
2014-05-22,0.337,EONIA
2014-05-23,0.396,EONIA
2014-05-26,0.425,EONIA
2014-05-27,0.469,EONIA
2014-05-28,0.239,EONIA
2014-05-29,0.244,EONIA
2014-05-30,0.448,EONIA
2014-06-02,0.226,EONIA
2014-06-03,0.191,EONIA
2014-06-04,0.142,EONIA
2014-06-05,0.104,EONIA
2014-06-06,0.067,EONIA
2014-06-09,0.053,EONIA
2014-06-10,0.065,EONIA
2014-06-11,0.06,EONIA
2014-06-12,0.043,EONIA
2014-06-13,0.026,EONIA
2014-06-16,0.027,EONIA
2014-06-17,0.03,EONIA
2014-06-18,0.015,EONIA
2014-06-19,0.01,EONIA
2014-06-20,0.025,EONIA
2014-06-23,0.031,EONIA
2014-06-24,0.036,EONIA
2014-06-25,0.043,EONIA
2014-06-26,0.036,EONIA
2014-06-27,0.025,EONIA
2014-06-30,0.336,EONIA
2014-07-01,0.026,EONIA
2014-07-02,0.023,EONIA
2014-07-03,0.032,EONIA
2014-07-04,0.032,EONIA
2014-07-07,0.029,EONIA
2014-07-08,0.027,EONIA
2014-07-09,0.033,EONIA
2014-07-10,0.036,EONIA
2014-07-11,0.05,EONIA
2014-07-14,0.052,EONIA
2014-07-15,0.034,EONIA
2014-07-16,0.036,EONIA
2014-07-17,0.039,EONIA
2014-07-18,0.037,EONIA
2014-07-21,0.048,EONIA
2014-07-22,0.041,EONIA
2014-07-23,0.047,EONIA
2014-07-24,0.042,EONIA
2014-07-25,0.043,EONIA
2014-07-28,0.044,EONIA
2014-07-29,0.032,EONIA
2014-07-30,0.035,EONIA
2014-07-31,0.177,EONIA
2014-08-01,0.023,EONIA
2014-08-04,0.029,EONIA
2014-08-05,0.031,EONIA
2014-08-06,0.021,EONIA
2014-08-07,0.014,EONIA
2014-08-08,0.019,EONIA
2014-08-11,0.01,EONIA
2014-08-12,0.009,EONIA
2014-08-13,0.019,EONIA
2014-08-14,0.014,EONIA
2014-08-15,0.007,EONIA
2014-08-18,0.006,EONIA
2014-08-19,0.005,EONIA
2014-08-20,0.013,EONIA
2014-08-21,0.014,EONIA
2014-08-22,0.006,EONIA
2014-08-25,0.019,EONIA
2014-08-26,0.009,EONIA
2014-08-27,0.011,EONIA
2014-08-28,-0.004,EONIA
2014-08-29,0.101,EONIA
2014-09-01,-0.013,EONIA
2014-09-02,-0.007,EONIA
2014-09-03,-0.006,EONIA
2014-09-04,0.003,EONIA
2014-09-05,0.0,EONIA
2014-09-08,0.003,EONIA
2014-09-09,0.012,EONIA
2014-09-10,-0.024,EONIA
2014-09-11,-0.016,EONIA
2014-09-12,-0.014,EONIA
2014-09-15,-0.011,EONIA
2014-09-16,0.007,EONIA
2014-09-17,0.007,EONIA
2014-09-18,0.003,EONIA
2014-09-19,0.007,EONIA
2014-09-22,0.002,EONIA
2014-09-23,0.015,EONIA
2014-09-24,0.022,EONIA
2014-09-25,-0.003,EONIA
2014-09-26,-0.017,EONIA
2014-09-29,-0.022,EONIA
2014-09-30,0.197,EONIA
2014-10-01,-0.032,EONIA
2014-10-02,-0.033,EONIA
2014-10-03,-0.045,EONIA
2014-10-06,-0.014,EONIA
2014-10-07,-0.033,EONIA
2014-10-08,-0.015,EONIA
2014-10-09,-0.015,EONIA
2014-10-10,-0.006,EONIA
2014-10-13,-0.018,EONIA
2014-10-14,-0.026,EONIA
2014-10-15,-0.011,EONIA
2014-10-16,-0.012,EONIA
2014-10-17,-0.014,EONIA
2014-10-20,-0.003,EONIA
2014-10-21,0.012,EONIA
2014-10-22,0.017,EONIA
2014-10-23,0.014,EONIA
2014-10-24,0.018,EONIA
2014-10-27,0.013,EONIA
2014-10-28,0.01,EONIA
2014-10-29,0.006,EONIA
2014-10-30,0.002,EONIA
2014-10-31,0.082,EONIA
2014-11-03,-0.035,EONIA
2014-11-04,-0.039,EONIA
2014-11-05,-0.042,EONIA
2014-11-06,-0.037,EONIA
2014-11-07,-0.038,EONIA
2014-11-10,-0.032,EONIA
2014-11-11,-0.036,EONIA
2014-11-12,-0.027,EONIA
2014-11-13,-0.028,EONIA
2014-11-14,-0.029,EONIA
2014-11-17,-0.027,EONIA
2014-11-18,-0.022,EONIA
2014-11-19,-0.023,EONIA
2014-11-20,-0.019,EONIA
2014-11-21,-0.011,EONIA
2014-11-24,-0.006,EONIA
2014-11-25,0.017,EONIA
2014-11-26,0.046,EONIA
2014-11-27,0.029,EONIA
2014-11-28,0.128,EONIA
2014-12-01,-0.007,EONIA
2014-12-02,-0.025,EONIA
2014-12-03,-0.023,EONIA
2014-12-04,-0.036,EONIA
2014-12-05,-0.038,EONIA
2014-12-08,-0.052,EONIA
2014-12-09,-0.04,EONIA
2014-12-10,-0.025,EONIA
2014-12-11,-0.014,EONIA
2014-12-12,-0.021,EONIA
2014-12-15,-0.016,EONIA
2014-12-16,-0.019,EONIA
2014-12-17,-0.026,EONIA
2014-12-18,-0.03,EONIA
2014-12-19,-0.055,EONIA
2014-12-22,-0.051,EONIA
2014-12-23,-0.077,EONIA
2014-12-24,-0.085,EONIA
2014-12-29,-0.06,EONIA
2014-12-30,-0.077,EONIA
2014-12-31,0.144,EONIA
2015-01-02,-0.079,EONIA
2015-01-05,-0.074,EONIA
2015-01-06,-0.075,EONIA
2015-01-07,-0.069,EONIA
2015-01-08,-0.07,EONIA
2015-01-09,-0.047,EONIA
2015-01-12,-0.063,EONIA
2015-01-13,-0.069,EONIA
2015-01-14,-0.067,EONIA
2015-01-15,-0.067,EONIA
2015-01-16,-0.081,EONIA
2015-01-19,-0.075,EONIA
2015-01-20,-0.081,EONIA
2015-01-21,-0.068,EONIA
2015-01-22,-0.036,EONIA
2015-01-23,-0.019,EONIA
2015-01-26,-0.033,EONIA
2015-01-27,-0.019,EONIA
2015-01-28,-0.029,EONIA
2015-01-29,-0.028,EONIA
2015-01-30,0.086,EONIA
2015-02-02,-0.024,EONIA
2015-02-03,-0.034,EONIA
2015-02-04,-0.037,EONIA
2015-02-05,-0.026,EONIA
2015-02-06,-0.037,EONIA
2015-02-09,-0.042,EONIA
2015-02-10,-0.041,EONIA
2015-02-11,-0.048,EONIA
2015-02-12,-0.045,EONIA
2015-02-13,-0.046,EONIA
2015-02-16,-0.049,EONIA
2015-02-17,-0.04,EONIA
2015-02-18,-0.038,EONIA
2015-02-19,-0.034,EONIA
2015-02-20,-0.043,EONIA
2015-02-23,-0.044,EONIA
2015-02-24,-0.048,EONIA
2015-02-25,-0.046,EONIA
2015-02-26,-0.062,EONIA
2015-02-27,0.064,EONIA
2015-03-02,-0.055,EONIA
2015-03-03,-0.063,EONIA
2015-03-04,-0.06,EONIA
2015-03-05,-0.056,EONIA
2015-03-06,-0.064,EONIA
2015-03-09,-0.064,EONIA
2015-03-10,-0.064,EONIA
2015-03-11,-0.055,EONIA
2015-03-12,-0.055,EONIA
2015-03-13,-0.04,EONIA
2015-03-16,-0.058,EONIA
2015-03-17,-0.041,EONIA
2015-03-18,-0.057,EONIA
2015-03-19,-0.04,EONIA
2015-03-20,-0.055,EONIA
2015-03-23,-0.048,EONIA
2015-03-24,-0.059,EONIA
2015-03-25,-0.063,EONIA
2015-03-26,-0.058,EONIA
2015-03-27,-0.053,EONIA
2015-03-30,-0.05,EONIA
2015-03-31,0.05,EONIA
2015-04-01,-0.07,EONIA
2015-04-02,-0.079,EONIA
2015-04-07,-0.08,EONIA
2015-04-08,-0.074,EONIA
2015-04-09,-0.056,EONIA
2015-04-10,-0.07,EONIA
2015-04-13,-0.072,EONIA
2015-04-14,-0.089,EONIA
2015-04-15,-0.074,EONIA
2015-04-16,-0.093,EONIA
2015-04-17,-0.073,EONIA
2015-04-20,-0.079,EONIA
2015-04-21,-0.084,EONIA
2015-04-22,-0.077,EONIA
2015-04-23,-0.08,EONIA
2015-04-24,-0.081,EONIA
2015-04-27,-0.081,EONIA
2015-04-28,-0.079,EONIA
2015-04-29,-0.072,EONIA
2015-04-30,-0.027,EONIA
2015-05-04,-0.084,EONIA
2015-05-05,-0.085,EONIA
2015-05-06,-0.088,EONIA
2015-05-07,-0.089,EONIA
2015-05-08,-0.087,EONIA
2015-05-11,-0.089,EONIA
2015-05-12,-0.091,EONIA
2015-05-13,-0.137,EONIA
2015-05-14,-0.143,EONIA
2015-05-15,-0.11,EONIA
2015-05-18,-0.105,EONIA
2015-05-19,-0.106,EONIA
2015-05-20,-0.105,EONIA
2015-05-21,-0.106,EONIA
2015-05-22,-0.14,EONIA
2015-05-25,-0.143,EONIA
2015-05-26,-0.109,EONIA
2015-05-27,-0.114,EONIA
2015-05-28,-0.104,EONIA
2015-05-29,-0.08,EONIA
2015-06-01,-0.106,EONIA
2015-06-02,-0.122,EONIA
2015-06-03,-0.143,EONIA
2015-06-04,-0.138,EONIA
2015-06-05,-0.115,EONIA
2015-06-08,-0.127,EONIA
2015-06-09,-0.126,EONIA
2015-06-10,-0.117,EONIA
2015-06-11,-0.12,EONIA
2015-06-12,-0.125,EONIA
2015-06-15,-0.119,EONIA
2015-06-16,-0.125,EONIA
2015-06-17,-0.11,EONIA
2015-06-18,-0.118,EONIA
2015-06-19,-0.12,EONIA
2015-06-22,-0.127,EONIA
2015-06-23,-0.121,EONIA
2015-06-24,-0.111,EONIA
2015-06-25,-0.116,EONIA
2015-06-26,-0.123,EONIA
2015-06-29,-0.118,EONIA
2015-06-30,-0.06,EONIA
2015-07-01,-0.123,EONIA
2015-07-02,-0.121,EONIA
2015-07-03,-0.116,EONIA
2015-07-06,-0.122,EONIA
2015-07-07,-0.12,EONIA
2015-07-08,-0.118,EONIA
2015-07-09,-0.121,EONIA
2015-07-10,-0.12,EONIA
2015-07-13,-0.118,EONIA
2015-07-14,-0.112,EONIA
2015-07-15,-0.122,EONIA
2015-07-16,-0.124,EONIA
2015-07-17,-0.122,EONIA
2015-07-20,-0.116,EONIA
2015-07-21,-0.121,EONIA
2015-07-22,-0.12,EONIA
2015-07-23,-0.115,EONIA
2015-07-24,-0.114,EONIA
2015-07-27,-0.117,EONIA
2015-07-28,-0.114,EONIA
2015-07-29,-0.113,EONIA
2015-07-30,-0.116,EONIA
2015-07-31,-0.102,EONIA
2015-08-03,-0.108,EONIA
2015-08-04,-0.11,EONIA
2015-08-05,-0.108,EONIA
2015-08-06,-0.116,EONIA
2015-08-07,-0.119,EONIA
2015-08-10,-0.129,EONIA
2015-08-11,-0.117,EONIA
2015-08-12,-0.124,EONIA
2015-08-13,-0.129,EONIA
2015-08-14,-0.13,EONIA
2015-08-17,-0.122,EONIA
2015-08-18,-0.126,EONIA
2015-08-19,-0.119,EONIA
2015-08-20,-0.118,EONIA
2015-08-21,-0.119,EONIA
2015-08-24,-0.126,EONIA
2015-08-25,-0.135,EONIA
2015-08-26,-0.129,EONIA
2015-08-27,-0.127,EONIA
2015-08-28,-0.126,EONIA
2015-08-31,-0.11,EONIA
2015-09-01,-0.125,EONIA
2015-09-02,-0.125,EONIA
2015-09-03,-0.124,EONIA
2015-09-04,-0.133,EONIA
2015-09-07,-0.136,EONIA
2015-09-08,-0.134,EONIA
2015-09-09,-0.13,EONIA
2015-09-10,-0.132,EONIA
2015-09-11,-0.13,EONIA
2015-09-14,-0.14,EONIA
2015-09-15,-0.142,EONIA
2015-09-16,-0.136,EONIA
2015-09-17,-0.138,EONIA
2015-09-18,-0.141,EONIA
2015-09-21,-0.145,EONIA
2015-09-22,-0.142,EONIA
2015-09-23,-0.143,EONIA
2015-09-24,-0.143,EONIA
2015-09-25,-0.143,EONIA
2015-09-28,-0.146,EONIA
2015-09-29,-0.135,EONIA
2015-09-30,-0.122,EONIA
2015-10-01,-0.142,EONIA
2015-10-02,-0.139,EONIA
2015-10-05,-0.144,EONIA
2015-10-06,-0.134,EONIA
2015-10-07,-0.139,EONIA
2015-10-08,-0.138,EONIA
2015-10-09,-0.142,EONIA
2015-10-12,-0.134,EONIA
2015-10-13,-0.136,EONIA
2015-10-14,-0.135,EONIA
2015-10-15,-0.143,EONIA
2015-10-16,-0.142,EONIA
2015-10-19,-0.142,EONIA
2015-10-20,-0.139,EONIA
2015-10-21,-0.136,EONIA
2015-10-22,-0.139,EONIA
2015-10-23,-0.134,EONIA
2015-10-26,-0.144,EONIA
2015-10-27,-0.137,EONIA
2015-10-28,-0.145,EONIA
2015-10-29,-0.143,EONIA
2015-10-30,-0.129,EONIA
2015-11-02,-0.129,EONIA
2015-11-03,-0.134,EONIA
2015-11-04,-0.13,EONIA
2015-11-05,-0.129,EONIA
2015-11-06,-0.138,EONIA
2015-11-09,-0.145,EONIA
2015-11-10,-0.139,EONIA
2015-11-11,-0.131,EONIA
2015-11-12,-0.138,EONIA
2015-11-13,-0.132,EONIA
2015-11-16,-0.138,EONIA
2015-11-17,-0.131,EONIA
2015-11-18,-0.129,EONIA
2015-11-19,-0.137,EONIA
2015-11-20,-0.133,EONIA
2015-11-23,-0.138,EONIA
2015-11-24,-0.139,EONIA
2015-11-25,-0.134,EONIA
2015-11-26,-0.139,EONIA
2015-11-27,-0.138,EONIA
2015-11-30,-0.127,EONIA
2015-12-01,-0.131,EONIA
2015-12-02,-0.132,EONIA
2015-12-03,-0.136,EONIA
2015-12-04,-0.138,EONIA
2015-12-07,-0.142,EONIA
2015-12-08,-0.147,EONIA
2015-12-09,-0.235,EONIA
2015-12-10,-0.232,EONIA
2015-12-11,-0.231,EONIA
2015-12-14,-0.23,EONIA
2015-12-15,-0.239,EONIA
2015-12-16,-0.241,EONIA
2015-12-17,-0.238,EONIA
2015-12-18,-0.237,EONIA
2015-12-21,-0.231,EONIA
2015-12-22,-0.231,EONIA
2015-12-23,-0.234,EONIA
2015-12-24,-0.244,EONIA
2015-12-28,-0.238,EONIA
2015-12-29,-0.223,EONIA
2015-12-30,-0.14,EONIA
2015-12-31,-0.127,EONIA
2016-01-04,-0.241,EONIA
2016-01-05,-0.251,EONIA
2016-01-06,-0.253,EONIA
2016-01-07,-0.233,EONIA
2016-01-08,-0.235,EONIA
2016-01-11,-0.236,EONIA
2016-01-12,-0.233,EONIA
2016-01-13,-0.237,EONIA
2016-01-14,-0.24,EONIA
2016-01-15,-0.239,EONIA
2016-01-18,-0.24,EONIA
2016-01-19,-0.239,EONIA
2016-01-20,-0.238,EONIA
2016-01-21,-0.24,EONIA
2016-01-22,-0.241,EONIA
2016-01-25,-0.238,EONIA
2016-01-26,-0.236,EONIA
2016-01-27,-0.237,EONIA
2016-01-28,-0.239,EONIA
2016-01-29,-0.228,EONIA
2016-02-01,-0.237,EONIA
2016-02-02,-0.232,EONIA
2016-02-03,-0.247,EONIA
2016-02-04,-0.231,EONIA
2016-02-05,-0.236,EONIA
2016-02-08,-0.242,EONIA
2016-02-09,-0.237,EONIA
2016-02-10,-0.237,EONIA
2016-02-11,-0.239,EONIA
2016-02-12,-0.24,EONIA
2016-02-15,-0.243,EONIA
2016-02-16,-0.242,EONIA
2016-02-17,-0.244,EONIA
2016-02-18,-0.244,EONIA
2016-02-19,-0.243,EONIA
2016-02-22,-0.242,EONIA
2016-02-23,-0.246,EONIA
2016-02-24,-0.247,EONIA
2016-02-25,-0.249,EONIA
2016-02-26,-0.243,EONIA
2016-02-29,-0.227,EONIA
2016-03-01,-0.238,EONIA
2016-03-02,-0.234,EONIA
2016-03-03,-0.238,EONIA
2016-03-04,-0.236,EONIA
2016-03-07,-0.239,EONIA
2016-03-08,-0.234,EONIA
2016-03-09,-0.236,EONIA
2016-03-10,-0.242,EONIA
2016-03-11,-0.242,EONIA
2016-03-14,-0.243,EONIA
2016-03-15,-0.248,EONIA
2016-03-16,-0.339,EONIA
2016-03-17,-0.347,EONIA
2016-03-18,-0.345,EONIA
2016-03-21,-0.345,EONIA
2016-03-22,-0.344,EONIA
2016-03-23,-0.346,EONIA
2016-03-24,-0.349,EONIA
2016-03-29,-0.347,EONIA
2016-03-30,-0.347,EONIA
2016-03-31,-0.303,EONIA
2016-04-01,-0.335,EONIA
2016-04-04,-0.331,EONIA
2016-04-05,-0.332,EONIA
2016-04-06,-0.334,EONIA
2016-04-07,-0.33,EONIA
2016-04-08,-0.334,EONIA
2016-04-11,-0.333,EONIA
2016-04-12,-0.341,EONIA
2016-04-13,-0.337,EONIA
2016-04-14,-0.34,EONIA
2016-04-15,-0.341,EONIA
2016-04-18,-0.348,EONIA
2016-04-19,-0.34,EONIA
2016-04-20,-0.343,EONIA
2016-04-21,-0.342,EONIA
2016-04-22,-0.34,EONIA
2016-04-25,-0.341,EONIA
2016-04-26,-0.342,EONIA
2016-04-27,-0.34,EONIA
2016-04-28,-0.337,EONIA
2016-04-29,-0.333,EONIA
2016-05-02,-0.338,EONIA
2016-05-03,-0.331,EONIA
2016-05-04,-0.336,EONIA
2016-05-05,-0.341,EONIA
2016-05-06,-0.329,EONIA
2016-05-09,-0.326,EONIA
2016-05-10,-0.333,EONIA
2016-05-11,-0.335,EONIA
2016-05-12,-0.342,EONIA
2016-05-13,-0.341,EONIA
2016-05-16,-0.347,EONIA
2016-05-17,-0.334,EONIA
2016-05-18,-0.337,EONIA
2016-05-19,-0.34,EONIA
2016-05-20,-0.335,EONIA
2016-05-23,-0.338,EONIA
2016-05-24,-0.34,EONIA
2016-05-25,-0.342,EONIA
2016-05-26,-0.356,EONIA
2016-05-27,-0.346,EONIA
2016-05-30,-0.345,EONIA
2016-05-31,-0.324,EONIA
2016-06-01,-0.333,EONIA
2016-06-02,-0.33,EONIA
2016-06-03,-0.338,EONIA
2016-06-06,-0.331,EONIA
2016-06-07,-0.333,EONIA
2016-06-08,-0.337,EONIA
2016-06-09,-0.331,EONIA
2016-06-10,-0.329,EONIA
2016-06-13,-0.327,EONIA
2016-06-14,-0.33,EONIA
2016-06-15,-0.334,EONIA
2016-06-16,-0.335,EONIA
2016-06-17,-0.341,EONIA
2016-06-20,-0.341,EONIA
2016-06-21,-0.335,EONIA
2016-06-22,-0.34,EONIA
2016-06-23,-0.345,EONIA
2016-06-24,-0.323,EONIA
2016-06-27,-0.336,EONIA
2016-06-28,-0.337,EONIA
2016-06-29,-0.337,EONIA
2016-06-30,-0.293,EONIA
2016-07-01,-0.321,EONIA
2016-07-04,-0.315,EONIA
2016-07-05,-0.323,EONIA
2016-07-06,-0.326,EONIA
2016-07-07,-0.329,EONIA
2016-07-08,-0.321,EONIA
2016-07-11,-0.326,EONIA
2016-07-12,-0.324,EONIA
2016-07-13,-0.326,EONIA
2016-07-14,-0.332,EONIA
2016-07-15,-0.333,EONIA
2016-07-18,-0.334,EONIA
2016-07-19,-0.336,EONIA
2016-07-20,-0.333,EONIA
2016-07-21,-0.335,EONIA
2016-07-22,-0.335,EONIA
2016-07-25,-0.334,EONIA
2016-07-26,-0.334,EONIA
2016-07-27,-0.331,EONIA
2016-07-28,-0.335,EONIA
2016-07-29,-0.321,EONIA
2016-08-01,-0.33,EONIA
2016-08-02,-0.331,EONIA
2016-08-03,-0.332,EONIA
2016-08-04,-0.337,EONIA
2016-08-05,-0.339,EONIA
2016-08-08,-0.342,EONIA
2016-08-09,-0.338,EONIA
2016-08-10,-0.333,EONIA
2016-08-11,-0.344,EONIA
2016-08-12,-0.347,EONIA
2016-08-15,-0.346,EONIA
2016-08-16,-0.336,EONIA
2016-08-17,-0.338,EONIA
2016-08-18,-0.339,EONIA
2016-08-19,-0.342,EONIA
2016-08-22,-0.341,EONIA
2016-08-23,-0.34,EONIA
2016-08-24,-0.339,EONIA
2016-08-25,-0.341,EONIA
2016-08-26,-0.343,EONIA
2016-08-29,-0.345,EONIA
2016-08-30,-0.341,EONIA
2016-08-31,-0.329,EONIA
2016-09-01,-0.338,EONIA
2016-09-02,-0.339,EONIA
2016-09-05,-0.339,EONIA
2016-09-06,-0.341,EONIA
2016-09-07,-0.354,EONIA
2016-09-08,-0.337,EONIA
2016-09-09,-0.342,EONIA
2016-09-12,-0.344,EONIA
2016-09-13,-0.346,EONIA
2016-09-14,-0.342,EONIA
2016-09-15,-0.345,EONIA
2016-09-16,-0.346,EONIA
2016-09-19,-0.347,EONIA
2016-09-20,-0.346,EONIA
2016-09-21,-0.347,EONIA
2016-09-22,-0.342,EONIA
2016-09-23,-0.345,EONIA
2016-09-26,-0.345,EONIA
2016-09-27,-0.343,EONIA
2016-09-28,-0.346,EONIA
2016-09-29,-0.343,EONIA
2016-09-30,-0.329,EONIA
2016-10-03,-0.321,EONIA
2016-10-04,-0.344,EONIA
2016-10-05,-0.342,EONIA
2016-10-06,-0.346,EONIA
2016-10-07,-0.349,EONIA
2016-10-10,-0.345,EONIA
2016-10-11,-0.348,EONIA
2016-10-12,-0.347,EONIA
2016-10-13,-0.348,EONIA
2016-10-14,-0.35,EONIA
2016-10-17,-0.352,EONIA
2016-10-18,-0.349,EONIA
2016-10-19,-0.351,EONIA
2016-10-20,-0.349,EONIA
2016-10-21,-0.348,EONIA
2016-10-24,-0.35,EONIA
2016-10-25,-0.352,EONIA
2016-10-26,-0.351,EONIA
2016-10-27,-0.354,EONIA
2016-10-28,-0.351,EONIA
2016-10-31,-0.332,EONIA
2016-11-01,-0.348,EONIA
2016-11-02,-0.343,EONIA
2016-11-03,-0.343,EONIA
2016-11-04,-0.343,EONIA
2016-11-07,-0.344,EONIA
2016-11-08,-0.344,EONIA
2016-11-09,-0.356,EONIA
2016-11-10,-0.353,EONIA
2016-11-11,-0.35,EONIA
2016-11-14,-0.347,EONIA
2016-11-15,-0.349,EONIA
2016-11-16,-0.356,EONIA
2016-11-17,-0.349,EONIA
2016-11-18,-0.35,EONIA
2016-11-21,-0.349,EONIA
2016-11-22,-0.351,EONIA
2016-11-23,-0.348,EONIA
2016-11-24,-0.352,EONIA
2016-11-25,-0.35,EONIA
2016-11-28,-0.353,EONIA
2016-11-29,-0.351,EONIA
2016-11-30,-0.343,EONIA
2016-12-01,-0.344,EONIA
2016-12-02,-0.347,EONIA
2016-12-05,-0.347,EONIA
2016-12-06,-0.351,EONIA
2016-12-07,-0.349,EONIA
2016-12-08,-0.346,EONIA
2016-12-09,-0.348,EONIA
2016-12-12,-0.35,EONIA
2016-12-13,-0.352,EONIA
2016-12-14,-0.351,EONIA
2016-12-15,-0.356,EONIA
2016-12-16,-0.354,EONIA
2016-12-19,-0.354,EONIA
2016-12-20,-0.354,EONIA
2016-12-21,-0.353,EONIA
2016-12-22,-0.354,EONIA
2016-12-23,-0.356,EONIA
2016-12-27,-0.355,EONIA
2016-12-28,-0.354,EONIA
2016-12-29,-0.355,EONIA
2016-12-30,-0.329,EONIA
2017-01-02,-0.356,EONIA
2017-01-03,-0.348,EONIA
2017-01-04,-0.345,EONIA
2017-01-05,-0.354,EONIA
2017-01-06,-0.356,EONIA
2017-01-09,-0.351,EONIA
2017-01-10,-0.351,EONIA
2017-01-11,-0.351,EONIA
2017-01-12,-0.353,EONIA
2017-01-13,-0.352,EONIA
2017-01-16,-0.353,EONIA
2017-01-17,-0.352,EONIA
2017-01-18,-0.352,EONIA
2017-01-19,-0.351,EONIA
2017-01-20,-0.351,EONIA
2017-01-23,-0.353,EONIA
2017-01-24,-0.353,EONIA
2017-01-25,-0.354,EONIA
2017-01-26,-0.352,EONIA
2017-01-27,-0.351,EONIA
2017-01-30,-0.35,EONIA
2017-01-31,-0.345,EONIA
2017-02-01,-0.347,EONIA
2017-02-02,-0.351,EONIA
2017-02-03,-0.348,EONIA
2017-02-06,-0.351,EONIA
2017-02-07,-0.349,EONIA
2017-02-08,-0.35,EONIA
2017-02-09,-0.353,EONIA
2017-02-10,-0.352,EONIA
2017-02-13,-0.354,EONIA
2017-02-14,-0.353,EONIA
2017-02-15,-0.353,EONIA
2017-02-16,-0.354,EONIA
2017-02-17,-0.355,EONIA
2017-02-20,-0.354,EONIA
2017-02-21,-0.356,EONIA
2017-02-22,-0.36,EONIA
2017-02-23,-0.356,EONIA
2017-02-24,-0.359,EONIA
2017-02-27,-0.357,EONIA
2017-02-28,-0.345,EONIA
2017-03-01,-0.35,EONIA
2017-03-02,-0.351,EONIA
2017-03-03,-0.349,EONIA
2017-03-06,-0.352,EONIA
2017-03-07,-0.353,EONIA
2017-03-08,-0.353,EONIA
2017-03-09,-0.353,EONIA
2017-03-10,-0.352,EONIA
2017-03-13,-0.353,EONIA
2017-03-14,-0.354,EONIA
2017-03-15,-0.354,EONIA
2017-03-16,-0.354,EONIA
2017-03-17,-0.353,EONIA
2017-03-20,-0.35,EONIA
2017-03-21,-0.347,EONIA
2017-03-22,-0.357,EONIA
2017-03-23,-0.357,EONIA
2017-03-24,-0.356,EONIA
2017-03-27,-0.357,EONIA
2017-03-28,-0.357,EONIA
2017-03-29,-0.357,EONIA
2017-03-30,-0.356,EONIA
2017-03-31,-0.355,EONIA
2017-04-03,-0.353,EONIA
2017-04-04,-0.351,EONIA
2017-04-05,-0.352,EONIA
2017-04-06,-0.353,EONIA
2017-04-07,-0.353,EONIA
2017-04-10,-0.357,EONIA
2017-04-11,-0.358,EONIA
2017-04-12,-0.359,EONIA
2017-04-13,-0.358,EONIA
2017-04-18,-0.359,EONIA
2017-04-19,-0.359,EONIA
2017-04-20,-0.358,EONIA
2017-04-21,-0.358,EONIA
2017-04-24,-0.358,EONIA
2017-04-25,-0.362,EONIA
2017-04-26,-0.363,EONIA
2017-04-27,-0.362,EONIA
2017-04-28,-0.351,EONIA
2017-05-02,-0.356,EONIA
2017-05-03,-0.357,EONIA
2017-05-04,-0.357,EONIA
2017-05-05,-0.357,EONIA
2017-05-08,-0.356,EONIA
2017-05-09,-0.357,EONIA
2017-05-10,-0.358,EONIA
2017-05-11,-0.361,EONIA
2017-05-12,-0.358,EONIA
2017-05-15,-0.358,EONIA
2017-05-16,-0.367,EONIA
2017-05-17,-0.359,EONIA
2017-05-18,-0.362,EONIA
2017-05-19,-0.36,EONIA
2017-05-22,-0.359,EONIA
2017-05-23,-0.36,EONIA
2017-05-24,-0.359,EONIA
2017-05-25,-0.365,EONIA
2017-05-26,-0.359,EONIA
2017-05-29,-0.361,EONIA
2017-05-30,-0.361,EONIA
2017-05-31,-0.348,EONIA
2017-06-01,-0.355,EONIA
2017-06-02,-0.331,EONIA
2017-06-05,-0.373,EONIA
2017-06-06,-0.358,EONIA
2017-06-07,-0.362,EONIA
2017-06-08,-0.358,EONIA
2017-06-09,-0.36,EONIA
2017-06-12,-0.358,EONIA
2017-06-13,-0.358,EONIA
2017-06-14,-0.358,EONIA
2017-06-15,-0.361,EONIA
2017-06-16,-0.355,EONIA
2017-06-19,-0.36,EONIA
2017-06-20,-0.362,EONIA
2017-06-21,-0.362,EONIA
2017-06-22,-0.362,EONIA
2017-06-23,-0.362,EONIA
2017-06-26,-0.362,EONIA
2017-06-27,-0.362,EONIA
2017-06-28,-0.362,EONIA
2017-06-29,-0.36,EONIA
2017-06-30,-0.35,EONIA
2017-07-03,-0.356,EONIA
2017-07-04,-0.357,EONIA
2017-07-05,-0.357,EONIA
2017-07-06,-0.359,EONIA
2017-07-07,-0.359,EONIA
2017-07-10,-0.36,EONIA
2017-07-11,-0.36,EONIA
2017-07-12,-0.359,EONIA
2017-07-13,-0.36,EONIA
2017-07-14,-0.361,EONIA
2017-07-17,-0.362,EONIA
2017-07-18,-0.362,EONIA
2017-07-19,-0.362,EONIA
2017-07-20,-0.362,EONIA
2017-07-21,-0.361,EONIA
2017-07-24,-0.361,EONIA
2017-07-25,-0.362,EONIA
2017-07-26,-0.361,EONIA
2017-07-27,-0.361,EONIA
2017-07-28,-0.359,EONIA
2017-07-31,-0.348,EONIA
2017-08-01,-0.356,EONIA
2017-08-02,-0.354,EONIA
2017-08-03,-0.35,EONIA
2017-08-04,-0.356,EONIA
2017-08-07,-0.353,EONIA
2017-08-08,-0.355,EONIA
2017-08-09,-0.354,EONIA
2017-08-10,-0.353,EONIA
2017-08-11,-0.356,EONIA
2017-08-14,-0.355,EONIA
2017-08-15,-0.356,EONIA
2017-08-16,-0.358,EONIA
2017-08-17,-0.358,EONIA
2017-08-18,-0.358,EONIA
2017-08-21,-0.358,EONIA
2017-08-22,-0.358,EONIA
2017-08-23,-0.358,EONIA
2017-08-24,-0.357,EONIA
2017-08-25,-0.358,EONIA
2017-08-28,-0.358,EONIA
2017-08-29,-0.36,EONIA
2017-08-30,-0.36,EONIA
2017-08-31,-0.345,EONIA
2017-09-01,-0.357,EONIA
2017-09-04,-0.356,EONIA
2017-09-05,-0.357,EONIA
2017-09-06,-0.356,EONIA
2017-09-07,-0.357,EONIA
2017-09-08,-0.348,EONIA
2017-09-11,-0.357,EONIA
2017-09-12,-0.358,EONIA
2017-09-13,-0.358,EONIA
2017-09-14,-0.359,EONIA
2017-09-15,-0.36,EONIA
2017-09-18,-0.363,EONIA
2017-09-19,-0.361,EONIA
2017-09-20,-0.36,EONIA
2017-09-21,-0.366,EONIA
2017-09-22,-0.359,EONIA
2017-09-25,-0.36,EONIA
2017-09-26,-0.359,EONIA
2017-09-27,-0.361,EONIA
2017-09-28,-0.36,EONIA
2017-09-29,-0.349,EONIA
2017-10-02,-0.356,EONIA
2017-10-03,-0.356,EONIA
2017-10-04,-0.359,EONIA
2017-10-05,-0.359,EONIA
2017-10-06,-0.359,EONIA
2017-10-09,-0.36,EONIA
2017-10-10,-0.361,EONIA
2017-10-11,-0.362,EONIA
2017-10-12,-0.361,EONIA
2017-10-13,-0.359,EONIA
2017-10-16,-0.359,EONIA
2017-10-17,-0.361,EONIA
2017-10-18,-0.36,EONIA
2017-10-19,-0.36,EONIA
2017-10-20,-0.361,EONIA
2017-10-23,-0.362,EONIA
2017-10-24,-0.361,EONIA
2017-10-25,-0.362,EONIA
2017-10-26,-0.364,EONIA
2017-10-27,-0.36,EONIA
2017-10-30,-0.348,EONIA
2017-10-31,-0.348,EONIA
2017-11-01,-0.35,EONIA
2017-11-02,-0.352,EONIA
2017-11-03,-0.353,EONIA
2017-11-06,-0.354,EONIA
2017-11-07,-0.357,EONIA
2017-11-08,-0.356,EONIA
2017-11-09,-0.355,EONIA
2017-11-10,-0.357,EONIA
2017-11-13,-0.356,EONIA
2017-11-14,-0.356,EONIA
2017-11-15,-0.357,EONIA
2017-11-16,-0.358,EONIA
2017-11-17,-0.359,EONIA
2017-11-20,-0.358,EONIA
2017-11-21,-0.359,EONIA
2017-11-22,-0.358,EONIA
2017-11-23,-0.359,EONIA
2017-11-24,-0.359,EONIA
2017-11-27,-0.365,EONIA
2017-11-28,-0.362,EONIA
2017-11-29,-0.301,EONIA
2017-11-30,-0.241,EONIA
2017-12-01,-0.291,EONIA
2017-12-04,-0.319,EONIA
2017-12-05,-0.324,EONIA
2017-12-06,-0.326,EONIA
2017-12-07,-0.327,EONIA
2017-12-08,-0.329,EONIA
2017-12-11,-0.33,EONIA
2017-12-12,-0.345,EONIA
2017-12-13,-0.36,EONIA
2017-12-14,-0.362,EONIA
2017-12-15,-0.363,EONIA
2017-12-18,-0.358,EONIA
2017-12-19,-0.35,EONIA
2017-12-20,-0.355,EONIA
2017-12-21,-0.353,EONIA
2017-12-22,-0.353,EONIA
2017-12-27,-0.357,EONIA
2017-12-28,-0.355,EONIA
2017-12-29,-0.346,EONIA
2018-01-02,-0.37,EONIA
2018-01-03,-0.356,EONIA
2018-01-04,-0.356,EONIA
2018-01-05,-0.357,EONIA
2018-01-08,-0.357,EONIA
2018-01-09,-0.358,EONIA
2018-01-10,-0.37,EONIA
2018-01-11,-0.36,EONIA
2018-01-12,-0.359,EONIA
2018-01-15,-0.369,EONIA
2018-01-16,-0.37,EONIA
2018-01-17,-0.363,EONIA
2018-01-18,-0.37,EONIA
2018-01-19,-0.362,EONIA
2018-01-22,-0.363,EONIA
2018-01-23,-0.363,EONIA
2018-01-24,-0.363,EONIA
2018-01-25,-0.363,EONIA
2018-01-26,-0.364,EONIA
2018-01-29,-0.363,EONIA
2018-01-30,-0.361,EONIA
2018-01-31,-0.355,EONIA
2018-02-01,-0.363,EONIA
2018-02-02,-0.363,EONIA
2018-02-05,-0.366,EONIA
2018-02-06,-0.367,EONIA
2018-02-07,-0.365,EONIA
2018-02-08,-0.363,EONIA
2018-02-09,-0.365,EONIA
2018-02-12,-0.363,EONIA
2018-02-13,-0.362,EONIA
2018-02-14,-0.364,EONIA
2018-02-15,-0.363,EONIA
2018-02-16,-0.366,EONIA
2018-02-19,-0.368,EONIA
2018-02-20,-0.369,EONIA
2018-02-21,-0.368,EONIA
2018-02-22,-0.369,EONIA
2018-02-23,-0.368,EONIA
2018-02-26,-0.37,EONIA
2018-02-27,-0.361,EONIA
2018-02-28,-0.351,EONIA
2018-03-01,-0.361,EONIA
2018-03-02,-0.362,EONIA
2018-03-05,-0.362,EONIA
2018-03-06,-0.365,EONIA
2018-03-07,-0.363,EONIA
2018-03-08,-0.361,EONIA
2018-03-09,-0.361,EONIA
2018-03-12,-0.363,EONIA
2018-03-13,-0.364,EONIA
2018-03-14,-0.363,EONIA
2018-03-15,-0.366,EONIA
2018-03-16,-0.366,EONIA
2018-03-19,-0.368,EONIA
2018-03-20,-0.368,EONIA
2018-03-21,-0.367,EONIA
2018-03-22,-0.368,EONIA
2018-03-23,-0.366,EONIA
2018-03-26,-0.367,EONIA
2018-03-27,-0.368,EONIA
2018-03-28,-0.365,EONIA
2018-03-29,-0.348,EONIA
2018-04-03,-0.362,EONIA
2018-04-04,-0.363,EONIA
2018-04-05,-0.367,EONIA
2018-04-06,-0.368,EONIA
2018-04-09,-0.366,EONIA
2018-04-10,-0.366,EONIA
2018-04-11,-0.365,EONIA
2018-04-12,-0.364,EONIA
2018-04-13,-0.364,EONIA
2018-04-16,-0.367,EONIA
2018-04-17,-0.368,EONIA
2018-04-18,-0.368,EONIA
2018-04-19,-0.368,EONIA
2018-04-20,-0.368,EONIA
2018-04-23,-0.368,EONIA
2018-04-24,-0.367,EONIA
2018-04-25,-0.366,EONIA
2018-04-26,-0.367,EONIA
2018-04-27,-0.367,EONIA
2018-04-30,-0.355,EONIA
2018-05-02,-0.358,EONIA
2018-05-03,-0.359,EONIA
2018-05-04,-0.36,EONIA
2018-05-07,-0.363,EONIA
2018-05-08,-0.363,EONIA
2018-05-09,-0.359,EONIA
2018-05-10,-0.361,EONIA
2018-05-11,-0.361,EONIA
2018-05-14,-0.36,EONIA
2018-05-15,-0.361,EONIA
2018-05-16,-0.369,EONIA
2018-05-17,-0.365,EONIA
2018-05-18,-0.371,EONIA
2018-05-21,-0.366,EONIA
2018-05-22,-0.364,EONIA
2018-05-23,-0.365,EONIA
2018-05-24,-0.364,EONIA
2018-05-25,-0.366,EONIA
2018-05-28,-0.367,EONIA
2018-05-29,-0.363,EONIA
2018-05-30,-0.357,EONIA
2018-05-31,-0.353,EONIA
2018-06-01,-0.358,EONIA
2018-06-04,-0.356,EONIA
2018-06-05,-0.36,EONIA
2018-06-06,-0.357,EONIA
2018-06-07,-0.356,EONIA
2018-06-08,-0.357,EONIA
2018-06-11,-0.36,EONIA
2018-06-12,-0.362,EONIA
2018-06-13,-0.362,EONIA
2018-06-14,-0.364,EONIA
2018-06-15,-0.365,EONIA
2018-06-18,-0.365,EONIA
2018-06-19,-0.363,EONIA
2018-06-20,-0.364,EONIA
2018-06-21,-0.365,EONIA
2018-06-22,-0.364,EONIA
2018-06-25,-0.363,EONIA
2018-06-26,-0.364,EONIA
2018-06-27,-0.368,EONIA
2018-06-28,-0.366,EONIA
2018-06-29,-0.358,EONIA
2018-07-02,-0.361,EONIA
2018-07-03,-0.364,EONIA
2018-07-04,-0.363,EONIA
2018-07-05,-0.361,EONIA
2018-07-06,-0.362,EONIA
2018-07-09,-0.361,EONIA
2018-07-10,-0.362,EONIA
2018-07-11,-0.362,EONIA
2018-07-12,-0.363,EONIA
2018-07-13,-0.362,EONIA
2018-07-16,-0.364,EONIA
2018-07-17,-0.365,EONIA
2018-07-18,-0.366,EONIA
2018-07-19,-0.366,EONIA
2018-07-20,-0.367,EONIA
2018-07-23,-0.366,EONIA
2018-07-24,-0.366,EONIA
2018-07-25,-0.365,EONIA
2018-07-26,-0.366,EONIA
2018-07-27,-0.366,EONIA
2018-07-30,-0.363,EONIA
2018-07-31,-0.358,EONIA
2018-08-01,-0.358,EONIA
2018-08-02,-0.358,EONIA
2018-08-03,-0.355,EONIA
2018-08-06,-0.361,EONIA
2018-08-07,-0.356,EONIA
2018-08-08,-0.357,EONIA
2018-08-09,-0.357,EONIA
2018-08-10,-0.357,EONIA
2018-08-13,-0.357,EONIA
2018-08-14,-0.359,EONIA
2018-08-15,-0.362,EONIA
2018-08-16,-0.359,EONIA
2018-08-17,-0.36,EONIA
2018-08-20,-0.361,EONIA
2018-08-21,-0.363,EONIA
2018-08-22,-0.363,EONIA
2018-08-23,-0.363,EONIA
2018-08-24,-0.363,EONIA
2018-08-27,-0.363,EONIA
2018-08-28,-0.363,EONIA
2018-08-29,-0.364,EONIA
2018-08-30,-0.359,EONIA
2018-08-31,-0.342,EONIA
2018-09-03,-0.356,EONIA
2018-09-04,-0.353,EONIA
2018-09-05,-0.356,EONIA
2018-09-06,-0.357,EONIA
2018-09-07,-0.361,EONIA
2018-09-10,-0.358,EONIA
2018-09-11,-0.364,EONIA
2018-09-12,-0.371,EONIA
2018-09-13,-0.365,EONIA
2018-09-14,-0.366,EONIA
2018-09-17,-0.366,EONIA
2018-09-18,-0.367,EONIA
2018-09-19,-0.365,EONIA
2018-09-20,-0.366,EONIA
2018-09-21,-0.367,EONIA
2018-09-24,-0.366,EONIA
2018-09-25,-0.367,EONIA
2018-09-26,-0.367,EONIA
2018-09-27,-0.365,EONIA
2018-09-28,-0.351,EONIA
2018-10-01,-0.363,EONIA
2018-10-02,-0.365,EONIA
2018-10-03,-0.365,EONIA
2018-10-04,-0.364,EONIA
2018-10-05,-0.362,EONIA
2018-10-08,-0.365,EONIA
2018-10-09,-0.365,EONIA
2018-10-10,-0.367,EONIA
2018-10-11,-0.366,EONIA
2018-10-12,-0.368,EONIA
2018-10-15,-0.369,EONIA
2018-10-16,-0.37,EONIA
2018-10-17,-0.371,EONIA
2018-10-18,-0.37,EONIA
2018-10-19,-0.368,EONIA
2018-10-22,-0.369,EONIA
2018-10-23,-0.369,EONIA
2018-10-24,-0.369,EONIA
2018-10-25,-0.368,EONIA
2018-10-26,-0.369,EONIA
2018-10-29,-0.37,EONIA
2018-10-30,-0.366,EONIA
2018-10-31,-0.341,EONIA
2018-11-01,-0.353,EONIA
2018-11-02,-0.362,EONIA
2018-11-05,-0.362,EONIA
2018-11-06,-0.362,EONIA
2018-11-07,-0.362,EONIA
2018-11-08,-0.363,EONIA
2018-11-09,-0.361,EONIA
2018-11-12,-0.36,EONIA
2018-11-13,-0.362,EONIA
2018-11-14,-0.36,EONIA
2018-11-15,-0.368,EONIA
2018-11-16,-0.362,EONIA
2018-11-19,-0.362,EONIA
2018-11-20,-0.362,EONIA
2018-11-21,-0.363,EONIA
2018-11-22,-0.362,EONIA
2018-11-23,-0.362,EONIA
2018-11-26,-0.362,EONIA
2018-11-27,-0.362,EONIA
2018-11-28,-0.365,EONIA
2018-11-29,-0.363,EONIA
2018-11-30,-0.349,EONIA
2018-12-03,-0.355,EONIA
2018-12-04,-0.369,EONIA
2018-12-05,-0.358,EONIA
2018-12-06,-0.359,EONIA
2018-12-07,-0.359,EONIA
2018-12-10,-0.358,EONIA
2018-12-11,-0.36,EONIA
2018-12-12,-0.36,EONIA
2018-12-13,-0.361,EONIA
2018-12-14,-0.362,EONIA
2018-12-17,-0.364,EONIA
2018-12-18,-0.366,EONIA
2018-12-19,-0.367,EONIA
2018-12-20,-0.362,EONIA
2018-12-21,-0.374,EONIA
2018-12-24,-0.369,EONIA
2018-12-27,-0.335,EONIA
2018-12-28,-0.355,EONIA
2018-12-31,-0.356,EONIA
2019-01-02,-0.368,EONIA
2019-01-03,-0.366,EONIA
2019-01-04,-0.365,EONIA
2019-01-07,-0.365,EONIA
2019-01-08,-0.362,EONIA
2019-01-09,-0.365,EONIA
2019-01-10,-0.366,EONIA
2019-01-11,-0.366,EONIA
2019-01-14,-0.366,EONIA
2019-01-15,-0.369,EONIA
2019-01-16,-0.37,EONIA
2019-01-17,-0.369,EONIA
2019-01-18,-0.371,EONIA
2019-01-21,-0.369,EONIA
2019-01-22,-0.368,EONIA
2019-01-23,-0.368,EONIA
2019-01-24,-0.369,EONIA
2019-01-25,-0.369,EONIA
2019-01-28,-0.368,EONIA
2019-01-29,-0.369,EONIA
2019-01-30,-0.369,EONIA
2019-01-31,-0.357,EONIA
2019-02-01,-0.365,EONIA
2019-02-04,-0.358,EONIA
2019-02-05,-0.363,EONIA
2019-02-06,-0.363,EONIA
2019-02-07,-0.363,EONIA
2019-02-08,-0.362,EONIA
2019-02-11,-0.366,EONIA
2019-02-12,-0.367,EONIA
2019-02-13,-0.369,EONIA
2019-02-14,-0.37,EONIA
2019-02-15,-0.369,EONIA
2019-02-18,-0.371,EONIA
2019-02-19,-0.369,EONIA
2019-02-20,-0.37,EONIA
2019-02-21,-0.37,EONIA
2019-02-22,-0.368,EONIA
2019-02-25,-0.37,EONIA
2019-02-26,-0.372,EONIA
2019-02-27,-0.371,EONIA
2019-02-28,-0.365,EONIA
2019-03-01,-0.368,EONIA
2019-03-04,-0.37,EONIA
2019-03-05,-0.372,EONIA
2019-03-06,-0.368,EONIA
2019-03-07,-0.364,EONIA
2019-03-08,-0.369,EONIA
2019-03-11,-0.371,EONIA
2019-03-12,-0.366,EONIA
2019-03-13,-0.367,EONIA
2019-03-14,-0.368,EONIA
2019-03-15,-0.366,EONIA
2019-03-18,-0.369,EONIA
2019-03-19,-0.368,EONIA
2019-03-20,-0.371,EONIA
2019-03-21,-0.371,EONIA
2019-03-22,-0.369,EONIA
2019-03-25,-0.368,EONIA
2019-03-26,-0.368,EONIA
2019-03-27,-0.37,EONIA
2019-03-28,-0.366,EONIA
2019-03-29,-0.356,EONIA
2019-04-01,-0.366,EONIA
2019-04-02,-0.367,EONIA
2019-04-03,-0.368,EONIA
2019-04-04,-0.368,EONIA
2019-04-05,-0.368,EONIA
2019-04-08,-0.37,EONIA
2019-04-09,-0.368,EONIA
2019-04-10,-0.367,EONIA
2019-04-11,-0.367,EONIA
2019-04-12,-0.364,EONIA
2019-04-15,-0.366,EONIA
2019-04-16,-0.366,EONIA
2019-04-17,-0.369,EONIA
2019-04-18,-0.366,EONIA
2019-04-23,-0.367,EONIA
2019-04-24,-0.369,EONIA
2019-04-25,-0.366,EONIA
2019-04-26,-0.37,EONIA
2019-04-29,-0.369,EONIA
2019-04-30,-0.359,EONIA
2019-05-02,-0.362,EONIA
2019-05-03,-0.356,EONIA
2019-05-06,-0.361,EONIA
2019-05-07,-0.363,EONIA
2019-05-08,-0.366,EONIA
2019-05-09,-0.364,EONIA
2019-05-10,-0.365,EONIA
2019-05-13,-0.368,EONIA
2019-05-14,-0.366,EONIA
2019-05-15,-0.368,EONIA
2019-05-16,-0.371,EONIA
2019-05-17,-0.37,EONIA
2019-05-20,-0.37,EONIA
2019-05-21,-0.371,EONIA
2019-05-22,-0.37,EONIA
2019-05-23,-0.368,EONIA
2019-05-24,-0.366,EONIA
2019-05-27,-0.369,EONIA
2019-05-28,-0.37,EONIA
2019-05-29,-0.37,EONIA
2019-05-30,-0.372,EONIA
2019-05-31,-0.359,EONIA
2019-06-03,-0.365,EONIA
2019-06-04,-0.365,EONIA
2019-06-05,-0.366,EONIA
2019-06-06,-0.367,EONIA
2019-06-07,-0.252,EONIA
2019-06-10,-0.368,EONIA
2019-06-11,-0.37,EONIA
2019-06-12,-0.367,EONIA
2019-06-13,-0.361,EONIA
2019-06-14,-0.368,EONIA
2019-06-17,-0.369,EONIA
2019-06-18,-0.368,EONIA
2019-06-19,-0.379,EONIA
2019-06-20,-0.374,EONIA
2019-06-21,-0.368,EONIA
2019-06-24,-0.359,EONIA
2019-06-25,-0.37,EONIA
2019-06-26,-0.37,EONIA
2019-06-27,-0.365,EONIA
2019-06-28,-0.36,EONIA
2019-07-01,-0.366,EONIA
2019-07-02,-0.367,EONIA
2019-07-03,-0.368,EONIA
2019-07-04,-0.367,EONIA
2019-07-05,-0.367,EONIA
2019-07-08,-0.368,EONIA
2019-07-09,-0.368,EONIA
2019-07-10,-0.368,EONIA
2019-07-11,-0.366,EONIA
2019-07-12,-0.366,EONIA
2019-07-15,-0.368,EONIA
2019-07-16,-0.37,EONIA
2019-07-17,-0.37,EONIA
2019-07-18,-0.368,EONIA
2019-07-19,-0.369,EONIA
2019-07-22,-0.369,EONIA
2019-07-23,-0.369,EONIA
2019-07-24,-0.365,EONIA
2019-07-25,-0.361,EONIA
2019-07-26,-0.366,EONIA
2019-07-29,-0.368,EONIA
2019-07-30,-0.365,EONIA
2019-07-31,-0.358,EONIA
2019-08-01,-0.361,EONIA
2019-08-02,-0.357,EONIA
2019-08-05,-0.356,EONIA
2019-08-06,-0.36,EONIA
2019-08-07,-0.359,EONIA
2019-08-08,-0.352,EONIA
2019-08-09,-0.358,EONIA
2019-08-12,-0.36,EONIA
2019-08-13,-0.359,EONIA
2019-08-14,-0.361,EONIA
2019-08-15,-0.362,EONIA
2019-08-16,-0.364,EONIA
2019-08-19,-0.364,EONIA
2019-08-20,-0.363,EONIA
2019-08-21,-0.369,EONIA
2019-08-22,-0.361,EONIA
2019-08-23,-0.361,EONIA
2019-08-26,-0.362,EONIA
2019-08-27,-0.365,EONIA
2019-08-28,-0.369,EONIA
2019-08-29,-0.365,EONIA
2019-08-30,-0.359,EONIA
2019-09-02,-0.362,EONIA
2019-09-03,-0.363,EONIA
2019-09-04,-0.362,EONIA
2019-09-05,-0.36,EONIA
2019-09-06,-0.362,EONIA
2019-09-09,-0.363,EONIA
2019-09-10,-0.365,EONIA
2019-09-11,-0.366,EONIA
2019-09-12,-0.366,EONIA
2019-09-13,-0.369,EONIA
2019-09-16,-0.367,EONIA
2019-09-17,-0.367,EONIA
2019-09-18,-0.457,EONIA
2019-09-19,-0.456,EONIA
2019-09-20,-0.458,EONIA
2019-09-23,-0.456,EONIA
2019-09-24,-0.454,EONIA
2019-09-25,-0.455,EONIA
2019-09-26,-0.457,EONIA
2019-09-27,-0.452,EONIA
2019-09-30,-0.451,EONIA
2019-10-01,-0.464,EONIA
2019-10-02,-0.466,EONIA
2019-10-03,-0.47,EONIA
2019-10-04,-0.468,EONIA
2019-10-07,-0.469,EONIA
2019-10-08,-0.467,EONIA
2019-10-09,-0.467,EONIA
2019-10-10,-0.467,EONIA
2019-10-11,-0.465,EONIA
2019-10-14,-0.464,EONIA
2019-10-15,-0.466,EONIA
2019-10-16,-0.463,EONIA
2019-10-17,-0.463,EONIA
2019-10-18,-0.462,EONIA
2019-10-21,-0.464,EONIA
2019-10-22,-0.463,EONIA
2019-10-23,-0.462,EONIA
2019-10-24,-0.463,EONIA
2019-10-25,-0.463,EONIA
2019-10-28,-0.463,EONIA
2019-10-29,-0.46,EONIA
2019-10-30,-0.46,EONIA
2019-10-31,-0.458,EONIA
2019-11-01,-0.464,EONIA
2019-11-04,-0.451,EONIA
2019-11-05,-0.456,EONIA
2019-11-06,-0.454,EONIA
2019-11-07,-0.452,EONIA
2019-11-08,-0.455,EONIA
2019-11-11,-0.456,EONIA
2019-11-12,-0.452,EONIA
2019-11-13,-0.446,EONIA
2019-11-14,-0.451,EONIA
2019-11-15,-0.456,EONIA
2019-11-18,-0.456,EONIA
2019-11-19,-0.457,EONIA
2019-11-20,-0.426,EONIA
2019-11-21,-0.457,EONIA
2019-11-22,-0.451,EONIA
2019-11-25,-0.448,EONIA
2019-11-26,-0.448,EONIA
2019-11-27,-0.448,EONIA
2019-11-28,-0.446,EONIA
2019-11-29,-0.447,EONIA
2019-12-02,-0.456,EONIA
2019-12-03,-0.454,EONIA
2019-12-04,-0.455,EONIA
2019-12-05,-0.455,EONIA
2019-12-06,-0.456,EONIA
2019-12-09,-0.456,EONIA
2019-12-10,-0.459,EONIA
2019-12-11,-0.459,EONIA
2019-12-12,-0.459,EONIA
2019-12-13,-0.458,EONIA
2019-12-16,-0.458,EONIA
2019-12-17,-0.451,EONIA
2019-12-18,-0.455,EONIA
2019-12-19,-0.455,EONIA
2019-12-20,-0.455,EONIA
2019-12-23,-0.46,EONIA
2019-12-24,-0.464,EONIA
2019-12-27,-0.457,EONIA
2019-12-30,-0.456,EONIA
2019-12-31,-0.446,EONIA
2020-01-02,-0.454,EONIA
2020-01-03,-0.452,EONIA
2020-01-06,-0.454,EONIA
2020-01-07,-0.455,EONIA
2020-01-08,-0.451,EONIA
2020-01-09,-0.454,EONIA
2020-01-10,-0.453,EONIA
2020-01-13,-0.452,EONIA
2020-01-14,-0.453,EONIA
2020-01-15,-0.453,EONIA
2020-01-16,-0.451,EONIA
2020-01-17,-0.452,EONIA
2020-01-20,-0.453,EONIA
2020-01-21,-0.45,EONIA
2020-01-22,-0.451,EONIA
2020-01-23,-0.452,EONIA
2020-01-24,-0.452,EONIA
2020-01-27,-0.453,EONIA
2020-01-28,-0.451,EONIA
2020-01-29,-0.455,EONIA
2020-01-30,-0.454,EONIA
2020-01-31,-0.454,EONIA
2020-02-03,-0.452,EONIA
2020-02-04,-0.451,EONIA
2020-02-05,-0.451,EONIA
2020-02-06,-0.45,EONIA
2020-02-07,-0.452,EONIA
2020-02-10,-0.452,EONIA
2020-02-11,-0.456,EONIA
2020-02-12,-0.456,EONIA
2020-02-13,-0.455,EONIA
2020-02-14,-0.453,EONIA
2020-02-17,-0.456,EONIA
2020-02-18,-0.451,EONIA
2020-02-19,-0.453,EONIA
2020-02-20,-0.453,EONIA
2020-02-21,-0.454,EONIA
2020-02-24,-0.455,EONIA
2020-02-25,-0.454,EONIA
2020-02-26,-0.454,EONIA
2020-02-27,-0.453,EONIA
2020-02-28,-0.455,EONIA
2020-03-02,-0.457,EONIA
2020-03-03,-0.457,EONIA
2020-03-04,-0.456,EONIA
2020-03-05,-0.455,EONIA
2020-03-06,-0.456,EONIA
2020-03-09,-0.454,EONIA
2020-03-10,-0.456,EONIA
2020-03-11,-0.458,EONIA
2020-03-12,-0.455,EONIA
2020-03-13,-0.456,EONIA
2020-03-16,-0.451,EONIA
2020-03-17,-0.446,EONIA
2020-03-18,-0.444,EONIA
2020-03-19,-0.441,EONIA
2020-03-20,-0.439,EONIA
2020-03-23,-0.44,EONIA
2020-03-24,-0.442,EONIA
2020-03-25,-0.442,EONIA
2020-03-26,-0.444,EONIA
2020-03-27,-0.445,EONIA
2020-03-30,-0.443,EONIA
2020-03-31,-0.437,EONIA
2020-04-01,-0.442,EONIA
2020-04-02,-0.449,EONIA
2020-04-03,-0.454,EONIA
2020-04-06,-0.448,EONIA
2020-04-07,-0.448,EONIA
2020-04-08,-0.45,EONIA
2020-04-09,-0.451,EONIA
2020-04-14,-0.449,EONIA
2020-04-15,-0.45,EONIA
2020-04-16,-0.449,EONIA
2020-04-17,-0.453,EONIA
2020-04-20,-0.456,EONIA
2020-04-21,-0.456,EONIA
2020-04-22,-0.454,EONIA
2020-04-23,-0.454,EONIA
2020-04-24,-0.454,EONIA
2020-04-27,-0.454,EONIA
2020-04-28,-0.456,EONIA
2020-04-29,-0.458,EONIA
2020-04-30,-0.446,EONIA
2020-05-04,-0.458,EONIA
2020-05-05,-0.454,EONIA
2020-05-06,-0.457,EONIA
2020-05-07,-0.456,EONIA
2020-05-08,-0.456,EONIA
2020-05-11,-0.459,EONIA
2020-05-12,-0.458,EONIA
2020-05-13,-0.457,EONIA
2020-05-14,-0.456,EONIA
2020-05-15,-0.458,EONIA
2020-05-18,-0.457,EONIA
2020-05-19,-0.457,EONIA
2020-05-20,-0.46,EONIA
2020-05-21,-0.46,EONIA
2020-05-22,-0.454,EONIA
2020-05-25,-0.455,EONIA
2020-05-26,-0.456,EONIA
2020-05-27,-0.456,EONIA
2020-05-28,-0.456,EONIA
2020-05-29,-0.455,EONIA
2020-06-01,-0.461,EONIA
2020-06-02,-0.457,EONIA
2020-06-03,-0.458,EONIA
2020-06-04,-0.46,EONIA
2020-06-05,-0.459,EONIA
2020-06-08,-0.462,EONIA
2020-06-09,-0.457,EONIA
2020-06-10,-0.463,EONIA
2020-06-11,-0.462,EONIA
2020-06-12,-0.461,EONIA
2020-06-15,-0.462,EONIA
2020-06-16,-0.461,EONIA
2020-06-17,-0.459,EONIA
2020-06-18,-0.459,EONIA
2020-06-19,-0.461,EONIA
2020-06-22,-0.46,EONIA
2020-06-23,-0.459,EONIA
2020-06-24,-0.461,EONIA
2020-06-25,-0.462,EONIA
2020-06-26,-0.462,EONIA
2020-06-29,-0.46,EONIA
2020-06-30,-0.47,EONIA
2020-07-01,-0.463,EONIA
2020-07-02,-0.463,EONIA
2020-07-03,-0.464,EONIA
2020-07-06,-0.465,EONIA
2020-07-07,-0.465,EONIA
2020-07-08,-0.464,EONIA
2020-07-09,-0.464,EONIA
2020-07-10,-0.464,EONIA
2020-07-13,-0.467,EONIA
2020-07-14,-0.466,EONIA
2020-07-15,-0.466,EONIA
2020-07-16,-0.456,EONIA
2020-07-17,-0.466,EONIA
2020-07-20,-0.466,EONIA
2020-07-21,-0.464,EONIA
2020-07-22,-0.465,EONIA
2020-07-23,-0.465,EONIA
2020-07-24,-0.466,EONIA
2020-07-27,-0.467,EONIA
2020-07-28,-0.466,EONIA
2020-07-29,-0.468,EONIA
2020-07-30,-0.467,EONIA
2020-07-31,-0.465,EONIA
2020-08-03,-0.467,EONIA
2020-08-04,-0.466,EONIA
2020-08-05,-0.467,EONIA
2020-08-06,-0.468,EONIA
2020-08-07,-0.468,EONIA
2020-08-10,-0.469,EONIA
2020-08-11,-0.467,EONIA
2020-08-12,-0.467,EONIA
2020-08-13,-0.467,EONIA
2020-08-14,-0.464,EONIA
2020-08-17,-0.468,EONIA
2020-08-18,-0.469,EONIA
2020-08-19,-0.468,EONIA
2020-08-20,-0.468,EONIA
2020-08-21,-0.469,EONIA
2020-08-24,-0.467,EONIA
2020-08-25,-0.468,EONIA
2020-08-26,-0.469,EONIA
2020-08-27,-0.467,EONIA
2020-08-28,-0.467,EONIA
2020-08-31,-0.472,EONIA
2020-09-01,-0.469,EONIA
2020-09-02,-0.47,EONIA
2020-09-03,-0.466,EONIA
2020-09-04,-0.467,EONIA
2020-09-07,-0.466,EONIA
2020-09-08,-0.468,EONIA
2020-09-09,-0.469,EONIA
2020-09-10,-0.469,EONIA
2020-09-11,-0.468,EONIA
2020-09-14,-0.47,EONIA
2020-09-15,-0.466,EONIA
2020-09-16,-0.471,EONIA
2020-09-17,-0.468,EONIA
2020-09-18,-0.467,EONIA
2020-09-21,-0.467,EONIA
2020-09-22,-0.467,EONIA
2020-09-23,-0.466,EONIA
2020-09-24,-0.468,EONIA
2020-09-25,-0.469,EONIA
2020-09-28,-0.47,EONIA
2020-09-29,-0.471,EONIA
2020-09-30,-0.485,EONIA
2020-10-01,-0.473,EONIA
2020-10-02,-0.47,EONIA
2020-10-05,-0.47,EONIA
2020-10-06,-0.471,EONIA
2020-10-07,-0.47,EONIA
2020-10-08,-0.468,EONIA
2020-10-09,-0.468,EONIA
2020-10-12,-0.471,EONIA
2020-10-13,-0.47,EONIA
2020-10-14,-0.471,EONIA
2020-10-15,-0.471,EONIA
2020-10-16,-0.468,EONIA
2020-10-19,-0.468,EONIA
2020-10-20,-0.468,EONIA
2020-10-21,-0.467,EONIA
2020-10-22,-0.469,EONIA
2020-10-23,-0.468,EONIA
2020-10-26,-0.467,EONIA
2020-10-27,-0.469,EONIA
2020-10-28,-0.47,EONIA
2020-10-29,-0.467,EONIA
2020-10-30,-0.472,EONIA
2020-11-02,-0.47,EONIA
2020-11-03,-0.468,EONIA
2020-11-04,-0.473,EONIA
2020-11-05,-0.471,EONIA
2020-11-06,-0.473,EONIA
2020-11-09,-0.473,EONIA
2020-11-10,-0.472,EONIA
2020-11-11,-0.473,EONIA
2020-11-12,-0.463,EONIA
2020-11-13,-0.471,EONIA
2020-11-16,-0.473,EONIA
2020-11-17,-0.472,EONIA
2020-11-18,-0.472,EONIA
2020-11-19,-0.472,EONIA
2020-11-20,-0.472,EONIA
2020-11-23,-0.472,EONIA
2020-11-24,-0.471,EONIA
2020-11-25,-0.469,EONIA
2020-11-26,-0.471,EONIA
2020-11-27,-0.472,EONIA
2020-11-30,-0.475,EONIA
2020-12-01,-0.472,EONIA
2020-12-02,-0.471,EONIA
2020-12-03,-0.471,EONIA
2020-12-04,-0.47,EONIA
2020-12-07,-0.47,EONIA
2020-12-08,-0.474,EONIA
2020-12-09,-0.471,EONIA
2020-12-10,-0.471,EONIA
2020-12-11,-0.472,EONIA
2020-12-14,-0.473,EONIA
2020-12-15,-0.466,EONIA
2020-12-16,-0.472,EONIA
2020-12-17,-0.471,EONIA
2020-12-18,-0.473,EONIA
2020-12-21,-0.472,EONIA
2020-12-22,-0.473,EONIA
2020-12-23,-0.474,EONIA
2020-12-24,-0.47,EONIA
2020-12-28,-0.468,EONIA
2020-12-29,-0.472,EONIA
2020-12-30,-0.47,EONIA
2020-12-31,-0.498,EONIA
2021-01-04,-0.481,EONIA
2021-01-05,-0.478,EONIA
2021-01-06,-0.481,EONIA
2021-01-07,-0.48,EONIA
2021-01-08,-0.477,EONIA
2021-01-11,-0.479,EONIA
2021-01-12,-0.478,EONIA
2021-01-13,-0.477,EONIA
2021-01-14,-0.479,EONIA
2021-01-15,-0.481,EONIA
2021-01-18,-0.48,EONIA
2021-01-19,-0.479,EONIA
2021-01-20,-0.479,EONIA
2021-01-21,-0.477,EONIA
2021-01-22,-0.476,EONIA
2021-01-25,-0.479,EONIA
2021-01-26,-0.473,EONIA
2021-01-27,-0.478,EONIA
2021-01-28,-0.476,EONIA
2021-01-29,-0.479,EONIA
2021-02-01,-0.481,EONIA
2021-02-02,-0.479,EONIA
2021-02-03,-0.473,EONIA
2021-02-04,-0.479,EONIA
2021-02-05,-0.48,EONIA
2021-02-08,-0.478,EONIA
2021-02-09,-0.479,EONIA
2021-02-10,-0.479,EONIA
2021-02-11,-0.48,EONIA
2021-02-12,-0.479,EONIA
2021-02-15,-0.478,EONIA
2021-02-16,-0.479,EONIA
2021-02-17,-0.478,EONIA
2021-02-18,-0.477,EONIA
2021-02-19,-0.478,EONIA
2021-02-22,-0.479,EONIA
2021-02-23,-0.48,EONIA
2021-02-24,-0.479,EONIA
2021-02-25,-0.479,EONIA
2021-02-26,-0.481,EONIA
2021-03-01,-0.478,EONIA
2021-03-02,-0.48,EONIA
2021-03-03,-0.48,EONIA
2021-03-04,-0.48,EONIA
2021-03-05,-0.477,EONIA
2021-03-08,-0.473,EONIA
2021-03-09,-0.475,EONIA
2021-03-10,-0.477,EONIA
2021-03-11,-0.476,EONIA
2021-03-12,-0.477,EONIA
2021-03-15,-0.479,EONIA
2021-03-16,-0.477,EONIA
2021-03-17,-0.476,EONIA
2021-03-18,-0.481,EONIA
2021-03-19,-0.48,EONIA
2021-03-22,-0.481,EONIA
2021-03-23,-0.478,EONIA
2021-03-24,-0.479,EONIA
2021-03-25,-0.479,EONIA
2021-03-26,-0.483,EONIA
2021-03-29,-0.485,EONIA
2021-03-30,-0.485,EONIA
2021-03-31,-0.489,EONIA
2021-04-01,-0.481,EONIA
2021-04-06,-0.482,EONIA
2021-04-07,-0.482,EONIA
2021-04-08,-0.485,EONIA
2021-04-09,-0.483,EONIA
2021-04-12,-0.482,EONIA
2021-04-13,-0.478,EONIA
2021-04-14,-0.475,EONIA
2021-04-15,-0.481,EONIA
2021-04-16,-0.48,EONIA
2021-04-19,-0.482,EONIA
2021-04-20,-0.482,EONIA
2021-04-21,-0.48,EONIA
2021-04-22,-0.48,EONIA
2021-04-23,-0.48,EONIA
2021-04-26,-0.482,EONIA
2021-04-27,-0.475,EONIA
2021-04-28,-0.481,EONIA
2021-04-29,-0.481,EONIA
2021-04-30,-0.484,EONIA
2021-05-03,-0.482,EONIA
2021-05-04,-0.479,EONIA
2021-05-05,-0.481,EONIA
2021-05-06,-0.48,EONIA
2021-05-07,-0.478,EONIA
2021-05-10,-0.482,EONIA
2021-05-11,-0.479,EONIA
2021-05-12,-0.479,EONIA
2021-05-13,-0.479,EONIA
2021-05-14,-0.479,EONIA
2021-05-17,-0.48,EONIA
2021-05-18,-0.473,EONIA
2021-05-19,-0.479,EONIA
2021-05-20,-0.478,EONIA
2021-05-21,-0.479,EONIA
2021-05-24,-0.481,EONIA
2021-05-25,-0.48,EONIA
2021-05-26,-0.48,EONIA
2021-05-27,-0.479,EONIA
2021-05-28,-0.481,EONIA
2021-05-31,-0.486,EONIA
2021-06-01,-0.479,EONIA
2021-06-02,-0.478,EONIA
2021-06-03,-0.478,EONIA
2021-06-04,-0.478,EONIA
2021-06-07,-0.479,EONIA
2021-06-08,-0.478,EONIA
2021-06-09,-0.479,EONIA
2021-06-10,-0.476,EONIA
2021-06-11,-0.481,EONIA
2021-06-14,-0.48,EONIA
2021-06-15,-0.476,EONIA
2021-06-16,-0.477,EONIA
2021-06-17,-0.478,EONIA
2021-06-18,-0.478,EONIA
2021-06-21,-0.479,EONIA
2021-06-22,-0.479,EONIA
2021-06-23,-0.478,EONIA
2021-06-24,-0.48,EONIA
2021-06-25,-0.48,EONIA
2021-06-28,-0.481,EONIA
2021-06-29,-0.483,EONIA
2021-06-30,-0.496,EONIA
2021-07-01,-0.48,EONIA
2021-07-02,-0.48,EONIA
2021-07-05,-0.481,EONIA
2021-07-06,-0.48,EONIA
2021-07-07,-0.48,EONIA
2021-07-08,-0.481,EONIA
2021-07-09,-0.481,EONIA
2021-07-12,-0.483,EONIA
2021-07-13,-0.481,EONIA
2021-07-14,-0.481,EONIA
2021-07-15,-0.481,EONIA
2021-07-16,-0.482,EONIA
2021-07-19,-0.481,EONIA
2021-07-20,-0.482,EONIA
2021-07-21,-0.483,EONIA
2021-07-22,-0.478,EONIA
2021-07-23,-0.482,EONIA
2021-07-26,-0.482,EONIA
2021-07-27,-0.478,EONIA
2021-07-28,-0.482,EONIA
2021-07-29,-0.482,EONIA
2021-07-30,-0.486,EONIA
2021-08-02,-0.48,EONIA
2021-08-03,-0.485,EONIA
2021-08-04,-0.485,EONIA
2021-08-05,-0.481,EONIA
2021-08-06,-0.484,EONIA
2021-08-09,-0.483,EONIA
2021-08-10,-0.482,EONIA
2021-08-11,-0.482,EONIA
2021-08-12,-0.483,EONIA
2021-08-13,-0.484,EONIA
2021-08-16,-0.484,EONIA
2021-08-17,-0.483,EONIA
2021-08-18,-0.482,EONIA
2021-08-19,-0.482,EONIA
2021-08-20,-0.482,EONIA
2021-08-23,-0.483,EONIA
2021-08-24,-0.482,EONIA
2021-08-25,-0.479,EONIA
2021-08-26,-0.485,EONIA
2021-08-27,-0.485,EONIA
2021-08-30,-0.483,EONIA
2021-08-31,-0.485,EONIA
2021-09-01,-0.484,EONIA
2021-09-02,-0.484,EONIA
2021-09-03,-0.483,EONIA
2021-09-06,-0.484,EONIA
2021-09-07,-0.484,EONIA
2021-09-08,-0.484,EONIA
2021-09-09,-0.485,EONIA
2021-09-10,-0.485,EONIA
2021-09-13,-0.486,EONIA
2021-09-14,-0.483,EONIA
2021-09-15,-0.488,EONIA
2021-09-16,-0.482,EONIA
2021-09-17,-0.486,EONIA
2021-09-20,-0.481,EONIA
2021-09-21,-0.486,EONIA
2021-09-22,-0.481,EONIA
2021-09-23,-0.485,EONIA
2021-09-24,-0.484,EONIA
2021-09-27,-0.486,EONIA
2021-09-28,-0.488,EONIA
2021-09-29,-0.487,EONIA
2021-09-30,-0.495,EONIA
2021-10-01,-0.486,EONIA
2021-10-04,-0.484,EONIA
2021-10-05,-0.484,EONIA
2021-10-06,-0.484,EONIA
2021-10-07,-0.483,EONIA
2021-10-08,-0.483,EONIA
2021-10-11,-0.485,EONIA
2021-10-12,-0.477,EONIA
2021-10-13,-0.484,EONIA
2021-10-14,-0.485,EONIA
2021-10-15,-0.487,EONIA
2021-10-18,-0.489,EONIA
2021-10-19,-0.488,EONIA
2021-10-20,-0.486,EONIA
2021-10-21,-0.488,EONIA
2021-10-22,-0.484,EONIA
2021-10-25,-0.486,EONIA
2021-10-26,-0.485,EONIA
2021-10-27,-0.488,EONIA
2021-10-28,-0.488,EONIA
2021-10-29,-0.493,EONIA
2021-11-01,-0.494,EONIA
2021-11-02,-0.484,EONIA
2021-11-03,-0.489,EONIA
2021-11-04,-0.488,EONIA
2021-11-05,-0.487,EONIA
2021-11-08,-0.49,EONIA
2021-11-09,-0.49,EONIA
2021-11-10,-0.491,EONIA
2021-11-11,-0.49,EONIA
2021-11-12,-0.487,EONIA
2021-11-15,-0.484,EONIA
2021-11-16,-0.486,EONIA
2021-11-17,-0.486,EONIA
2021-11-18,-0.486,EONIA
2021-11-19,-0.488,EONIA
2021-11-22,-0.488,EONIA
2021-11-23,-0.489,EONIA
2021-11-24,-0.485,EONIA
2021-11-25,-0.488,EONIA
2021-11-26,-0.488,EONIA
2021-11-29,-0.488,EONIA
2021-11-30,-0.49,EONIA
2021-12-01,-0.489,EONIA
2021-12-02,-0.49,EONIA
2021-12-03,-0.493,EONIA
2021-12-06,-0.493,EONIA
2021-12-07,-0.492,EONIA
2021-12-08,-0.492,EONIA
2021-12-09,-0.493,EONIA
2021-12-10,-0.492,EONIA
2021-12-13,-0.494,EONIA
2021-12-14,-0.492,EONIA
2021-12-15,-0.492,EONIA
2021-12-16,-0.492,EONIA
2021-12-17,-0.491,EONIA
2021-12-20,-0.491,EONIA
2021-12-21,-0.486,EONIA
2021-12-22,-0.489,EONIA
2021-12-23,-0.491,EONIA
2021-12-24,-0.495,EONIA
2021-12-27,-0.491,EONIA
2021-12-28,-0.49,EONIA
2021-12-29,-0.493,EONIA
2021-12-30,-0.495,EONIA
2021-12-31,-0.505,EONIA
2022-01-03,-0.578,ESTR
2022-01-04,-0.578,ESTR
2022-01-05,-0.578,ESTR
2022-01-06,-0.578,ESTR
2022-01-07,-0.58,ESTR
2022-01-10,-0.579,ESTR
2022-01-11,-0.579,ESTR
2022-01-12,-0.578,ESTR
2022-01-13,-0.578,ESTR
2022-01-14,-0.578,ESTR
2022-01-17,-0.578,ESTR
2022-01-18,-0.579,ESTR
2022-01-19,-0.578,ESTR
2022-01-20,-0.579,ESTR
2022-01-21,-0.579,ESTR
2022-01-24,-0.579,ESTR
2022-01-25,-0.578,ESTR
2022-01-26,-0.576,ESTR
2022-01-27,-0.573,ESTR
2022-01-28,-0.573,ESTR
2022-01-31,-0.579,ESTR
2022-02-01,-0.578,ESTR
2022-02-02,-0.578,ESTR
2022-02-03,-0.577,ESTR
2022-02-04,-0.578,ESTR
2022-02-07,-0.578,ESTR
2022-02-08,-0.574,ESTR
2022-02-09,-0.578,ESTR
2022-02-10,-0.572,ESTR
2022-02-11,-0.578,ESTR
2022-02-14,-0.578,ESTR
2022-02-15,-0.576,ESTR
2022-02-16,-0.576,ESTR
2022-02-17,-0.576,ESTR
2022-02-18,-0.576,ESTR
2022-02-21,-0.576,ESTR
2022-02-22,-0.575,ESTR
2022-02-23,-0.576,ESTR
2022-02-24,-0.576,ESTR
2022-02-25,-0.575,ESTR
2022-02-28,-0.58,ESTR
2022-03-01,-0.577,ESTR
2022-03-02,-0.578,ESTR
2022-03-03,-0.579,ESTR
2022-03-04,-0.577,ESTR
2022-03-07,-0.579,ESTR
2022-03-08,-0.579,ESTR
2022-03-09,-0.58,ESTR
2022-03-10,-0.576,ESTR
2022-03-11,-0.577,ESTR
2022-03-14,-0.577,ESTR
2022-03-15,-0.573,ESTR
2022-03-16,-0.577,ESTR
2022-03-17,-0.578,ESTR
2022-03-18,-0.578,ESTR
2022-03-21,-0.578,ESTR
2022-03-22,-0.578,ESTR
2022-03-23,-0.578,ESTR
2022-03-24,-0.579,ESTR
2022-03-25,-0.581,ESTR
2022-03-28,-0.58,ESTR
2022-03-29,-0.579,ESTR
2022-03-30,-0.579,ESTR
2022-03-31,-0.593,ESTR
2022-04-01,-0.582,ESTR
2022-04-04,-0.585,ESTR
2022-04-05,-0.586,ESTR
2022-04-06,-0.584,ESTR
2022-04-07,-0.582,ESTR
2022-04-08,-0.583,ESTR
2022-04-11,-0.584,ESTR
2022-04-12,-0.583,ESTR
2022-04-13,-0.585,ESTR
2022-04-14,-0.586,ESTR
2022-04-19,-0.58,ESTR
2022-04-20,-0.583,ESTR
2022-04-21,-0.585,ESTR
2022-04-22,-0.583,ESTR
2022-04-25,-0.585,ESTR
2022-04-26,-0.582,ESTR
2022-04-27,-0.583,ESTR
2022-04-28,-0.583,ESTR
2022-04-29,-0.586,ESTR
2022-05-02,-0.583,ESTR
2022-05-03,-0.579,ESTR
2022-05-04,-0.585,ESTR
2022-05-05,-0.585,ESTR
2022-05-06,-0.585,ESTR
2022-05-09,-0.586,ESTR
2022-05-10,-0.584,ESTR
2022-05-11,-0.584,ESTR
2022-05-12,-0.577,ESTR
2022-05-13,-0.586,ESTR
2022-05-16,-0.585,ESTR
2022-05-17,-0.585,ESTR
2022-05-18,-0.585,ESTR
2022-05-19,-0.585,ESTR
2022-05-20,-0.585,ESTR
2022-05-23,-0.586,ESTR
2022-05-24,-0.587,ESTR
2022-05-25,-0.587,ESTR
2022-05-26,-0.59,ESTR
2022-05-27,-0.585,ESTR
2022-05-30,-0.586,ESTR
2022-05-31,-0.589,ESTR
2022-06-01,-0.582,ESTR
2022-06-02,-0.585,ESTR
2022-06-03,-0.587,ESTR
2022-06-06,-0.59,ESTR
2022-06-07,-0.583,ESTR
2022-06-08,-0.582,ESTR
2022-06-09,-0.582,ESTR
2022-06-10,-0.581,ESTR
2022-06-13,-0.58,ESTR
2022-06-14,-0.578,ESTR
2022-06-15,-0.58,ESTR
2022-06-16,-0.582,ESTR
2022-06-17,-0.582,ESTR
2022-06-20,-0.581,ESTR
2022-06-21,-0.582,ESTR
2022-06-22,-0.579,ESTR
2022-06-23,-0.578,ESTR
2022-06-24,-0.58,ESTR
2022-06-27,-0.579,ESTR
2022-06-28,-0.581,ESTR
2022-06-29,-0.578,ESTR
2022-06-30,-0.591,ESTR
2022-07-01,-0.58,ESTR
2022-07-04,-0.58,ESTR
2022-07-05,-0.58,ESTR
2022-07-06,-0.58,ESTR
2022-07-07,-0.579,ESTR
2022-07-08,-0.579,ESTR
2022-07-11,-0.58,ESTR
2022-07-12,-0.58,ESTR
2022-07-13,-0.581,ESTR
2022-07-14,-0.582,ESTR
2022-07-15,-0.582,ESTR
2022-07-18,-0.582,ESTR
2022-07-19,-0.583,ESTR
2022-07-20,-0.582,ESTR
2022-07-21,-0.584,ESTR
2022-07-22,-0.582,ESTR
2022-07-25,-0.583,ESTR
2022-07-26,-0.581,ESTR
2022-07-27,-0.085,ESTR
2022-07-28,-0.087,ESTR
2022-07-29,-0.091,ESTR
2022-08-01,-0.088,ESTR
2022-08-02,-0.087,ESTR
2022-08-03,-0.087,ESTR
2022-08-04,-0.084,ESTR
2022-08-05,-0.085,ESTR
2022-08-08,-0.085,ESTR
2022-08-09,-0.085,ESTR
2022-08-10,-0.086,ESTR
2022-08-11,-0.085,ESTR
2022-08-12,-0.088,ESTR
2022-08-15,-0.088,ESTR
2022-08-16,-0.087,ESTR
2022-08-17,-0.087,ESTR
2022-08-18,-0.084,ESTR
2022-08-19,-0.084,ESTR
2022-08-22,-0.082,ESTR
2022-08-23,-0.08,ESTR
2022-08-24,-0.082,ESTR
2022-08-25,-0.08,ESTR
2022-08-26,-0.08,ESTR
2022-08-29,-0.081,ESTR
2022-08-30,-0.084,ESTR
2022-08-31,-0.091,ESTR
2022-09-01,-0.084,ESTR
2022-09-02,-0.083,ESTR
2022-09-05,-0.087,ESTR
2022-09-06,-0.085,ESTR
2022-09-07,-0.076,ESTR
2022-09-08,-0.086,ESTR
2022-09-09,-0.085,ESTR
2022-09-12,-0.086,ESTR
2022-09-13,-0.083,ESTR
2022-09-14,0.662,ESTR
2022-09-15,0.66,ESTR
2022-09-16,0.66,ESTR
2022-09-19,0.657,ESTR
2022-09-20,0.659,ESTR
2022-09-21,0.661,ESTR
2022-09-22,0.661,ESTR
2022-09-23,0.662,ESTR
2022-09-26,0.663,ESTR
2022-09-27,0.662,ESTR
2022-09-28,0.662,ESTR
2022-09-29,0.661,ESTR
2022-09-30,0.642,ESTR
2022-10-03,0.656,ESTR
2022-10-04,0.657,ESTR
2022-10-05,0.652,ESTR
2022-10-06,0.655,ESTR
2022-10-07,0.656,ESTR
2022-10-10,0.655,ESTR
2022-10-11,0.657,ESTR
2022-10-12,0.658,ESTR
2022-10-13,0.658,ESTR
2022-10-14,0.657,ESTR
2022-10-17,0.658,ESTR
2022-10-18,0.657,ESTR
2022-10-19,0.656,ESTR
2022-10-20,0.656,ESTR
2022-10-21,0.657,ESTR
2022-10-24,0.658,ESTR
2022-10-25,0.656,ESTR
2022-10-26,0.656,ESTR
2022-10-27,0.657,ESTR
2022-10-28,0.656,ESTR
2022-10-31,0.648,ESTR
2022-11-01,0.659,ESTR
2022-11-02,1.403,ESTR
2022-11-03,1.403,ESTR
2022-11-04,1.401,ESTR
2022-11-07,1.4,ESTR
2022-11-08,1.4,ESTR
2022-11-09,1.4,ESTR
2022-11-10,1.402,ESTR
2022-11-11,1.404,ESTR
2022-11-14,1.401,ESTR
2022-11-15,1.4,ESTR
2022-11-16,1.401,ESTR
2022-11-17,1.402,ESTR
2022-11-18,1.403,ESTR
2022-11-21,1.403,ESTR
2022-11-22,1.404,ESTR
2022-11-23,1.405,ESTR
2022-11-24,1.405,ESTR
2022-11-25,1.403,ESTR
2022-11-28,1.403,ESTR
2022-11-29,1.402,ESTR
2022-11-30,1.391,ESTR
2022-12-01,1.4,ESTR
2022-12-02,1.4,ESTR
2022-12-05,1.398,ESTR
2022-12-06,1.406,ESTR
2022-12-07,1.399,ESTR
2022-12-08,1.4,ESTR
2022-12-09,1.4,ESTR
2022-12-12,1.4,ESTR
2022-12-13,1.4,ESTR
2022-12-14,1.402,ESTR
2022-12-15,1.403,ESTR
2022-12-16,1.402,ESTR
2022-12-19,1.403,ESTR
2022-12-20,1.403,ESTR
2022-12-21,1.902,ESTR
2022-12-22,1.904,ESTR
2022-12-23,1.907,ESTR
2022-12-27,1.906,ESTR
2022-12-28,1.906,ESTR
2022-12-29,1.905,ESTR
2022-12-30,1.89,ESTR
2023-01-02,1.906,ESTR
2023-01-03,1.904,ESTR
2023-01-04,1.904,ESTR
2023-01-05,1.9,ESTR
2023-01-06,1.898,ESTR
2023-01-09,1.9,ESTR
2023-01-10,1.9,ESTR
2023-01-11,1.9,ESTR
2023-01-12,1.9,ESTR
2023-01-13,1.901,ESTR
2023-01-16,1.902,ESTR
2023-01-17,1.901,ESTR
2023-01-18,1.902,ESTR
2023-01-19,1.903,ESTR
2023-01-20,1.903,ESTR
2023-01-23,1.902,ESTR
2023-01-24,1.904,ESTR
2023-01-25,1.904,ESTR
2023-01-26,1.904,ESTR
2023-01-27,1.906,ESTR
2023-01-30,1.904,ESTR
2023-01-31,1.894,ESTR
2023-02-01,1.901,ESTR
2023-02-02,1.902,ESTR
2023-02-03,1.898,ESTR
2023-02-06,1.901,ESTR
2023-02-07,1.902,ESTR
2023-02-08,2.401,ESTR
2023-02-09,2.401,ESTR
2023-02-10,2.401,ESTR
2023-02-13,2.4,ESTR
2023-02-14,2.4,ESTR
2023-02-15,2.405,ESTR
2023-02-16,2.4,ESTR
2023-02-17,2.398,ESTR
2023-02-20,2.4,ESTR
2023-02-21,2.398,ESTR
2023-02-22,2.399,ESTR
2023-02-23,2.399,ESTR
2023-02-24,2.398,ESTR
2023-02-27,2.398,ESTR
2023-02-28,2.388,ESTR
2023-03-01,2.398,ESTR
2023-03-02,2.399,ESTR
2023-03-03,2.4,ESTR
2023-03-06,2.399,ESTR
2023-03-07,2.398,ESTR
2023-03-08,2.399,ESTR
2023-03-09,2.401,ESTR
2023-03-10,2.403,ESTR
2023-03-13,2.401,ESTR
2023-03-14,2.401,ESTR
2023-03-15,2.4,ESTR
2023-03-16,2.399,ESTR
2023-03-17,2.402,ESTR
2023-03-20,2.398,ESTR
2023-03-21,2.399,ESTR
2023-03-22,2.898,ESTR
2023-03-23,2.899,ESTR
2023-03-24,2.899,ESTR
2023-03-27,2.898,ESTR
2023-03-28,2.894,ESTR
2023-03-29,2.894,ESTR
2023-03-30,2.896,ESTR
2023-03-31,2.884,ESTR
2023-04-03,2.898,ESTR
2023-04-04,2.898,ESTR
2023-04-05,2.902,ESTR
2023-04-06,2.903,ESTR
2023-04-11,2.897,ESTR
2023-04-12,2.898,ESTR
2023-04-13,2.899,ESTR
2023-04-14,2.896,ESTR
2023-04-17,2.897,ESTR
2023-04-18,2.901,ESTR
2023-04-19,2.902,ESTR
2023-04-20,2.904,ESTR
2023-04-21,2.902,ESTR
2023-04-24,2.905,ESTR
2023-04-25,2.901,ESTR
2023-04-26,2.9,ESTR
2023-04-27,2.9,ESTR
2023-04-28,2.894,ESTR
2023-05-02,2.896,ESTR
2023-05-03,2.896,ESTR
2023-05-04,2.897,ESTR
2023-05-05,2.898,ESTR
2023-05-08,2.892,ESTR
2023-05-09,2.894,ESTR
2023-05-10,3.145,ESTR
2023-05-11,3.145,ESTR
2023-05-12,3.148,ESTR
2023-05-15,3.145,ESTR
2023-05-16,3.147,ESTR
2023-05-17,3.151,ESTR
2023-05-18,3.153,ESTR
2023-05-19,3.151,ESTR
2023-05-22,3.15,ESTR
2023-05-23,3.157,ESTR
2023-05-24,3.148,ESTR
2023-05-25,3.148,ESTR
2023-05-26,3.152,ESTR
2023-05-29,3.147,ESTR
2023-05-30,3.148,ESTR
2023-05-31,3.144,ESTR
2023-06-01,3.147,ESTR
2023-06-02,3.148,ESTR
2023-06-05,3.148,ESTR
2023-06-06,3.145,ESTR
2023-06-07,3.144,ESTR
2023-06-08,3.146,ESTR
2023-06-09,3.147,ESTR
2023-06-12,3.147,ESTR
2023-06-13,3.147,ESTR
2023-06-14,3.15,ESTR
2023-06-15,3.147,ESTR
2023-06-16,3.144,ESTR
2023-06-19,3.144,ESTR
2023-06-20,3.144,ESTR
2023-06-21,3.395,ESTR
2023-06-22,3.397,ESTR
2023-06-23,3.4,ESTR
2023-06-26,3.4,ESTR
2023-06-27,3.397,ESTR
2023-06-28,3.4,ESTR
2023-06-29,3.4,ESTR
2023-06-30,3.4,ESTR
2023-07-03,3.399,ESTR
2023-07-04,3.401,ESTR
2023-07-05,3.404,ESTR
2023-07-06,3.406,ESTR
2023-07-07,3.406,ESTR
2023-07-10,3.402,ESTR
2023-07-11,3.404,ESTR
2023-07-12,3.404,ESTR
2023-07-13,3.401,ESTR
2023-07-14,3.402,ESTR
2023-07-17,3.4,ESTR
2023-07-18,3.399,ESTR
2023-07-19,3.4,ESTR
2023-07-20,3.403,ESTR
2023-07-21,3.404,ESTR
2023-07-24,3.405,ESTR
2023-07-25,3.405,ESTR
2023-07-26,3.402,ESTR
2023-07-27,3.403,ESTR
2023-07-28,3.404,ESTR
2023-07-31,3.392,ESTR
2023-08-01,3.404,ESTR
2023-08-02,3.655,ESTR
2023-08-03,3.653,ESTR
2023-08-04,3.653,ESTR
2023-08-07,3.653,ESTR
2023-08-08,3.652,ESTR
2023-08-09,3.649,ESTR
2023-08-10,3.652,ESTR
2023-08-11,3.653,ESTR
2023-08-14,3.656,ESTR
2023-08-15,3.657,ESTR
2023-08-16,3.654,ESTR
2023-08-17,3.654,ESTR
2023-08-18,3.655,ESTR
2023-08-21,3.654,ESTR
2023-08-22,3.655,ESTR
2023-08-23,3.652,ESTR
2023-08-24,3.649,ESTR
2023-08-25,3.652,ESTR
2023-08-28,3.651,ESTR
2023-08-29,3.652,ESTR
2023-08-30,3.652,ESTR
2023-08-31,3.646,ESTR
2023-09-01,3.652,ESTR
2023-09-04,3.652,ESTR
2023-09-05,3.651,ESTR
2023-09-06,3.652,ESTR
2023-09-07,3.652,ESTR
2023-09-08,3.653,ESTR
2023-09-11,3.652,ESTR
2023-09-12,3.654,ESTR
2023-09-13,3.652,ESTR
2023-09-14,3.653,ESTR
2023-09-15,3.65,ESTR
2023-09-18,3.648,ESTR
2023-09-19,3.651,ESTR
2023-09-20,3.901,ESTR
2023-09-21,3.902,ESTR
2023-09-22,3.905,ESTR
2023-09-25,3.904,ESTR
2023-09-26,3.904,ESTR
2023-09-27,3.905,ESTR
2023-09-28,3.906,ESTR
2023-09-29,3.88,ESTR
2023-10-02,3.899,ESTR
2023-10-03,3.9,ESTR
2023-10-04,3.901,ESTR
2023-10-05,3.9,ESTR
2023-10-06,3.899,ESTR
2023-10-09,3.9,ESTR
2023-10-10,3.899,ESTR
2023-10-11,3.901,ESTR
2023-10-12,3.901,ESTR
2023-10-13,3.903,ESTR
2023-10-16,3.902,ESTR
2023-10-17,3.904,ESTR
2023-10-18,3.903,ESTR
2023-10-19,3.905,ESTR
2023-10-20,3.905,ESTR
2023-10-23,3.905,ESTR
2023-10-24,3.904,ESTR
2023-10-25,3.9,ESTR
2023-10-26,3.901,ESTR
2023-10-27,3.903,ESTR
2023-10-30,3.899,ESTR
2023-10-31,3.882,ESTR
2023-11-01,3.9,ESTR
2023-11-02,3.903,ESTR
2023-11-03,3.902,ESTR
2023-11-06,3.9,ESTR
2023-11-07,3.902,ESTR
2023-11-08,3.902,ESTR
2023-11-09,3.902,ESTR
2023-11-10,3.904,ESTR
2023-11-13,3.903,ESTR
2023-11-14,3.902,ESTR
2023-11-15,3.899,ESTR
2023-11-16,3.906,ESTR
2023-11-17,3.902,ESTR
2023-11-20,3.903,ESTR
2023-11-21,3.901,ESTR
2023-11-22,3.902,ESTR
2023-11-23,3.902,ESTR
2023-11-24,3.904,ESTR
2023-11-27,3.903,ESTR
2023-11-28,3.903,ESTR
2023-11-29,3.902,ESTR
2023-11-30,3.891,ESTR
2023-12-01,3.904,ESTR
2023-12-04,3.904,ESTR
2023-12-05,3.905,ESTR
2023-12-06,3.904,ESTR
2023-12-07,3.903,ESTR
2023-12-08,3.903,ESTR
2023-12-11,3.902,ESTR
2023-12-12,3.905,ESTR
2023-12-13,3.905,ESTR
2023-12-14,3.907,ESTR
2023-12-15,3.904,ESTR
2023-12-18,3.901,ESTR
2023-12-19,3.901,ESTR
2023-12-20,3.901,ESTR
2023-12-21,3.899,ESTR
2023-12-22,3.899,ESTR
2023-12-27,3.9,ESTR
2023-12-28,3.9,ESTR
2023-12-29,3.882,ESTR
2024-01-02,3.906,ESTR
2024-01-03,3.904,ESTR
2024-01-04,3.902,ESTR
2024-01-05,3.905,ESTR
2024-01-08,3.904,ESTR
2024-01-09,3.904,ESTR
2024-01-10,3.906,ESTR
2024-01-11,3.905,ESTR
2024-01-12,3.904,ESTR
2024-01-15,3.902,ESTR
2024-01-16,3.905,ESTR
2024-01-17,3.904,ESTR
2024-01-18,3.907,ESTR
2024-01-19,3.904,ESTR
2024-01-22,3.902,ESTR
2024-01-23,3.902,ESTR
2024-01-24,3.905,ESTR
2024-01-25,3.905,ESTR
2024-01-26,3.904,ESTR
2024-01-29,3.907,ESTR
2024-01-30,3.907,ESTR
2024-01-31,3.894,ESTR
2024-02-01,3.905,ESTR
2024-02-02,3.906,ESTR
2024-02-05,3.907,ESTR
2024-02-06,3.908,ESTR
2024-02-07,3.908,ESTR
2024-02-08,3.908,ESTR
2024-02-09,3.91,ESTR
2024-02-12,3.909,ESTR
2024-02-13,3.909,ESTR
2024-02-14,3.911,ESTR
2024-02-15,3.911,ESTR
2024-02-16,3.909,ESTR
2024-02-19,3.91,ESTR
2024-02-20,3.911,ESTR
2024-02-21,3.91,ESTR
2024-02-22,3.909,ESTR
2024-02-23,3.907,ESTR
2024-02-26,3.904,ESTR
2024-02-27,3.905,ESTR
2024-02-28,3.906,ESTR
2024-02-29,3.887,ESTR
2024-03-01,3.904,ESTR
2024-03-04,3.903,ESTR
2024-03-05,3.911,ESTR
2024-03-06,3.905,ESTR
2024-03-07,3.908,ESTR
2024-03-08,3.907,ESTR
2024-03-11,3.904,ESTR
2024-03-12,3.905,ESTR
2024-03-13,3.907,ESTR
2024-03-14,3.908,ESTR
2024-03-15,3.909,ESTR
2024-03-18,3.909,ESTR
2024-03-19,3.908,ESTR
2024-03-20,3.908,ESTR
2024-03-21,3.907,ESTR
2024-03-22,3.909,ESTR
2024-03-25,3.909,ESTR
2024-03-26,3.906,ESTR
2024-03-27,3.906,ESTR
2024-03-28,3.899,ESTR
2024-04-02,3.906,ESTR
2024-04-03,3.911,ESTR
2024-04-04,3.912,ESTR
2024-04-05,3.907,ESTR
2024-04-08,3.908,ESTR
2024-04-09,3.909,ESTR
2024-04-10,3.907,ESTR
2024-04-11,3.907,ESTR
2024-04-12,3.91,ESTR
2024-04-15,3.907,ESTR
2024-04-16,3.911,ESTR
2024-04-17,3.908,ESTR
2024-04-18,3.909,ESTR
2024-04-19,3.91,ESTR
2024-04-22,3.91,ESTR
2024-04-23,3.908,ESTR
2024-04-24,3.911,ESTR
2024-04-25,3.909,ESTR
2024-04-26,3.907,ESTR
2024-04-29,3.906,ESTR
2024-04-30,3.889,ESTR
2024-05-02,3.91,ESTR
2024-05-03,3.908,ESTR
2024-05-06,3.909,ESTR
2024-05-07,3.906,ESTR
2024-05-08,3.905,ESTR
2024-05-09,3.901,ESTR
2024-05-10,3.906,ESTR
2024-05-13,3.907,ESTR
2024-05-14,3.907,ESTR
2024-05-15,3.908,ESTR
2024-05-16,3.904,ESTR
2024-05-17,3.901,ESTR
2024-05-20,3.904,ESTR
2024-05-21,3.912,ESTR
2024-05-22,3.91,ESTR
2024-05-23,3.912,ESTR
2024-05-24,3.91,ESTR
2024-05-27,3.911,ESTR
2024-05-28,3.909,ESTR
2024-05-29,3.909,ESTR
2024-05-30,3.91,ESTR
2024-05-31,3.892,ESTR
2024-06-03,3.913,ESTR
2024-06-04,3.911,ESTR
2024-06-05,3.913,ESTR
2024-06-06,3.911,ESTR
2024-06-07,3.912,ESTR
2024-06-10,3.912,ESTR
2024-06-11,3.909,ESTR
2024-06-12,3.662,ESTR
2024-06-13,3.661,ESTR
2024-06-14,3.662,ESTR
2024-06-17,3.662,ESTR
2024-06-18,3.666,ESTR
2024-06-19,3.663,ESTR
2024-06-20,3.663,ESTR
2024-06-21,3.664,ESTR
2024-06-24,3.663,ESTR
2024-06-25,3.663,ESTR
2024-06-26,3.661,ESTR
2024-06-27,3.662,ESTR
2024-06-28,3.656,ESTR
2024-07-01,3.665,ESTR
2024-07-02,3.662,ESTR
2024-07-03,3.663,ESTR
2024-07-04,3.663,ESTR
2024-07-05,3.663,ESTR
2024-07-08,3.662,ESTR
2024-07-09,3.662,ESTR
2024-07-10,3.663,ESTR
2024-07-11,3.662,ESTR
2024-07-12,3.661,ESTR
2024-07-15,3.661,ESTR
2024-07-16,3.662,ESTR
2024-07-17,3.662,ESTR
2024-07-18,3.663,ESTR
2024-07-19,3.663,ESTR
2024-07-22,3.664,ESTR
2024-07-23,3.665,ESTR
2024-07-24,3.665,ESTR
2024-07-25,3.665,ESTR
2024-07-26,3.663,ESTR
2024-07-29,3.663,ESTR
2024-07-30,3.665,ESTR
2024-07-31,3.653,ESTR
2024-08-01,3.664,ESTR
2024-08-02,3.664,ESTR
2024-08-05,3.664,ESTR
2024-08-06,3.663,ESTR
2024-08-07,3.663,ESTR
2024-08-08,3.665,ESTR
2024-08-09,3.663,ESTR
2024-08-12,3.664,ESTR
2024-08-13,3.664,ESTR
2024-08-14,3.662,ESTR
2024-08-15,3.662,ESTR
2024-08-16,3.664,ESTR
2024-08-19,3.664,ESTR
2024-08-20,3.664,ESTR
2024-08-21,3.663,ESTR
2024-08-22,3.664,ESTR
2024-08-23,3.664,ESTR
2024-08-26,3.665,ESTR
2024-08-27,3.665,ESTR
2024-08-28,3.666,ESTR
2024-08-29,3.664,ESTR
2024-08-30,3.654,ESTR
2024-09-02,3.664,ESTR
2024-09-03,3.663,ESTR
2024-09-04,3.663,ESTR
2024-09-05,3.662,ESTR
2024-09-06,3.663,ESTR
2024-09-09,3.663,ESTR
2024-09-10,3.664,ESTR
2024-09-11,3.664,ESTR
2024-09-12,3.664,ESTR
2024-09-13,3.663,ESTR
2024-09-16,3.662,ESTR
2024-09-17,3.665,ESTR
2024-09-18,3.416,ESTR
2024-09-19,3.414,ESTR
2024-09-20,3.412,ESTR
2024-09-23,3.414,ESTR
2024-09-24,3.415,ESTR
2024-09-25,3.416,ESTR
2024-09-26,3.415,ESTR
2024-09-27,3.415,ESTR
2024-09-30,3.41,ESTR
2024-10-01,3.416,ESTR
2024-10-02,3.41,ESTR
2024-10-03,3.407,ESTR
2024-10-04,3.414,ESTR
2024-10-07,3.413,ESTR
2024-10-08,3.414,ESTR
2024-10-09,3.415,ESTR
2024-10-10,3.414,ESTR
2024-10-11,3.413,ESTR
2024-10-14,3.413,ESTR
2024-10-15,3.413,ESTR
2024-10-16,3.414,ESTR
2024-10-17,3.415,ESTR
2024-10-18,3.415,ESTR
2024-10-21,3.415,ESTR
2024-10-22,3.416,ESTR
2024-10-23,3.166,ESTR
2024-10-24,3.166,ESTR
2024-10-25,3.166,ESTR
2024-10-28,3.164,ESTR
2024-10-29,3.164,ESTR
2024-10-30,3.165,ESTR
2024-10-31,3.155,ESTR
2024-11-01,3.163,ESTR
2024-11-04,3.163,ESTR
2024-11-05,3.163,ESTR
2024-11-06,3.162,ESTR
2024-11-07,3.163,ESTR
2024-11-08,3.163,ESTR
2024-11-11,3.162,ESTR
2024-11-12,3.163,ESTR
2024-11-13,3.164,ESTR
2024-11-14,3.165,ESTR
2024-11-15,3.165,ESTR
2024-11-18,3.165,ESTR
2024-11-19,3.166,ESTR
2024-11-20,3.167,ESTR
2024-11-21,3.167,ESTR
2024-11-22,3.168,ESTR
2024-11-25,3.167,ESTR
2024-11-26,3.165,ESTR
2024-11-27,3.165,ESTR
2024-11-28,3.164,ESTR
2024-11-29,3.163,ESTR
2024-12-02,3.165,ESTR
2024-12-03,3.164,ESTR
2024-12-04,3.165,ESTR
2024-12-05,3.165,ESTR
2024-12-06,3.165,ESTR
2024-12-09,3.164,ESTR
2024-12-10,3.163,ESTR
2024-12-11,3.164,ESTR
2024-12-12,3.164,ESTR
2024-12-13,3.167,ESTR
2024-12-16,3.165,ESTR
2024-12-17,3.164,ESTR
2024-12-18,2.917,ESTR
2024-12-19,2.919,ESTR
2024-12-20,2.916,ESTR
2024-12-23,2.911,ESTR
2024-12-24,2.909,ESTR
2024-12-27,2.916,ESTR
2024-12-30,2.915,ESTR
2024-12-31,2.905,ESTR
2025-01-02,2.92,ESTR
2025-01-03,2.919,ESTR
2025-01-06,2.917,ESTR
2025-01-07,2.918,ESTR
2025-01-08,2.917,ESTR
2025-01-09,2.92,ESTR
2025-01-10,2.917,ESTR
2025-01-13,2.918,ESTR
2025-01-14,2.919,ESTR
2025-01-15,2.92,ESTR
2025-01-16,2.92,ESTR
2025-01-17,2.92,ESTR
2025-01-20,2.919,ESTR
2025-01-21,2.921,ESTR
2025-01-22,2.92,ESTR
2025-01-23,2.922,ESTR
2025-01-24,2.921,ESTR
2025-01-27,2.921,ESTR
2025-01-28,2.921,ESTR
2025-01-29,2.923,ESTR
2025-01-30,2.923,ESTR
2025-01-31,2.912,ESTR
2025-02-03,2.918,ESTR
2025-02-04,2.917,ESTR
2025-02-05,2.666,ESTR
2025-02-06,2.669,ESTR
2025-02-07,2.665,ESTR
2025-02-10,2.664,ESTR
2025-02-11,2.666,ESTR
2025-02-12,2.665,ESTR
2025-02-13,2.667,ESTR
2025-02-14,2.666,ESTR
2025-02-17,2.665,ESTR
2025-02-18,2.666,ESTR
2025-02-19,2.665,ESTR
2025-02-20,2.667,ESTR
2025-02-21,2.666,ESTR
2025-02-24,2.666,ESTR
2025-02-25,2.666,ESTR
2025-02-26,2.665,ESTR
2025-02-27,2.666,ESTR
2025-02-28,2.658,ESTR
2025-03-03,2.663,ESTR
2025-03-04,2.664,ESTR
2025-03-05,2.664,ESTR
2025-03-06,2.666,ESTR
2025-03-07,2.665,ESTR
2025-03-10,2.663,ESTR
2025-03-11,2.663,ESTR
2025-03-12,2.412,ESTR
2025-03-13,2.413,ESTR
2025-03-14,2.417,ESTR
2025-03-17,2.417,ESTR
2025-03-18,2.417,ESTR
2025-03-19,2.416,ESTR
2025-03-20,2.417,ESTR
2025-03-21,2.417,ESTR
2025-03-24,2.418,ESTR
2025-03-25,2.418,ESTR
2025-03-26,2.417,ESTR
2025-03-27,2.417,ESTR
2025-03-28,2.417,ESTR
2025-03-31,2.415,ESTR
2025-04-01,2.42,ESTR
2025-04-02,2.417,ESTR
2025-04-03,2.416,ESTR
2025-04-04,2.415,ESTR
2025-04-07,2.414,ESTR
2025-04-08,2.415,ESTR
2025-04-09,2.415,ESTR
2025-04-10,2.416,ESTR
2025-04-11,2.416,ESTR
2025-04-14,2.417,ESTR
2025-04-15,2.416,ESTR
2025-04-16,2.418,ESTR
2025-04-17,2.417,ESTR
2025-04-22,2.417,ESTR
2025-04-23,2.167,ESTR
2025-04-24,2.169,ESTR
2025-04-25,2.167,ESTR
2025-04-28,2.167,ESTR
2025-04-29,2.167,ESTR
2025-04-30,2.156,ESTR
2025-05-02,2.168,ESTR
2025-05-05,2.167,ESTR
2025-05-06,2.167,ESTR
2025-05-07,2.169,ESTR
2025-05-08,2.171,ESTR
2025-05-09,2.169,ESTR
2025-05-12,2.17,ESTR
2025-05-13,2.172,ESTR
2025-05-14,2.172,ESTR
2025-05-15,2.172,ESTR
2025-05-16,2.17,ESTR
2025-05-19,2.171,ESTR
2025-05-20,2.172,ESTR
2025-05-21,2.169,ESTR
2025-05-22,2.173,ESTR
2025-05-23,2.17,ESTR
2025-05-26,2.168,ESTR
2025-05-27,2.172,ESTR
2025-05-28,2.167,ESTR
2025-05-29,2.161,ESTR
2025-05-30,2.161,ESTR
2025-06-02,2.172,ESTR
2025-06-03,2.172,ESTR
2025-06-04,2.173,ESTR
2025-06-05,2.174,ESTR
2025-06-06,2.173,ESTR
2025-06-09,2.17,ESTR
2025-06-10,2.174,ESTR
2025-06-11,1.924,ESTR
2025-06-12,1.923,ESTR
2025-06-13,1.925,ESTR
2025-06-16,1.924,ESTR
2025-06-17,1.924,ESTR
2025-06-18,1.922,ESTR
2025-06-19,1.917,ESTR
2025-06-20,1.923,ESTR
2025-06-23,1.925,ESTR
2025-06-24,1.926,ESTR
2025-06-25,1.925,ESTR
2025-06-26,1.929,ESTR
2025-06-27,1.928,ESTR
2025-06-30,1.921,ESTR
2025-07-01,1.921,ESTR
2025-07-02,1.923,ESTR
2025-07-03,1.922,ESTR
2025-07-04,1.92,ESTR
2025-07-07,1.92,ESTR
2025-07-08,1.919,ESTR
2025-07-09,1.919,ESTR
2025-07-10,1.921,ESTR
2025-07-11,1.923,ESTR
2025-07-14,1.923,ESTR
2025-07-15,1.922,ESTR
2025-07-16,1.923,ESTR
2025-07-17,1.925,ESTR
2025-07-18,1.923,ESTR
2025-07-21,1.924,ESTR
2025-07-22,1.923,ESTR
2025-07-23,1.924,ESTR
2025-07-24,1.924,ESTR
2025-07-25,1.925,ESTR
2025-07-28,1.923,ESTR
2025-07-29,1.923,ESTR
2025-07-30,1.924,ESTR
2025-07-31,1.919,ESTR
2025-08-01,1.927,ESTR
2025-08-04,1.925,ESTR
2025-08-05,1.924,ESTR
2025-08-06,1.922,ESTR
2025-08-07,1.923,ESTR
2025-08-08,1.922,ESTR
2025-08-11,1.918,ESTR
2025-08-12,1.922,ESTR
2025-08-13,1.923,ESTR
2025-08-14,1.926,ESTR
2025-08-15,1.924,ESTR
2025-08-18,1.924,ESTR
2025-08-19,1.925,ESTR
2025-08-20,1.926,ESTR
2025-08-21,1.926,ESTR
2025-08-22,1.926,ESTR
2025-08-25,1.925,ESTR
2025-08-26,1.926,ESTR
2025-08-27,1.925,ESTR
2025-08-28,1.925,ESTR
2025-08-29,1.92,ESTR
2025-09-01,1.925,ESTR
2025-09-02,1.922,ESTR
2025-09-03,1.923,ESTR
2025-09-04,1.925,ESTR
2025-09-05,1.923,ESTR
2025-09-08,1.922,ESTR
2025-09-09,1.923,ESTR
2025-09-10,1.922,ESTR
2025-09-11,1.925,ESTR
2025-09-12,1.925,ESTR
2025-09-15,1.926,ESTR
2025-09-16,1.926,ESTR
2025-09-17,1.927,ESTR
2025-09-18,1.926,ESTR
2025-09-19,1.925,ESTR
2025-09-22,1.925,ESTR
2025-09-23,1.927,ESTR
2025-09-24,1.928,ESTR
2025-09-25,1.927,ESTR
2025-09-26,1.926,ESTR
2025-09-29,1.926,ESTR
2025-09-30,1.916,ESTR
2025-10-01,1.927,ESTR
2025-10-02,1.923,ESTR
2025-10-03,1.921,ESTR
2025-10-06,1.925,ESTR
2025-10-07,1.926,ESTR
2025-10-08,1.924,ESTR
2025-10-09,1.927,ESTR
2025-10-10,1.926,ESTR
2025-10-13,1.926,ESTR
2025-10-14,1.927,ESTR
2025-10-15,1.928,ESTR
2025-10-16,1.928,ESTR
2025-10-17,1.928,ESTR
2025-10-20,1.927,ESTR
2025-10-21,1.928,ESTR
2025-10-22,1.927,ESTR
2025-10-23,1.929,ESTR
2025-10-24,1.928,ESTR
2025-10-27,1.929,ESTR
2025-10-28,1.93,ESTR
2025-10-29,1.931,ESTR
2025-10-30,1.931,ESTR
2025-10-31,1.921,ESTR
2025-11-03,1.932,ESTR
2025-11-04,1.931,ESTR
2025-11-05,1.929,ESTR
2025-11-06,1.93,ESTR
2025-11-07,1.932,ESTR
2025-11-10,1.931,ESTR
2025-11-11,1.93,ESTR
2025-11-12,1.93,ESTR
2025-11-13,1.93,ESTR
2025-11-14,1.931,ESTR
2025-11-17,1.929,ESTR
2025-11-18,1.93,ESTR
2025-11-19,1.929,ESTR
2025-11-20,1.929,ESTR
2025-11-21,1.926,ESTR
2025-11-24,1.924,ESTR
2025-11-25,1.926,ESTR
2025-11-26,1.928,ESTR
2025-11-27,1.927,ESTR
2025-11-28,1.925,ESTR
2025-12-01,1.93,ESTR
2025-12-02,1.929,ESTR
2025-12-03,1.926,ESTR
2025-12-04,1.929,ESTR
2025-12-05,1.929,ESTR
2025-12-08,1.93,ESTR
2025-12-09,1.929,ESTR
2025-12-10,1.929,ESTR
2025-12-11,1.93,ESTR
2025-12-12,1.932,ESTR
2025-12-15,1.93,ESTR
2025-12-16,1.932,ESTR
2025-12-17,1.932,ESTR
2025-12-18,1.931,ESTR
2025-12-19,1.933,ESTR
2025-12-22,1.932,ESTR
2025-12-23,1.925,ESTR
2025-12-24,1.926,ESTR
2025-12-29,1.934,ESTR
2025-12-30,1.93,ESTR
2025-12-31,1.921,ESTR
2026-01-02,1.936,ESTR
2026-01-05,1.933,ESTR
2026-01-06,1.933,ESTR
2026-01-07,1.933,ESTR
2026-01-08,1.933,ESTR
2026-01-09,1.932,ESTR
2026-01-12,1.931,ESTR
2026-01-13,1.93,ESTR
2026-01-14,1.931,ESTR
2026-01-15,1.93,ESTR
2026-01-16,1.93,ESTR
2026-01-19,1.929,ESTR
2026-01-20,1.932,ESTR
2026-01-21,1.932,ESTR
2026-01-22,1.933,ESTR
2026-01-23,1.933,ESTR
2026-01-26,1.934,ESTR
2026-01-27,1.934,ESTR
2026-01-28,1.933,ESTR
2026-01-29,1.933,ESTR
2026-01-30,1.926,ESTR
2026-02-02,1.933,ESTR
2026-02-03,1.931,ESTR
2026-02-04,1.932,ESTR
2026-02-05,1.931,ESTR
2026-02-06,1.93,ESTR
2026-02-09,1.93,ESTR
2026-02-10,1.929,ESTR
2026-02-11,1.93,ESTR
2026-02-12,1.931,ESTR
2026-02-13,1.93,ESTR
2026-02-16,1.929,ESTR
2026-02-17,1.931,ESTR
2026-02-18,1.931,ESTR
2026-02-19,1.933,ESTR
2026-02-20,1.932,ESTR
2026-02-23,1.931,ESTR
2026-02-24,1.932,ESTR
2026-02-25,1.933,ESTR
2026-02-26,1.935,ESTR
2026-02-27,1.93,ESTR
2026-03-02,1.934,ESTR
2026-03-03,1.934,ESTR
2026-03-04,1.934,ESTR
2026-03-05,1.935,ESTR
2026-03-06,1.933,ESTR
2026-03-09,1.932,ESTR
2026-03-10,1.933,ESTR
2026-03-11,1.931,ESTR
2026-03-12,1.932,ESTR
2026-03-13,1.93,ESTR
2026-03-16,1.932,ESTR
2026-03-17,1.932,ESTR
2026-03-18,1.933,ESTR
2026-03-19,1.934,ESTR
