date,open,high,low,close,volume
2008-06-13,16.8,16.8,16.8,16.8,59
2008-06-16,16.75,16.75,16.4,16.58,2572
2008-06-17,16.85,17.04,16.85,16.91,68866
2008-06-18,16.7,16.7,16.28,16.28,1896
2008-06-19,16.3,16.39,16.01,16.31,100656
2008-06-20,16.3,16.3,15.2,15.6,7256
2008-06-23,15.66,15.78,15.5,15.65,3189
2008-06-24,15.68,15.68,15.04,15.13,17638
2008-06-25,15.53,15.76,15.46,15.71,127501
2008-06-26,15.46,15.52,15.0,15.0,24019
2008-06-27,14.97,15.01,14.46,14.76,91954
2008-06-30,14.89,15.05,14.51,15.0,32938
2008-07-01,14.9,14.9,14.05,14.39,123050
2008-07-02,14.5,14.6,14.1,14.1,54597
2008-07-03,13.81,14.5,13.5,14.35,123993
2008-07-04,14.39,14.39,13.9,13.98,97724
2008-07-07,14.2,14.42,13.97,14.32,33437
2008-07-08,13.8,14.02,13.65,13.74,67506
2008-07-09,14.18,14.36,14.15,14.27,27170
2008-07-10,13.92,14.08,13.5,13.67,80543
2008-07-11,13.83,13.83,12.86,12.86,44944
2008-07-14,13.15,13.3,13.0,13.0,27050
2008-07-15,12.7,12.83,12.32,12.71,164401
2008-07-16,12.74,12.89,12.2,12.89,49492
2008-07-17,13.15,13.8,13.15,13.5,1440130
2008-07-18,13.23,13.99,13.23,13.98,36857
2008-07-21,13.89,14.45,13.78,14.16,80312
2008-07-22,13.92,14.25,13.77,14.22,250592
2008-07-23,14.58,14.8,14.48,14.7,33538
2008-07-24,14.93,14.93,14.2,14.28,110501
2008-07-25,14.07,14.65,14.02,14.51,13117
2008-07-28,14.34,14.39,14.14,14.14,51091
2008-07-29,13.93,14.3,13.77,14.2,731763
2008-07-30,14.47,14.75,14.4,14.65,44954
2008-07-31,14.73,14.9,14.42,14.65,10578
2008-08-01,14.32,14.49,14.0,14.03,120608
2008-08-04,14.02,14.18,13.78,13.91,12049
2008-08-05,13.96,14.59,13.9,14.59,25411
2008-08-06,14.8,14.97,14.65,14.97,68604
2008-08-07,14.9,15.35,14.89,15.06,36183
2008-08-08,14.87,15.23,14.77,15.2,21022
2008-08-11,15.19,15.52,15.19,15.52,85835
2008-08-12,15.37,15.6,15.28,15.31,74199
2008-08-13,15.24,15.26,14.6,14.63,170783
2008-08-14,14.8,15.02,14.5,14.78,73513
2008-08-15,14.98,15.25,14.76,14.81,48945
2008-08-18,14.8,15.26,14.7,14.89,39457
2008-08-19,14.45,14.49,14.09,14.09,63168
2008-08-20,14.31,14.41,14.08,14.34,115019
2008-08-21,14.15,14.15,13.9,14.06,24695
2008-08-22,14.0,14.55,14.0,14.51,52228
2008-08-25,14.32,14.49,14.25,14.25,15340
2008-08-26,14.15,14.46,13.91,14.34,17898
2008-08-27,14.02,14.49,13.96,14.35,17284
2008-08-28,14.25,15.07,14.14,14.92,47833
2008-08-29,14.94,15.25,14.92,15.1,38617
2008-09-01,14.93,15.15,14.89,15.03,199183
2008-09-02,14.89,15.55,14.89,15.38,81504
2008-09-03,15.14,15.26,14.84,14.84,113865
2008-09-04,14.84,14.84,13.87,13.87,126904
2008-09-05,13.76,13.82,13.09,13.2,379174
2008-09-08,14.35,14.57,14.0,14.17,378413
2008-09-09,14.08,14.39,13.71,13.86,122822
2008-09-10,13.8,14.02,13.48,13.75,140023
2008-09-11,13.54,13.68,13.2,13.55,25040
2008-09-12,13.83,14.07,13.6,14.07,24948
2008-09-15,13.13,13.17,12.44,12.98,315413
2008-09-16,12.65,12.91,12.2,12.44,351688
2008-09-17,12.83,12.87,11.93,11.93,220803
2008-09-18,11.92,12.35,11.55,11.71,500220
2008-09-19,13.04,13.91,12.8,13.91,630152
2008-09-22,13.9,14.05,13.24,13.24,174120
2008-09-23,13.0,13.1,12.55,12.69,274684
2008-09-24,12.86,12.86,12.44,12.54,96516
2008-09-25,12.52,13.28,12.52,13.25,228444
2008-09-26,12.77,13.06,12.5,12.8,208091
2008-09-29,12.0,12.18,11.58,11.66,224743
2008-09-30,11.03,11.98,10.9,11.96,732986
2008-10-01,12.09,12.21,11.76,12.03,143659
2008-10-02,12.16,12.49,11.56,11.69,165415
2008-10-03,11.69,12.39,11.4,12.24,68623
2008-10-06,11.14,11.25,10.23,10.57,441777
2008-10-07,10.75,10.76,9.95,10.2,248062
2008-10-08,9.55,9.86,8.59,8.97,584875
2008-10-09,9.26,9.53,8.42,8.42,392633
2008-10-10,7.4,7.58,6.95,7.32,648083
2008-10-13,8.6,8.9,7.9,8.9,683477
2008-10-14,9.9,10.17,9.0,9.35,855584
2008-10-15,9.11,9.35,8.06,8.22,570007
2008-10-16,7.23,8.05,7.0,7.21,654448
2008-10-17,7.79,7.98,7.19,7.83,535764
2008-10-20,8.12,8.38,7.95,8.38,550428
2008-10-21,8.8,8.89,8.25,8.5,511720
2008-10-22,8.04,8.25,7.58,7.72,961637
2008-10-23,7.58,7.88,7.14,7.8,633531
2008-10-24,7.01,7.32,6.1,7.32,1372102
2008-10-27,6.45,6.95,6.2,6.64,902029
2008-10-28,7.06,7.09,6.34,6.73,1140109
2008-10-29,7.61,8.05,7.35,8.05,1333462
2008-10-30,8.23,8.45,7.7,8.0,1500584
2008-10-31,7.95,8.42,7.7,8.3,565927
2008-11-03,8.57,8.63,8.23,8.61,1246342
2008-11-04,8.61,9.37,8.56,9.29,1959643
2008-11-05,9.11,9.25,8.77,9.02,628621
2008-11-06,8.45,8.84,7.84,7.89,921139
2008-11-07,8.14,8.49,7.75,8.27,600472
2008-11-10,8.77,8.96,8.38,8.46,578752
2008-11-11,8.1,8.2,7.6,7.72,719455
2008-11-12,7.97,7.99,7.07,7.25,801145
2008-11-13,7.13,7.46,6.96,7.27,644484
2008-11-14,7.81,7.88,7.41,7.45,838328
2008-11-17,7.43,7.58,6.94,7.09,883580
2008-11-18,7.09,7.23,6.66,7.21,1186897
2008-11-19,7.12,7.12,6.6,6.65,961837
2008-11-20,6.3,6.4,5.85,6.17,2199435
2008-11-21,6.24,6.39,5.59,5.8,2603957
2008-11-24,6.0,6.84,5.96,6.79,1847273
2008-11-25,6.7,7.31,6.63,6.98,4560627
2008-11-26,6.9,7.08,6.57,6.92,1615780
2008-11-27,7.08,7.26,7.03,7.19,897798
2008-11-28,7.2,7.28,6.93,7.28,1167786
2008-12-01,7.27,7.27,6.46,6.56,1619017
2008-12-02,6.25,6.81,6.23,6.76,1400272
2008-12-03,6.73,6.92,6.39,6.85,2431937
2008-12-04,6.76,7.22,6.6,6.73,2083334
2008-12-05,6.61,6.66,5.97,6.15,3190561
2008-12-08,6.96,7.13,6.73,7.03,2739343
2008-12-09,6.91,7.5,6.87,7.27,2669402
2008-12-10,7.37,7.45,7.16,7.39,1493053
2008-12-11,7.4,7.53,7.18,7.35,1212508
2008-12-12,6.68,7.12,6.56,6.98,1825977
2008-12-15,7.15,7.2,6.79,6.84,1581875
2008-12-16,6.91,7.15,6.82,7.15,1067714
2008-12-17,7.26,7.27,6.85,7.11,1901443
2008-12-18,7.13,7.16,6.9,7.05,944367
2008-12-19,6.85,7.12,6.7,7.0,1308042
2008-12-22,6.91,6.94,6.68,6.68,1534986
2008-12-23,6.74,6.85,6.6,6.61,825541
2008-12-24,6.74,6.74,6.46,6.51,591611
2008-12-29,6.67,6.77,6.52,6.64,987909
2008-12-30,6.74,6.93,6.7,6.93,1146839
2008-12-31,7.06,7.16,7.02,7.03,1077995
2009-01-02,7.01,7.34,6.98,7.34,1888099
2009-01-05,7.62,7.65,7.39,7.6,1531017
2009-01-06,7.61,7.85,7.48,7.7,744639
2009-01-07,7.6,7.74,7.38,7.48,953506
2009-01-08,7.36,7.5,7.16,7.4,1376966
2009-01-09,7.45,7.6,7.17,7.31,876419
2009-01-12,7.27,7.32,7.03,7.07,572876
2009-01-13,6.98,6.98,6.69,6.87,2694678
2009-01-14,6.91,6.96,6.13,6.24,3531167
2009-01-15,6.31,6.35,5.91,6.04,2273399
2009-01-16,6.3,6.47,6.08,6.1,1489986
2009-01-19,6.29,6.38,5.84,6.02,1637810
2009-01-20,6.05,6.18,5.71,5.79,1691773
2009-01-21,5.61,5.85,5.43,5.67,2517134
2009-01-22,5.9,5.97,5.5,5.5,1443616
2009-01-23,5.61,5.62,5.17,5.43,2584402
2009-01-26,5.46,5.92,5.42,5.815,1634765
2009-01-27,5.86,5.915,5.68,5.86,1226104
2009-01-28,6.055,6.35,6.005,6.3,1972788
2009-01-29,6.205,6.255,5.96,6.055,1270078
2009-01-30,6.045,6.12,5.82,5.91,1620062
2009-02-02,5.66,5.78,5.515,5.73,1207133
2009-02-03,5.825,5.97,5.64,5.905,897878
2009-02-04,6.0,6.38,5.97,6.25,2224453
2009-02-05,6.035,6.285,5.91,6.27,1019190
2009-02-06,6.33,6.585,6.235,6.475,3839776
2009-02-09,6.39,6.58,6.36,6.55,941168
2009-02-10,6.4,6.505,6.005,6.005,1046561
2009-02-11,6.0,6.13,5.945,6.1,1051213
2009-02-12,5.95,5.99,5.73,5.865,1306353
2009-02-13,6.06,6.17,5.945,5.99,1400623
2009-02-16,5.945,5.96,5.84,5.86,300952
2009-02-17,5.72,5.72,5.43,5.54,3130497
2009-02-18,5.6,5.6,5.315,5.52,1681938
2009-02-19,5.595,5.655,5.47,5.515,708566
2009-02-20,5.345,5.345,5.095,5.095,4886842
2009-02-23,5.25,5.28,4.955,4.995,1179715
2009-02-24,4.935,5.005,4.775,4.91,3897680
2009-02-25,5.075,5.095,4.745,4.875,2907308
2009-02-26,5.01,5.12,4.87,5.025,1316194
2009-02-27,4.86,4.93,4.66,4.875,2464948
2009-03-02,4.66,4.665,4.475,4.475,3650395
2009-03-03,4.53,4.58,4.34,4.34,2633140
2009-03-04,4.49,4.76,4.44,4.755,4636725
2009-03-05,4.67,4.735,4.425,4.43,4212791
2009-03-06,4.375,4.5,4.26,4.285,2804442
2009-03-09,4.295,4.295,4.075,4.195,3125211
2009-03-10,4.25,4.73,4.205,4.675,3348643
2009-03-11,4.65,4.94,4.55,4.715,4157650
2009-03-12,4.605,4.82,4.47,4.81,2712601
2009-03-13,4.99,5.06,4.8,4.835,5056447
2009-03-16,5.035,5.13,4.975,5.13,2778754
2009-03-17,5.02,5.1,4.9,5.07,2436388
2009-03-18,5.2,5.22,4.88,5.005,1856972
2009-03-19,5.145,5.28,5.02,5.07,1871267
2009-03-20,4.975,5.16,4.91,5.11,1490446
2009-03-23,5.28,5.43,5.17,5.415,2867479
2009-03-24,5.55,5.565,5.305,5.42,1934951
2009-03-25,5.385,5.59,5.345,5.505,1379272
2009-03-26,5.515,5.56,5.37,5.49,947254
2009-03-27,5.49,5.54,5.25,5.295,1295596
2009-03-30,5.1,5.105,4.895,4.895,1932303
2009-03-31,4.995,5.18,4.945,5.17,1033158
2009-04-01,5.12,5.31,4.935,5.31,1851362
2009-04-02,5.53,5.87,5.5,5.835,4757781
2009-04-03,5.705,5.96,5.665,5.72,3674961
2009-04-06,5.87,5.935,5.51,5.58,1428873
2009-04-07,5.64,5.655,5.405,5.47,976634
2009-04-08,5.335,5.63,5.305,5.605,3865831
2009-04-09,5.68,5.83,5.585,5.765,1361984
2009-04-14,5.75,5.975,5.725,5.86,1872745
2009-04-15,5.74,5.88,5.695,5.815,1061031
2009-04-16,5.905,6.07,5.78,5.985,1707537
2009-04-17,6.08,6.23,5.97,6.205,5582054
2009-04-20,6.0,6.0,5.685,5.73,3738370
2009-04-21,5.74,5.87,5.48,5.76,2348979
2009-04-22,5.76,5.975,5.61,5.975,2531935
2009-04-23,5.875,6.11,5.84,5.915,1326574
2009-04-24,5.99,6.285,5.945,6.285,2050519
2009-04-27,6.075,6.31,6.03,6.285,1167679
2009-04-28,6.07,6.225,5.95,6.1,2289401
2009-04-29,6.175,6.38,6.135,6.34,1647233
2009-04-30,6.46,6.64,6.45,6.47,2296848
2009-05-04,6.605,6.87,6.585,6.84,1012516
2009-05-05,6.865,6.96,6.745,6.825,1867484
2009-05-06,6.835,7.18,6.82,7.095,1893277
2009-05-07,7.17,7.39,6.92,6.995,1993455
2009-05-08,7.1,7.33,7.06,7.225,1163454
2009-05-11,7.105,7.14,6.845,6.94,1754441
2009-05-12,6.86,7.075,6.845,6.92,977229
2009-05-13,6.96,7.03,6.595,6.595,1237836
2009-05-14,6.64,6.68,6.48,6.63,1978282
2009-05-15,6.71,6.765,6.54,6.65,1229823
2009-05-18,6.525,6.98,6.46,6.97,4052756
2009-05-19,7.1,7.24,7.025,7.17,2632518
2009-05-20,7.15,7.38,7.15,7.31,1397079
2009-05-21,7.12,7.16,6.92,6.975,1150116
2009-05-22,7.045,7.15,6.91,7.01,1239590
2009-05-25,7.045,7.11,6.78,7.1,831177
2009-05-26,6.97,7.22,6.79,7.195,1420068
2009-05-27,7.27,7.35,7.2,7.32,1104909
2009-05-28,7.12,7.305,7.05,7.205,985383
2009-05-29,7.375,7.405,7.2,7.225,1218012
2009-06-01,7.455,7.68,7.455,7.645,1221734
2009-06-02,7.575,7.79,7.545,7.665,2686298
2009-06-03,7.68,7.7,7.32,7.41,2033458
2009-06-04,7.48,7.58,7.4,7.425,727678
2009-06-05,7.57,7.72,7.44,7.53,875312
2009-06-08,7.45,7.45,7.265,7.33,910489
2009-06-09,7.45,7.5,7.3,7.36,633245
2009-06-10,7.53,7.665,7.385,7.44,1096142
2009-06-11,7.385,7.555,7.38,7.52,879373
2009-06-12,7.44,7.55,7.42,7.48,562150
2009-06-15,7.39,7.39,7.01,7.04,4460778
2009-06-16,7.05,7.16,7.0,7.035,1944859
2009-06-17,6.98,7.01,6.71,6.805,1843143
2009-06-18,6.855,6.985,6.72,6.93,1063532
2009-06-19,6.955,7.13,6.89,7.065,1907795
2009-06-22,7.025,7.035,6.635,6.635,1616897
2009-06-23,6.595,6.73,6.565,6.65,1077526
2009-06-24,6.67,6.93,6.59,6.89,1434629
2009-06-25,6.835,6.905,6.605,6.825,2227421
2009-06-26,6.91,6.98,6.615,6.685,1917184
2009-06-29,6.68,6.97,6.65,6.9,1298923
2009-06-30,6.955,6.96,6.66,6.7,1687202
2009-07-01,6.82,7.09,6.82,7.045,1373960
2009-07-02,6.915,6.925,6.625,6.625,1885913
2009-07-03,6.68,6.68,6.53,6.62,1521852
2009-07-06,6.523,6.59,6.415,6.504,1808378
2009-07-07,6.509,6.61,6.34,6.341,1779009
2009-07-08,6.335,6.369,6.19,6.216,1779793
2009-07-09,6.259,6.4,6.243,6.292,1572685
2009-07-10,6.224,6.27,6.095,6.107,1221072
2009-07-13,6.072,6.384,6.035,6.384,874779
2009-07-14,6.388,6.53,6.343,6.501,624810
2009-07-15,6.576,6.82,6.576,6.82,1656772
2009-07-16,6.766,7.047,6.764,6.938,1902840
2009-07-17,7.03,7.076,6.961,7.001,1142023
2009-07-20,7.129,7.249,7.055,7.2,989427
2009-07-21,7.232,7.45,7.198,7.337,2394064
2009-07-22,7.337,7.357,7.209,7.33,1214510
2009-07-23,7.369,7.66,7.254,7.618,1420856
2009-07-24,7.541,7.77,7.53,7.6,1514604
2009-07-27,7.739,7.767,7.539,7.61,1099181
2009-07-28,7.658,7.74,7.433,7.433,1544512
2009-07-29,7.448,7.721,7.448,7.58,1042922
2009-07-30,7.715,7.969,7.627,7.88,970360
2009-07-31,7.848,7.96,7.76,7.856,2406582
2009-08-03,7.824,8.18,7.796,8.093,1135049
2009-08-04,8.034,8.136,7.91,8.079,1227538
2009-08-05,8.068,8.195,7.92,7.968,1188627
2009-08-06,8.11,8.195,7.992,8.086,575504
2009-08-07,7.972,8.32,7.893,8.27,1438418
2009-08-10,8.123,8.205,8.081,8.184,453533
2009-08-11,8.215,8.276,7.915,7.966,1118809
2009-08-12,7.973,8.208,7.885,8.178,1473838
2009-08-13,8.214,8.404,8.17,8.261,1798251
2009-08-14,8.307,8.38,8.064,8.133,511241
2009-08-17,7.967,8.02,7.71,7.805,1301443
2009-08-18,7.9,7.931,7.811,7.931,434217
2009-08-19,7.812,8.0,7.737,7.938,645066
2009-08-20,8.114,8.21,8.045,8.154,761790
2009-08-21,8.089,8.67,8.089,8.633,2802654
2009-08-24,8.689,8.832,8.651,8.777,1726364
2009-08-25,8.7,9.038,8.676,8.932,712293
2009-08-26,8.867,8.984,8.825,8.85,1571914
2009-08-27,8.865,8.96,8.727,8.77,432010
2009-08-28,8.958,9.14,8.918,9.011,968023
2009-08-31,8.896,8.96,8.806,8.852,492832
2009-09-01,8.967,8.98,8.499,8.499,1985113
2009-09-02,8.479,8.495,8.31,8.458,1907907
2009-09-03,8.542,8.57,8.341,8.394,592971
2009-09-04,8.463,8.608,8.45,8.577,643412
2009-09-07,8.694,8.852,8.681,8.807,631001
2009-09-08,8.876,8.93,8.772,8.85,1768008
2009-09-09,8.824,9.081,8.782,9.081,794475
2009-09-10,9.148,9.177,8.942,9.083,928139
2009-09-11,9.17,9.28,9.15,9.202,1363497
2009-09-14,8.378,8.565,8.29,8.55,2144650
2009-09-15,8.605,8.71,8.52,8.641,1699651
2009-09-16,8.779,8.96,8.722,8.933,986879
2009-09-17,9.039,9.071,8.911,9.027,1911341
2009-09-18,8.951,9.11,8.923,8.994,534989
2009-09-21,8.977,9.013,8.809,8.943,746843
2009-09-22,9.024,9.122,8.937,8.937,773323
2009-09-23,8.985,9.09,8.892,8.965,3083224
2009-09-24,8.835,9.1,8.633,8.671,1811212
2009-09-25,8.684,8.71,8.546,8.591,844057
2009-09-28,8.55,8.972,8.41,8.972,1277099
2009-09-29,8.965,9.061,8.84,8.906,1549268
2009-09-30,8.966,9.05,8.7,8.815,1846583
2009-10-01,8.838,8.953,8.48,8.48,2845222
2009-10-02,8.327,8.357,8.068,8.152,4972676
2009-10-05,8.13,8.34,8.08,8.273,1791772
2009-10-06,8.373,8.691,8.29,8.69,1805088
2009-10-07,8.635,8.8,8.615,8.63,3178076
2009-10-08,8.908,8.915,8.747,8.88,1699008
2009-10-09,8.845,8.94,8.732,8.817,904404
2009-10-12,8.904,9.112,8.877,9.015,1352106
2009-10-13,8.965,9.05,8.79,8.864,1614422
2009-10-14,9.087,9.24,9.037,9.199,2776734
2009-10-15,9.244,9.285,9.123,9.234,1893248
2009-10-16,9.3,9.335,8.91,8.953,2103769
2009-10-19,9.092,9.256,9.084,9.25,1137663
2009-10-20,9.282,9.358,9.107,9.107,1672341
2009-10-21,9.239,9.247,8.849,9.178,2349338
2009-10-22,8.891,8.989,8.786,8.934,2438695
2009-10-23,9.135,9.135,9.05,9.07,318235
2009-10-26,8.961,9.004,8.51,8.584,2344125
2009-10-27,8.579,8.685,8.474,8.556,2144425
2009-10-28,8.44,8.462,8.18,8.187,3721400
2009-10-29,8.137,8.456,8.1,8.431,2040312
2009-10-30,8.395,8.476,7.901,7.933,4870352
2009-11-02,7.945,8.19,7.859,8.054,2976364
2009-11-03,7.904,7.93,7.675,7.827,4156251
2009-11-04,7.961,8.253,7.955,8.22,3625043
2009-11-05,8.066,8.46,7.963,8.362,3641289
2009-11-06,8.385,8.455,8.145,8.358,2266244
2009-11-09,8.53,8.72,8.519,8.701,3146135
2009-11-10,8.715,8.8,8.67,8.735,1930642
2009-11-11,8.899,8.98,8.793,8.861,1201098
2009-11-12,8.803,8.98,8.745,8.807,915189
2009-11-13,8.781,8.888,8.67,8.88,1331034
2009-11-16,9.013,9.166,8.966,9.13,1830381
2009-11-17,9.072,9.121,8.941,9.012,1321030
2009-11-18,9.1,9.136,8.91,8.981,1793279
2009-11-19,8.928,8.961,8.617,8.676,1849818
2009-11-20,8.722,8.797,8.45,8.541,2157088
2009-11-23,8.728,8.975,8.728,8.9,1190338
2009-11-24,8.752,8.928,8.725,8.767,1543032
2009-11-25,8.919,8.972,8.768,8.911,1026536
2009-11-26,8.733,8.745,8.26,8.285,2825590
2009-11-27,8.044,8.59,8.027,8.475,3319058
2009-11-30,8.508,8.508,8.245,8.3,2689624
2009-12-01,8.521,8.743,8.518,8.743,2077380
2009-12-02,8.718,8.879,8.66,8.792,1779069
2009-12-03,8.927,9.002,8.771,8.802,2807396
2009-12-04,8.733,9.176,8.708,9.004,2316646
2009-12-07,8.956,9.07,8.84,9.015,1486050
2009-12-08,8.953,9.072,8.643,8.757,1754804
2009-12-09,8.77,8.826,8.518,8.609,1859831
2009-12-10,8.654,8.849,8.614,8.802,1699888
2009-12-11,8.876,8.99,8.832,8.847,796440
2009-12-14,9.015,9.029,8.876,8.97,887375
2009-12-15,9.028,9.049,8.82,9.012,870758
2009-12-16,9.027,9.213,9.014,9.184,1179578
2009-12-17,9.071,9.14,8.933,8.988,1253049
2009-12-18,9.02,9.165,8.805,8.805,1359397
2009-12-21,8.965,9.188,8.855,9.188,1139011
2009-12-22,9.212,9.384,9.212,9.306,1283603
2009-12-23,9.381,9.447,9.263,9.372,1021532
2009-12-24,9.385,9.4,9.352,9.352,304096
2009-12-28,9.48,9.545,9.465,9.53,1118478
2009-12-29,9.563,9.66,9.536,9.571,524208
2009-12-30,9.55,9.613,9.435,9.473,873055
2009-12-31,9.562,9.58,9.49,9.528,180814
2010-01-04,9.58,9.837,9.58,9.837,1217995
2010-01-05,9.795,9.904,9.734,9.83,756844
2010-01-06,9.879,9.879,9.758,9.865,667311
2010-01-07,9.775,9.915,9.69,9.87,780800
2010-01-08,9.987,10.016,9.833,9.957,1556434
2010-01-11,10.097,10.19,9.959,9.976,1287460
2010-01-12,10.006,10.006,9.669,9.744,1238904
2010-01-13,9.711,9.801,9.669,9.784,745786
2010-01-14,9.889,9.89,9.74,9.858,705350
2010-01-15,9.86,9.977,9.52,9.536,1017439
2010-01-18,9.65,9.675,9.544,9.656,638334
2010-01-19,9.59,9.853,9.421,9.796,1650870
2010-01-20,9.719,9.815,9.35,9.418,2447247
2010-01-21,9.554,9.59,9.071,9.071,3771133
2010-01-22,9.003,9.09,8.753,8.885,5451327
2010-01-25,8.789,8.968,8.685,8.685,2184461
2010-01-26,8.599,8.858,8.55,8.858,2426585
2010-01-27,8.639,8.78,8.52,8.62,2439119
2010-01-28,8.808,8.833,8.313,8.313,3938757
2010-01-29,8.441,8.652,8.34,8.542,1991327
2010-02-01,8.4,8.672,8.361,8.637,3050128
2010-02-02,8.627,8.877,8.522,8.855,2264344
2010-02-03,8.879,8.94,8.721,8.751,1488489
2010-02-04,8.75,8.823,8.28,8.286,4828735
2010-02-05,8.237,8.237,7.741,7.741,10707404
2010-02-08,7.896,7.97,7.666,7.908,3455171
2010-02-09,7.844,8.033,7.828,8.016,1733738
2010-02-10,8.05,8.223,7.959,8.028,3115698
2010-02-11,8.125,8.22,7.81,7.998,3575138
2010-02-12,8.107,8.16,7.8,7.893,2183667
2010-02-15,8.013,8.078,7.89,7.941,718274
2010-02-16,8.091,8.199,7.897,8.199,2335973
2010-02-17,8.329,8.53,8.329,8.431,3604691
2010-02-18,8.41,8.55,8.375,8.54,1196799
2010-02-19,8.374,8.65,8.37,8.623,1418481
2010-02-22,8.662,8.69,8.552,8.552,727112
2010-02-23,8.68,8.735,8.291,8.37,3092844
2010-02-24,8.384,8.453,8.253,8.399,1012606
2010-02-25,8.256,8.435,8.023,8.033,3250835
2010-02-26,8.2,8.364,8.087,8.364,1872216
2010-03-01,8.536,8.63,8.419,8.614,1418559
2010-03-02,8.619,8.807,8.598,8.807,2263824
2010-03-03,8.754,8.98,8.7,8.92,2047091
2010-03-04,8.812,8.983,8.798,8.876,1283852
2010-03-05,8.965,9.25,8.93,9.219,2381125
2010-03-08,9.267,9.3,9.214,9.227,3410136
2010-03-09,9.258,9.3,9.101,9.253,1686139
2010-03-10,9.243,9.441,9.227,9.387,1821895
2010-03-11,9.3,9.422,9.251,9.322,1190755
2010-03-12,9.363,9.47,9.296,9.327,2815320
2010-03-15,9.317,9.326,9.155,9.174,1100727
2010-03-16,9.284,9.441,9.251,9.38,1615843
2010-03-17,9.442,9.519,9.402,9.476,1179754
2010-03-18,9.415,9.503,9.309,9.39,847542
2010-03-19,9.455,9.495,9.233,9.31,1004141
2010-03-22,9.271,9.336,9.056,9.336,1521633
2010-03-23,9.34,9.494,9.334,9.439,1951083
2010-03-24,9.476,9.514,9.234,9.428,1527071
2010-03-25,9.474,9.71,9.45,9.672,1850958
2010-03-26,9.655,9.685,9.576,9.616,1622480
2010-03-29,9.671,9.753,9.53,9.658,1308499
2010-03-30,9.753,9.8,9.565,9.606,1919803
2010-03-31,9.609,9.661,9.39,9.531,1707566
2010-04-01,9.679,9.86,9.673,9.83,1619740
2010-04-06,9.905,9.978,9.793,9.931,805638
2010-04-07,9.902,9.913,9.759,9.78,1021404
2010-04-08,9.707,9.723,9.435,9.575,2000838
2010-04-09,9.729,9.895,9.729,9.891,973521
2010-04-12,10.0,10.05,9.815,9.904,1164934
2010-04-13,9.85,9.935,9.759,9.794,843732
2010-04-14,9.931,10.019,9.881,9.937,1214019
2010-04-15,9.972,10.06,9.834,9.991,983904
2010-04-16,9.843,10.064,9.536,9.623,2585140
2010-04-19,9.451,9.588,9.409,9.518,1239804
2010-04-20,9.616,9.795,9.52,9.763,1217832
2010-04-21,9.808,9.82,9.54,9.545,1299110
2010-04-22,9.53,9.678,9.206,9.297,2510161
2010-04-23,9.309,9.493,9.215,9.455,1793767
2010-04-26,9.663,9.723,9.55,9.621,1347224
2010-04-27,9.625,9.625,8.96,8.973,2840938
2010-04-28,8.828,8.92,8.459,8.65,7673994
2010-04-29,8.682,8.96,8.59,8.889,2661186
2010-04-30,8.836,8.969,8.62,8.794,3342680
2010-05-03,8.687,8.94,8.61,8.87,2313202
2010-05-04,8.92,8.935,8.225,8.28,6905041
2010-05-05,8.317,8.38,7.97,8.089,4829550
2010-05-06,7.946,8.259,7.711,7.846,9887604
2010-05-07,7.443,7.73,6.979,7.14,10769451
2010-05-10,7.867,8.391,7.8,8.391,7520784
2010-05-11,8.124,8.32,7.983,8.3,3996194
2010-05-12,8.091,8.598,8.057,8.449,5193153
2010-05-13,8.594,8.6,8.34,8.444,1487957
2010-05-14,8.368,8.374,7.68,7.745,6029952
2010-05-17,7.577,7.89,7.559,7.679,2474992
2010-05-18,7.858,8.07,7.79,7.945,1870449
2010-05-19,7.697,7.84,7.47,7.586,3701179
2010-05-20,7.705,7.81,7.02,7.294,4756354
2010-05-21,7.265,7.433,6.95,7.384,6624784
2010-05-24,7.478,7.502,7.182,7.355,2322153
2010-05-25,6.927,6.987,6.732,6.899,4429929
2010-05-26,7.121,7.37,7.111,7.204,3452156
2010-05-27,7.371,7.74,7.321,7.702,3230279
2010-05-28,7.79,7.83,7.636,7.699,4049722
2010-05-31,7.682,7.755,7.646,7.672,1506094
2010-06-01,7.541,7.738,7.295,7.659,6382808
2010-06-02,7.529,7.675,7.366,7.64,3750836
2010-06-03,7.948,8.045,7.844,7.883,3313286
2010-06-04,7.972,8.027,7.405,7.476,4591714
2010-06-07,7.242,7.463,7.166,7.317,2463793
2010-06-08,7.349,7.374,7.017,7.177,3750593
2010-06-09,7.297,7.43,7.11,7.426,2804954
2010-06-10,7.318,7.79,7.26,7.692,3195139
2010-06-11,7.801,7.93,7.668,7.826,2927986
2010-06-14,8.038,8.206,8.004,8.174,2998175
2010-06-15,8.106,8.385,8.067,8.333,4078863
2010-06-16,8.413,8.449,8.244,8.4,2351791
2010-06-17,8.404,8.567,8.333,8.436,3134743
2010-06-18,8.441,8.525,8.344,8.447,1315812
2010-06-21,8.66,8.754,8.596,8.656,2838477
2010-06-22,8.546,8.61,8.373,8.523,2972222
2010-06-23,8.347,8.48,8.188,8.254,2817341
2010-06-24,8.34,8.356,7.843,7.896,6016007
2010-06-25,7.95,7.987,7.682,7.76,3986945
2010-06-28,7.806,7.984,7.695,7.971,3554095
2010-06-29,7.74,7.767,7.342,7.39,5532393
2010-06-30,7.4,7.53,7.286,7.425,3318793
2010-07-01,7.214,7.274,6.94,7.026,6931458
2010-07-02,7.126,7.24,7.011,7.063,4055612
2010-07-05,7.102,7.12,6.988,7.008,1134224
2010-07-06,7.066,7.477,7.062,7.335,4342744
2010-07-07,7.163,7.575,7.1,7.566,4413980
2010-07-08,7.699,7.86,7.657,7.782,4050911
2010-07-09,7.918,7.932,7.806,7.856,2353087
2010-07-12,7.927,8.024,7.821,7.918,3166321
2010-07-13,7.934,8.223,7.925,8.194,4445389
2010-07-14,8.242,8.287,8.033,8.183,2940742
2010-07-15,8.138,8.276,7.912,7.974,3174551
2010-07-16,8.053,8.1,7.578,7.631,4257140
2010-07-19,7.593,7.769,7.535,7.577,2654912
2010-07-20,7.678,7.681,7.302,7.498,4113678
2010-07-21,7.664,7.802,7.58,7.6,4468066
2010-07-22,7.525,8.05,7.508,8.043,5651222
2010-07-23,7.96,8.148,7.935,8.06,3209086
2010-07-26,8.148,8.185,7.99,8.181,2470524
2010-07-27,8.299,8.44,8.249,8.306,5435157
2010-07-28,8.392,8.449,8.259,8.322,1769095
2010-07-29,8.384,8.535,8.234,8.234,2842355
2010-07-30,8.25,8.36,8.03,8.202,4315086
2010-08-02,8.369,8.671,8.324,8.658,2943079
2010-08-03,8.627,8.662,8.493,8.631,1250343
2010-08-04,8.602,8.788,8.506,8.7,2397386
2010-08-05,8.745,8.88,8.688,8.718,3079958
2010-08-06,8.792,8.84,8.422,8.512,3414082
2010-08-09,8.716,8.784,8.697,8.771,1161083
2010-08-10,8.722,8.742,8.471,8.566,2249653
2010-08-11,8.438,8.455,8.112,8.13,6243306
2010-08-12,8.123,8.181,7.945,8.102,4621583
2010-08-13,8.212,8.215,7.898,8.055,4479705
2010-08-16,8.064,8.129,7.857,7.996,3564529
2010-08-17,8.078,8.278,8.061,8.267,2700448
2010-08-18,8.179,8.29,8.11,8.204,3118400
2010-08-19,8.29,8.337,7.874,7.905,5066929
2010-08-20,7.974,7.995,7.665,7.702,4936000
2010-08-23,7.74,7.933,7.699,7.806,3277799
2010-08-24,7.663,7.679,7.425,7.566,5866968
2010-08-25,7.515,7.599,7.24,7.403,6583725
2010-08-26,7.539,7.558,7.411,7.496,4110042
2010-08-27,7.44,7.634,7.327,7.61,4909506
2010-08-30,7.696,7.699,7.524,7.55,3326215
2010-08-31,7.362,7.576,7.338,7.552,4035661
2010-09-01,7.633,8.12,7.53,8.102,7199761
2010-09-02,8.016,8.2,8.0,8.14,5650510
2010-09-03,8.19,8.454,8.134,8.297,7157635
2010-09-06,8.384,8.395,8.314,8.347,1316840
2010-09-07,8.279,8.279,8.09,8.176,3173415
2010-09-08,8.174,8.365,8.056,8.318,3566948
2010-09-09,8.242,8.55,8.229,8.504,3641470
2010-09-10,8.423,8.553,8.413,8.521,3254255
2010-09-13,8.096,8.166,8.035,8.103,3443279
2010-09-14,8.1,8.172,8.011,8.13,2450973
2010-09-15,8.157,8.164,7.95,8.05,2248435
2010-09-16,8.042,8.096,7.904,7.974,1708547
2010-09-17,8.146,8.223,7.801,7.915,4697953
2010-09-20,7.996,8.202,7.97,8.184,2492909
2010-09-21,8.174,8.347,8.16,8.167,2976741
2010-09-22,8.186,8.21,7.934,7.96,4566131
2010-09-23,8.084,8.115,7.665,7.87,6296636
2010-09-24,7.791,8.176,7.745,8.149,5185420
2010-09-27,8.181,8.235,8.075,8.09,2774277
2010-09-28,7.978,8.148,7.85,8.08,5560765
2010-09-29,8.136,8.224,7.91,7.95,5126147
2010-09-30,7.865,8.16,7.775,7.842,6775240
2010-10-01,7.9,8.03,7.68,7.767,5779892
2010-10-04,7.729,7.736,7.55,7.594,6188604
2010-10-05,7.594,7.974,7.541,7.92,4485764
2010-10-06,7.996,8.134,7.99,8.07,4863705
2010-10-07,8.034,8.219,7.929,8.097,3916804
2010-10-08,8.092,8.107,7.925,8.069,5411398
2010-10-11,8.124,8.135,8.06,8.073,2235545
2010-10-12,7.906,8.03,7.788,8.01,7789689
2010-10-13,8.078,8.328,8.078,8.321,6410210
2010-10-14,8.345,8.41,8.268,8.295,3486593
2010-10-15,8.327,8.38,8.21,8.326,4018907
2010-10-18,8.271,8.4,8.204,8.364,2906743
2010-10-19,8.321,8.45,8.19,8.243,4560701
2010-10-20,8.174,8.355,8.152,8.34,3059994
2010-10-21,8.27,8.6,8.259,8.558,6197986
2010-10-22,8.478,8.595,8.46,8.505,2492633
2010-10-25,8.59,8.618,8.482,8.527,2071613
2010-10-26,8.466,8.496,8.286,8.43,4145531
2010-10-27,8.358,8.5,8.247,8.27,3282180
2010-10-28,8.378,8.49,8.295,8.364,2548035
2010-10-29,8.33,8.458,8.235,8.346,3328582
2010-11-01,8.462,8.521,8.255,8.384,3395979
2010-11-02,8.338,8.549,8.336,8.49,1846141
2010-11-03,8.535,8.597,8.35,8.396,3319773
2010-11-04,8.61,8.78,8.606,8.716,4987608
2010-11-05,8.774,8.8,8.606,8.713,3140683
2010-11-08,8.656,8.723,8.619,8.697,2569334
2010-11-09,8.664,8.905,8.647,8.833,2449735
2010-11-10,8.739,8.807,8.518,8.601,6705291
2010-11-11,8.656,8.656,8.43,8.509,4605404
2010-11-12,8.254,8.518,8.142,8.412,8445579
2010-11-15,8.334,8.608,8.265,8.556,3814281
2010-11-16,8.39,8.405,8.103,8.103,7533218
2010-11-17,8.083,8.267,8.08,8.232,5715096
2010-11-18,8.38,8.586,8.362,8.536,6029322
2010-11-19,8.6,8.6,8.38,8.524,3146449
2010-11-22,8.669,8.688,8.32,8.352,5731973
2010-11-23,8.25,8.285,7.934,7.934,12610902
2010-11-24,8.021,8.094,7.847,8.044,7053007
2010-11-25,8.008,8.12,7.964,8.088,2908286
2010-11-26,7.936,8.023,7.774,7.95,7806773
2010-11-29,8.028,8.15,7.582,7.582,12301349
2010-11-30,7.637,7.657,7.384,7.468,10594850
2010-12-01,7.57,7.726,7.504,7.693,5180921
2010-12-02,7.786,8.053,7.616,8.027,12162518
2010-12-03,8.028,8.144,7.912,8.02,8734190
2010-12-06,8.076,8.09,7.922,8.036,3862727
2010-12-07,8.122,8.393,8.063,8.29,13007676
2010-12-08,8.196,8.496,8.195,8.38,6168020
2010-12-09,8.48,8.536,8.402,8.488,4269457
2010-12-10,8.54,8.558,8.449,8.49,3177337
2010-12-13,8.557,8.698,8.54,8.64,5587896
2010-12-14,8.68,8.696,8.604,8.69,2967667
2010-12-15,8.652,8.658,8.529,8.6,4571146
2010-12-16,8.588,8.676,8.51,8.628,4088545
2010-12-17,8.673,8.705,8.53,8.546,4105128
2010-12-20,8.555,8.764,8.548,8.622,6017595
2010-12-21,8.72,8.838,8.684,8.787,4979392
2010-12-22,8.788,8.822,8.762,8.771,1659398
2010-12-23,8.764,8.782,8.63,8.73,2961943
2010-12-24,8.728,8.728,8.654,8.674,325293
2010-12-27,8.651,8.674,8.37,8.514,3645337
2010-12-28,8.592,8.598,8.44,8.508,2194923
2010-12-29,8.59,8.695,8.547,8.636,2659294
2010-12-30,8.686,8.686,8.412,8.47,3366166
2010-12-31,8.45,8.45,8.278,8.278,1828437
2011-01-03,8.43,8.684,8.426,8.663,4752489
2011-01-04,8.691,8.864,8.618,8.734,4716259
2011-01-05,8.664,8.684,8.448,8.684,7964345
2011-01-06,8.726,8.866,8.64,8.682,6430124
2011-01-07,8.68,8.731,8.5,8.511,7932464
2011-01-10,8.398,8.418,8.185,8.246,6812974
2011-01-11,8.32,8.512,8.267,8.496,5473399
2011-01-12,8.54,8.858,8.54,8.858,6998034
2011-01-13,8.9,8.989,8.846,8.989,9048939
2011-01-14,8.924,9.06,8.888,9.021,6284008
2011-01-17,9.032,9.052,8.944,8.988,2093091
2011-01-18,9.072,9.17,9.066,9.143,5429066
2011-01-19,9.18,9.188,8.975,9.0,4278468
2011-01-20,8.984,9.046,8.868,8.93,5325982
2011-01-21,9.016,9.344,8.998,9.178,7272919
2011-01-24,9.21,9.257,9.097,9.243,5160654
2011-01-25,9.338,9.34,9.164,9.184,4433215
2011-01-26,9.29,9.386,9.268,9.294,5200079
2011-01-27,9.258,9.444,9.237,9.352,7522440
2011-01-28,9.298,9.418,9.086,9.086,8580081
2011-01-31,9.046,9.172,8.874,9.108,7503388
2011-02-01,9.252,9.43,9.17,9.401,6020403
2011-02-02,9.434,9.484,9.306,9.369,3420245
2011-02-03,9.346,9.352,9.118,9.227,5501153
2011-02-04,9.325,9.375,9.196,9.28,3411638
2011-02-07,9.36,9.525,9.332,9.482,5298163
2011-02-08,9.45,9.57,9.428,9.554,3953682
2011-02-09,9.52,9.62,9.49,9.498,3175786
2011-02-10,9.474,9.5,9.268,9.5,5726952
2011-02-11,9.446,9.63,9.246,9.544,5915952
2011-02-14,9.65,9.67,9.477,9.514,3079672
2011-02-15,9.49,9.612,9.471,9.568,2858890
2011-02-16,9.64,9.845,9.61,9.766,5068132
2011-02-17,9.792,9.817,9.66,9.768,2853071
2011-02-18,9.841,9.841,9.687,9.788,2004810
2011-02-21,9.752,9.82,9.47,9.508,7238741
2011-02-22,9.372,9.428,9.186,9.315,7340339
2011-02-23,9.257,9.346,9.1,9.132,6328731
2011-02-24,9.026,9.18,8.986,9.117,4997731
2011-02-25,9.098,9.448,9.098,9.38,6322254
2011-02-28,9.324,9.663,9.308,9.554,3808745
2011-03-01,9.644,9.728,9.313,9.366,4821060
2011-03-02,9.232,9.305,9.1,9.226,7749113
2011-03-03,9.308,9.503,9.238,9.334,5493154
2011-03-04,9.392,9.476,9.105,9.151,10014831
2011-03-07,9.058,9.285,9.02,9.02,5581597
2011-03-08,9.132,9.132,8.902,9.128,6661517
2011-03-09,9.128,9.215,8.99,9.031,6255075
2011-03-10,8.89,8.97,8.79,8.896,8209721
2011-03-11,8.725,8.841,8.68,8.741,6593721
2011-03-14,8.742,8.786,8.485,8.52,7190843
2011-03-15,8.174,8.276,7.792,8.104,16188135
2011-03-16,8.13,8.17,7.72,7.769,11081561
2011-03-17,7.862,8.145,7.777,8.101,8262133
2011-03-18,8.207,8.425,8.161,8.224,8733773
2011-03-21,8.426,8.6,8.386,8.596,6607553
2011-03-22,8.61,8.706,8.476,8.562,4944019
2011-03-23,8.484,8.658,8.477,8.646,2592695
2011-03-24,8.542,8.9,8.515,8.883,6911379
2011-03-25,8.948,8.955,8.842,8.9,3380401
2011-03-28,8.878,8.98,8.84,8.906,2297992
2011-03-29,8.956,8.98,8.792,8.97,4819586
2011-03-30,9.138,9.154,9.07,9.13,4048978
2011-03-31,9.174,9.174,8.974,8.974,3016278
2011-04-01,9.088,9.27,9.035,9.262,3605455
2011-04-04,9.208,9.28,9.186,9.21,2046123
2011-04-05,9.174,9.22,9.075,9.2,2297481
2011-04-06,9.226,9.311,9.084,9.224,4099659
2011-04-07,9.275,9.334,9.12,9.143,2731530
2011-04-08,9.288,9.323,9.231,9.295,2080457
2011-04-11,9.242,9.252,9.127,9.189,2156289
2011-04-12,9.036,9.098,8.861,8.902,3758977
2011-04-13,8.986,9.141,8.938,9.031,2615885
2011-04-14,8.93,8.983,8.783,8.87,4633475
2011-04-15,8.874,8.91,8.785,8.892,2350409
2011-04-18,8.854,8.875,8.402,8.466,7398608
2011-04-19,8.556,8.688,8.54,8.597,2553077
2011-04-20,8.804,9.03,8.804,8.991,4943877
2011-04-21,9.064,9.147,9.036,9.098,2222906
2011-04-26,9.058,9.205,9.032,9.192,1704055
2011-04-27,9.191,9.367,9.146,9.301,2636472
2011-04-28,9.406,9.464,9.289,9.453,4083565
2011-04-29,9.464,9.55,9.428,9.534,2536832
2011-05-02,9.661,9.67,9.546,9.546,2424907
2011-05-03,9.519,9.53,9.362,9.499,2114020
2011-05-04,9.431,9.591,9.207,9.27,2618437
2011-05-05,9.294,9.36,9.045,9.155,5858829
2011-05-06,9.18,9.423,9.099,9.398,3740807
2011-05-09,9.302,9.391,9.086,9.156,4523143
2011-05-10,9.22,9.46,9.175,9.377,3198966
2011-05-11,9.408,9.504,9.374,9.432,3035162
2011-05-12,9.186,9.272,9.095,9.26,3468779
2011-05-13,9.368,9.459,9.206,9.238,3943017
2011-05-16,9.068,9.237,9.042,9.19,4085470
2011-05-17,9.118,9.254,8.97,8.976,5935897
2011-05-18,9.156,9.188,9.034,9.108,3185447
2011-05-19,9.246,9.428,9.126,9.334,4558013
2011-05-20,9.416,9.514,9.214,9.255,3451124
2011-05-23,9.01,9.1,8.944,8.974,5251540
2011-05-24,9.006,9.08,8.964,9.005,3616562
2011-05-25,8.866,9.095,8.852,9.052,3424134
2011-05-26,9.114,9.155,8.955,9.021,4468784
2011-05-27,9.25,9.285,9.11,9.152,4216732
2011-05-30,9.154,9.215,9.067,9.124,2091477
2011-05-31,9.294,9.46,9.294,9.42,4995644
2011-06-01,9.464,9.477,9.195,9.24,2742402
2011-06-02,9.036,9.079,8.908,8.908,5874390
2011-06-03,8.904,8.974,8.69,8.896,5304389
2011-06-06,8.816,8.883,8.74,8.806,3831643
2011-06-07,8.782,8.916,8.758,8.842,3380268
2011-06-08,8.792,8.792,8.621,8.692,4974620
2011-06-09,8.69,8.89,8.604,8.858,4479227
2011-06-10,8.84,8.884,8.527,8.568,6979394
2011-06-13,8.583,8.683,8.53,8.58,2419125
2011-06-14,8.705,8.898,8.697,8.834,4043648
2011-06-15,8.748,8.804,8.543,8.571,5037110
2011-06-16,8.44,8.526,8.286,8.513,7175603
2011-06-17,8.404,8.744,8.288,8.65,5341743
2011-06-20,8.37,8.574,8.364,8.564,4010096
2011-06-21,8.679,8.896,8.641,8.872,4407143
2011-06-22,8.866,8.916,8.777,8.854,2652531
2011-06-23,8.728,8.762,8.41,8.486,5707855
2011-06-24,8.736,8.83,8.415,8.478,6092378
2011-06-27,8.483,8.548,8.39,8.51,2745233
2011-06-28,8.576,8.832,8.556,8.766,4914588
2011-06-29,8.891,9.148,8.89,9.08,7666251
2011-06-30,9.158,9.356,9.095,9.352,7028412
2011-07-01,9.35,9.56,9.266,9.472,5765587
2011-07-04,9.472,9.498,9.429,9.466,2713045
2011-07-05,9.436,9.46,9.336,9.384,1274829
2011-07-06,9.356,9.384,9.194,9.288,3847663
2011-07-07,9.354,9.562,9.276,9.37,5211342
2011-07-08,9.452,9.464,9.055,9.065,4263542
2011-07-11,8.922,8.947,8.488,8.588,10417990
2011-07-12,8.28,8.472,7.91,8.414,13065904
2011-07-13,8.324,8.54,8.296,8.504,5040465
2011-07-14,8.338,8.455,8.274,8.307,2902124
2011-07-15,8.202,8.3,8.12,8.202,3539417
2011-07-18,7.994,8.058,7.848,7.854,8999895
2011-07-19,7.948,8.108,7.93,8.064,4929969
2011-07-20,8.158,8.34,8.12,8.307,6528953
2011-07-21,8.429,8.694,8.125,8.585,8357940
2011-07-22,8.71,8.815,8.59,8.719,6520555
2011-07-25,8.574,8.722,8.547,8.574,6651862
2011-07-26,8.612,8.669,8.365,8.47,5098773
2011-07-27,8.352,8.392,8.115,8.228,6085903
2011-07-28,8.056,8.166,7.939,8.134,6622294
2011-07-29,7.888,8.03,7.726,7.946,7817472
2011-08-01,8.24,8.24,7.566,7.588,8621623
2011-08-02,7.55,7.603,7.316,7.332,11451982
2011-08-03,7.096,7.289,6.964,7.01,10281837
2011-08-04,7.2,7.204,6.44,6.472,10017171
2011-08-05,6.128,6.822,6.128,6.32,10719101
2011-08-08,6.263,6.539,5.725,5.725,12000225
2011-08-09,5.841,6.012,5.181,5.911,15628900
2011-08-10,6.096,6.12,5.268,5.268,16525249
2011-08-11,5.55,5.589,4.86,5.556,15641391
2011-08-12,5.486,6.022,5.3,5.983,12364712
2011-08-15,6.118,6.18,5.96,6.105,4461664
2011-08-16,5.987,6.073,5.82,6.065,4451702
2011-08-17,5.983,6.294,5.89,6.155,4602966
2011-08-18,5.962,6.05,5.316,5.498,9347048
2011-08-19,5.355,5.498,5.03,5.276,10844928
2011-08-22,5.25,5.611,5.23,5.376,8044487
2011-08-23,5.513,5.7,5.39,5.51,6793150
2011-08-24,5.61,5.805,5.48,5.688,5720405
2011-08-25,5.802,5.886,5.545,5.63,6368851
2011-08-26,5.636,5.636,5.242,5.514,7827439
2011-08-29,5.686,5.827,5.62,5.752,4191415
2011-08-30,5.862,5.896,5.654,5.77,6438864
2011-08-31,5.872,6.148,5.79,6.114,8352288
2011-09-01,6.156,6.277,5.938,6.164,8117793
2011-09-02,5.973,6.014,5.655,5.72,8684468
2011-09-05,5.494,5.506,5.112,5.238,9386443
2011-09-06,5.248,5.355,4.994,5.088,11792027
2011-09-07,5.318,5.448,5.25,5.44,5575230
2011-09-08,5.434,5.6,5.34,5.483,9083697
2011-09-09,5.448,5.462,5.063,5.11,6772041
2011-09-12,4.721,4.825,4.563,4.678,13333117
2011-09-13,4.802,4.836,4.392,4.81,13660867
2011-09-14,4.676,5.021,4.659,4.976,13676813
2011-09-15,5.096,5.456,5.027,5.317,9811095
2011-09-16,5.43,5.45,5.168,5.248,7429335
2011-09-19,5.04,5.11,4.909,4.977,6426141
2011-09-20,4.92,5.15,4.903,5.122,5668914
2011-09-21,5.053,5.1,4.932,4.984,5504937
2011-09-22,4.647,4.717,4.401,4.444,11557685
2011-09-23,4.545,4.565,4.154,4.521,17278844
2011-09-26,4.382,4.87,4.382,4.684,17068984
2011-09-27,4.906,5.203,4.87,5.196,11854503
2011-09-28,5.104,5.33,5.028,5.118,8968729
2011-09-29,5.096,5.35,5.084,5.219,9391730
2011-09-30,5.148,5.21,4.95,5.034,6082914
2011-10-03,4.788,4.953,4.753,4.89,4568769
2011-10-04,4.726,4.739,4.491,4.636,9775061
2011-10-05,4.86,5.03,4.749,5.03,8064634
2011-10-06,5.144,5.356,5.099,5.356,9693959
2011-10-07,5.348,5.55,5.294,5.43,8821241
2011-10-10,5.544,5.68,5.44,5.665,10846519
2011-10-11,5.61,5.654,5.505,5.637,7372404
2011-10-12,5.57,5.948,5.532,5.915,8475246
2011-10-13,5.896,5.999,5.687,5.755,6506434
2011-10-14,5.8,5.985,5.73,5.874,4628446
2011-10-17,5.952,6.05,5.624,5.682,7854881
2011-10-18,5.496,5.63,5.401,5.598,6470324
2011-10-19,5.662,5.746,5.574,5.66,7275259
2011-10-20,5.46,5.62,5.38,5.388,8075317
2011-10-21,5.466,5.686,5.418,5.667,6503103
2011-10-24,5.792,5.88,5.632,5.864,5875096
2011-10-25,5.822,5.895,5.6,5.691,5889070
2011-10-26,5.666,5.89,5.59,5.678,5718618
2011-10-27,6.12,6.406,5.984,6.397,14221164
2011-10-28,6.421,6.554,6.256,6.309,9479325
2011-10-31,6.156,6.169,5.91,5.91,7926020
2011-11-01,5.552,5.582,5.23,5.305,11715525
2011-11-02,5.442,5.506,5.21,5.426,9343811
2011-11-03,5.184,5.843,5.18,5.71,11848445
2011-11-04,5.784,5.838,5.424,5.462,8440939
2011-11-07,5.306,5.533,5.21,5.393,7270750
2011-11-08,5.418,5.705,5.418,5.525,7609379
2011-11-09,5.637,5.669,5.185,5.291,7678755
2011-11-10,5.134,5.472,5.126,5.271,8280634
2011-11-11,5.27,5.581,5.24,5.547,4512253
2011-11-14,5.65,5.695,5.345,5.413,6623092
2011-11-15,5.347,5.379,5.14,5.21,6082530
2011-11-16,5.162,5.39,5.15,5.263,5122071
2011-11-17,5.228,5.263,5.045,5.071,5836754
2011-11-18,5.0,5.134,4.974,5.03,5046831
2011-11-21,4.962,4.968,4.687,4.69,7343823
2011-11-22,4.823,4.845,4.616,4.616,4366862
2011-11-23,4.511,4.645,4.451,4.451,6206560
2011-11-24,4.567,4.627,4.397,4.455,5849694
2011-11-25,4.465,4.606,4.357,4.563,7241175
2011-11-28,4.704,5.059,4.685,5.059,7960297
2011-11-29,4.984,5.178,4.923,5.104,5841372
2011-11-30,5.012,5.58,4.977,5.528,11249029
2011-12-01,5.526,5.591,5.415,5.457,6247454
2011-12-02,5.596,5.71,5.525,5.569,6780805
2011-12-05,5.697,5.752,5.636,5.7,4662296
2011-12-06,5.604,5.726,5.573,5.63,3480107
2011-12-07,5.815,5.855,5.446,5.612,7873913
2011-12-08,5.742,5.742,5.312,5.324,6813109
2011-12-09,5.24,5.605,5.233,5.598,7831830
2011-12-12,5.492,5.569,5.308,5.308,4698273
2011-12-13,5.342,5.383,5.2,5.272,5336453
2011-12-14,5.173,5.247,4.924,4.924,7308362
2011-12-15,4.941,5.065,4.91,4.985,3445097
2011-12-16,5.001,5.045,4.888,4.898,4039176
2011-12-19,4.83,5.047,4.83,4.928,2587666
2011-12-20,4.891,5.2,4.873,5.2,4532563
2011-12-21,5.307,5.424,5.079,5.111,5928808
2011-12-22,5.236,5.283,5.185,5.251,2375341
2011-12-23,5.35,5.395,5.296,5.351,2054884
2011-12-27,5.403,5.457,5.34,5.349,1761468
2011-12-28,5.351,5.452,5.242,5.242,5808090
2011-12-29,5.281,5.449,5.22,5.449,2511085
2011-12-30,5.486,5.539,5.405,5.525,3069378
2012-01-02,5.568,5.756,5.533,5.756,3932780
2012-01-03,5.735,5.852,5.66,5.837,4432040
2012-01-04,5.782,5.84,5.639,5.661,5556116
2012-01-05,5.667,5.684,5.465,5.506,4752264
2012-01-06,5.565,5.64,5.406,5.458,2669127
2012-01-09,5.496,5.536,5.38,5.437,2340256
2012-01-10,5.573,5.747,5.537,5.719,3712534
2012-01-11,5.701,5.806,5.606,5.688,3374668
2012-01-12,5.722,5.87,5.64,5.673,4235443
2012-01-13,5.779,5.834,5.504,5.663,5409338
2012-01-16,5.57,5.79,5.569,5.753,3093659
2012-01-17,5.885,6.004,5.83,5.922,4767286
2012-01-18,5.918,6.047,5.804,5.91,3813149
2012-01-19,5.998,6.139,5.939,6.116,5122330
2012-01-20,6.155,6.169,6.042,6.105,3274214
2012-01-23,6.103,6.22,6.081,6.171,3772813
2012-01-24,6.096,6.117,6.0,6.102,5417127
2012-01-25,6.17,6.175,5.975,6.069,4142077
2012-01-26,6.148,6.287,6.113,6.257,3663395
2012-01-27,6.185,6.28,6.095,6.095,2757371
2012-01-30,6.008,6.029,5.894,5.894,3323068
2012-01-31,6.005,6.116,5.985,6.03,2980137
2012-02-01,6.115,6.28,6.103,6.257,3005835
2012-02-02,6.355,6.36,6.225,6.291,2641381
2012-02-03,6.273,6.484,6.245,6.463,3283154
2012-02-06,6.38,6.434,6.314,6.404,2236133
2012-02-07,6.455,6.467,6.305,6.431,2493434
2012-02-08,6.516,6.534,6.424,6.435,2920669
2012-02-09,6.487,6.571,6.433,6.478,3750382
2012-02-10,6.351,6.423,6.252,6.281,3053911
2012-02-13,6.399,6.435,6.256,6.318,1806287
2012-02-14,6.25,6.382,6.237,6.292,2066962
2012-02-15,6.398,6.454,6.295,6.352,1641120
2012-02-16,6.25,6.35,6.202,6.35,1592042
2012-02-17,6.486,6.568,6.465,6.521,2396373
2012-02-20,6.608,6.657,6.578,6.642,2786320
2012-02-21,6.653,6.675,6.528,6.625,2072728
2012-02-22,6.656,6.658,6.54,6.554,1504677
2012-02-23,6.522,6.635,6.466,6.556,2584099
2012-02-24,6.648,6.661,6.577,6.634,1349425
2012-02-27,6.556,6.576,6.42,6.538,2479417
2012-02-28,6.576,6.61,6.47,6.58,2133694
2012-02-29,6.63,6.712,6.557,6.56,2181830
2012-03-01,6.534,6.755,6.48,6.747,2286550
2012-03-02,6.766,6.805,6.728,6.745,1707406
2012-03-05,6.689,6.748,6.61,6.7,2197558
2012-03-06,6.635,6.654,6.237,6.237,6437090
2012-03-07,6.26,6.347,6.221,6.33,2234638
2012-03-08,6.419,6.65,6.41,6.65,2576134
2012-03-09,6.657,6.761,6.594,6.684,2266630
2012-03-12,6.64,6.711,6.61,6.696,956329
2012-03-13,6.783,6.928,6.77,6.92,3041015
2012-03-14,6.991,7.066,6.973,6.982,2084974
2012-03-15,6.963,7.048,6.943,7.044,1690557
2012-03-16,7.035,7.121,7.012,7.098,2335136
2012-03-19,7.053,7.066,6.996,7.061,2882056
2012-03-20,6.998,6.998,6.844,6.885,2718177
2012-03-21,6.956,7.006,6.762,6.863,1849981
2012-03-22,6.792,6.808,6.581,6.64,2715664
2012-03-23,6.662,6.715,6.488,6.67,3955741
2012-03-26,6.73,6.787,6.586,6.753,2608317
2012-03-27,6.81,6.89,6.613,6.634,2891626
2012-03-28,6.604,6.69,6.481,6.481,2755488
2012-03-29,6.45,6.5,6.27,6.296,4602179
2012-03-30,6.4,6.477,6.355,6.463,2465516
2012-04-02,6.482,6.6,6.349,6.599,3085471
2012-04-03,6.574,6.635,6.376,6.376,3005773
2012-04-04,6.332,6.332,6.02,6.043,7332171
2012-04-05,6.1,6.126,5.907,6.055,4832180
2012-04-10,5.9,5.952,5.684,5.684,4352018
2012-04-11,5.701,5.87,5.634,5.751,3879128
2012-04-12,5.762,5.893,5.647,5.864,5461786
2012-04-13,5.864,5.864,5.524,5.589,3403683
2012-04-16,5.525,5.772,5.525,5.624,3658992
2012-04-17,5.62,5.934,5.62,5.913,2813632
2012-04-18,5.882,5.932,5.691,5.74,5927906
2012-04-19,5.819,5.894,5.51,5.513,4851988
2012-04-20,5.5,5.618,5.451,5.568,4023502
2012-04-23,5.411,5.436,5.211,5.25,4802328
2012-04-24,5.305,5.513,5.276,5.479,4563374
2012-04-25,5.552,5.801,5.538,5.725,3354877
2012-04-26,5.723,5.812,5.57,5.71,2696492
2012-04-27,5.545,5.91,5.536,5.843,4242048
2012-04-30,5.867,5.87,5.646,5.66,2837198
2012-05-02,5.84,5.853,5.65,5.721,2112415
2012-05-03,5.795,5.883,5.654,5.714,3493516
2012-05-04,5.691,5.778,5.503,5.542,3092957
2012-05-07,5.386,5.752,5.343,5.727,3001445
2012-05-08,5.615,5.663,5.376,5.43,3696930
2012-05-09,5.457,5.508,5.257,5.346,4083345
2012-05-10,5.49,5.56,5.306,5.504,3236806
2012-05-11,5.44,5.55,5.349,5.53,3741426
2012-05-14,5.345,5.378,5.205,5.3,3941038
2012-05-15,5.376,5.422,5.13,5.226,5503841
2012-05-16,5.162,5.36,5.072,5.239,4134021
2012-05-17,5.241,5.244,5.085,5.118,2625361
2012-05-18,5.03,5.19,4.981,5.104,4035999
2012-05-21,5.076,5.242,5.04,5.174,2549327
2012-05-22,5.275,5.42,5.207,5.35,4251035
2012-05-23,5.231,5.282,5.075,5.112,5642248
2012-05-24,5.2,5.279,5.05,5.222,3744783
2012-05-25,5.289,5.335,5.147,5.251,2399573
2012-05-28,5.378,5.39,5.208,5.242,2279929
2012-05-29,5.362,5.436,5.22,5.378,3222670
2012-05-30,5.282,5.39,5.13,5.181,4606873
2012-05-31,5.195,5.261,5.068,5.167,4413133
2012-06-01,5.19,5.208,4.855,4.944,7940969
2012-06-04,4.923,5.08,4.887,4.972,6167876
2012-06-05,5.05,5.112,4.973,5.068,1986780
2012-06-06,5.156,5.345,5.124,5.3,3763706
2012-06-07,5.359,5.482,5.335,5.36,4930339
2012-06-08,5.275,5.363,5.2,5.321,2694638
2012-06-11,5.513,5.58,5.295,5.308,4457243
2012-06-12,5.334,5.398,5.205,5.319,2303753
2012-06-13,5.353,5.407,5.198,5.26,2735837
2012-06-14,5.258,5.276,5.133,5.269,3064833
2012-06-15,5.352,5.48,5.331,5.456,3592447
2012-06-18,5.623,5.629,5.364,5.414,3913081
2012-06-19,5.434,5.594,5.355,5.577,2644621
2012-06-20,5.588,5.635,5.522,5.619,2070545
2012-06-21,5.577,5.71,5.517,5.568,2912144
2012-06-22,5.44,5.568,5.43,5.49,2968623
2012-06-25,5.418,5.418,5.19,5.246,4338771
2012-06-26,5.28,5.291,5.18,5.207,2768374
2012-06-27,5.241,5.38,5.199,5.375,3283670
2012-06-28,5.41,5.41,5.235,5.344,3216607
2012-06-29,5.67,5.842,5.555,5.842,7055741
2012-07-02,5.835,6.057,5.81,6.003,7952774
2012-07-03,6.049,6.123,6.021,6.123,3833718
2012-07-04,6.09,6.122,6.04,6.115,4771123
2012-07-05,6.112,6.205,5.902,5.975,4911091
2012-07-06,5.913,5.97,5.753,5.753,2265326
2012-07-09,5.743,5.777,5.644,5.717,1582709
2012-07-10,5.735,5.885,5.69,5.778,2442173
2012-07-11,5.674,5.787,5.665,5.714,1484049
2012-07-12,5.644,5.715,5.56,5.634,2330482
2012-07-13,5.684,5.795,5.634,5.786,1978756
2012-07-16,5.749,5.8,5.697,5.782,1324596
2012-07-17,5.814,5.875,5.738,5.777,1487206
2012-07-18,5.853,5.985,5.832,5.985,2048041
2012-07-19,6.032,6.107,5.996,6.089,1746577
2012-07-20,6.054,6.085,5.826,5.83,3660310
2012-07-23,5.716,5.721,5.444,5.5,3241312
2012-07-24,5.549,5.555,5.405,5.406,2563523
2012-07-25,5.41,5.533,5.375,5.433,1722313
2012-07-26,5.434,5.85,5.38,5.826,4760182
2012-07-27,5.908,6.129,5.811,6.124,3803982
2012-07-30,6.192,6.32,6.161,6.267,3650760
2012-07-31,6.257,6.338,6.17,6.176,3037047
2012-08-01,6.228,6.309,6.186,6.292,2605226
2012-08-02,6.271,6.49,5.951,5.951,4349603
2012-08-03,5.986,6.45,5.97,6.45,3657569
2012-08-06,6.415,6.627,6.402,6.562,3805511
2012-08-07,6.558,6.768,6.558,6.766,3003469
2012-08-08,6.759,6.765,6.642,6.721,2272462
2012-08-09,6.792,6.812,6.646,6.784,2530952
2012-08-10,6.711,6.725,6.612,6.689,1178270
2012-08-13,6.671,6.763,6.598,6.654,2588284
2012-08-14,6.746,6.789,6.687,6.758,1308681
2012-08-15,6.681,6.805,6.649,6.748,1653589
2012-08-16,6.738,6.86,6.705,6.86,1767236
2012-08-17,6.901,6.946,6.848,6.896,1802236
2012-08-20,6.905,6.97,6.787,6.873,1920805
2012-08-21,6.944,7.041,6.925,7.008,1612436
2012-08-22,6.892,6.954,6.801,6.801,2030305
2012-08-23,6.917,6.92,6.611,6.679,1926864
2012-08-24,6.68,6.719,6.536,6.685,2104660
2012-08-27,6.625,6.794,6.606,6.79,1670460
2012-08-28,6.712,6.771,6.632,6.667,1437097
2012-08-29,6.677,6.687,6.562,6.599,1672146
2012-08-30,6.578,6.607,6.444,6.485,1298695
2012-08-31,6.452,6.682,6.445,6.588,1629746
2012-09-03,6.55,6.749,6.55,6.749,1759293
2012-09-04,6.739,6.75,6.535,6.545,2502182
2012-09-05,6.554,6.65,6.436,6.572,2918904
2012-09-06,6.632,6.97,6.599,6.968,4718348
2012-09-07,7.064,7.196,7.01,7.028,3156529
2012-09-10,7.041,7.06,6.962,6.979,1255353
2012-09-11,6.93,7.104,6.865,7.1,1729340
2012-09-12,7.116,7.255,7.02,7.125,3692231
2012-09-13,7.114,7.114,6.922,6.955,1955124
2012-09-14,7.237,7.298,7.166,7.273,3502519
2012-09-17,7.217,7.24,7.155,7.163,1404189
2012-09-18,7.067,7.103,6.949,7.0,3228645
2012-09-19,7.089,7.104,6.955,7.063,1663465
2012-09-20,6.949,7.025,6.881,6.986,2326019
2012-09-21,7.056,7.105,6.96,7.064,2309929
2012-09-24,6.984,7.015,6.895,6.957,1584580
2012-09-25,6.959,7.07,6.888,7.032,1767156
2012-09-26,6.865,6.88,6.652,6.658,3636093
2012-09-27,6.75,6.771,6.67,6.74,1790809
2012-09-28,6.809,6.819,6.435,6.435,3819584
2012-10-01,6.43,6.727,6.423,6.709,3888677
2012-10-02,6.573,6.772,6.547,6.629,1561077
2012-10-03,6.532,6.656,6.49,6.592,2338599
2012-10-04,6.692,6.695,6.525,6.577,2547183
2012-10-05,6.651,6.814,6.619,6.787,1886819
2012-10-08,6.648,6.68,6.587,6.587,1543730
2012-10-09,6.664,6.678,6.485,6.503,2666546
2012-10-10,6.451,6.522,6.436,6.436,1709591
2012-10-11,6.387,6.656,6.38,6.618,3534890
2012-10-12,6.547,6.64,6.527,6.527,1787526
2012-10-15,6.553,6.715,6.553,6.644,1853089
2012-10-16,6.737,6.948,6.677,6.948,2553090
2012-10-17,6.989,7.075,6.93,7.046,2026130
2012-10-18,7.053,7.12,6.983,7.087,1938813
2012-10-19,7.068,7.105,6.936,6.971,1560982
2012-10-22,6.92,7.023,6.855,6.881,1748564
2012-10-23,6.891,6.9,6.517,6.594,3898501
2012-10-24,6.651,6.692,6.507,6.656,2888913
2012-10-25,6.639,6.775,6.589,6.596,2690076
2012-10-26,6.519,6.731,6.482,6.7,2183583
2012-10-29,6.59,6.636,6.533,6.587,1809173
2012-10-30,6.64,6.791,6.64,6.776,1684154
2012-10-31,6.809,6.881,6.655,6.655,2492718
2012-11-01,6.612,6.875,6.612,6.84,2208295
2012-11-02,6.811,6.951,6.767,6.892,2175706
2012-11-05,6.79,6.831,6.738,6.738,1654579
2012-11-06,6.748,6.855,6.725,6.85,1397708
2012-11-07,6.991,6.993,6.578,6.58,4022069
2012-11-08,6.679,6.683,6.536,6.575,1700396
2012-11-09,6.576,6.668,6.44,6.641,3086688
2012-11-12,6.616,6.653,6.557,6.592,2379197
2012-11-13,6.513,6.675,6.442,6.662,3496107
2012-11-14,6.618,6.683,6.522,6.545,2442586
2012-11-15,6.468,6.542,6.445,6.479,2690211
2012-11-16,6.456,6.517,6.325,6.325,4243467
2012-11-19,6.457,6.71,6.43,6.682,3647365
2012-11-20,6.63,6.784,6.594,6.769,2252800
2012-11-21,6.745,6.864,6.711,6.834,2968830
2012-11-22,6.871,6.923,6.849,6.914,1691018
2012-11-23,6.94,7.039,6.852,7.039,2388388
2012-11-26,6.988,7.02,6.872,6.927,3530161
2012-11-27,7.048,7.049,6.889,6.925,1536446
2012-11-28,6.905,7.0,6.846,6.989,1157063
2012-11-29,7.06,7.21,7.058,7.198,2830761
2012-11-30,7.185,7.269,7.163,7.163,1706094
2012-12-03,7.207,7.344,7.184,7.203,2292954
2012-12-04,7.205,7.319,7.181,7.25,1601562
2012-12-05,7.343,7.36,7.23,7.29,2535175
2012-12-06,7.335,7.419,7.271,7.326,2193258
2012-12-07,7.378,7.426,7.29,7.351,2001550
2012-12-10,7.306,7.39,7.229,7.373,1419504
2012-12-11,7.386,7.532,7.364,7.497,1727814
2012-12-12,7.518,7.543,7.48,7.531,3852259
2012-12-13,7.553,7.561,7.466,7.491,1363485
2012-12-14,7.512,7.544,7.458,7.504,704800
2012-12-17,7.492,7.512,7.396,7.505,795969
2012-12-18,7.56,7.589,7.488,7.559,1305043
2012-12-19,7.595,7.646,7.566,7.628,908164
2012-12-20,7.576,7.661,7.571,7.634,839729
2012-12-21,7.593,7.635,7.515,7.625,1400170
2012-12-24,7.649,7.66,7.56,7.56,402231
2012-12-27,7.63,7.709,7.62,7.66,684920
2012-12-28,7.686,7.691,7.427,7.451,1155839
2012-12-31,7.41,7.586,7.393,7.481,644821
2013-01-02,7.808,7.894,7.727,7.894,2178408
2013-01-03,7.846,7.872,7.775,7.842,1056040
2013-01-04,7.786,7.895,7.745,7.881,1348266
2013-01-07,7.875,7.88,7.743,7.78,1054615
2013-01-08,7.732,7.89,7.73,7.786,1437656
2013-01-09,7.855,7.883,7.776,7.822,711214
2013-01-10,7.81,7.873,7.73,7.774,1444262
2013-01-11,7.822,7.822,7.688,7.777,1276969
2013-01-14,7.85,7.886,7.774,7.803,1299985
2013-01-15,7.764,7.836,7.715,7.757,889453
2013-01-16,7.738,7.825,7.676,7.789,1343686
2013-01-17,7.806,7.988,7.791,7.939,1488649
2013-01-18,7.985,8.013,7.908,7.917,985448
2013-01-21,7.988,8.024,7.924,8.022,370170
2013-01-22,8.021,8.025,7.862,7.928,1297479
2013-01-23,7.959,7.96,7.813,7.868,816580
2013-01-24,7.823,7.974,7.802,7.967,715373
2013-01-25,7.953,8.105,7.953,8.08,1541723
2013-01-28,8.094,8.133,8.055,8.103,793344
2013-01-29,8.097,8.135,8.024,8.122,1145258
2013-01-30,8.122,8.15,8.0,8.037,1066962
2013-01-31,8.009,8.01,7.86,7.89,1558806
2013-02-01,7.907,8.112,7.907,8.057,1213946
2013-02-04,8.062,8.071,7.589,7.589,3131162
2013-02-05,7.592,7.79,7.589,7.722,2279720
2013-02-06,7.67,7.773,7.421,7.506,3371777
2013-02-07,7.491,7.574,7.34,7.34,2858066
2013-02-08,7.39,7.544,7.36,7.52,1777351
2013-02-11,7.526,7.636,7.466,7.529,1713996
2013-02-12,7.504,7.676,7.485,7.671,944021
2013-02-13,7.686,7.774,7.621,7.722,1487878
2013-02-14,7.721,7.775,7.556,7.622,1579915
2013-02-15,7.605,7.71,7.56,7.578,710864
2013-02-18,7.532,7.605,7.482,7.596,1089463
2013-02-19,7.593,7.896,7.585,7.878,1821461
2013-02-20,7.85,7.912,7.74,7.767,1577360
2013-02-21,7.668,7.68,7.406,7.421,3396453
2013-02-22,7.513,7.751,7.507,7.75,2455833
2013-02-25,7.868,8.086,7.74,7.825,3498959
2013-02-26,7.361,7.59,7.351,7.398,5733672
2013-02-27,7.477,7.685,7.38,7.673,3313075
2013-02-28,7.743,7.827,7.65,7.802,2115906
2013-03-01,7.786,7.844,7.547,7.721,2939059
2013-03-04,7.622,7.808,7.598,7.748,1412484
2013-03-05,7.919,8.1,7.895,8.07,3470271
2013-03-06,8.082,8.165,7.996,8.008,3058521
2013-03-07,8.069,8.14,8.039,8.091,1629702
2013-03-08,8.18,8.342,8.18,8.296,2713857
2013-03-11,8.249,8.285,8.203,8.276,670598
2013-03-12,8.235,8.365,8.23,8.294,1028092
2013-03-13,8.272,8.3,8.2,8.287,1285184
2013-03-14,8.336,8.426,8.336,8.423,1733978
2013-03-15,8.401,8.404,8.248,8.3,2016911
2013-03-18,8.086,8.294,7.99,8.257,2244716
2013-03-19,8.196,8.235,7.996,8.059,1941951
2013-03-20,8.141,8.295,8.094,8.278,1691809
2013-03-21,8.218,8.226,7.96,8.054,2510745
2013-03-22,8.014,8.11,7.934,8.024,1738988
2013-03-25,8.259,8.303,7.796,7.843,3433550
2013-03-26,7.901,7.992,7.856,7.921,2465548
2013-03-27,7.97,7.977,7.581,7.765,4069836
2013-03-28,7.797,7.93,7.7,7.852,2410923
2013-04-02,7.901,8.181,7.896,8.149,1698287
2013-04-03,8.057,8.164,7.926,7.942,1885311
2013-04-04,8.023,8.113,7.785,7.823,2235323
2013-04-05,7.825,7.859,7.452,7.561,4103106
2013-04-08,7.637,7.681,7.55,7.576,4772178
2013-04-09,7.659,7.71,7.52,7.575,1824831
2013-04-10,7.66,7.91,7.645,7.876,2647967
2013-04-11,7.85,8.071,7.85,8.021,1915437
2013-04-12,7.975,8.0,7.776,7.825,2979415
2013-04-15,7.825,7.895,7.634,7.736,2372751
2013-04-16,7.673,7.79,7.596,7.646,2023878
2013-04-17,7.727,7.73,7.254,7.293,5039182
2013-04-18,7.352,7.43,7.211,7.287,3593864
2013-04-19,7.395,7.518,7.34,7.485,3977875
2013-04-22,7.6,7.62,7.417,7.506,1557547
2013-04-23,7.563,8.045,7.56,8.042,5671486
2013-04-24,8.048,8.33,8.048,8.3,5388400
2013-04-25,8.299,8.37,8.245,8.306,2976696
2013-04-26,8.255,8.255,8.09,8.179,2801552
2013-04-29,8.311,8.44,8.264,8.428,2468329
2013-04-30,8.494,8.503,8.331,8.375,2113162
2013-05-02,8.361,8.58,8.265,8.455,2893574
2013-05-03,8.504,8.712,8.427,8.697,2796388
2013-05-06,8.67,8.711,8.634,8.677,586893
2013-05-07,8.686,8.843,8.683,8.755,1157648
2013-05-08,8.757,8.915,8.754,8.914,1941423
2013-05-09,8.874,8.953,8.809,8.897,1162938
2013-05-10,8.942,9.104,8.922,9.013,1823917
2013-05-13,9.028,9.052,8.923,8.965,939506
2013-05-14,9.03,9.09,8.898,9.09,1086581
2013-05-15,9.05,9.18,9.024,9.149,1608753
2013-05-16,9.124,9.2,9.079,9.18,1443876
2013-05-17,9.152,9.358,9.102,9.286,2454978
2013-05-20,9.302,9.383,9.246,9.383,1262510
2013-05-21,9.387,9.482,9.278,9.482,1365614
2013-05-22,9.491,9.595,9.362,9.553,1772838
2013-05-23,9.158,9.244,9.037,9.168,4014637
2013-05-24,9.264,9.309,9.058,9.131,2138446
2013-05-27,9.287,9.318,9.221,9.297,1059013
2013-05-28,9.353,9.66,9.347,9.566,1856056
2013-05-29,9.439,9.442,9.196,9.233,3326190
2013-05-30,9.201,9.425,9.192,9.326,833499
2013-05-31,9.284,9.293,9.052,9.112,2080977
2013-06-03,9.046,9.255,8.842,8.997,2341094
2013-06-04,9.163,9.175,8.977,9.012,1072978
2013-06-05,8.891,8.965,8.695,8.695,4574964
2013-06-06,8.755,8.804,8.524,8.524,3700252
2013-06-07,8.519,8.841,8.454,8.769,3789670
2013-06-10,8.724,8.823,8.685,8.728,3240792
2013-06-11,8.648,8.658,8.354,8.516,5292552
2013-06-12,8.534,8.614,8.416,8.44,3323510
2013-06-13,8.247,8.475,8.154,8.447,3438921
2013-06-14,8.497,8.591,8.423,8.465,2400396
2013-06-17,8.592,8.82,8.55,8.731,2042313
2013-06-18,8.629,8.763,8.61,8.718,1069856
2013-06-19,8.723,8.76,8.548,8.63,2692785
2013-06-20,8.332,8.38,7.996,8.03,5385103
2013-06-21,8.11,8.19,7.841,7.841,2551287
2013-06-24,7.91,7.96,7.494,7.602,7065521
2013-06-25,7.739,7.844,7.683,7.82,2560799
2013-06-26,7.775,8.152,7.765,8.123,4092934
2013-06-27,8.088,8.368,8.04,8.28,2730707
2013-06-28,8.331,8.339,8.114,8.175,2118093
2013-07-01,8.324,8.393,8.12,8.303,1557990
2013-07-02,8.339,8.339,8.156,8.215,883776
2013-07-03,8.04,8.053,7.889,8.038,2775868
2013-07-04,8.157,8.5,8.127,8.49,3556918
2013-07-05,8.473,8.63,8.254,8.254,2388419
2013-07-08,8.411,8.64,8.379,8.561,1982032
2013-07-09,8.647,8.718,8.594,8.643,1757037
2013-07-10,8.662,8.7,8.508,8.636,2700937
2013-07-11,8.77,8.851,8.702,8.76,2669751
2013-07-12,8.805,8.84,8.652,8.697,2628017
2013-07-15,8.772,8.873,8.75,8.801,1996653
2013-07-16,8.83,8.83,8.663,8.678,1558255
2013-07-17,8.732,8.825,8.543,8.778,1569682
2013-07-18,8.743,9.017,8.743,9.017,2384929
2013-07-19,8.963,9.015,8.901,9.015,1295219
2013-07-22,9.035,9.105,8.964,9.085,1349165
2013-07-23,9.134,9.151,9.006,9.011,897718
2013-07-24,9.053,9.25,9.053,9.187,2109916
2013-07-25,9.165,9.206,8.985,9.152,1896493
2013-07-26,9.31,9.372,9.174,9.222,1740039
2013-07-29,9.315,9.364,9.186,9.209,1497304
2013-07-30,9.299,9.35,9.196,9.301,1490580
2013-07-31,9.266,9.39,9.187,9.308,1399040
2013-08-01,9.346,9.562,9.323,9.541,3367761
2013-08-02,9.577,9.61,9.481,9.558,2284615
2013-08-05,9.591,9.641,9.54,9.578,2038400
2013-08-06,9.599,9.66,9.415,9.505,1697354
2013-08-07,9.45,9.559,9.398,9.532,1115396
2013-08-08,9.589,9.68,9.51,9.644,1427301
2013-08-09,9.661,9.765,9.584,9.71,1420000
2013-08-12,9.747,9.766,9.578,9.691,1338210
2013-08-13,9.725,9.787,9.707,9.787,988587
2013-08-14,9.83,9.93,9.786,9.897,1605311
2013-08-15,9.883,9.883,9.604,9.785,1686103
2013-08-16,9.814,9.935,9.725,9.931,1142690
2013-08-19,9.898,9.9,9.728,9.753,1187447
2013-08-20,9.636,9.642,9.373,9.5,1916091
2013-08-21,9.549,9.566,9.424,9.43,1325049
2013-08-22,9.492,9.686,9.492,9.603,1649114
2013-08-23,9.594,9.692,9.46,9.676,1559006
2013-08-26,9.658,9.677,9.523,9.666,910653
2013-08-27,9.575,9.638,9.196,9.201,3265512
2013-08-28,9.147,9.224,9.035,9.16,1972094
2013-08-29,9.238,9.29,9.112,9.27,1475301
2013-08-30,9.246,9.274,9.038,9.038,1286181
2013-09-02,9.245,9.395,9.245,9.338,1765019
2013-09-03,9.352,9.365,9.1,9.2,1182108
2013-09-04,9.244,9.27,8.99,9.229,1975095
2013-09-05,9.232,9.37,9.169,9.359,1651836
2013-09-06,9.343,9.547,9.255,9.547,2094495
2013-09-09,9.51,9.54,9.429,9.493,1745678
2013-09-10,9.65,9.884,9.634,9.857,2215281
2013-09-11,9.813,9.9,9.796,9.881,1183980
2013-09-12,9.895,9.895,9.77,9.818,1409301
2013-09-13,9.783,9.875,9.767,9.865,1196594
2013-09-16,10.006,10.1,9.974,10.036,1777755
2013-09-17,9.996,10.057,9.944,10.009,786870
2013-09-18,10.02,10.123,9.954,10.119,686106
2013-09-19,10.33,10.402,10.22,10.279,2304510
2013-09-20,10.275,10.358,10.241,10.311,864733
2013-09-23,10.315,10.36,10.091,10.206,1434285
2013-09-24,10.209,10.335,10.182,10.28,1213593
2013-09-25,10.25,10.3,10.166,10.27,1714910
2013-09-26,10.303,10.309,10.157,10.242,1017473
2013-09-27,10.264,10.304,10.12,10.238,1040947
2013-09-30,10.009,10.06,9.91,10.029,1508205
2013-10-01,10.115,10.268,10.078,10.268,1290335
2013-10-02,10.153,10.206,9.99,10.089,1580121
2013-10-03,10.123,10.126,9.93,9.945,1125469
2013-10-04,9.973,10.18,9.93,10.112,1184377
2013-10-07,9.985,10.129,9.835,10.12,1498258
2013-10-08,10.115,10.161,9.967,9.973,1058750
2013-10-09,9.922,10.112,9.873,9.941,1260136
2013-10-10,10.053,10.39,10.038,10.373,1906793
2013-10-11,10.363,10.412,10.33,10.388,1869719
2013-10-14,10.285,10.393,10.245,10.393,652435
2013-10-15,10.463,10.59,10.445,10.558,1365701
2013-10-16,10.434,10.523,10.346,10.502,2245666
2013-10-17,10.445,10.495,10.307,10.481,1114174
2013-10-18,10.587,10.708,10.515,10.708,1521614
2013-10-21,10.693,10.693,10.616,10.653,942661
2013-10-22,10.614,10.82,10.596,10.747,972069
2013-10-23,10.636,10.637,10.528,10.579,1265844
2013-10-24,10.64,10.68,10.58,10.658,769296
2013-10-25,10.494,10.673,10.494,10.632,768441
2013-10-28,10.696,10.7,10.45,10.541,808903
2013-10-29,10.529,10.679,10.529,10.66,990432
2013-10-30,10.675,10.816,10.587,10.643,978596
2013-10-31,10.57,10.785,10.566,10.77,844201
2013-11-01,10.735,10.79,10.6,10.629,1411652
2013-11-04,10.713,10.745,10.652,10.713,1499928
2013-11-05,10.71,10.717,10.435,10.524,1026438
2013-11-06,10.612,10.76,10.61,10.695,1237342
2013-11-07,10.667,11.045,10.61,10.672,3128233
2013-11-08,10.536,10.61,10.321,10.563,2299109
2013-11-11,10.576,10.75,10.538,10.715,887670
2013-11-12,10.717,10.765,10.593,10.593,868340
2013-11-13,10.533,10.604,10.342,10.478,1651909
2013-11-14,10.728,10.737,10.56,10.685,1037188
2013-11-15,10.73,10.799,10.662,10.758,726904
2013-11-18,10.716,10.981,10.68,10.895,1568120
2013-11-19,10.808,10.808,10.613,10.651,1155464
2013-11-20,10.596,10.76,10.54,10.644,1148617
2013-11-21,10.459,10.629,10.407,10.575,1503668
2013-11-22,10.608,10.721,10.554,10.688,1005412
2013-11-25,10.766,10.834,10.746,10.8,943950
2013-11-26,10.768,10.821,10.687,10.687,819629
2013-11-27,10.747,10.816,10.68,10.755,965865
2013-11-28,10.787,10.86,10.776,10.814,620342
2013-11-29,10.783,10.853,10.778,10.778,256795
2013-12-02,10.837,10.85,10.669,10.728,795336
2013-12-03,10.66,10.671,10.166,10.166,4082156
2013-12-04,10.217,10.256,9.88,10.039,4195300
2013-12-05,9.986,10.096,9.819,9.819,3139021
2013-12-06,9.869,10.02,9.733,9.962,2856257
2013-12-09,10.0,10.017,9.87,9.984,1614463
2013-12-10,9.931,10.035,9.78,9.781,1032822
2013-12-11,9.795,9.955,9.746,9.762,951866
2013-12-12,9.72,9.777,9.614,9.677,1710164
2013-12-13,9.662,9.75,9.597,9.628,937397
2013-12-16,9.649,9.987,9.615,9.928,1888710
2013-12-17,9.822,9.832,9.701,9.701,1258999
2013-12-18,9.825,9.89,9.715,9.884,1015257
2013-12-19,10.124,10.258,10.058,10.211,2154062
2013-12-20,10.231,10.33,10.165,10.291,1235799
2013-12-23,10.333,10.406,10.27,10.406,898205
2013-12-24,10.428,10.482,10.385,10.415,651369
2013-12-27,10.557,10.717,10.511,10.702,1491026
2013-12-30,10.746,10.775,10.656,10.695,866219
2013-12-31,10.729,10.802,10.724,10.796,486474
2014-01-02,10.842,10.86,10.438,10.447,2173665
2014-01-03,10.534,10.608,10.457,10.538,2498621
2014-01-06,10.555,10.611,10.42,10.454,1239676
2014-01-07,10.472,10.645,10.386,10.613,1125247
2014-01-08,10.633,10.668,10.533,10.611,924840
2014-01-09,10.644,10.7,10.39,10.453,1534346
2014-01-10,10.56,10.66,10.473,10.569,1339475
2014-01-13,10.645,10.65,10.538,10.628,738464
2014-01-14,10.373,10.678,10.373,10.678,1105412
2014-01-15,10.727,10.96,10.715,10.949,1942465
2014-01-16,10.965,10.977,10.865,10.902,1016763
2014-01-17,10.942,11.012,10.868,10.942,1451674
2014-01-20,10.896,10.97,10.872,10.92,477738
2014-01-21,10.93,11.06,10.897,10.924,1210690
2014-01-22,10.989,11.042,10.846,10.94,601519
2014-01-23,10.948,11.007,10.64,10.719,1386231
2014-01-24,10.75,10.77,10.081,10.126,3826469
2014-01-27,10.135,10.168,9.998,10.024,3613375
2014-01-28,10.139,10.293,10.07,10.226,1453956
2014-01-29,10.436,10.516,9.83,10.082,3506728
2014-01-30,10.064,10.273,9.932,10.199,1331546
2014-01-31,10.195,10.24,9.8,10.129,3357093
2014-02-03,10.176,10.225,9.828,9.849,2818482
2014-02-04,9.799,9.961,9.72,9.89,1977414
2014-02-05,9.833,9.984,9.8,9.898,1702431
2014-02-06,9.98,10.29,9.921,10.227,2869804
2014-02-07,10.263,10.424,10.146,10.418,2212219
2014-02-10,10.49,10.535,10.427,10.46,1023701
2014-02-11,10.55,10.695,10.52,10.695,1620967
2014-02-12,10.743,10.898,10.717,10.8,1917809
2014-02-13,10.782,10.856,10.652,10.839,2744519
2014-02-14,10.871,10.975,10.798,10.97,2335334
2014-02-17,10.976,11.042,10.922,10.956,1565322
2014-02-18,10.955,10.969,10.797,10.932,1208289
2014-02-19,10.921,11.044,10.84,10.974,850404
2014-02-20,10.755,11.054,10.726,11.05,1759043
2014-02-21,11.099,11.192,11.041,11.179,914928
2014-02-24,11.174,11.364,11.146,11.364,941081
2014-02-25,11.277,11.361,11.193,11.361,1029381
2014-02-26,11.361,11.375,11.187,11.277,980091
2014-02-27,11.27,11.32,11.045,11.273,946687
2014-02-28,11.263,11.35,11.12,11.294,714367
2014-03-03,10.955,11.011,10.709,10.717,2096982
2014-03-04,10.982,11.26,10.946,11.23,1841563
2014-03-05,11.164,11.266,11.142,11.211,819139
2014-03-06,11.336,11.42,11.274,11.35,918319
2014-03-07,11.331,11.421,11.08,11.092,1028288
2014-03-10,11.14,11.35,10.986,11.111,1028389
2014-03-11,11.166,11.18,10.969,11.005,655525
2014-03-12,10.857,10.885,10.616,10.788,2972719
2014-03-13,10.829,10.855,10.511,10.511,2291603
2014-03-14,10.4,10.437,10.169,10.338,3549944
2014-03-17,10.348,10.625,10.34,10.592,2493639
2014-03-18,10.582,10.948,10.496,10.803,2591628
2014-03-19,10.817,10.882,10.71,10.777,1253043
2014-03-20,10.635,10.881,10.545,10.873,2234599
2014-03-21,10.964,11.0,10.846,10.911,1665736
2014-03-24,10.901,10.92,10.597,10.638,1588591
2014-03-25,10.766,11.02,10.766,10.979,1677413
2014-03-26,11.058,11.26,11.049,11.19,1728059
2014-03-27,11.141,11.22,11.066,11.161,933699
2014-03-28,11.226,11.322,11.21,11.319,1520200
2014-03-31,11.406,11.425,11.219,11.227,1350544
2014-04-01,11.32,11.47,11.27,11.393,1096021
2014-04-02,11.415,11.456,11.371,11.411,634595
2014-04-03,11.399,11.62,11.347,11.514,2393198
2014-04-04,11.558,11.755,11.5,11.695,1345107
2014-04-07,11.589,11.591,11.43,11.463,1422337
2014-04-08,11.498,11.508,11.174,11.392,1556775
2014-04-09,11.427,11.538,11.398,11.479,1307689
2014-04-10,11.555,11.598,11.3,11.333,1442470
2014-04-11,11.118,11.179,10.922,11.097,3736179
2014-04-14,11.041,11.19,10.862,11.185,2945423
2014-04-15,11.194,11.287,10.983,11.002,2099614
2014-04-16,11.262,11.283,11.137,11.283,1509344
2014-04-17,11.332,11.43,11.23,11.419,1586770
2014-04-22,11.516,11.717,11.489,11.682,1247499
2014-04-23,11.643,11.656,11.509,11.536,1140779
2014-04-24,11.669,11.781,11.475,11.672,3097965
2014-04-25,11.618,11.66,11.45,11.511,1200623
2014-04-28,11.621,11.69,11.51,11.605,1357596
2014-04-29,11.685,11.838,11.57,11.799,1713551
2014-04-30,11.764,11.797,11.689,11.78,1128766
2014-05-02,11.743,11.813,11.61,11.66,1929729
2014-05-05,11.607,11.731,11.372,11.704,1187410
2014-05-06,11.76,11.77,11.48,11.509,1598219
2014-05-07,11.436,11.665,11.414,11.636,2363199
2014-05-08,11.699,11.94,11.605,11.936,2031376
2014-05-09,11.887,11.887,11.74,11.803,1736027
2014-05-12,11.853,12.016,11.841,11.995,759595
2014-05-13,12.035,12.1,12.0,12.062,769880
2014-05-14,12.083,12.09,12.008,12.075,442651
2014-05-15,12.031,12.13,11.737,11.78,1559032
2014-05-16,11.816,11.864,11.66,11.864,1337774
2014-05-19,11.841,11.96,11.657,11.933,845085
2014-05-20,11.923,12.0,11.858,11.893,785920
2014-05-21,11.789,12.0,11.744,11.974,970544
2014-05-22,12.019,12.05,11.89,12.024,1288880
2014-05-23,12.009,12.121,11.986,12.101,786696
2014-05-26,12.13,12.287,12.13,12.287,850280
2014-05-27,12.253,12.357,12.225,12.324,560200
2014-05-28,12.295,12.36,12.26,12.332,880064
2014-05-29,12.329,12.357,12.28,12.357,820575
2014-05-30,12.244,12.341,12.18,12.295,1986278
2014-06-02,12.393,12.4,12.27,12.35,1050771
2014-06-03,12.321,12.355,12.261,12.291,954845
2014-06-04,12.248,12.318,12.106,12.267,1360297
2014-06-05,12.269,12.7,12.201,12.522,2115667
2014-06-06,12.565,12.745,12.485,12.7,1207458
2014-06-09,12.716,12.765,12.649,12.765,1093486
2014-06-10,12.754,12.804,12.7,12.778,1068281
2014-06-11,12.742,12.742,12.57,12.592,1074576
2014-06-12,12.585,12.691,12.527,12.574,1046532
2014-06-13,12.536,12.588,12.312,12.519,2544681
2014-06-16,12.437,12.498,12.325,12.333,890250
2014-06-17,12.407,12.492,12.322,12.468,2471105
2014-06-18,12.509,12.558,12.432,12.432,1499818
2014-06-19,12.642,12.72,12.588,12.614,1089158
2014-06-20,12.579,12.67,12.489,12.489,727127
2014-06-23,12.466,12.492,12.24,12.35,2282247
2014-06-24,12.462,12.465,12.348,12.37,468483
2014-06-25,12.297,12.297,12.02,12.094,2771239
2014-06-26,12.143,12.158,11.81,11.975,3080198
2014-06-27,12.005,12.09,11.901,11.976,809949
2014-06-30,11.974,12.07,11.793,11.888,1120301
2014-07-01,11.972,12.105,11.934,12.087,1013053
2014-07-02,12.054,12.125,11.958,11.988,1706363
2014-07-03,11.959,12.248,11.958,12.248,1518224
2014-07-04,12.188,12.24,12.124,12.124,229198
2014-07-07,12.035,12.101,11.778,11.794,1397303
2014-07-08,11.88,11.88,11.463,11.463,1800899
2014-07-09,11.495,11.563,11.388,11.552,1207887
2014-07-10,11.498,11.52,11.102,11.236,3089403
2014-07-11,11.271,11.388,11.221,11.311,1570882
2014-07-14,11.363,11.514,11.35,11.494,304800
2014-07-15,11.445,11.491,11.235,11.252,1085762
2014-07-16,11.363,11.61,11.363,11.59,724931
2014-07-17,11.458,11.543,11.268,11.297,1064776
2014-07-18,11.175,11.416,11.14,11.416,1157463
2014-07-21,11.376,11.381,11.19,11.238,1313988
2014-07-22,11.352,11.597,11.298,11.573,1195711
2014-07-23,11.531,11.715,11.524,11.609,933241
2014-07-24,11.58,11.812,11.455,11.789,844011
2014-07-25,11.661,11.7,11.283,11.368,1424345
2014-07-28,11.467,11.491,11.244,11.439,1088367
2014-07-29,11.511,11.676,11.371,11.536,1223452
2014-07-30,11.451,11.62,11.215,11.268,2048088
2014-07-31,11.357,11.4,10.875,10.922,2893715
2014-08-01,10.91,10.91,10.573,10.702,3558647
2014-08-04,10.757,10.873,10.692,10.767,2120280
2014-08-05,10.838,10.945,10.76,10.85,745042
2014-08-06,10.688,10.784,10.515,10.706,1384486
2014-08-07,10.646,10.724,10.4,10.428,2124892
2014-08-08,10.297,10.5,10.22,10.41,1512299
2014-08-11,10.538,10.7,10.492,10.646,1123339
2014-08-12,10.552,10.635,10.43,10.481,1970929
2014-08-13,10.587,10.694,10.57,10.637,1069511
2014-08-14,10.54,10.764,10.499,10.701,1617547
2014-08-15,10.747,10.96,10.49,10.538,3535006
2014-08-18,10.839,10.88,10.724,10.816,1638993
2014-08-19,10.851,10.97,10.84,10.945,1690954
2014-08-20,10.901,10.942,10.75,10.885,1231538
2014-08-21,10.881,11.133,10.822,11.128,1456580
2014-08-22,11.106,11.13,10.83,10.929,2425187
2014-08-25,11.2,11.375,11.1,11.373,2257328
2014-08-26,11.372,11.661,11.333,11.642,1813949
2014-08-27,11.639,11.695,11.582,11.668,2862522
2014-08-28,11.637,11.652,11.444,11.516,2082941
2014-08-29,11.596,11.65,11.36,11.581,1363066
2014-09-01,11.632,11.64,11.465,11.589,1067762
2014-09-02,11.615,11.705,11.545,11.559,1915992
2014-09-03,11.669,11.925,11.65,11.79,3213400
2014-09-04,11.731,12.26,11.696,12.186,2936086
2014-09-05,12.178,12.204,12.046,12.131,1053072
2014-09-08,12.083,12.148,12.014,12.075,1517774
2014-09-09,12.063,12.125,11.931,11.967,1066482
2014-09-10,11.92,12.003,11.867,11.97,498870
2014-09-11,12.0,12.006,11.74,11.89,1069619
2014-09-12,11.922,11.934,11.781,11.898,394366
2014-09-15,11.801,11.89,11.778,11.83,285265
2014-09-16,11.79,11.791,11.623,11.731,903281
2014-09-17,11.842,11.914,11.751,11.841,799824
2014-09-18,11.902,12.055,11.87,12.011,1533598
2014-09-19,12.149,12.164,11.958,11.982,1505935
2014-09-22,11.914,12.006,11.851,11.9,970437
2014-09-23,11.802,11.809,11.443,11.495,2334857
2014-09-24,11.509,11.792,11.426,11.784,2016821
2014-09-25,11.764,11.865,11.42,11.47,1720455
2014-09-26,11.441,11.757,11.385,11.662,1142719
2014-09-29,11.677,11.703,11.349,11.48,2290695
2014-09-30,11.602,11.88,11.55,11.785,2051409
2014-10-01,11.734,11.826,11.442,11.522,1957494
2014-10-02,11.449,11.542,10.871,10.871,3664585
2014-10-03,11.012,11.149,10.956,11.063,828588
2014-10-06,11.196,11.274,11.045,11.097,1526570
2014-10-07,10.975,10.997,10.685,10.703,2246594
2014-10-08,10.632,10.703,10.408,10.5,2176458
2014-10-09,10.734,10.734,10.254,10.346,2451644
2014-10-10,10.199,10.266,9.965,10.007,3377857
2014-10-13,9.844,10.168,9.833,10.052,2792339
2014-10-14,9.939,10.132,9.723,10.093,2161655
2014-10-15,10.041,10.13,9.33,9.361,3792907
2014-10-16,9.525,9.591,8.622,9.257,3844360
2014-10-17,9.328,9.83,9.243,9.792,3656598
2014-10-20,9.701,9.78,9.442,9.581,2376551
2014-10-21,9.546,10.031,9.46,10.01,2307254
2014-10-22,10.06,10.16,9.93,10.125,1263248
2014-10-23,9.952,10.439,9.838,10.381,2925023
2014-10-24,10.229,10.38,10.19,10.275,2742065
2014-10-27,10.445,10.445,9.94,10.1,1546924
2014-10-28,10.159,10.256,10.11,10.177,1089510
2014-10-29,10.262,10.28,10.14,10.163,1061441
2014-10-30,10.319,10.36,9.87,10.316,1317514
2014-10-31,10.578,10.835,10.51,10.757,3054656
2014-11-03,10.702,10.807,10.519,10.578,2295708
2014-11-04,10.511,10.643,10.187,10.252,1064313
2014-11-05,10.433,10.663,10.32,10.634,1188535
2014-11-06,10.543,11.0,10.494,10.726,2303923
2014-11-07,10.778,10.778,10.393,10.549,2856997
2014-11-10,10.499,10.71,10.499,10.698,1368970
2014-11-11,10.734,10.868,10.722,10.825,657224
2014-11-12,10.771,10.818,10.468,10.495,1781451
2014-11-13,10.615,10.704,10.358,10.54,1927320
2014-11-14,10.625,10.647,10.42,10.615,1523223
2014-11-17,10.466,10.79,10.427,10.712,2196478
2014-11-18,10.758,10.94,10.723,10.9,1139275
2014-11-19,10.9,11.05,10.847,10.929,2182585
2014-11-20,10.884,10.893,10.599,10.772,2799896
2014-11-21,10.848,11.38,10.81,11.317,2666701
2014-11-24,11.36,11.612,11.36,11.448,1991593
2014-11-25,11.435,11.63,11.42,11.513,2476795
2014-11-26,11.559,11.61,11.423,11.482,1739906
2014-11-27,11.506,11.602,11.44,11.536,1159631
2014-11-28,11.485,11.569,11.376,11.569,824819
2014-12-01,11.411,11.531,11.28,11.51,775724
2014-12-02,11.604,11.76,11.488,11.57,984700
2014-12-03,11.57,11.66,11.52,11.568,714686
2014-12-04,11.619,11.785,11.154,11.233,1645032
2014-12-05,11.412,11.75,11.402,11.712,1304182
2014-12-08,11.619,11.662,11.505,11.507,976881
2014-12-09,11.3,11.335,10.897,10.932,2768006
2014-12-10,11.02,11.136,10.675,10.746,1904213
2014-12-11,10.707,10.85,10.57,10.713,1877895
2014-12-12,10.551,10.606,10.08,10.131,3171363
2014-12-15,10.25,10.399,9.619,9.66,2578134
2014-12-16,9.709,10.072,9.26,10.061,5174891
2014-12-17,9.863,10.258,9.78,10.168,4118351
2014-12-18,10.489,10.83,10.384,10.814,3609076
2014-12-19,11.03,11.049,10.605,10.806,2561912
2014-12-22,10.877,11.082,10.785,10.856,2486150
2014-12-23,10.913,11.16,10.885,11.16,2046977
2014-12-24,11.184,11.199,11.054,11.12,251150
2014-12-29,11.096,11.18,10.836,11.176,1249192
2014-12-30,10.981,11.085,10.815,10.815,3118688
2014-12-31,10.885,10.961,10.862,10.872,426886
2015-01-02,11.079,11.09,10.665,10.84,1819076
2015-01-05,10.651,10.967,10.087,10.134,3215209
2015-01-06,10.174,10.32,9.934,9.996,2433482
2015-01-07,10.039,10.287,9.97,10.113,2831438
2015-01-08,10.392,10.892,10.37,10.852,2581121
2015-01-09,10.764,10.917,10.286,10.436,3133458
2015-01-12,10.54,10.8,10.37,10.672,3063219
2015-01-13,10.595,11.099,10.59,10.976,1730741
2015-01-14,10.647,11.058,10.556,10.661,3383248
2015-01-15,10.905,11.225,10.405,11.14,4103220
2015-01-16,11.101,11.477,10.998,11.436,3089375
2015-01-19,11.44,11.67,11.37,11.51,1175627
2015-01-20,11.595,11.873,11.59,11.781,2651128
2015-01-21,11.867,11.984,11.577,11.984,4126542
2015-01-22,11.963,12.444,11.87,12.34,3538897
2015-01-23,12.523,13.02,12.52,12.832,4562135
2015-01-26,12.75,13.054,12.713,13.024,3254677
2015-01-27,13.046,13.046,12.574,12.747,2102228
2015-01-28,12.94,12.961,12.515,12.682,735827
2015-01-29,12.525,12.798,12.479,12.792,847391
2015-01-30,12.932,12.954,12.522,12.648,896054
2015-02-02,12.7,12.886,12.525,12.763,999212
2015-02-03,12.896,13.17,12.896,13.036,1299044
2015-02-04,13.1,13.138,12.9,13.138,1850890
2015-02-05,12.911,13.202,12.87,13.185,1078551
2015-02-06,13.086,13.21,13.043,13.107,1176501
2015-02-09,12.875,12.952,12.673,12.893,2156043
2015-02-10,12.927,13.264,12.813,13.135,1744231
2015-02-11,13.096,13.135,12.94,13.046,1754841
2015-02-12,13.031,13.427,12.994,13.3,1229655
2015-02-13,13.433,13.607,13.405,13.481,1535897
2015-02-16,13.508,13.529,13.426,13.437,460452
2015-02-17,13.276,13.537,13.064,13.459,1668274
2015-02-18,13.602,13.76,13.593,13.716,1107735
2015-02-19,13.665,13.956,13.565,13.923,1575055
2015-02-20,13.849,13.939,13.62,13.901,1741564
2015-02-23,14.123,14.167,13.901,14.058,1239614
2015-02-24,14.115,14.293,13.972,14.225,831385
2015-02-25,14.256,14.266,14.083,14.186,1043713
2015-02-26,14.2,14.353,14.169,14.345,564820
2015-02-27,14.385,14.585,14.318,14.585,1175778
2015-03-02,14.562,14.59,14.294,14.389,1419072
2015-03-03,14.446,14.507,14.093,14.125,1418042
2015-03-04,14.25,14.376,14.049,14.376,1279793
2015-03-05,14.467,14.72,14.45,14.638,1011294
2015-03-06,14.639,14.795,14.577,14.658,1150046
2015-03-09,14.495,14.58,14.395,14.518,1314674
2015-03-10,14.506,14.525,14.109,14.198,1478413
2015-03-11,14.318,14.88,14.303,14.843,1196490
2015-03-12,14.784,14.867,14.75,14.792,660628
2015-03-13,14.814,14.92,14.677,14.91,1037290
2015-03-16,14.99,15.28,14.99,15.206,1123247
2015-03-17,15.271,15.308,14.893,15.04,1506674
2015-03-18,15.048,15.108,14.872,15.058,1457305
2015-03-19,15.135,15.22,14.9,15.079,1061330
2015-03-20,15.132,15.493,15.07,15.382,1191219
2015-03-23,15.362,15.362,15.11,15.223,1428603
2015-03-24,15.137,15.526,15.078,15.437,1442968
2015-03-25,15.338,15.428,14.977,15.045,1891424
2015-03-26,14.897,14.953,14.494,14.941,2817327
2015-03-27,15.0,15.197,14.922,15.092,975756
2015-03-30,15.264,15.488,15.263,15.402,1234634
2015-03-31,15.326,15.49,15.062,15.097,1412149
2015-04-01,14.954,15.554,14.929,15.264,2266157
2015-04-02,15.286,15.376,15.24,15.328,391824
2015-04-07,15.479,15.891,15.478,15.785,767568
2015-04-08,15.783,15.902,15.65,15.717,802463
2015-04-09,15.88,16.148,15.841,16.148,1001728
2015-04-10,16.24,16.351,16.167,16.337,792305
2015-04-13,16.308,16.482,16.238,16.423,1410023
2015-04-14,16.398,16.48,16.05,16.225,1413730
2015-04-15,16.288,16.536,16.219,16.437,1278795
2015-04-16,16.324,16.444,16.19,16.254,1207872
2015-04-17,16.206,16.343,15.65,15.731,2605270
2015-04-20,15.86,16.02,15.791,16.02,1787506
2015-04-21,16.2,16.419,15.971,16.101,3237555
2015-04-22,16.232,16.313,15.795,16.203,2546571
2015-04-23,16.286,16.302,15.804,16.003,1999886
2015-04-24,16.246,16.295,15.928,16.121,1216642
2015-04-27,16.05,16.677,15.75,16.57,1934742
2015-04-28,16.481,16.481,15.78,16.018,2253100
2015-04-29,16.189,16.193,15.145,15.186,3042355
2015-04-30,15.197,15.4,14.916,15.352,2607970
2015-05-04,15.306,15.685,15.08,15.49,1749778
2015-05-05,15.441,15.834,14.83,14.899,2645689
2015-05-06,14.809,15.105,14.629,14.918,2333508
2015-05-07,14.679,14.94,14.315,14.878,1933310
2015-05-08,14.993,15.617,14.944,15.578,1301684
2015-05-11,15.452,15.463,15.25,15.368,1163147
2015-05-12,15.094,15.125,14.73,15.058,1963948
2015-05-13,15.22,15.486,14.876,14.998,1914801
2015-05-14,14.855,15.465,14.614,15.37,1044279
2015-05-15,15.451,15.603,15.0,15.082,1491180
2015-05-18,15.09,15.4,14.815,15.312,1130071
2015-05-19,15.637,15.99,15.637,15.954,1684531
2015-05-20,15.939,16.132,15.814,16.101,2101586
2015-05-21,16.079,16.206,15.905,16.168,597243
2015-05-22,16.184,16.25,16.024,16.17,911563
2015-05-26,16.105,16.222,15.695,15.831,969988
2015-05-27,16.052,16.52,15.86,16.447,1818123
2015-05-28,16.316,16.358,15.931,16.201,852778
2015-05-29,16.196,16.2,15.36,15.372,1759348
2015-06-01,15.51,15.715,15.295,15.492,1334455
2015-06-02,15.607,15.607,15.1,15.387,1592019
2015-06-03,15.445,15.9,15.31,15.564,1351939
2015-06-04,15.26,15.641,14.84,15.272,2290035
2015-06-05,15.023,15.163,14.71,14.871,1675325
2015-06-08,14.709,14.915,14.557,14.557,1999131
2015-06-09,14.53,14.614,14.12,14.515,1950232
2015-06-10,14.36,15.16,14.298,15.025,1825185
2015-06-11,14.967,15.55,14.956,15.239,1609745
2015-06-12,15.067,15.246,14.51,14.824,2422087
2015-06-15,14.454,14.645,14.244,14.315,1598293
2015-06-16,14.15,14.553,13.896,14.444,2711323
2015-06-17,14.418,14.55,14.062,14.158,2296718
2015-06-18,14.09,14.262,13.707,14.236,2215218
2015-06-19,14.22,14.63,14.189,14.292,1989433
2015-06-22,15.005,15.452,14.868,15.389,2801763
2015-06-23,15.6,15.876,15.537,15.771,2095459
2015-06-24,15.754,15.806,15.39,15.686,2542585
2015-06-25,15.516,15.974,15.4,15.685,1577569
2015-06-26,15.466,16.03,15.344,15.817,1981738
2015-06-29,14.474,15.1,14.38,14.633,2445521
2015-06-30,14.491,14.76,14.14,14.175,3708083
2015-07-01,14.346,15.039,14.28,14.7,2765820
2015-07-02,14.75,14.825,14.4,14.423,1232764
2015-07-03,14.36,14.484,14.082,14.269,1818182
2015-07-06,13.691,14.063,13.608,13.68,2901505
2015-07-07,13.652,13.759,13.044,13.096,2718213
2015-07-08,13.112,13.448,13.04,13.259,1266741
2015-07-09,13.395,14.035,13.372,13.925,1983198
2015-07-10,14.587,14.887,14.472,14.767,2857906
2015-07-13,15.257,15.42,15.1,15.341,3853652
2015-07-14,15.286,15.552,15.242,15.552,1768721
2015-07-15,15.531,15.701,15.461,15.65,1479680
2015-07-16,15.808,16.27,15.8,16.095,3137174
2015-07-17,16.173,16.208,16.025,16.137,2148150
2015-07-20,16.222,16.507,16.175,16.23,1105857
2015-07-21,16.31,16.324,15.942,16.017,1360345
2015-07-22,15.864,15.97,15.808,15.873,949967
2015-07-23,16.062,16.062,15.772,15.899,475051
2015-07-24,15.838,16.106,15.674,15.733,1112100
2015-07-27,15.523,15.533,14.892,14.919,1879310
2015-07-28,15.104,15.33,14.968,15.195,1644621
2015-07-29,15.414,15.48,15.153,15.441,735263
2015-07-30,15.635,15.72,15.35,15.611,912860
2015-07-31,15.688,15.855,15.56,15.842,1420062
2015-08-03,15.86,16.114,15.738,16.073,828730
2015-08-04,15.969,16.032,15.8,16.013,787967
2015-08-05,16.185,16.59,16.185,16.56,1372426
2015-08-06,16.455,16.69,16.43,16.535,1835830
2015-08-07,16.425,16.527,16.276,16.302,1028956
2015-08-10,16.457,16.567,16.157,16.547,1315702
2015-08-11,16.414,16.423,15.916,15.961,2078506
2015-08-12,15.491,15.491,14.745,14.881,3910131
2015-08-13,15.324,15.449,15.131,15.213,2975579
2015-08-14,15.248,15.409,14.939,15.041,1024956
2015-08-17,15.412,15.46,14.811,15.217,1142787
2015-08-18,15.186,15.315,15.026,15.132,1260500
2015-08-19,14.992,15.0,14.597,14.597,1686059
2015-08-20,14.553,14.577,13.94,13.992,3080706
2015-08-21,13.715,13.952,13.1,13.1,3417178
2015-08-24,12.377,12.59,10.9,11.754,5896155
2015-08-25,12.123,12.82,11.923,12.657,4039831
2015-08-26,12.207,12.751,11.902,12.311,3273914
2015-08-27,12.875,13.32,12.789,13.15,3228511
2015-08-28,13.227,13.253,12.956,13.253,2124423
2015-08-31,13.073,13.164,12.88,13.134,1562442
2015-09-01,12.757,12.825,12.26,12.495,2327021
2015-09-02,12.591,12.83,12.356,12.581,1021661
2015-09-03,12.801,13.335,12.77,13.119,2326691
2015-09-04,12.818,12.868,12.26,12.398,2478945
2015-09-07,12.722,12.75,12.395,12.53,771401
2015-09-08,12.757,13.11,12.755,12.795,1644978
2015-09-09,13.34,13.54,13.147,13.161,2154909
2015-09-10,12.94,13.161,12.7,12.789,2722856
2015-09-11,12.864,12.864,12.485,12.507,1721882
2015-09-14,12.536,12.781,12.32,12.343,2195944
2015-09-15,12.451,12.748,12.245,12.618,1696543
2015-09-16,12.852,13.087,12.85,13.041,871247
2015-09-17,13.133,13.155,12.95,13.094,857972
2015-09-18,12.75,12.894,12.194,12.429,3812698
2015-09-21,12.436,12.806,12.413,12.7,1968018
2015-09-22,12.63,12.641,11.751,11.833,3967455
2015-09-23,11.938,12.164,11.677,11.853,2888336
2015-09-24,11.797,11.965,11.191,11.395,3855211
2015-09-25,11.777,12.266,11.777,12.083,2855874
2015-09-28,11.997,12.065,11.36,11.468,1634340
2015-09-29,11.123,11.57,11.044,11.388,2315213
2015-09-30,11.84,12.07,11.749,11.972,1973753
2015-10-01,12.261,12.356,11.709,11.816,2490130
2015-10-02,12.074,12.3,11.597,11.992,2988986
2015-10-05,12.472,12.91,12.359,12.813,3848733
2015-10-06,12.835,13.215,12.676,13.066,2890673
2015-10-07,13.148,13.451,13.027,13.106,2621319
2015-10-08,13.117,13.223,12.972,13.164,1364941
2015-10-09,13.439,13.504,13.25,13.295,1118849
2015-10-12,13.273,13.379,13.09,13.246,986210
2015-10-13,13.079,13.079,12.74,12.996,1630698
2015-10-14,12.748,13.108,12.65,12.819,1297544
2015-10-15,12.985,13.225,12.881,13.17,855543
2015-10-16,13.267,13.427,13.194,13.328,1112286
2015-10-19,13.353,13.57,13.226,13.334,1195437
2015-10-20,13.324,13.383,13.03,13.169,1088364
2015-10-21,13.223,13.41,12.985,13.284,795342
2015-10-22,13.15,13.976,13.133,13.883,1579180
2015-10-23,14.074,14.713,14.074,14.585,4091941
2015-10-26,14.473,14.595,14.34,14.438,1217198
2015-10-27,14.321,14.43,14.167,14.167,1329792
2015-10-28,14.253,14.506,14.151,14.4,1110038
2015-10-29,14.424,14.429,14.11,14.362,1649482
2015-10-30,14.447,14.505,14.245,14.418,895615
2015-11-02,14.202,14.669,14.193,14.534,1289753
2015-11-03,14.505,14.654,14.41,14.654,954792
2015-11-04,14.725,14.991,14.681,14.729,1374568
2015-11-05,14.806,15.073,14.632,14.912,1516329
2015-11-06,14.806,15.105,14.627,14.937,1665850
2015-11-09,14.882,14.91,14.475,14.51,1147821
2015-11-10,14.617,14.65,14.283,14.517,1016993
2015-11-11,14.578,14.888,14.578,14.761,1444183
2015-11-12,14.566,14.82,14.148,14.186,1759638
2015-11-13,14.1,14.2,13.641,13.91,2096923
2015-11-16,13.625,14.007,13.614,13.899,1023758
2015-11-17,14.103,14.648,14.092,14.648,1385361
2015-11-18,14.406,14.535,14.3,14.466,1114196
2015-11-19,14.671,14.802,14.438,14.529,1681151
2015-11-20,14.586,14.639,14.317,14.505,874579
2015-11-23,14.4,14.46,14.195,14.389,1087643
2015-11-24,14.178,14.178,13.683,13.976,2330343
2015-11-25,14.037,14.497,13.971,14.391,2308718
2015-11-26,14.364,14.76,14.36,14.691,1358612
2015-11-27,14.524,14.79,14.483,14.608,844735
2015-11-30,14.505,14.86,14.432,14.758,1238822
2015-12-01,14.784,14.839,14.424,14.528,1760591
2015-12-02,14.564,14.682,14.341,14.476,841297
2015-12-03,14.49,14.88,13.45,13.5,5574922
2015-12-04,13.394,13.478,13.087,13.342,3755518
2015-12-07,13.465,13.85,13.45,13.58,4827196
2015-12-08,13.591,13.591,13.015,13.165,2517765
2015-12-09,13.24,13.349,12.802,12.915,2213802
2015-12-10,12.843,13.041,12.68,12.9,2745688
2015-12-11,12.79,12.872,12.295,12.428,3628786
2015-12-14,12.563,12.825,11.995,12.049,4914098
2015-12-15,12.362,12.82,12.33,12.756,3155343
2015-12-16,12.848,13.039,12.64,12.841,2178343
2015-12-17,13.388,13.501,13.081,13.112,2434935
2015-12-18,12.932,13.084,12.68,12.819,2434432
2015-12-21,12.775,13.087,12.536,12.536,1391679
2015-12-22,12.649,12.74,12.3,12.537,1948149
2015-12-23,12.819,13.18,12.798,13.108,2431058
2015-12-24,13.118,13.12,12.98,13.12,855034
2015-12-28,13.117,13.117,12.77,12.787,990786
2015-12-29,12.923,13.3,12.923,13.3,1031212
2015-12-30,13.13,13.295,13.09,13.132,1222382
2015-12-31,13.037,13.07,12.908,12.924,345963
2016-01-04,12.253,12.448,12.073,12.25,2774886
2016-01-05,12.501,12.53,12.033,12.339,1854112
2016-01-06,12.236,12.243,11.814,12.06,2175814
2016-01-07,11.467,11.73,11.175,11.634,3369121
2016-01-08,11.66,11.8,11.262,11.264,4739525
2016-01-11,11.316,11.516,11.141,11.141,2816379
2016-01-12,11.186,11.735,11.116,11.478,3439902
2016-01-13,11.775,11.932,11.445,11.542,2104023
2016-01-14,11.223,11.335,10.72,11.147,6422442
2016-01-15,11.148,11.15,10.437,10.573,7188194
2016-01-18,10.684,10.82,10.35,10.488,2994132
2016-01-19,10.939,11.08,10.797,10.908,2416573
2016-01-20,10.408,10.436,9.948,10.167,4174141
2016-01-21,10.224,10.706,10.104,10.554,4761608
2016-01-22,10.99,11.38,10.932,11.197,3975822
2016-01-25,11.282,11.282,10.979,11.08,2816191
2016-01-26,10.762,11.363,10.636,11.313,2397358
2016-01-27,11.266,11.395,11.12,11.395,1324249
2016-01-28,11.35,11.567,10.938,11.134,2391184
2016-01-29,11.485,11.59,11.205,11.59,2075899
2016-02-01,11.585,11.63,11.29,11.509,2218933
2016-02-02,11.407,11.407,10.79,10.954,1892780
2016-02-03,10.874,11.005,10.41,10.654,2609447
2016-02-04,10.844,10.882,10.398,10.665,1975628
2016-02-05,10.725,10.873,10.46,10.53,1438936
2016-02-08,10.521,10.596,9.755,9.859,4500396
2016-02-09,9.941,9.979,9.295,9.511,5414875
2016-02-10,9.612,10.07,9.468,9.818,3463353
2016-02-11,9.512,9.512,9.0,9.034,4819385
2016-02-12,9.284,9.476,9.141,9.476,3101661
2016-02-15,9.871,10.184,9.86,10.041,2572013
2016-02-16,10.195,10.255,9.91,10.024,3392141
2016-02-17,10.05,10.643,10.05,10.614,4152931
2016-02-18,10.732,10.851,10.505,10.648,3559020
2016-02-19,10.652,10.734,10.356,10.566,1501162
2016-02-22,10.816,10.973,10.816,10.937,1641226
2016-02-23,10.75,10.964,10.63,10.641,1086115
2016-02-24,10.582,10.6,10.035,10.216,3940956
2016-02-25,10.54,10.78,10.431,10.673,2140829
2016-02-26,11.035,11.2,10.927,11.007,2212862
2016-02-29,10.746,11.211,10.698,11.21,2490324
2016-03-01,11.106,11.48,11.076,11.48,1556552
2016-03-02,11.58,11.695,11.375,11.57,2098010
2016-03-03,11.534,11.6,11.41,11.522,1763998
2016-03-04,11.601,11.86,11.511,11.735,1950258
2016-03-07,11.635,11.75,11.477,11.659,3052096
2016-03-08,11.379,11.642,11.246,11.462,1318212
2016-03-09,11.46,11.75,11.432,11.576,1287266
2016-03-10,11.563,12.392,11.186,11.186,3966172
2016-03-11,11.53,11.91,11.53,11.902,2168755
2016-03-14,12.001,12.137,11.92,11.986,699272
2016-03-15,11.852,11.882,11.682,11.811,1042761
2016-03-16,11.87,11.96,11.668,11.761,1767684
2016-03-17,11.95,11.952,11.245,11.645,3534350
2016-03-18,11.673,11.81,11.515,11.741,886088
2016-03-21,11.568,11.885,11.524,11.609,1034512
2016-03-22,11.454,11.62,11.225,11.62,1883132
2016-03-23,11.73,11.83,11.438,11.586,1829794
2016-03-24,11.378,11.391,11.065,11.108,1664781
2016-03-29,11.293,11.375,11.11,11.286,1289948
2016-03-30,11.46,11.8,11.46,11.673,1468966
2016-03-31,11.499,11.552,11.337,11.375,1940221
2016-04-01,11.048,11.085,10.725,11.046,3729132
2016-04-04,10.888,11.332,10.822,11.163,2415899
2016-04-05,10.847,10.847,10.628,10.682,2220612
2016-04-06,10.659,10.84,10.64,10.84,2221635
2016-04-07,10.851,11.01,10.555,10.654,1916165
2016-04-08,10.763,10.999,10.743,10.931,1195814
2016-04-11,10.858,11.12,10.728,10.985,1010609
2016-04-12,10.959,11.164,10.76,11.149,1839825
2016-04-13,11.459,11.887,11.451,11.887,2876928
2016-04-14,11.872,12.028,11.806,12.004,3310098
2016-04-15,11.931,11.982,11.86,11.921,2822071
2016-04-18,11.581,12.033,11.544,11.995,2120239
2016-04-19,12.108,12.37,12.082,12.308,2686847
2016-04-20,12.261,12.474,12.16,12.447,2936636
2016-04-21,12.519,12.521,12.221,12.403,1672393
2016-04-22,12.356,12.39,12.25,12.327,677277
2016-04-25,12.328,12.365,12.073,12.213,1830422
2016-04-26,12.369,12.45,12.093,12.196,1370131
2016-04-27,12.273,12.36,12.16,12.332,559234
2016-04-28,12.15,12.313,11.92,12.313,1916830
2016-04-29,12.031,12.081,11.645,11.645,2752692
2016-05-02,11.8,11.832,11.675,11.752,363403
2016-05-03,11.7,11.7,11.335,11.376,1828240
2016-05-04,11.362,11.47,11.107,11.129,1480756
2016-05-05,11.187,11.315,11.088,11.174,1350470
2016-05-06,11.005,11.19,10.845,11.133,2495242
2016-05-09,11.249,11.46,11.142,11.247,1468715
2016-05-10,11.441,11.605,11.312,11.405,1506331
2016-05-11,11.323,11.35,11.151,11.295,904172
2016-05-12,11.141,11.53,11.04,11.181,1881982
2016-05-13,11.02,11.405,10.971,11.315,995117
2016-05-16,11.095,11.3,11.06,11.287,592402
2016-05-17,11.44,11.586,11.11,11.23,1082276
2016-05-18,11.13,11.375,11.08,11.361,517236
2016-05-19,11.212,11.33,11.123,11.157,993153
2016-05-20,11.397,11.532,11.325,11.529,2736642
2016-05-23,11.479,11.59,11.28,11.425,1734683
2016-05-24,11.333,12.025,11.285,11.972,2052034
2016-05-25,12.114,12.33,12.087,12.28,1771144
2016-05-26,12.32,12.457,12.266,12.437,2157634
2016-05-27,12.376,12.503,12.361,12.475,2201004
2016-05-30,12.449,12.581,12.433,12.573,1112948
2016-05-31,12.581,12.581,12.395,12.445,1073324
2016-06-01,12.435,12.451,12.186,12.273,1094926
2016-06-02,12.287,12.403,12.187,12.293,683388
2016-06-03,12.39,12.441,11.915,12.056,1530517
2016-06-06,12.111,12.18,12.057,12.128,462073
2016-06-07,12.235,12.463,12.23,12.402,873382
2016-06-08,12.298,12.381,12.17,12.256,433985
2016-06-09,12.165,12.165,11.947,12.023,1374287
2016-06-10,11.853,11.884,11.442,11.483,2045968
2016-06-13,11.26,11.31,11.062,11.07,1539124
2016-06-14,10.859,10.9,10.525,10.543,2622274
2016-06-15,10.713,10.913,10.713,10.747,2155541
2016-06-16,10.545,10.7,10.427,10.65,1604732
2016-06-17,10.859,11.011,10.76,10.88,2144622
2016-06-20,11.394,11.693,11.394,11.64,2608479
2016-06-21,11.566,11.892,11.552,11.801,1273948
2016-06-22,11.952,12.076,11.833,11.921,1407553
2016-06-23,12.014,12.5,11.941,12.353,3021024
2016-06-24,10.02,10.873,9.806,10.387,8247580
2016-06-27,10.253,10.411,9.6,9.753,4855534
2016-06-28,10.181,10.4,10.158,10.248,3945301
2016-06-29,10.509,10.838,10.441,10.777,3112228
2016-06-30,10.647,11.053,10.57,10.996,2449307
2016-07-01,11.138,11.253,10.89,11.169,2464780
2016-07-04,11.245,11.252,10.982,10.991,1575521
2016-07-05,10.885,10.885,10.546,10.624,1283633
2016-07-06,10.424,10.571,10.11,10.235,1888826
2016-07-07,10.408,10.644,10.352,10.392,2495547
2016-07-08,10.406,10.858,10.387,10.751,1739870
2016-07-11,10.959,11.17,10.837,11.134,1700034
2016-07-12,11.216,11.534,11.216,11.478,1912822
2016-07-13,11.486,11.622,11.422,11.504,1167839
2016-07-14,11.74,11.855,11.522,11.77,2987409
2016-07-15,11.636,11.76,11.535,11.688,1341794
2016-07-18,11.767,11.891,11.483,11.616,2558659
2016-07-19,11.509,11.612,11.338,11.473,1204462
2016-07-20,11.593,11.789,11.493,11.74,730147
2016-07-21,11.754,11.78,11.521,11.711,1877327
2016-07-22,11.616,11.837,11.54,11.729,965502
2016-07-25,11.741,11.95,11.666,11.765,1043464
2016-07-26,11.767,11.876,11.594,11.815,696422
2016-07-27,12.035,12.212,12.03,12.084,1526623
2016-07-28,12.039,12.251,11.957,11.957,1475586
2016-07-29,11.989,12.04,11.88,12.036,405411
2016-08-01,12.056,12.216,11.804,11.88,1134018
2016-08-02,11.801,11.828,11.408,11.438,1396131
2016-08-03,11.46,11.521,11.27,11.41,1338088
2016-08-04,11.525,11.625,11.419,11.537,891198
2016-08-05,11.672,11.915,11.628,11.882,1282469
2016-08-08,11.916,12.05,11.867,11.901,609132
2016-08-09,11.902,12.197,11.902,12.188,530034
2016-08-10,12.071,12.18,12.071,12.1,499145
2016-08-11,12.22,12.387,12.077,12.387,1252647
2016-08-12,12.375,12.42,12.313,12.371,490957
2016-08-15,12.376,12.514,12.329,12.355,1149370
2016-08-16,12.233,12.361,12.13,12.158,1262616
2016-08-17,12.182,12.188,11.9,11.92,938076
2016-08-18,12.059,12.06,11.881,12.019,301635
2016-08-19,11.988,11.988,11.675,11.82,834174
2016-08-22,11.832,12.05,11.678,11.766,1201506
2016-08-23,11.87,12.015,11.841,11.931,643494
2016-08-24,11.751,12.11,11.717,12.004,1014395
2016-08-25,11.861,11.901,11.695,11.845,1396887
2016-08-26,11.809,12.115,11.74,12.05,991201
2016-08-29,11.913,12.023,11.755,11.949,1153140
2016-08-30,12.065,12.215,12.05,12.12,710607
2016-08-31,12.089,12.277,12.028,12.028,1195341
2016-09-01,12.165,12.3,11.928,12.022,911589
2016-09-02,12.16,12.605,12.064,12.57,2286926
2016-09-05,12.654,12.704,12.57,12.57,714448
2016-09-06,12.627,12.66,12.466,12.5,905788
2016-09-07,12.591,12.676,12.448,12.654,1396647
2016-09-08,12.655,12.722,12.25,12.577,1291777
2016-09-09,12.47,12.575,12.233,12.288,1070311
2016-09-12,11.921,12.007,11.716,12.007,1916423
2016-09-13,12.152,12.17,11.728,11.728,1525607
2016-09-14,11.809,11.831,11.573,11.631,2424634
2016-09-15,11.571,11.697,11.473,11.655,1570488
2016-09-16,11.603,11.683,11.306,11.424,3076136
2016-09-19,11.639,11.783,11.624,11.751,2062983
2016-09-20,11.705,11.891,11.65,11.731,1562631
2016-09-21,11.981,12.064,11.83,11.838,1925284
2016-09-22,12.065,12.472,12.035,12.369,2238035
2016-09-23,12.269,12.306,12.19,12.257,1980415
2016-09-26,12.033,12.039,11.778,11.821,2279205
2016-09-27,12.009,12.017,11.61,11.795,1978905
2016-09-28,11.964,12.138,11.93,11.974,2313150
2016-09-29,12.329,12.375,11.987,12.046,1417448
2016-09-30,11.648,12.152,11.49,12.064,4400553
2016-10-03,12.0,12.158,11.98,12.085,985143
2016-10-04,12.166,12.464,12.161,12.354,1551272
2016-10-05,12.064,12.345,12.01,12.298,1877566
2016-10-06,12.351,12.41,12.179,12.245,1228976
2016-10-07,12.126,12.276,12.045,12.059,2065176
2016-10-10,12.114,12.345,11.954,12.323,1875168
2016-10-11,12.279,12.451,12.172,12.194,1566324
2016-10-12,12.114,12.211,12.05,12.105,1116288
2016-10-13,11.87,11.87,11.655,11.85,2399896
2016-10-14,11.966,12.34,11.964,12.189,2408876
2016-10-17,12.12,12.212,12.028,12.083,1794916
2016-10-18,12.23,12.436,12.23,12.395,1426330
2016-10-19,12.422,12.505,12.327,12.455,1151581
2016-10-20,12.51,12.643,12.354,12.569,1803230
2016-10-21,12.607,12.66,12.445,12.542,614009
2016-10-24,12.68,12.791,12.64,12.64,1559823
2016-10-25,12.687,12.745,12.505,12.573,996781
2016-10-26,12.5,12.57,12.33,12.537,1539048
2016-10-27,12.485,12.667,12.36,12.527,1415645
2016-10-28,12.479,12.645,12.37,12.603,1947511
2016-10-31,12.509,12.553,12.344,12.394,1407227
2016-11-01,12.51,12.542,12.127,12.18,2262066
2016-11-02,12.023,12.06,11.879,11.879,2382219
2016-11-03,11.82,12.107,11.818,11.87,1784009
2016-11-04,11.798,11.798,11.564,11.686,3483399
2016-11-07,12.028,12.14,11.956,12.111,1636480
2016-11-08,12.109,12.25,12.053,12.227,1944852
2016-11-09,11.571,12.568,11.571,12.568,5349798
2016-11-10,12.725,12.923,12.36,12.522,2709206
2016-11-11,12.603,12.626,12.19,12.276,3381753
2016-11-14,12.547,12.67,12.293,12.393,2564835
2016-11-15,12.493,12.56,12.37,12.537,1001558
2016-11-16,12.606,12.61,12.226,12.348,2023379
2016-11-17,12.32,12.48,12.241,12.48,854052
2016-11-18,12.559,12.6,12.312,12.35,1293623
2016-11-21,12.48,12.557,12.219,12.489,1426321
2016-11-22,12.673,12.728,12.589,12.589,1861624
2016-11-23,12.61,12.659,12.38,12.5,1797021
2016-11-24,12.594,12.611,12.45,12.572,368978
2016-11-25,12.596,12.612,12.46,12.612,818031
2016-11-28,12.551,12.551,12.329,12.392,1823654
2016-11-29,12.357,12.642,12.312,12.642,1647935
2016-11-30,12.64,12.876,12.64,12.78,1787484
2016-12-01,12.685,12.8,12.567,12.684,2019808
2016-12-02,12.49,12.59,12.281,12.498,2512707
2016-12-05,12.543,12.935,12.466,12.763,2284213
2016-12-06,12.747,13.129,12.67,13.087,1872821
2016-12-07,13.371,13.434,13.236,13.434,1363386
2016-12-08,13.558,13.773,13.38,13.664,1883594
2016-12-09,13.734,13.926,13.679,13.821,1770222
2016-12-12,13.916,13.929,13.772,13.818,1478100
2016-12-13,13.779,14.09,13.779,14.062,1403370
2016-12-14,13.929,13.987,13.837,13.86,784867
2016-12-15,14.0,14.211,13.95,14.15,1388723
2016-12-16,14.167,14.37,14.066,14.221,2146221
2016-12-19,14.14,14.221,14.116,14.201,1539349
2016-12-20,14.186,14.35,14.186,14.328,1703636
2016-12-21,14.283,14.385,14.207,14.266,1152309
2016-12-22,14.245,14.321,14.184,14.273,682878
2016-12-23,14.322,14.339,14.228,14.311,1036088
2016-12-27,14.346,14.389,14.3,14.348,447568
2016-12-28,14.349,14.382,14.306,14.362,271412
2016-12-29,14.226,14.34,14.208,14.29,471262
2016-12-30,14.268,14.449,14.219,14.433,1033108
2017-01-02,14.349,14.647,14.333,14.551,909981
2017-01-03,14.7,14.843,14.638,14.666,942469
2017-01-04,14.747,14.747,14.542,14.652,622375
2017-01-05,14.556,14.7,14.511,14.666,708622
2017-01-06,14.567,14.725,14.513,14.713,1068290
2017-01-09,14.725,14.725,14.468,14.576,687507
2017-01-10,14.673,14.7,14.477,14.587,435555
2017-01-11,14.593,14.768,14.403,14.607,864980
2017-01-12,14.484,14.595,14.409,14.445,906463
2017-01-13,14.619,14.8,14.57,14.748,1106724
2017-01-16,14.665,14.73,14.55,14.555,1141014
2017-01-17,14.48,14.597,14.311,14.427,1537488
2017-01-18,14.484,14.493,14.225,14.382,1366931
2017-01-19,14.438,14.468,14.248,14.301,1204592
2017-01-20,14.219,14.479,14.177,14.356,1059477
2017-01-23,14.142,14.317,14.053,14.18,844247
2017-01-24,14.285,14.29,14.177,14.244,530950
2017-01-25,14.439,14.595,14.392,14.52,996062
2017-01-26,14.6,14.658,14.381,14.442,1140259
2017-01-27,14.447,14.458,14.23,14.298,817531
2017-01-30,14.213,14.244,13.891,13.96,1470200
2017-01-31,13.977,14.13,13.79,13.79,1444481
2017-02-01,14.031,14.195,13.951,14.023,1153416
2017-02-02,13.942,14.12,13.899,14.019,415410
2017-02-03,14.147,14.331,14.138,14.213,1057389
2017-02-06,14.217,14.304,13.9,13.928,1008883
2017-02-07,13.865,13.989,13.765,13.796,880129
2017-02-08,13.908,14.0,13.672,13.855,1571723
2017-02-09,14.04,14.238,13.887,14.214,1029797
2017-02-10,14.283,14.324,14.147,14.22,1030587
2017-02-13,14.328,14.679,14.32,14.564,1344759
2017-02-14,14.565,14.624,14.51,14.612,769315
2017-02-15,14.689,14.83,14.662,14.788,792935
2017-02-16,14.799,14.8,14.577,14.627,1209479
2017-02-17,14.604,14.647,14.295,14.417,1543264
2017-02-20,14.605,14.645,14.375,14.436,534845
2017-02-21,14.428,14.636,14.339,14.563,777087
2017-02-22,14.683,14.764,14.436,14.618,1476510
2017-02-23,14.645,14.73,14.519,14.588,384687
2017-02-24,14.565,14.565,14.076,14.325,1742612
2017-02-27,14.426,14.433,14.247,14.309,959673
2017-02-28,14.369,14.43,14.252,14.395,698492
2017-03-01,14.688,15.051,14.65,14.985,1690393
2017-03-02,15.012,15.06,14.959,15.007,715642
2017-03-03,14.933,15.238,14.922,15.214,1204924
2017-03-06,15.092,15.138,14.99,15.058,487733
2017-03-07,15.039,15.048,14.865,14.938,408691
2017-03-08,14.897,15.073,14.819,14.989,367302
2017-03-09,14.923,15.15,14.86,15.117,817762
2017-03-10,15.21,15.355,15.165,15.174,1163953
2017-03-13,15.18,15.3,15.146,15.22,357921
2017-03-14,15.203,15.22,14.97,15.059,1303450
2017-03-15,15.046,15.159,15.029,15.139,410572
2017-03-16,15.382,15.417,15.247,15.296,910364
2017-03-17,15.274,15.455,15.225,15.393,824169
2017-03-20,15.338,15.44,15.288,15.346,850330
2017-03-21,15.442,15.59,15.2,15.282,1183750
2017-03-22,15.101,15.279,14.97,15.229,1194256
2017-03-23,15.216,15.451,15.14,15.451,1001449
2017-03-24,15.387,15.414,15.286,15.395,761452
2017-03-27,15.148,15.375,15.1,15.366,519948
2017-03-28,15.439,15.56,15.318,15.533,572244
2017-03-29,15.664,15.724,15.546,15.679,666807
2017-03-30,15.728,15.829,15.66,15.819,337532
2017-03-31,15.72,16.009,15.69,16.009,708015
2017-04-03,16.056,16.085,15.776,15.796,962625
2017-04-04,15.805,15.885,15.742,15.885,457781
2017-04-05,15.91,16.021,15.8,15.829,790365
2017-04-06,15.655,16.04,15.585,16.017,1223308
2017-04-07,15.918,16.09,15.869,16.09,1183357
2017-04-10,16.027,16.042,15.868,15.939,1087653
2017-04-11,15.794,16.0,15.68,15.889,797638
2017-04-12,15.99,16.148,15.836,15.882,617658
2017-04-13,15.8,15.804,15.639,15.7,927356
2017-04-18,15.718,15.76,15.225,15.225,1467138
2017-04-19,15.22,15.363,15.172,15.317,363995
2017-04-20,15.291,15.876,15.291,15.778,1447441
2017-04-21,15.674,15.786,15.47,15.687,1988582
2017-04-24,16.875,17.13,16.709,16.955,3138916
2017-04-25,17.022,17.14,16.922,17.056,1410519
2017-04-26,17.044,17.16,17.004,17.108,589831
2017-04-27,16.99,17.05,16.938,16.998,667058
2017-04-28,17.03,17.128,16.984,16.994,287798
2017-05-02,17.145,17.26,17.06,17.257,464514
2017-05-03,17.205,17.253,17.127,17.253,505978
2017-05-04,17.339,17.739,17.302,17.739,1275192
2017-05-05,17.704,18.22,17.64,18.22,2136141
2017-05-08,18.271,18.288,17.873,17.929,1576945
2017-05-09,18.1,18.136,18.004,18.037,1467128
2017-05-10,18.04,18.051,17.9,18.039,962977
2017-05-11,18.061,18.085,17.739,17.915,1229767
2017-05-12,17.96,18.056,17.893,18.056,213436
2017-05-15,18.155,18.199,17.977,18.199,743998
2017-05-16,18.187,18.322,18.13,18.258,890042
2017-05-17,18.007,18.194,17.528,17.661,1868447
2017-05-18,17.638,17.704,17.143,17.48,2232468
2017-05-19,17.525,17.772,17.52,17.693,794839
2017-05-22,17.736,17.813,17.659,17.712,392536
2017-05-23,17.769,18.009,17.769,17.851,505402
2017-05-24,17.772,17.931,17.772,17.862,677993
2017-05-25,18.008,18.038,17.737,17.844,724511
2017-05-26,17.771,17.84,17.485,17.826,516335
2017-05-29,17.812,17.861,17.74,17.85,206824
2017-05-30,17.661,17.79,17.536,17.767,454593
2017-05-31,17.816,18.005,17.654,17.654,644248
2017-06-01,17.776,17.955,17.76,17.9,354683
2017-06-02,18.056,18.275,17.97,18.05,888122
2017-06-05,18.084,18.084,17.83,17.876,353006
2017-06-06,17.643,17.812,17.574,17.631,773820
2017-06-07,17.589,17.974,17.525,17.611,799915
2017-06-08,17.621,17.77,17.51,17.599,713555
2017-06-09,17.693,17.99,17.61,17.827,626994
2017-06-12,17.717,17.76,17.416,17.473,771380
2017-06-13,17.53,17.695,17.52,17.625,484812
2017-06-14,17.802,17.974,17.506,17.506,951892
2017-06-15,17.402,17.402,17.04,17.309,1391896
2017-06-16,17.657,17.693,17.44,17.616,939488
2017-06-19,17.975,18.085,17.904,17.962,644306
2017-06-20,18.12,18.146,17.839,17.839,1036031
2017-06-21,17.486,17.802,17.378,17.709,1235439
2017-06-22,17.568,17.809,17.45,17.779,447125
2017-06-23,17.77,17.789,17.537,17.671,542597
2017-06-26,17.962,18.056,17.817,17.859,826540
2017-06-27,17.739,17.8,17.463,17.616,1595672
2017-06-28,17.371,17.729,17.25,17.57,1645094
2017-06-29,17.69,17.72,16.858,16.928,2298496
2017-06-30,16.943,17.174,16.672,16.7,1398705
2017-07-03,16.974,17.218,16.903,17.184,1510847
2017-07-04,17.123,17.219,17.05,17.084,651581
2017-07-05,17.042,17.181,16.97,17.111,344592
2017-07-06,17.056,17.067,16.65,16.917,1153164
2017-07-07,16.904,16.904,16.75,16.868,919132
2017-07-10,16.967,17.091,16.892,16.999,419282
2017-07-11,17.05,17.132,16.805,16.841,549445
2017-07-12,16.977,17.482,16.977,17.359,726333
2017-07-13,17.378,17.62,17.367,17.461,449874
2017-07-14,17.467,17.528,17.318,17.455,209568
2017-07-17,17.51,17.53,17.31,17.433,458651
2017-07-18,17.356,17.45,16.979,17.064,703576
2017-07-19,17.155,17.341,17.05,17.318,548794
2017-07-20,17.488,17.562,17.068,17.207,900986
2017-07-21,17.215,17.28,16.525,16.676,1197601
2017-07-24,16.761,16.847,16.521,16.746,828052
2017-07-25,16.84,17.165,16.84,16.961,1523163
2017-07-26,16.949,17.26,16.949,17.138,458653
2017-07-27,17.159,17.322,17.015,17.128,556336
2017-07-28,16.779,16.794,16.575,16.742,930450
2017-07-31,16.777,16.86,16.49,16.515,620191
2017-08-01,16.642,16.86,16.46,16.736,919614
2017-08-02,16.677,16.777,16.51,16.6,510990
2017-08-03,16.527,16.824,16.444,16.745,544297
2017-08-04,16.747,17.3,16.68,17.199,775425
2017-08-07,17.3,17.336,17.164,17.231,335368
2017-08-08,17.172,17.4,17.148,17.328,330774
2017-08-09,17.032,17.09,16.68,16.836,1439777
2017-08-10,16.761,16.853,16.51,16.637,619815
2017-08-11,16.383,16.455,16.182,16.279,1977646
2017-08-14,16.425,16.768,16.395,16.673,1219358
2017-08-15,16.863,16.904,16.688,16.783,1935435
2017-08-16,16.984,17.178,16.962,17.022,1337311
2017-08-17,16.895,17.04,16.753,16.824,1140727
2017-08-18,16.52,16.64,16.37,16.622,1103823
2017-08-21,16.512,16.562,16.3,16.44,999287
2017-08-22,16.656,16.77,16.533,16.736,902045
2017-08-23,16.71,16.835,16.55,16.629,328424
2017-08-24,16.736,16.755,16.593,16.602,196430
2017-08-25,16.668,16.79,16.51,16.548,188770
2017-08-28,16.389,16.564,16.29,16.39,593172
2017-08-29,16.119,16.147,15.84,16.097,2023097
2017-08-30,16.258,16.316,16.169,16.234,1049785
2017-08-31,16.391,16.54,16.318,16.415,1165083
2017-09-01,16.643,16.762,16.54,16.651,675231
2017-09-04,16.455,16.6,16.454,16.53,431721
2017-09-05,16.574,16.68,16.39,16.42,329934
2017-09-06,16.244,16.606,16.21,16.522,609106
2017-09-07,16.605,16.823,16.521,16.617,542017
2017-09-08,16.464,16.624,16.408,16.584,311815
2017-09-11,16.845,17.031,16.826,16.993,1212329
2017-09-12,17.079,17.28,17.06,17.201,1259449
2017-09-13,17.218,17.331,17.16,17.261,405549
2017-09-14,17.214,17.37,17.167,17.323,952340
2017-09-15,17.29,17.42,17.175,17.233,847064
2017-09-18,17.371,17.421,17.3,17.345,438425
2017-09-19,17.317,17.405,17.29,17.39,384328
2017-09-20,17.394,17.475,17.384,17.424,314795
2017-09-21,17.587,17.655,17.544,17.603,1297418
2017-09-22,17.65,17.79,17.621,17.685,829075
2017-09-25,17.664,17.778,17.595,17.652,1310115
2017-09-26,17.593,17.69,17.57,17.657,626071
2017-09-27,17.738,17.793,17.689,17.728,405750
2017-09-28,17.751,17.83,17.72,17.81,409202
2017-09-29,17.849,18.0,17.76,18.0,312048
2017-10-02,18.074,18.189,18.034,18.189,595334
2017-10-03,18.286,18.342,18.228,18.321,245768
2017-10-04,18.326,18.326,18.16,18.276,375180
2017-10-05,18.254,18.417,18.25,18.397,385846
2017-10-06,18.366,18.375,18.205,18.262,204256
2017-10-09,18.323,18.4,18.23,18.299,381237
2017-10-10,18.253,18.345,18.207,18.277,554444
2017-10-11,18.272,18.302,18.134,18.302,693471
2017-10-12,18.288,18.29,18.171,18.277,144135
2017-10-13,18.271,18.356,18.18,18.235,416043
2017-10-16,18.298,18.348,18.195,18.3,215660
2017-10-17,18.35,18.38,18.199,18.291,355042
2017-10-18,18.313,18.512,18.28,18.435,298010
2017-10-19,18.38,18.389,18.16,18.315,702353
2017-10-20,18.445,18.45,18.33,18.36,450429
2017-10-23,18.38,18.604,18.325,18.465,388951
2017-10-24,18.505,18.63,18.45,18.504,364718
2017-10-25,18.549,18.653,18.291,18.363,500083
2017-10-26,18.441,18.952,18.39,18.925,707524
2017-10-27,19.094,19.313,19.078,19.198,961825
2017-10-30,19.149,19.28,19.14,19.176,572768
2017-10-31,19.18,19.306,19.164,19.265,190496
2017-11-01,19.421,19.48,19.325,19.325,207448
2017-11-02,19.336,19.378,19.134,19.315,330921
2017-11-03,19.268,19.365,19.22,19.346,164358
2017-11-06,19.273,19.32,19.19,19.284,223694
2017-11-07,19.375,19.415,19.077,19.113,469959
2017-11-08,19.186,19.215,18.916,19.035,410083
2017-11-09,19.0,19.108,18.548,18.618,831124
2017-11-10,18.63,18.651,18.37,18.411,387051
2017-11-13,18.427,18.436,17.87,18.132,958272
2017-11-14,18.224,18.3,17.877,17.974,1328795
2017-11-15,17.879,17.948,17.63,17.876,669371
2017-11-16,18.024,18.16,17.931,18.099,1252051
2017-11-17,18.093,18.185,17.893,17.99,990484
2017-11-20,17.92,18.191,17.88,18.141,899703
2017-11-21,18.064,18.45,18.049,18.305,1075477
2017-11-22,18.319,18.476,18.22,18.22,638799
2017-11-23,18.109,18.48,18.06,18.403,749393
2017-11-24,18.457,18.677,18.367,18.479,560551
2017-11-27,18.337,18.593,18.255,18.27,826507
2017-11-28,18.391,18.52,18.246,18.473,388934
2017-11-29,18.687,18.816,18.495,18.534,736922
2017-11-30,18.523,18.74,18.36,18.36,761042
2017-12-01,18.329,18.382,17.836,17.977,1912809
2017-12-04,18.278,18.527,18.188,18.446,711520
2017-12-05,18.456,18.536,18.201,18.395,632053
2017-12-06,18.038,18.452,17.974,18.381,584365
2017-12-07,18.431,18.53,18.325,18.446,314884
2017-12-08,18.64,18.732,18.51,18.549,571648
2017-12-11,18.603,18.632,18.437,18.465,440457
2017-12-12,18.514,18.731,18.276,18.731,562137
2017-12-13,18.7,18.75,18.519,18.534,639830
2017-12-14,18.504,18.552,18.261,18.261,964302
2017-12-15,18.131,18.28,18.076,18.206,847230
2017-12-18,18.49,18.738,18.455,18.696,1341228
2017-12-19,18.696,18.731,18.45,18.459,858939
2017-12-20,18.441,18.476,18.16,18.265,1238035
2017-12-21,18.109,18.52,18.06,18.476,807693
2017-12-22,18.42,18.48,18.281,18.334,484753
2017-12-27,18.395,18.5,18.25,18.376,545536
2017-12-28,18.359,18.37,18.117,18.164,887848
2017-12-29,18.137,18.204,17.98,17.987,640420
2018-01-02,17.98,17.98,17.6,17.806,1102774
2018-01-03,17.88,18.212,17.832,18.108,633780
2018-01-04,18.374,18.78,18.336,18.668,815760
2018-01-05,18.788,19.056,18.788,19.056,944728
2018-01-08,19.17,19.252,19.12,19.176,688010
2018-01-09,19.244,19.44,19.22,19.42,913905
2018-01-10,19.368,19.466,19.17,19.294,685146
2018-01-11,19.372,19.38,19.118,19.186,456291
2018-01-12,19.26,19.4,19.162,19.368,698010
2018-01-15,19.356,19.44,19.27,19.354,357035
2018-01-16,19.418,19.516,19.274,19.36,674804
2018-01-17,19.19,19.396,19.16,19.23,431117
2018-01-18,19.322,19.33,19.088,19.226,388709
2018-01-19,19.242,19.47,19.22,19.438,429419
2018-01-22,19.376,19.578,19.35,19.558,341612
2018-01-23,19.742,19.742,19.428,19.51,695124
2018-01-24,19.468,19.54,19.244,19.244,613106
2018-01-25,19.304,19.45,18.944,19.14,946624
2018-01-26,19.24,19.54,19.24,19.464,471661
2018-01-29,19.484,19.52,19.4,19.4,284928
2018-01-30,19.244,19.39,19.014,19.084,584823
2018-01-31,19.188,19.224,19.06,19.112,337557
2018-02-01,19.34,19.464,18.78,18.946,881744
2018-02-02,18.78,18.78,18.322,18.33,1420861
2018-02-05,17.96,18.102,17.76,17.786,1634056
2018-02-06,16.97,17.37,16.74,16.914,2218099
2018-02-07,17.146,17.634,16.986,17.556,1071645
2018-02-08,17.438,17.508,16.71,16.86,1262821
2018-02-09,16.756,16.896,16.208,16.392,2074137
2018-02-12,16.632,16.94,16.608,16.788,907449
2018-02-13,16.838,16.886,16.588,16.588,591421
2018-02-14,16.744,17.08,16.38,16.944,1151919
2018-02-15,17.276,17.52,17.19,17.3,1419592
2018-02-16,17.54,17.766,17.458,17.698,1402440
2018-02-19,17.77,17.79,17.494,17.524,804813
2018-02-20,17.578,17.772,17.492,17.746,614988
2018-02-21,17.608,17.85,17.526,17.824,547384
2018-02-22,17.544,17.974,17.5,17.894,454828
2018-02-23,17.912,17.97,17.78,17.94,396382
2018-02-26,18.132,18.208,18.01,18.126,601059
2018-02-27,18.206,18.256,18.018,18.108,443597
2018-02-28,17.982,18.208,17.908,17.952,530643
2018-03-01,17.92,17.938,17.43,17.584,1127075
2018-03-02,17.18,17.304,16.624,16.746,1802873
2018-03-05,16.668,16.99,16.664,16.938,978168
2018-03-06,17.15,17.25,16.952,16.952,640644
2018-03-07,16.814,17.156,16.71,17.056,856947
2018-03-08,17.09,17.56,17.09,17.488,1125820
2018-03-09,17.49,17.75,17.402,17.604,851137
2018-03-12,17.76,17.818,17.52,17.65,660741
2018-03-13,17.68,17.88,17.3,17.412,1346518
2018-03-14,17.364,17.614,17.28,17.364,817840
2018-03-15,17.484,17.624,17.368,17.59,630622
2018-03-16,17.56,17.784,17.53,17.68,327248
2018-03-19,17.596,17.606,17.224,17.31,503623
2018-03-20,17.398,17.54,17.23,17.508,520910
2018-03-21,17.54,17.54,17.306,17.43,431953
2018-03-22,17.168,17.384,16.632,16.946,1574614
2018-03-23,16.616,16.702,16.25,16.498,1342230
2018-03-26,16.552,16.68,16.15,16.286,712085
2018-03-27,16.84,16.842,16.55,16.618,1047276
2018-03-28,16.356,16.71,16.12,16.71,990904
2018-03-29,16.818,17.132,16.742,16.95,1029109
2018-04-03,16.82,16.97,16.646,16.87,582554
2018-04-04,16.88,16.88,16.48,16.8,569579
2018-04-05,17.316,17.692,17.278,17.67,986369
2018-04-06,17.536,17.7,17.438,17.552,522801
2018-04-09,17.604,17.76,17.472,17.58,420295
2018-04-10,17.804,17.91,17.69,17.862,373986
2018-04-11,17.772,17.84,17.59,17.662,332659
2018-04-12,17.682,17.88,17.6,17.866,237652
2018-04-13,17.93,18.08,17.85,17.914,569458
2018-04-16,17.946,18.0,17.842,17.936,215287
2018-04-17,18.03,18.358,18.0,18.242,448230
2018-04-18,18.332,18.428,18.276,18.418,521553
2018-04-19,18.48,18.54,18.39,18.508,442253
2018-04-20,18.548,18.73,18.44,18.642,635111
2018-04-23,18.618,18.85,18.51,18.814,328055
2018-04-24,18.794,18.91,18.686,18.88,280984
2018-04-25,18.738,18.91,18.532,18.698,425208
2018-04-26,18.68,19.04,18.68,19.0,516425
2018-04-27,19.052,19.184,19.002,19.184,523211
2018-04-30,19.194,19.47,19.184,19.458,483508
2018-05-02,19.504,19.65,19.442,19.584,409996
2018-05-03,19.59,19.638,19.376,19.468,298722
2018-05-04,19.494,19.604,19.4,19.604,310251
2018-05-07,19.582,19.72,19.53,19.716,399564
2018-05-08,19.69,19.69,19.468,19.634,448134
2018-05-09,19.628,19.73,19.58,19.72,538061
2018-05-10,19.724,19.832,19.67,19.832,340599
2018-05-11,19.916,19.956,19.79,19.92,634748
2018-05-14,19.926,19.97,19.84,19.94,804336
2018-05-15,19.878,20.115,19.858,20.025,582948
2018-05-16,20.02,20.17,19.958,20.14,499573
2018-05-17,20.16,20.515,20.16,20.515,399686
2018-05-18,20.46,20.68,20.4,20.485,649313
2018-05-21,20.615,20.8,20.585,20.66,192954
2018-05-22,20.73,20.835,20.66,20.765,297507
2018-05-23,20.62,20.62,20.05,20.205,599076
2018-05-24,20.23,20.43,19.89,20.09,383772
2018-05-25,20.215,20.355,19.87,20.025,185978
2018-05-28,20.265,20.33,19.716,19.84,438962
2018-05-29,19.578,19.634,18.984,19.354,624003
2018-05-30,19.378,19.47,19.15,19.422,430488
2018-05-31,19.538,19.62,19.108,19.214,611147
2018-06-01,19.556,19.842,19.532,19.73,519249
2018-06-04,20.0,20.005,19.766,19.77,450467
2018-06-05,19.768,20.105,19.696,19.742,386629
2018-06-06,19.812,19.882,19.446,19.728,746748
2018-06-07,19.906,20.03,19.596,19.664,249062
2018-06-08,19.382,19.722,19.334,19.658,303892
2018-06-11,19.874,19.958,19.74,19.926,312795
2018-06-12,20.045,20.06,19.72,19.76,464424
2018-06-13,19.812,19.9,19.728,19.762,141124
2018-06-14,19.568,20.405,19.44,20.335,811659
2018-06-15,20.425,20.53,20.105,20.105,412742
2018-06-18,19.99,20.02,19.486,19.74,987666
2018-06-19,19.206,19.358,19.13,19.314,570234
2018-06-20,19.482,19.5,19.168,19.188,457591
2018-06-21,19.304,19.376,18.694,18.804,684673
2018-06-22,18.94,19.308,18.884,19.302,297937
2018-06-25,19.188,19.188,18.6,18.61,335473
2018-06-26,18.76,18.774,18.55,18.59,283420
2018-06-27,18.566,19.17,18.288,18.868,793205
2018-06-28,18.81,18.952,18.31,18.48,860794
2018-06-29,18.998,19.062,18.796,18.848,698139
2018-07-02,18.362,18.612,18.242,18.468,820819
2018-07-03,18.688,18.91,18.542,18.776,527757
2018-07-04,18.744,18.884,18.702,18.798,153286
2018-07-05,18.87,19.308,18.87,19.122,710605
2018-07-06,19.302,19.302,18.98,19.18,382538
2018-07-09,19.396,19.5,19.26,19.356,343042
2018-07-10,19.442,19.628,19.4,19.608,648765
2018-07-11,19.316,19.328,19.022,19.048,761979
2018-07-12,19.102,19.4,18.994,19.388,514657
2018-07-13,19.574,19.642,19.482,19.546,1048920
2018-07-16,19.554,19.63,19.392,19.426,878978
2018-07-17,19.338,19.536,19.222,19.508,732526
2018-07-18,19.644,19.782,19.616,19.714,432414
2018-07-19,19.614,19.666,19.414,19.468,312712
2018-07-20,19.39,19.522,18.936,19.35,1590544
2018-07-23,19.19,19.246,19.05,19.19,575973
2018-07-24,19.364,19.722,19.272,19.602,1083882
2018-07-25,19.686,19.71,19.44,19.52,637335
2018-07-26,19.764,19.89,19.6,19.868,935383
2018-07-27,19.9,20.17,19.9,20.115,452737
2018-07-30,19.984,20.125,19.934,20.01,699868
2018-07-31,19.968,20.275,19.892,20.165,823836
2018-08-01,20.27,20.29,20.015,20.015,426763
2018-08-02,19.876,19.93,19.668,19.79,381486
2018-08-03,19.836,19.998,19.768,19.914,365285
2018-08-06,19.984,20.065,19.732,19.876,515052
2018-08-07,20.01,20.34,20.0,20.22,533047
2018-08-08,20.175,20.28,20.025,20.065,405269
2018-08-09,19.938,20.075,19.824,20.07,886091
2018-08-10,19.708,19.806,19.26,19.456,711255
2018-08-13,19.348,19.54,19.244,19.444,374936
2018-08-14,19.6,19.668,19.28,19.354,259761
2018-08-15,19.384,19.452,18.52,18.626,972645
2018-08-16,18.738,19.0,18.676,18.962,311929
2018-08-17,19.012,19.074,18.704,18.93,251957
2018-08-20,18.998,19.29,18.998,19.174,248542
2018-08-21,19.112,19.506,19.1,19.376,282576
2018-08-22,19.408,19.538,19.398,19.47,121297
2018-08-23,19.49,19.57,19.42,19.456,94244
2018-08-24,19.474,19.666,19.474,19.548,498336
2018-08-27,19.7,19.936,19.65,19.882,496844
2018-08-28,19.968,20.075,19.87,19.926,278841
2018-08-29,19.994,20.05,19.866,20.05,307508
2018-08-30,20.005,20.005,19.78,19.876,241096
2018-08-31,19.764,19.764,19.32,19.368,438294
2018-09-03,19.33,19.43,19.218,19.408,321698
2018-09-04,19.49,19.506,18.75,18.904,513960
2018-09-05,18.702,18.75,18.32,18.338,743998
2018-09-06,18.268,18.53,18.214,18.214,421782
2018-09-07,18.222,18.35,18.08,18.262,534765
2018-09-10,18.194,18.52,18.176,18.378,511108
2018-09-11,18.46,18.48,18.156,18.48,425866
2018-09-12,18.566,18.85,18.56,18.802,576481
2018-09-13,18.806,19.04,18.758,18.784,619107
2018-09-14,18.93,19.01,18.86,18.95,353881
2018-09-17,18.858,18.988,18.796,18.93,268928
2018-09-18,18.962,19.216,18.848,19.018,665207
2018-09-19,19.07,19.324,19.07,19.238,616748
2018-09-20,19.32,19.712,19.29,19.658,1022685
2018-09-21,19.768,19.982,19.768,19.942,720257
2018-09-24,19.908,19.908,19.742,19.814,167768
2018-09-25,19.932,20.02,19.824,19.904,730610
2018-09-26,19.912,20.145,19.854,20.145,505863
2018-09-27,20.075,20.39,19.948,20.335,708521
2018-09-28,20.17,20.245,19.734,19.996,1447154
2018-10-01,19.988,20.19,19.978,20.085,251704
2018-10-02,19.8,19.894,19.62,19.822,1254165
2018-10-03,19.958,20.1,19.83,19.972,595123
2018-10-04,19.846,19.884,19.354,19.416,1100439
2018-10-05,19.364,19.41,18.998,19.03,880809
2018-10-08,18.808,18.928,18.548,18.598,1011955
2018-10-09,18.686,18.818,18.33,18.734,694810
2018-10-10,18.698,18.72,17.918,17.992,1267341
2018-10-11,17.55,17.74,17.24,17.308,1354609
2018-10-12,17.614,17.666,17.202,17.214,868811
2018-10-15,17.198,17.268,16.946,17.216,810121
2018-10-16,17.128,17.75,17.11,17.708,842196
2018-10-17,17.818,17.95,17.34,17.536,1114785
2018-10-18,17.548,17.73,17.316,17.336,491101
2018-10-19,17.38,17.464,16.94,17.12,968843
2018-10-22,17.444,17.444,16.9,16.918,422582
2018-10-23,16.448,16.614,16.24,16.336,789789
2018-10-24,16.592,16.826,16.22,16.228,563409
2018-10-25,16.144,16.764,16.048,16.758,861727
2018-10-26,16.362,16.362,15.84,16.324,843791
2018-10-29,16.406,16.74,16.402,16.468,577520
2018-10-30,16.538,16.6,16.07,16.386,499439
2018-10-31,16.91,17.242,16.858,17.126,979425
2018-11-01,17.056,17.324,16.926,17.082,495072
2018-11-02,17.588,17.6,17.186,17.186,583458
2018-11-05,17.19,17.358,17.138,17.216,473261
2018-11-06,17.266,17.266,16.98,17.042,497892
2018-11-07,17.224,17.536,17.22,17.446,433123
2018-11-08,17.542,17.65,17.328,17.41,347561
2018-11-09,17.19,17.26,17.0,17.238,601907
2018-11-12,17.47,17.47,16.92,16.924,555154
2018-11-13,17.038,17.23,16.894,17.192,458575
2018-11-14,16.874,17.4,16.69,16.984,1300102
2018-11-15,17.142,17.23,16.476,16.75,683589
2018-11-16,17.008,17.06,16.434,16.696,636843
2018-11-19,16.81,16.938,16.392,16.432,431454
2018-11-20,16.204,16.31,15.832,16.016,1014516
2018-11-21,16.15,16.38,16.076,16.358,648687
2018-11-22,16.234,16.256,16.026,16.114,297869
2018-11-23,16.14,16.308,15.954,16.168,334633
2018-11-26,16.49,16.664,16.34,16.486,808897
2018-11-27,16.506,16.612,16.25,16.392,316327
2018-11-28,16.536,16.57,16.378,16.402,361403
2018-11-29,16.712,16.766,16.476,16.564,569810
2018-11-30,16.594,16.612,16.348,16.52,547470
2018-12-03,17.256,17.274,16.8,16.884,889526
2018-12-04,16.782,16.818,16.626,16.636,510751
2018-12-05,16.204,16.382,16.15,16.164,578761
2018-12-06,15.844,15.854,14.976,15.12,972478
2018-12-07,15.392,15.708,15.302,15.302,899421
2018-12-10,15.266,15.282,14.794,14.86,737391
2018-12-11,15.09,15.554,15.036,15.254,743091
2018-12-12,15.462,16.01,15.41,15.884,985814
2018-12-13,16.076,16.086,15.784,15.834,705049
2018-12-14,15.574,15.68,15.36,15.54,264771
2018-12-17,15.434,15.51,15.138,15.216,416114
2018-12-18,15.062,15.288,14.98,14.98,502568
2018-12-19,15.044,15.2,15.018,15.126,471897
2018-12-20,14.742,14.752,14.536,14.582,1941512
2018-12-21,14.454,14.586,14.176,14.54,1306789
2018-12-24,14.346,14.432,14.124,14.178,536856
2018-12-27,14.42,14.528,13.73,14.02,1722691
2018-12-28,14.178,14.6,14.14,14.478,1057245
2018-12-31,14.616,14.802,14.584,14.8,399971
2019-01-02,14.122,14.6,14.08,14.518,733042
2019-01-03,14.28,14.432,14.034,14.064,407706
2019-01-04,14.354,14.906,14.21,14.8,1124292
2019-01-07,14.92,14.938,14.522,14.704,670952
2019-01-08,14.778,15.262,14.76,15.032,786625
2019-01-09,15.29,15.48,15.21,15.286,1055263
2019-01-10,15.06,15.24,14.95,15.234,972582
2019-01-11,15.288,15.332,14.96,15.078,861476
2019-01-14,14.896,15.03,14.774,14.966,345606
2019-01-15,15.236,15.318,14.932,15.094,484707
2019-01-16,15.26,15.312,15.114,15.27,472551
2019-01-17,15.09,15.22,15.024,15.18,379667
2019-01-18,15.388,15.728,15.388,15.7,1236375
2019-01-21,15.618,15.66,15.58,15.622,557956
2019-01-22,15.56,15.608,15.358,15.482,242839
2019-01-23,15.36,15.684,15.328,15.462,477915
2019-01-24,15.45,15.74,15.41,15.648,616501
2019-01-25,15.818,16.05,15.78,15.988,1202174
2019-01-28,15.842,15.916,15.71,15.756,262839
2019-01-29,15.75,16.158,15.72,16.012,285772
2019-01-30,16.13,16.32,16.118,16.32,501812
2019-01-31,16.466,16.6,16.194,16.444,792964
2019-02-01,16.5,16.65,16.37,16.618,596444
2019-02-04,16.618,16.622,16.306,16.5,215537
2019-02-05,16.534,17.034,16.492,17.034,695142
2019-02-06,16.934,17.04,16.882,17.012,288420
2019-02-07,16.954,17.04,16.386,16.386,394577
2019-02-08,16.41,16.52,16.13,16.23,407254
2019-02-11,16.392,16.632,16.392,16.584,289805
2019-02-12,16.798,16.966,16.772,16.846,478502
2019-02-13,16.944,17.094,16.89,16.952,419328
2019-02-14,17.246,17.248,16.9,16.9,450546
2019-02-15,16.894,17.57,16.878,17.488,675504
2019-02-18,17.504,17.606,17.464,17.592,224106
2019-02-19,17.566,17.65,17.38,17.556,310084
2019-02-20,17.626,17.83,17.54,17.778,510983
2019-02-21,17.814,17.86,17.68,17.79,463144
2019-02-22,17.782,17.998,17.782,17.9,314992
2019-02-25,18.072,18.1,17.95,18.034,422055
2019-02-26,17.862,18.14,17.798,18.078,300126
2019-02-27,17.95,18.058,17.884,17.982,173558
2019-02-28,17.92,18.13,17.862,18.09,267979
2019-03-01,18.272,18.406,18.24,18.25,397996
2019-03-04,18.474,18.568,18.39,18.408,316939
2019-03-05,18.404,18.482,18.278,18.482,214377
2019-03-06,18.464,18.604,18.372,18.43,267363
2019-03-07,18.358,18.542,18.142,18.272,349893
2019-03-08,18.032,18.16,17.948,18.02,292886
2019-03-11,18.17,18.266,18.018,18.252,169365
2019-03-12,18.444,18.444,18.12,18.288,228992
2019-03-13,18.28,18.556,18.28,18.53,196324
2019-03-14,18.638,18.894,18.638,18.824,392873
2019-03-15,18.884,19.318,18.87,19.23,757100
2019-03-18,19.218,19.3,19.206,19.26,116353
2019-03-19,19.3,19.548,19.27,19.424,224179
2019-03-20,19.34,19.45,19.124,19.124,236543
2019-03-21,19.088,19.2,18.888,19.096,321768
2019-03-22,19.202,19.23,18.284,18.32,439871
2019-03-25,18.164,18.36,18.06,18.252,584738
2019-03-26,18.292,18.626,18.234,18.564,145939
2019-03-27,18.654,18.828,18.4,18.58,327168
2019-03-28,18.572,18.73,18.49,18.534,190147
2019-03-29,18.858,18.934,18.664,18.904,309528
2019-04-01,19.198,19.35,19.08,19.276,301227
2019-04-02,19.296,19.48,19.266,19.396,243670
2019-04-03,19.694,19.762,19.614,19.716,292803
2019-04-04,19.69,19.76,19.59,19.714,114468
2019-04-05,19.772,19.89,19.702,19.786,140987
2019-04-08,19.746,19.85,19.692,19.742,121743
2019-04-09,19.606,19.89,19.51,19.546,285423
2019-04-10,19.534,19.68,19.53,19.61,89132
2019-04-11,19.766,19.94,19.562,19.852,280971
2019-04-12,19.8,20.03,19.772,19.978,170583
2019-04-15,20.03,20.11,19.968,20.06,118148
2019-04-16,20.07,20.23,20.03,20.21,104267
2019-04-17,20.2,20.5,20.165,20.435,256000
2019-04-18,20.38,20.725,20.205,20.585,271765
2019-04-23,20.6,20.73,20.5,20.67,79272
2019-04-24,20.595,20.74,20.44,20.56,147719
2019-04-25,20.55,20.58,20.35,20.495,99904
2019-04-26,20.58,20.635,20.43,20.595,92255
2019-04-29,20.565,20.77,20.435,20.68,93419
2019-04-30,20.645,20.78,20.55,20.78,61895
2019-05-02,20.685,20.8,20.54,20.565,88118
2019-05-03,20.535,20.745,20.535,20.645,72721
2019-05-06,19.818,20.185,19.688,20.135,271046
2019-05-07,20.175,20.245,19.48,19.56,585674
2019-05-08,19.538,19.748,19.4,19.682,451428
2019-05-09,19.35,19.416,18.998,19.036,263634
2019-05-10,19.388,19.472,19.04,19.166,183669
2019-05-13,19.192,19.192,18.59,18.686,324373
2019-05-14,18.958,19.268,18.9,19.268,177428
2019-05-15,19.274,19.502,18.95,19.502,192130
2019-05-16,19.414,20.025,19.306,20.025,274681
2019-05-17,19.94,20.025,19.712,19.964,204557
2019-05-20,19.94,19.986,19.214,19.442,334446
2019-05-21,19.534,19.748,19.44,19.666,154848
2019-05-22,19.65,19.784,19.388,19.64,185685
2019-05-23,19.332,19.332,18.866,18.92,229159
2019-05-24,19.16,19.324,19.096,19.196,126720
2019-05-27,19.488,19.6,19.314,19.422,168155
2019-05-28,19.522,19.522,19.158,19.194,134167
2019-05-29,18.91,18.914,18.552,18.702,584679
2019-05-30,18.866,18.95,18.736,18.892,173463
2019-05-31,18.474,18.596,18.26,18.596,305725
2019-06-03,18.356,18.846,18.212,18.846,389007
2019-06-04,18.56,19.15,18.52,19.054,350658
2019-06-05,19.072,19.358,19.072,19.236,317133
2019-06-06,19.268,19.55,19.048,19.122,485120
2019-06-07,19.362,19.95,19.362,19.766,568446
2019-06-10,19.902,20.04,19.858,19.922,91727
2019-06-11,19.996,20.33,19.986,20.17,276580
2019-06-12,19.96,20.05,19.792,19.928,270803
2019-06-13,19.808,20.05,19.768,19.938,146896
2019-06-14,19.814,19.886,19.68,19.862,154959
2019-06-17,19.9,20.16,19.88,20.03,167473
2019-06-18,20.055,20.99,19.942,20.94,899912
2019-06-19,20.995,21.03,20.84,20.98,310885
2019-06-20,21.315,21.36,21.13,21.13,381507
2019-06-21,21.18,21.51,21.02,21.095,298723
2019-06-24,21.14,21.21,20.985,21.04,107940
2019-06-25,20.91,21.075,20.91,21.025,123922
2019-06-26,20.97,21.135,20.885,20.91,127731
2019-06-27,20.94,20.98,20.65,20.85,209829
2019-06-28,20.84,21.22,20.79,21.18,274932
2019-07-01,21.68,21.745,21.41,21.415,258136
2019-07-02,21.43,21.5,21.3,21.46,89058
2019-07-03,21.57,21.825,21.54,21.805,208842
2019-07-04,21.88,21.9,21.78,21.85,87950
2019-07-05,21.775,21.79,21.47,21.61,231406
2019-07-08,21.53,21.685,21.465,21.6,113099
2019-07-09,21.425,21.545,21.25,21.465,362812
2019-07-10,21.38,21.71,21.38,21.435,90595
2019-07-11,21.61,21.615,21.3,21.3,141806
2019-07-12,21.395,21.555,21.325,21.45,100999
2019-07-15,21.585,21.73,21.29,21.525,202648
2019-07-16,21.49,21.88,21.475,21.79,168784
2019-07-17,21.775,21.835,21.41,21.455,229499
2019-07-18,21.2,21.565,21.17,21.29,243825
2019-07-19,21.495,21.655,21.17,21.31,260390
2019-07-22,21.27,21.49,21.27,21.385,118568
2019-07-23,21.65,21.97,21.54,21.795,175132
2019-07-24,21.835,21.86,21.53,21.7,137931
2019-07-25,22.025,22.23,21.27,21.515,375822
2019-07-26,21.445,21.78,21.445,21.74,192934
2019-07-29,21.6,21.865,21.59,21.685,213811
2019-07-30,21.655,21.69,20.87,21.01,495147
2019-07-31,20.955,21.195,20.915,21.07,201177
2019-08-01,20.94,21.37,20.94,21.33,210414
2019-08-02,20.5,20.5,19.744,19.862,1114128
2019-08-05,19.45,19.496,18.86,18.986,998217
2019-08-06,19.022,19.32,18.884,18.918,473385
2019-08-07,18.986,19.45,18.828,19.12,475631
2019-08-08,19.548,19.952,19.4,19.952,622366
2019-08-09,19.804,19.906,19.48,19.548,370069
2019-08-12,19.922,19.972,19.292,19.452,298521
2019-08-13,19.28,20.1,19.118,19.788,412198
2019-08-14,19.776,19.8,18.84,18.994,594792
2019-08-15,19.09,19.184,18.4,18.896,726678
2019-08-16,19.012,19.376,18.974,19.352,381037
2019-08-19,19.658,19.892,19.504,19.846,457386
2019-08-20,19.838,19.99,19.536,19.668,296294
2019-08-21,19.878,20.35,19.864,20.295,446321
2019-08-22,20.11,20.325,19.866,19.986,265725
2019-08-23,20.12,20.195,19.51,19.536,264839
2019-08-26,19.416,19.87,19.31,19.69,361867
2019-08-27,19.578,20.025,19.478,19.894,287314
2019-08-28,19.766,19.85,19.474,19.804,340616
2019-08-29,19.76,20.425,19.75,20.425,508582
2019-08-30,20.395,20.8,20.38,20.625,544338
2019-09-02,20.68,20.79,20.62,20.705,224674
2019-09-03,20.62,20.62,20.33,20.52,134209
2019-09-04,20.85,21.06,20.835,21.005,329889
2019-09-05,21.35,21.55,21.2,21.47,506827
2019-09-06,21.465,21.605,21.385,21.555,258958
2019-09-09,21.61,21.61,21.37,21.465,197525
2019-09-10,21.38,21.5,21.19,21.455,117600
2019-09-11,21.59,21.73,21.55,21.66,230081
2019-09-12,21.8,22.055,21.49,21.85,222528
2019-09-13,21.875,22.08,21.84,21.95,203636
2019-09-16,21.74,21.76,21.57,21.57,153939
2019-09-17,21.54,21.68,21.425,21.665,81947
2019-09-18,21.595,21.795,21.55,21.71,55903
2019-09-19,21.715,22.0,21.715,21.995,79868
2019-09-20,21.98,22.25,21.9,22.21,203354
2019-09-23,22.135,22.175,21.69,21.76,253409
2019-09-24,21.885,21.9,21.715,21.715,115042
2019-09-25,21.505,21.53,20.985,21.4,339186
2019-09-26,21.315,21.76,21.315,21.675,177048
2019-09-27,21.855,21.91,21.73,21.875,137497
2019-09-30,21.82,22.165,21.78,22.165,196626
2019-10-01,22.315,22.4,21.52,21.55,204095
2019-10-02,21.435,21.435,20.225,20.225,415577
2019-10-03,20.275,20.565,19.98,20.35,347439
2019-10-04,20.4,20.68,20.235,20.68,318998
2019-10-07,20.57,20.965,20.49,20.945,187531
2019-10-08,20.95,21.02,20.395,20.465,140834
2019-10-09,20.385,20.955,20.375,20.75,139447
2019-10-10,20.9,21.365,20.67,21.28,286977
2019-10-11,21.325,22.04,21.325,22.04,388608
2019-10-14,21.79,21.9,21.545,21.87,139755
2019-10-15,22.195,22.48,21.99,22.305,321531
2019-10-16,22.315,22.37,22.125,22.25,164208
2019-10-17,22.115,22.67,22.105,22.105,253976
2019-10-18,21.895,22.03,21.69,21.76,158690
2019-10-21,21.805,22.01,21.73,21.89,151754
2019-10-22,21.855,21.95,21.63,21.95,202363
2019-10-23,21.695,21.96,21.645,21.93,264791
2019-10-24,22.085,22.21,22.0,22.115,166684
2019-10-25,22.315,22.445,22.065,22.445,196470
2019-10-28,22.445,22.655,22.38,22.525,152046
2019-10-29,22.49,22.61,22.395,22.61,265324
2019-10-30,22.67,22.77,22.41,22.77,313128
2019-10-31,22.785,22.89,22.43,22.53,581390
2019-11-01,22.705,22.9,22.6,22.765,307609
2019-11-04,22.975,23.325,22.95,23.265,477156
2019-11-05,23.28,23.48,23.245,23.44,239946
2019-11-06,23.465,23.675,23.385,23.615,172491
2019-11-07,23.795,23.85,23.67,23.815,180391
2019-11-08,23.625,23.79,23.58,23.79,161259
2019-11-11,23.72,23.92,23.69,23.835,212917
2019-11-12,23.945,24.14,23.88,24.065,161595
2019-11-13,23.965,24.02,23.675,23.93,109972
2019-11-14,23.945,24.01,23.84,23.87,85148
2019-11-15,24.16,24.275,23.96,24.19,135127
2019-11-18,24.2,24.24,23.885,24.12,232413
2019-11-19,24.17,24.435,23.855,23.945,247768
2019-11-20,23.63,23.905,23.55,23.855,357948
2019-11-21,23.5,23.84,23.355,23.76,408860
2019-11-22,23.865,24.12,23.78,23.815,271325
2019-11-25,24.065,24.155,23.97,24.095,156138
2019-11-26,24.07,24.215,23.98,24.125,143495
2019-11-27,24.24,24.27,24.07,24.11,198635
2019-11-28,23.925,24.025,23.89,23.98,178326
2019-11-29,23.835,24.13,23.77,23.92,262466
2019-12-02,24.06,24.29,22.925,23.025,441855
2019-12-03,23.02,23.115,22.28,22.5,462595
2019-12-04,22.595,23.18,22.55,23.12,207106
2019-12-05,23.19,23.49,23.125,23.125,152640
2019-12-06,23.28,23.66,23.245,23.66,180066
2019-12-09,23.67,23.67,23.4,23.41,86730
2019-12-10,23.305,23.515,22.93,23.49,183161
2019-12-11,23.54,23.625,23.3,23.595,119010
2019-12-12,23.73,24.025,23.48,23.78,266102
2019-12-13,24.41,24.465,23.955,24.095,347153
2019-12-16,24.315,24.75,24.27,24.65,192726
2019-12-17,24.575,24.59,24.35,24.45,160068
2019-12-18,24.41,24.57,24.4,24.43,91617
2019-12-19,24.445,24.475,24.255,24.475,38869
2019-12-20,24.56,24.9,24.47,24.85,153816
2019-12-23,24.885,25.0,24.77,24.97,113296
2019-12-24,24.975,25.0,24.94,24.995,9236
2019-12-27,25.105,25.25,24.96,25.035,70100
2019-12-30,24.985,24.985,24.565,24.565,117162
2019-12-31,24.41,24.63,24.35,24.51,235998
2020-01-02,24.885,25.23,24.835,25.065,203996
2020-01-03,24.785,25.06,24.655,25.06,189242
2020-01-06,24.78,24.9,24.39,24.87,330669
2020-01-07,25.095,25.28,24.77,24.89,252411
2020-01-08,24.66,25.015,24.54,24.985,259859
2020-01-09,25.34,25.34,25.04,25.105,141754
2020-01-10,25.245,25.245,25.0,25.045,124029
2020-01-13,25.11,25.24,24.905,25.06,206072
2020-01-14,25.035,25.13,24.6,25.11,142306
2020-01-15,25.18,25.18,24.87,25.025,79710
2020-01-16,25.08,25.26,24.955,25.095,200882
2020-01-17,25.335,25.665,25.325,25.595,195650
2020-01-20,25.545,25.545,25.36,25.41,114525
2020-01-21,24.905,25.14,24.7,25.14,288842
2020-01-22,25.25,25.34,24.79,24.85,177911
2020-01-23,24.68,24.965,24.44,24.51,229428
2020-01-24,24.98,25.275,24.9,24.945,197522
2020-01-27,24.17,24.285,23.515,23.63,500412
2020-01-28,23.84,24.18,23.59,24.145,169952
2020-01-29,24.07,24.47,24.07,24.375,196900
2020-01-30,23.705,23.955,23.475,23.69,303279
2020-01-31,23.815,23.86,23.1,23.16,216845
2020-02-03,23.3,23.57,23.16,23.395,172664
2020-02-04,23.655,24.19,23.65,24.19,219922
2020-02-05,24.02,24.765,24.02,24.62,231086
2020-02-06,25.095,25.12,24.785,25.025,197144
2020-02-07,24.97,25.09,24.745,24.95,111519
2020-02-10,24.8,24.88,24.67,24.88,95191
2020-02-11,25.15,25.215,24.995,25.16,226044
2020-02-12,25.3,25.57,25.235,25.57,262565
2020-02-13,25.355,25.535,24.945,25.47,359492
2020-02-14,25.415,25.47,25.25,25.28,115396
2020-02-17,25.345,25.435,25.275,25.415,83924
2020-02-18,25.095,25.37,25.05,25.2,159882
2020-02-19,25.38,25.625,25.33,25.61,189200
2020-02-20,25.59,25.615,25.28,25.28,111588
2020-02-21,24.905,25.25,24.665,24.935,455597
2020-02-24,23.66,23.66,22.76,22.98,1139133
2020-02-25,23.235,23.275,22.03,22.08,844363
2020-02-26,21.815,22.36,20.9,22.15,1359161
2020-02-27,21.28,21.58,20.08,20.695,1598708
2020-02-28,19.36,19.744,18.652,19.28,1538521
2020-03-02,19.958,20.135,18.43,19.528,1586819
2020-03-03,19.972,20.74,19.694,20.05,1682228
2020-03-04,19.746,20.6,19.604,20.385,819900
2020-03-05,20.51,20.63,19.386,19.706,836293
2020-03-06,18.93,19.05,17.85,18.076,1644811
2020-03-09,15.284,16.122,14.866,15.102,2624723
2020-03-10,15.422,16.358,14.368,14.616,2974711
2020-03-11,14.998,15.342,14.31,14.412,1353712
2020-03-12,12.834,13.0,10.6,10.826,3913947
2020-03-13,11.654,12.94,10.85,11.25,3146912
2020-03-16,10.0,10.4,8.555,9.836,3298872
2020-03-17,10.74,10.75,9.243,10.476,2911900
2020-03-18,10.06,10.094,9.125,9.243,2241023
2020-03-19,9.68,10.088,8.916,9.74,3014095
2020-03-20,11.024,11.118,10.352,10.644,2035114
2020-03-23,9.737,11.166,9.542,10.04,2657080
2020-03-24,10.99,11.55,10.65,11.526,2073589
2020-03-25,12.328,12.89,11.54,12.702,3210664
2020-03-26,12.196,13.31,11.9,13.31,2492294
2020-03-27,12.844,12.972,11.876,12.202,1654936
2020-03-30,12.278,12.452,11.53,12.452,1239863
2020-03-31,12.706,12.978,12.038,12.55,1194594
2020-04-01,11.706,11.83,11.376,11.47,1384164
2020-04-02,11.63,11.798,11.1,11.548,1131025
2020-04-03,11.466,11.5,11.128,11.188,804371
2020-04-06,12.012,12.26,11.786,12.238,1217262
2020-04-07,13.006,13.25,12.398,12.726,1420428
2020-04-08,12.45,12.738,12.13,12.738,805486
2020-04-09,13.112,13.33,12.536,13.086,2893452
2020-04-14,13.324,13.53,13.054,13.216,1157333
2020-04-15,13.218,13.218,12.102,12.208,1245483
2020-04-16,12.526,12.59,12.03,12.202,663891
2020-04-17,12.942,13.316,12.852,12.99,1638446
2020-04-20,13.132,13.196,12.62,13.196,1935879
2020-04-21,12.9,12.91,12.26,12.26,1902504
2020-04-22,12.35,12.57,12.242,12.538,796917
2020-04-23,12.722,13.01,12.426,12.74,953542
2020-04-24,12.376,12.748,12.272,12.452,1186938
2020-04-27,12.896,13.02,12.73,13.02,1041984
2020-04-28,13.084,13.62,12.978,13.42,1269653
2020-04-29,13.526,14.068,13.33,14.0,1418379
2020-04-30,14.18,14.318,13.33,13.364,1622531
2020-05-04,12.532,12.698,12.298,12.412,1913832
2020-05-05,12.84,13.08,12.676,13.0,1166155
2020-05-06,12.932,13.01,12.676,12.728,668349
2020-05-07,12.82,13.132,12.816,13.106,651210
2020-05-08,13.344,13.45,13.228,13.382,463573
2020-05-11,13.498,13.548,12.894,13.08,1197506
2020-05-12,13.036,13.144,12.88,13.016,657656
2020-05-13,12.63,12.66,12.204,12.256,2270524
2020-05-14,11.974,12.08,11.4,11.854,2206470
2020-05-15,12.162,12.196,11.738,11.836,1547166
2020-05-18,12.384,13.132,12.282,13.072,1456116
2020-05-19,13.224,13.24,12.638,12.858,1216789
2020-05-20,12.724,13.092,12.49,13.07,1239339
2020-05-21,12.75,13.074,12.68,12.76,817609
2020-05-22,12.432,12.944,12.334,12.77,1133121
2020-05-25,12.964,13.292,12.818,13.292,842217
2020-05-26,13.62,13.772,13.506,13.692,1060963
2020-05-27,13.838,14.328,13.738,14.14,1795928
2020-05-28,14.382,14.76,14.28,14.726,1221838
2020-05-29,14.388,14.676,14.23,14.23,1178928
2020-06-01,14.696,14.764,14.396,14.65,752011
2020-06-02,14.878,15.37,14.858,15.216,876060
2020-06-03,15.618,16.308,15.572,16.254,1211620
2020-06-04,16.116,16.482,15.894,16.206,1875574
2020-06-05,16.624,17.4,16.578,17.394,1596232
2020-06-08,17.06,17.52,17.002,17.284,1398186
2020-06-09,17.45,17.45,16.45,16.714,1440099
2020-06-10,17.032,17.104,16.39,16.462,1264700
2020-06-11,15.634,15.826,14.926,14.926,1692829
2020-06-12,14.644,15.692,14.592,15.042,2398411
2020-06-15,14.294,15.082,14.136,14.924,2240055
2020-06-16,15.608,16.1,15.358,15.738,2383668
2020-06-17,15.858,16.226,15.756,16.01,1725476
2020-06-18,15.882,16.172,15.47,15.77,1252103
2020-06-19,16.0,16.304,15.918,15.928,1094396
2020-06-22,15.526,16.1,15.42,15.716,1386888
2020-06-23,15.9,16.374,15.854,16.206,762682
2020-06-24,16.012,16.118,15.264,15.264,969756
2020-06-25,15.084,15.69,14.762,15.546,1207098
2020-06-26,15.894,16.15,15.472,15.49,934361
2020-06-29,15.37,15.95,15.27,15.77,603597
2020-06-30,15.86,15.88,15.476,15.69,573740
2020-07-01,15.63,15.88,15.164,15.642,894630
2020-07-02,15.87,16.58,15.86,16.414,1290909
2020-07-03,16.452,16.5,16.016,16.162,504467
2020-07-06,16.812,16.938,16.528,16.664,739942
2020-07-07,16.492,16.558,16.25,16.494,676361
2020-07-08,16.2,16.46,16.0,16.074,582045
2020-07-09,16.224,16.224,15.62,15.694,930026
2020-07-10,15.484,16.012,15.42,15.986,593382
2020-07-13,16.34,16.56,16.088,16.558,580095
2020-07-14,16.118,16.256,15.832,16.256,625028
2020-07-15,16.53,17.162,16.468,16.97,1114162
2020-07-16,16.684,16.9,16.524,16.762,573719
2020-07-17,16.782,16.782,16.53,16.672,547039
2020-07-20,16.49,16.884,16.294,16.812,788896
2020-07-21,17.034,17.344,16.842,16.874,924051
2020-07-22,16.742,16.844,16.386,16.458,807561
2020-07-23,16.65,16.76,16.34,16.428,420077
2020-07-24,16.02,16.11,15.724,15.918,978515
2020-07-27,15.912,15.932,15.7,15.834,479352
2020-07-28,15.762,15.878,15.518,15.756,412944
2020-07-29,15.934,16.062,15.86,15.946,340134
2020-07-30,15.882,15.882,14.924,15.246,1578498
2020-07-31,15.304,15.56,14.834,14.834,746383
2020-08-03,14.942,15.53,14.698,15.39,943824
2020-08-04,15.63,15.65,15.3,15.48,621955
2020-08-05,15.71,15.902,15.582,15.712,497328
2020-08-06,15.582,15.87,15.288,15.442,598014
2020-08-07,15.422,15.514,15.178,15.478,412499
2020-08-10,15.584,15.77,15.392,15.586,363782
2020-08-11,15.938,16.5,15.906,16.334,1068393
2020-08-12,16.246,16.798,16.216,16.664,412982
2020-08-13,16.568,16.684,16.406,16.458,231265
2020-08-14,16.216,16.216,15.644,15.94,1282562
2020-08-17,16.074,16.15,15.774,15.974,488880
2020-08-18,15.79,16.17,15.67,15.766,838237
2020-08-19,15.68,16.004,15.63,16.004,329378
2020-08-20,15.568,15.756,15.426,15.592,678722
2020-08-21,15.706,15.75,15.128,15.5,1003757
2020-08-24,15.908,16.23,15.906,16.214,1172440
2020-08-25,16.48,16.626,16.19,16.232,483702
2020-08-26,16.016,16.466,16.0,16.462,535753
2020-08-27,16.43,16.47,16.19,16.248,531213
2020-08-28,16.284,16.32,15.94,16.154,797476
2020-08-31,16.456,16.57,15.76,15.796,1057410
2020-09-01,15.934,16.09,15.45,15.738,773350
2020-09-02,15.95,16.53,15.95,16.31,1366591
2020-09-03,16.75,16.988,16.0,16.184,1313148
2020-09-04,15.878,16.572,15.67,15.896,1507343
2020-09-07,16.134,16.55,16.08,16.48,987876
2020-09-08,16.476,16.524,15.71,15.964,1531621
2020-09-09,16.05,16.506,15.97,16.412,1215539
2020-09-10,16.458,16.54,16.164,16.278,663275
2020-09-11,16.22,16.476,16.13,16.35,1008994
2020-09-14,16.574,16.702,16.356,16.476,806044
2020-09-15,16.51,16.7,16.362,16.564,431931
2020-09-16,16.614,16.722,16.32,16.596,646068
2020-09-17,16.146,16.486,16.09,16.384,672714
2020-09-18,16.362,16.402,15.998,16.0,952245
2020-09-21,15.7,15.736,14.72,14.816,2879188
2020-09-22,14.95,15.014,14.7,14.7,1489300
2020-09-23,14.96,15.29,14.876,14.876,1067329
2020-09-24,14.54,14.89,14.508,14.63,962119
2020-09-25,14.504,14.64,14.068,14.444,1491009
2020-09-28,14.9,15.19,14.808,15.162,1486609
2020-09-29,15.048,15.154,14.916,15.068,604318
2020-09-30,14.92,15.206,14.79,14.91,848684
2020-10-01,15.24,15.32,14.9,15.012,1405246
2020-10-02,14.648,15.03,14.634,15.03,1088318
2020-10-05,15.326,15.35,15.13,15.32,918088
2020-10-06,15.35,15.65,15.176,15.454,1001269
2020-10-07,15.49,15.588,15.28,15.394,359669
2020-10-08,15.586,15.72,15.35,15.564,835094
2020-10-09,15.74,15.836,15.604,15.768,661453
2020-10-12,15.808,16.126,15.776,16.0,1079544
2020-10-13,15.934,15.948,15.66,15.786,559581
2020-10-14,15.784,15.9,15.67,15.74,381062
2020-10-15,15.346,15.346,14.908,15.096,1741945
2020-10-16,15.476,15.84,15.334,15.712,1229017
2020-10-19,15.992,16.07,15.71,15.71,320487
2020-10-20,15.66,15.908,15.53,15.68,439219
2020-10-21,15.672,15.68,15.15,15.184,963490
2020-10-22,14.908,15.304,14.75,15.176,868670
2020-10-23,15.218,15.68,15.218,15.526,787298
2020-10-26,15.14,15.44,14.94,14.944,947326
2020-10-27,14.858,14.948,14.36,14.418,1854054
2020-10-28,13.822,13.83,13.134,13.424,2526736
2020-10-29,13.634,13.656,13.096,13.46,1453616
2020-10-30,13.23,13.628,13.15,13.59,965159
2020-11-02,13.596,14.232,13.5,14.138,1157414
2020-11-03,14.44,14.874,14.36,14.832,1291560
2020-11-04,14.482,15.564,14.4,15.528,2146578
2020-11-05,15.822,16.024,15.666,15.93,2257169
2020-11-06,15.876,16.02,15.492,15.79,914990
2020-11-09,16.184,18.5,16.184,18.162,3481511
2020-11-10,18.31,18.88,18.126,18.736,1165912
2020-11-11,18.968,19.064,18.674,18.942,982965
2020-11-12,18.686,18.75,18.27,18.36,580662
2020-11-13,18.278,18.674,18.212,18.474,301784
2020-11-16,18.834,19.44,18.61,19.126,1173025
2020-11-17,19.122,19.21,18.888,19.178,425436
2020-11-18,19.044,19.446,18.97,19.372,572726
2020-11-19,19.142,19.23,18.948,19.118,531207
2020-11-20,19.192,19.46,19.152,19.28,871806
2020-11-23,19.582,19.704,19.262,19.262,683176
2020-11-24,19.61,19.816,19.566,19.716,795641
2020-11-25,19.876,19.926,19.618,19.782,423550
2020-11-26,19.886,19.886,19.72,19.764,216344
2020-11-27,19.728,20.1,19.728,19.99,370052
2020-11-30,19.754,20.01,19.468,19.468,826010
2020-12-01,19.65,19.94,19.51,19.902,601925
2020-12-02,19.782,19.902,19.65,19.862,606734
2020-12-03,19.844,19.88,19.632,19.834,454352
2020-12-04,19.894,20.12,19.894,20.08,612625
2020-12-07,19.984,19.984,19.566,19.832,773907
2020-12-08,19.744,19.844,19.48,19.77,604046
2020-12-09,19.954,20.05,19.656,19.668,582341
2020-12-10,19.782,19.842,19.402,19.674,435910
2020-12-11,19.52,19.544,19.088,19.41,633463
2020-12-14,19.75,19.87,19.528,19.528,386763
2020-12-15,19.538,19.79,19.492,19.56,242011
2020-12-16,19.742,19.97,19.438,19.668,490806
2020-12-17,19.922,19.93,19.67,19.68,370250
2020-12-18,19.612,19.91,19.448,19.47,543950
2020-12-21,18.56,18.78,17.964,18.584,1319916
2020-12-22,18.798,19.16,18.79,19.108,606776
2020-12-23,19.202,19.592,19.202,19.516,493210
2020-12-24,19.608,19.654,19.46,19.542,209537
2020-12-28,19.75,20.01,19.654,19.926,841880
2020-12-29,20.05,20.2,20.03,20.105,338892
2020-12-30,20.09,20.19,19.97,20.01,156047
2020-12-31,19.8,20.0,19.718,19.718,402553
2021-01-04,20.24,20.475,19.84,19.968,952925
2021-01-05,19.916,20.1,19.572,19.832,709396
2021-01-06,20.08,20.415,19.73,20.29,1208903
2021-01-07,20.5,20.7,20.28,20.585,549446
2021-01-08,20.94,20.955,20.62,20.81,359898
2021-01-11,20.74,20.815,20.27,20.505,646702
2021-01-12,20.61,20.625,20.32,20.425,478952
2021-01-13,20.45,20.63,20.38,20.52,418734
2021-01-14,20.525,20.72,20.47,20.655,514041
2021-01-15,20.415,20.485,19.8,20.155,906599
2021-01-18,20.02,20.205,19.954,20.205,243929
2021-01-19,20.375,20.4,20.02,20.065,304253
2021-01-20,20.13,20.39,20.08,20.27,193841
2021-01-21,20.505,20.54,19.99,20.01,341110
2021-01-22,19.888,19.888,19.426,19.752,534334
2021-01-25,19.856,19.9,19.02,19.176,624419
2021-01-26,19.172,19.738,19.16,19.514,415369
2021-01-27,19.404,19.66,18.644,19.06,812144
2021-01-28,18.7,19.524,18.49,19.41,594070
2021-01-29,18.842,19.15,18.646,18.646,506329
2021-02-01,18.92,19.212,18.824,19.078,307923
2021-02-02,19.418,19.86,19.398,19.762,379643
2021-02-03,20.13,20.16,19.712,19.78,530575
2021-02-04,19.846,20.125,19.82,20.07,340389
2021-02-05,20.23,20.54,20.23,20.425,627879
2021-02-08,20.645,20.84,20.56,20.66,789044
2021-02-09,20.68,20.75,20.55,20.675,236400
2021-02-10,20.83,20.845,20.35,20.53,265938
2021-02-11,20.6,20.645,20.43,20.51,180967
2021-02-12,20.405,20.77,20.2,20.74,468226
2021-02-15,21.095,21.46,21.05,21.4,1191826
2021-02-16,21.405,21.455,21.245,21.35,394091
2021-02-17,21.145,21.38,21.12,21.2,365203
2021-02-18,21.23,21.315,20.89,20.955,657401
2021-02-19,21.04,21.36,21.0,21.29,631896
2021-02-22,20.97,21.3,20.745,21.23,872965
2021-02-23,21.38,21.5,20.9,21.305,1068913
2021-02-24,21.37,21.49,21.155,21.43,931589
2021-02-25,21.635,21.7,21.315,21.315,708996
2021-02-26,20.795,21.22,20.63,20.765,1604153
2021-03-01,21.34,21.47,21.2,21.395,1451701
2021-03-02,21.325,21.715,21.27,21.515,396398
2021-03-03,21.76,21.975,21.365,21.665,307353
2021-03-04,21.575,21.77,21.425,21.67,427435
2021-03-05,21.405,21.73,21.12,21.325,1616510
2021-03-08,21.555,22.28,21.45,22.225,1243825
2021-03-09,22.22,22.47,22.14,22.365,391240
2021-03-10,22.37,22.885,22.31,22.86,366627
2021-03-11,23.08,23.19,22.92,23.19,274015
2021-03-12,23.16,23.3,23.08,23.27,602686
2021-03-15,23.505,23.61,23.085,23.205,249205
2021-03-16,23.32,23.41,23.215,23.365,157318
2021-03-17,23.36,23.41,23.23,23.395,98068
2021-03-18,23.515,23.585,23.3,23.435,709284
2021-03-19,23.19,23.3,22.82,22.965,1015640
2021-03-22,22.58,22.845,22.49,22.705,267093
2021-03-23,22.47,22.71,22.34,22.535,292438
2021-03-24,22.145,22.56,22.11,22.525,338671
2021-03-25,22.34,22.64,22.125,22.64,287475
2021-03-26,22.905,23.035,22.705,22.9,373725
2021-03-29,23.02,23.21,22.9,23.11,332532
2021-03-30,23.37,23.71,23.32,23.64,817065
2021-03-31,23.665,23.74,23.465,23.495,334450
2021-04-01,23.54,23.8,23.47,23.78,422702
2021-04-06,24.15,24.2,23.955,23.99,443061
2021-04-07,23.98,24.18,23.905,24.005,190617
2021-04-08,24.18,24.32,24.115,24.295,311536
2021-04-09,24.3,24.45,24.225,24.305,303203
2021-04-12,24.21,24.41,24.165,24.25,391979
2021-04-13,24.345,24.49,24.21,24.41,236160
2021-04-14,24.615,24.68,24.495,24.64,198571
2021-04-15,24.7,24.9,24.62,24.8,161992
2021-04-16,24.875,25.34,24.865,25.24,432338
2021-04-19,25.315,25.51,25.29,25.34,336410
2021-04-20,25.245,25.29,24.24,24.31,546530
2021-04-21,24.52,24.82,24.45,24.71,308953
2021-04-22,24.885,25.2,24.88,25.14,358444
2021-04-23,25.095,25.25,24.835,25.085,231421
2021-04-26,24.985,25.315,24.925,25.2,328137
2021-04-27,25.22,25.315,25.09,25.21,213379
2021-04-28,25.395,25.615,25.31,25.505,362349
2021-04-29,25.72,25.86,25.33,25.425,381928
2021-04-30,25.55,25.605,25.17,25.17,191386
2021-05-03,25.295,25.57,25.045,25.47,238148
2021-05-04,25.61,25.92,24.97,25.085,601489
2021-05-05,25.425,25.905,25.41,25.905,569126
2021-05-06,26.095,26.22,25.755,26.03,242609
2021-05-07,26.335,26.375,26.025,26.365,440204
2021-05-10,26.505,26.54,26.34,26.47,193911
2021-05-11,25.935,25.935,25.18,25.46,895297
2021-05-12,25.495,25.775,25.185,25.62,578797
2021-05-13,25.0,25.81,24.56,25.68,1076741
2021-05-14,25.965,26.47,25.8,26.455,728055
2021-05-17,26.615,26.725,26.21,26.37,423066
2021-05-18,26.725,26.78,26.21,26.335,335098
2021-05-19,25.74,25.945,24.97,25.51,802645
2021-05-20,25.84,26.19,25.61,26.19,368428
2021-05-21,26.365,26.67,26.29,26.56,653970
2021-05-24,26.705,26.815,26.62,26.81,543153
2021-05-25,26.86,26.955,26.7,26.7,218966
2021-05-26,26.855,26.915,26.585,26.695,287656
2021-05-27,26.73,27.35,26.7,27.035,607260
2021-05-28,27.235,27.61,27.22,27.555,398016
2021-05-31,27.545,27.635,27.18,27.22,580451
2021-06-01,27.48,27.85,27.37,27.575,564505
2021-06-02,27.725,27.87,27.505,27.87,452683
2021-06-03,27.825,27.855,27.455,27.735,365929
2021-06-04,27.8,27.845,27.68,27.81,157543
2021-06-07,27.75,28.225,27.575,28.105,721867
2021-06-08,28.12,28.36,28.05,28.165,243586
2021-06-09,28.225,28.305,28.0,28.26,180452
2021-06-10,28.265,28.31,27.935,28.08,478587
2021-06-11,28.165,28.62,28.165,28.58,353447
2021-06-14,28.875,29.0,28.55,28.705,283395
2021-06-15,28.935,29.085,28.93,28.95,93261
2021-06-16,29.13,29.13,28.89,29.04,175129
2021-06-17,28.52,29.24,28.5,29.18,345054
2021-06-18,29.175,29.36,28.24,28.35,498635
2021-06-21,27.92,28.67,27.83,28.615,476071
2021-06-22,28.655,28.79,28.45,28.725,259654
2021-06-23,28.755,28.795,28.17,28.17,212950
2021-06-24,28.495,29.01,28.46,28.955,471231
2021-06-25,28.985,29.03,28.705,28.875,228283
2021-06-28,28.79,28.96,28.29,28.295,373732
2021-06-29,28.47,28.67,28.39,28.39,74371
2021-06-30,28.425,28.445,27.57,27.88,299034
2021-07-01,28.325,28.56,27.82,28.26,334165
2021-07-02,28.29,28.505,28.13,28.265,117824
2021-07-05,28.17,28.51,27.96,28.385,135846
2021-07-06,28.135,28.32,27.64,27.865,299051
2021-07-07,28.04,28.23,27.8,28.035,244884
2021-07-08,27.505,27.52,26.49,26.87,1099486
2021-07-09,27.265,28.06,27.265,28.02,387102
2021-07-12,27.96,28.36,27.595,28.28,501647
2021-07-13,28.255,28.33,28.09,28.24,191551
2021-07-14,28.11,28.33,28.05,28.275,175079
2021-07-15,28.08,28.22,27.53,27.73,522050
2021-07-16,27.8,28.0,27.095,27.435,376920
2021-07-19,26.88,26.88,25.68,26.035,781420
2021-07-20,26.485,26.785,26.09,26.5,510252
2021-07-21,26.885,27.5,26.78,27.455,350218
2021-07-22,27.695,27.95,27.525,27.58,225562
2021-07-23,27.9,28.37,27.86,28.32,580494
2021-07-26,28.115,28.485,27.875,28.39,374924
2021-07-27,28.215,28.39,27.88,27.99,345174
2021-07-28,28.115,28.65,27.98,28.65,348280
2021-07-29,29.03,29.195,28.885,28.885,457837
2021-07-30,28.66,28.995,28.54,28.67,244887
2021-08-02,29.17,29.37,28.93,29.225,469272
2021-08-03,29.395,29.895,29.35,29.665,495425
2021-08-04,29.92,30.045,29.725,29.845,361255
2021-08-05,29.93,30.24,29.925,30.195,178215
2021-08-06,30.14,30.64,30.04,30.46,187722
2021-08-09,30.58,30.635,30.4,30.43,161606
2021-08-10,30.555,30.64,30.45,30.55,68342
2021-08-11,30.69,30.92,30.54,30.845,280273
2021-08-12,30.87,31.155,30.85,31.105,117891
2021-08-13,31.175,31.365,31.11,31.205,175333
2021-08-16,30.7,30.92,30.495,30.665,364034
2021-08-17,30.4,30.595,30.235,30.515,180042
2021-08-18,30.615,30.615,29.98,30.085,381130
2021-08-19,28.99,29.05,28.22,28.615,1793077
2021-08-20,28.675,28.84,28.275,28.815,621747
2021-08-23,29.33,29.405,29.07,29.32,393550
2021-08-24,29.54,29.58,28.85,29.115,244944
2021-08-25,29.245,29.285,29.14,29.245,112835
2021-08-26,28.92,29.2,28.73,29.135,118539
2021-08-27,28.955,29.255,28.945,29.25,91886
2021-08-30,29.27,29.42,29.21,29.33,128522
2021-08-31,29.36,29.5,28.99,29.24,439825
2021-09-01,29.74,30.24,29.69,29.945,750979
2021-09-02,29.93,30.12,29.92,29.965,92259
2021-09-03,29.82,29.89,29.145,29.365,396774
2021-09-06,29.475,29.925,29.475,29.805,220295
2021-09-07,29.72,29.835,29.595,29.645,103810
2021-09-08,29.125,29.52,28.79,29.12,376996
2021-09-09,28.685,29.49,28.575,29.25,553386
2021-09-10,29.48,29.6,28.98,29.09,174018
2021-09-13,29.4,29.6,29.18,29.2,148572
2021-09-14,29.05,29.2,28.65,28.985,231677
2021-09-15,28.945,29.015,28.34,28.41,332424
2021-09-16,28.77,29.08,28.69,28.73,328449
2021-09-17,29.225,29.36,28.1,28.28,461597
2021-09-20,27.37,27.41,26.725,27.3,793506
2021-09-21,27.65,28.3,27.65,28.185,318314
2021-09-22,28.745,28.945,28.555,28.885,280083
2021-09-23,29.305,29.615,29.155,29.455,858046
2021-09-24,29.11,29.155,28.78,28.9,259983
2021-09-27,29.295,29.33,28.98,28.99,168749
2021-09-28,28.92,29.005,27.68,27.805,607879
2021-09-29,28.07,28.53,28.06,28.26,353783
2021-09-30,28.7,28.74,27.84,27.9,194100
2021-10-01,27.1,28.065,26.985,27.85,754178
2021-10-04,27.555,28.1,27.335,27.545,451102
2021-10-05,27.635,28.41,27.635,28.4,287871
2021-10-06,27.745,27.79,27.075,27.69,903398
2021-10-07,28.365,28.73,28.13,28.595,557981
2021-10-08,28.675,28.755,28.23,28.23,213866
2021-10-11,28.12,28.36,27.935,28.325,201797
2021-10-12,27.68,28.14,27.66,28.14,244419
2021-10-13,27.95,28.64,27.82,28.545,353873
2021-10-14,28.83,29.395,28.765,29.32,373513
2021-10-15,29.505,29.85,29.49,29.685,357290
2021-10-18,29.335,29.36,28.945,29.23,336253
2021-10-19,29.305,29.325,29.03,29.205,159236
2021-10-20,29.07,29.595,29.045,29.52,120547
2021-10-21,29.15,29.44,29.14,29.355,157129
2021-10-22,29.64,30.03,29.61,29.76,344494
2021-10-25,29.755,29.765,29.535,29.56,123449
2021-10-26,29.69,30.11,29.57,30.035,172919
2021-10-27,30.06,30.06,29.74,29.91,165533
2021-10-28,29.96,30.36,29.91,30.36,430572
2021-10-29,30.02,30.58,29.885,30.58,483787
2021-11-01,30.9,31.3,30.87,31.16,175080
2021-11-02,31.08,31.515,31.08,31.45,146555
2021-11-03,31.495,31.72,31.385,31.7,102939
2021-11-04,31.935,32.075,31.785,32.02,475390
2021-11-05,32.09,32.715,32.09,32.5,515573
2021-11-08,32.57,32.755,32.48,32.57,161086
2021-11-09,32.325,32.85,32.3,32.51,194338
2021-11-10,32.6,32.605,32.27,32.555,310894
2021-11-11,32.475,32.8,32.43,32.665,431768
2021-11-12,32.855,33.015,32.665,33.015,228698
2021-11-15,33.09,33.39,32.96,33.33,204752
2021-11-16,33.56,33.68,33.42,33.59,126385
2021-11-17,33.595,33.72,33.53,33.615,187793
2021-11-18,33.59,33.83,33.425,33.46,127057
2021-11-19,33.785,33.855,32.78,33.19,502622
2021-11-22,33.385,33.47,32.98,33.145,324438
2021-11-23,32.63,33.2,32.18,32.575,328154
2021-11-24,32.785,33.005,32.01,32.56,122358
2021-11-25,32.87,32.89,32.59,32.855,74127
2021-11-26,30.23,30.865,29.61,29.66,1309184
2021-11-29,30.49,30.635,29.935,30.085,682121
2021-11-30,29.41,30.15,29.03,29.58,855786
2021-12-01,30.18,31.205,29.87,31.04,421876
2021-12-02,30.295,30.725,29.94,30.26,690149
2021-12-03,30.81,30.86,29.66,29.95,976381
2021-12-06,30.355,31.06,30.07,30.89,518740
2021-12-07,31.635,32.66,31.53,32.63,541695
2021-12-08,32.785,33.01,32.19,32.2,531256
2021-12-09,32.345,32.465,31.91,32.135,271839
2021-12-10,31.855,32.305,31.74,31.96,350175
2021-12-13,32.005,32.335,31.41,31.575,301144
2021-12-14,31.9,32.02,31.08,31.12,377624
2021-12-15,31.445,31.61,31.23,31.415,81386
2021-12-16,32.35,32.54,31.97,32.155,702734
2021-12-17,31.96,32.19,31.02,31.41,504332
2021-12-20,30.12,30.92,29.775,30.895,445417
2021-12-21,31.465,31.76,31.04,31.72,232472
2021-12-22,31.89,32.49,31.715,32.49,235660
2021-12-23,32.7,33.15,32.505,33.015,402765
2021-12-24,32.98,33.1,32.85,32.925,31956
2021-12-27,32.61,33.4,32.605,33.315,98860
2021-12-28,33.385,33.76,33.385,33.69,142082
2021-12-29,33.655,33.9,33.3,33.515,117641
2021-12-30,33.565,33.81,33.5,33.64,68016
2021-12-31,33.5,33.55,33.33,33.465,52311
2022-01-03,34.0,34.39,33.96,34.15,318194
2022-01-04,34.545,35.215,34.45,35.04,309288
2022-01-05,35.105,35.705,35.03,35.605,241850
2022-01-06,34.865,35.06,34.32,34.425,716955
2022-01-07,34.37,34.595,33.74,34.095,439613
2022-01-10,34.29,34.3,33.05,33.175,553721
2022-01-11,33.9,34.195,33.55,33.765,391825
2022-01-12,34.235,34.41,33.78,34.285,344551
2022-01-13,34.03,34.22,33.63,33.96,226844
2022-01-14,33.275,33.68,33.2,33.455,303710
2022-01-17,33.645,34.07,33.455,33.97,149953
2022-01-18,33.595,33.64,32.985,33.31,317362
2022-01-19,33.155,34.04,33.155,33.65,230954
2022-01-20,33.77,33.925,33.22,33.875,263728
2022-01-21,33.035,33.185,32.17,32.71,756314
2022-01-24,32.32,32.715,29.8,30.115,1008450
2022-01-25,30.725,31.035,30.02,30.585,636579
2022-01-26,31.265,32.2,31.205,31.835,624761
2022-01-27,30.99,32.48,30.925,32.21,647554
2022-01-28,32.285,32.285,30.575,31.655,682586
2022-01-31,32.09,32.38,31.415,32.0,595431
2022-02-01,32.5,32.94,32.3,32.875,611379
2022-02-02,33.095,33.37,32.98,33.065,396022
2022-02-03,33.095,33.13,31.935,32.0,861353
2022-02-04,32.445,32.595,31.23,31.535,966308
2022-02-07,31.925,32.2,31.34,32.08,315828
2022-02-08,32.12,32.755,31.93,32.215,511616
2022-02-09,32.86,33.3,32.77,33.165,492947
2022-02-10,33.37,33.53,32.43,32.885,392747
2022-02-11,32.345,32.615,31.875,32.075,462613
2022-02-14,30.6,30.835,29.74,30.53,1460637
2022-02-15,30.65,31.77,30.58,31.75,713651
2022-02-16,31.92,32.24,31.305,31.61,698938
2022-02-17,32.0,32.09,31.08,31.41,561833
2022-02-18,31.5,31.885,30.95,31.29,663334
2022-02-21,31.655,31.785,29.62,30.025,784500
2022-02-22,28.94,30.42,28.78,30.0,1016548
2022-02-23,30.315,31.05,29.82,29.94,637138
2022-02-24,27.52,28.55,26.88,27.68,2010402
2022-02-25,28.235,29.71,27.66,29.64,1177580
2022-02-28,28.54,29.02,27.54,28.77,1623851
2022-03-01,28.765,28.82,26.575,26.575,2825092
2022-03-02,26.15,27.77,25.82,27.42,1025702
2022-03-03,27.57,27.75,26.2,26.425,1280797
2022-03-04,25.6,25.81,23.795,23.795,3591362
2022-03-07,21.87,24.17,21.34,23.165,1734237
2022-03-08,23.05,24.58,22.75,22.93,1619729
2022-03-09,24.24,26.13,24.16,26.13,1382515
2022-03-10,25.805,25.95,24.425,24.775,1007836
2022-03-11,24.98,26.845,24.38,25.22,553185
2022-03-14,25.295,26.46,25.285,26.08,2820244
2022-03-15,25.375,26.19,24.72,25.895,2039815
2022-03-16,27.08,28.58,26.955,27.835,1963305
2022-03-17,28.2,28.23,27.4,28.045,694788
2022-03-18,27.9,28.07,27.075,28.07,2161407
2022-03-21,28.08,28.32,27.7,27.8,1652739
2022-03-22,27.885,28.555,27.845,28.48,552463
2022-03-23,28.45,28.72,27.63,27.83,860966
2022-03-24,28.005,28.315,27.5,27.65,1016078
2022-03-25,27.75,28.13,27.48,27.615,1732736
2022-03-28,27.995,28.685,27.825,27.915,556983
2022-03-29,28.61,29.94,28.48,29.655,1782878
2022-03-30,29.295,29.435,28.865,29.145,463101
2022-03-31,29.285,29.48,28.44,28.45,604879
2022-04-01,28.445,28.875,28.23,28.675,584147
2022-04-04,28.885,29.2,28.285,29.08,488029
2022-04-05,29.035,29.16,27.96,28.32,1238690
2022-04-06,28.085,28.325,26.61,27.07,974819
2022-04-07,27.36,27.8,26.68,26.775,444225
2022-04-08,27.435,27.77,27.04,27.47,325391
2022-04-11,27.515,28.04,27.09,27.55,352876
2022-04-12,26.595,27.695,26.45,27.385,522361
2022-04-13,27.32,27.645,26.9,27.44,796139
2022-04-14,27.66,28.0,27.445,27.845,810106
2022-04-19,27.595,27.74,27.14,27.49,1423738
2022-04-20,27.595,28.34,27.595,28.25,390777
2022-04-21,28.46,29.38,28.44,29.025,791709
2022-04-22,28.175,28.465,27.765,27.85,868607
2022-04-25,26.89,27.345,26.46,26.8,2253354
2022-04-26,27.26,27.65,26.62,26.65,1818464
2022-04-27,26.705,27.19,26.04,26.915,880587
2022-04-28,27.5,28.025,26.85,27.44,705459
2022-04-29,27.805,28.23,27.485,27.685,2028136
2022-05-02,27.125,27.17,25.9,26.745,984456
2022-05-03,26.92,27.46,26.78,27.2,598341
2022-05-04,27.29,27.36,26.545,26.545,228762
2022-05-05,27.825,27.87,26.15,26.335,622215
2022-05-06,26.12,26.2,25.27,25.655,777312
2022-05-09,25.45,25.67,24.275,24.275,688409
2022-05-10,24.72,25.25,24.525,24.525,571390
2022-05-11,25.02,25.745,24.67,25.745,754881
2022-05-12,24.72,25.495,24.34,25.175,2790314
2022-05-13,25.565,26.53,25.505,26.53,985265
2022-05-16,26.225,26.6,25.93,26.43,250990
2022-05-17,26.93,27.375,26.735,27.215,321396
2022-05-18,27.27,27.41,26.47,26.535,656014
2022-05-19,25.96,26.05,25.235,25.91,1011982
2022-05-20,26.06,26.75,25.84,25.995,962429
2022-05-23,26.505,26.725,25.96,26.725,1022463
2022-05-24,26.165,26.43,25.775,25.855,531555
2022-05-25,26.195,26.46,25.715,26.29,303360
2022-05-26,26.33,27.335,26.3,27.19,326859
2022-05-27,27.585,28.14,27.34,28.13,391975
2022-05-30,28.575,28.78,28.39,28.635,819176
2022-05-31,28.395,28.42,27.71,27.79,440643
2022-06-01,28.12,28.16,27.335,27.405,642000
2022-06-02,27.705,28.13,27.69,28.08,154070
2022-06-03,28.405,28.43,27.85,27.925,234245
2022-06-06,28.51,28.9,28.46,28.625,190316
2022-06-07,28.3,28.345,27.8,28.095,1204352
2022-06-08,28.18,28.18,27.41,27.68,790473
2022-06-09,27.43,27.73,26.8,26.92,516559
2022-06-10,26.565,26.6,25.4,25.48,594735
2022-06-13,24.825,24.975,23.985,24.13,465010
2022-06-14,24.445,24.525,23.42,23.545,463783
2022-06-15,24.145,24.425,23.7,24.21,485055
2022-06-16,24.055,24.07,22.9,23.0,595974
2022-06-17,23.085,23.695,22.875,23.01,559594
2022-06-20,23.095,23.27,22.77,23.27,257019
2022-06-21,23.63,24.225,23.59,23.675,1752079
2022-06-22,22.645,23.46,22.645,23.3,636753
2022-06-23,23.1,23.615,22.62,23.045,1139765
2022-06-24,23.31,24.62,23.275,24.53,569719
2022-06-27,24.89,25.205,24.155,24.345,956538
2022-06-28,24.83,25.065,24.605,24.665,1111435
2022-06-29,24.285,24.505,23.875,24.175,578661
2022-06-30,23.26,23.39,22.75,23.31,654617
2022-07-01,22.885,23.715,22.84,23.355,386267
2022-07-04,23.76,23.965,23.51,23.6,1332642
2022-07-05,23.735,23.75,22.28,22.34,593661
2022-07-06,23.005,23.39,22.74,23.285,508246
2022-07-07,23.795,24.14,23.7,23.99,1082795
2022-07-08,23.955,24.365,23.565,24.21,840484
2022-07-11,23.38,23.98,23.315,23.915,1315668
2022-07-12,23.695,24.37,23.4,24.29,341833
2022-07-13,24.1,24.15,23.32,23.91,1456297
2022-07-14,23.775,23.92,22.95,23.26,1483454
2022-07-15,23.295,24.275,23.15,24.215,442237
2022-07-18,24.37,25.005,24.37,24.65,1512422
2022-07-19,24.46,25.65,24.15,25.555,1431022
2022-07-20,25.755,25.93,25.145,25.405,414045
2022-07-21,25.325,25.84,25.1,25.555,1243819
2022-07-22,25.37,25.93,25.32,25.665,816886
2022-07-25,25.55,26.02,25.38,25.84,510085
2022-07-26,25.73,25.91,25.5,25.635,260757
2022-07-27,25.605,26.1,25.55,26.03,335625
2022-07-28,26.3,26.675,25.83,26.675,627374
2022-07-29,27.245,27.82,27.235,27.65,676781
2022-08-01,27.585,27.905,27.485,27.505,460013
2022-08-02,27.295,27.455,27.04,27.255,493053
2022-08-03,27.205,27.845,27.175,27.82,516986
2022-08-04,27.95,28.53,27.95,28.16,566177
2022-08-05,28.09,28.23,27.62,27.805,391010
2022-08-08,28.19,28.6,28.055,28.28,362941
2022-08-09,28.15,28.29,27.86,27.935,301411
2022-08-10,27.79,28.425,27.65,28.265,611115
2022-08-11,28.535,28.57,28.06,28.385,343933
2022-08-12,28.495,28.78,28.375,28.5,332904
2022-08-15,28.775,28.79,28.33,28.63,642262
2022-08-16,28.78,28.985,28.62,28.85,614050
2022-08-17,28.91,28.94,28.2,28.21,910119
2022-08-18,28.22,28.68,28.185,28.505,572294
2022-08-19,28.275,28.435,27.92,27.965,305097
2022-08-22,27.6,27.68,26.77,26.95,601594
2022-08-23,26.725,27.175,26.67,26.805,312443
2022-08-24,26.715,27.12,26.47,27.065,184396
2022-08-25,27.405,27.5,26.84,27.015,359426
2022-08-26,27.265,27.4,25.905,26.1,436416
2022-08-29,25.605,25.755,25.08,25.675,712540
2022-08-30,25.87,26.335,25.35,25.54,290206
2022-08-31,25.635,25.7,24.87,24.87,630262
2022-09-01,24.41,24.41,23.915,24.12,857338
2022-09-02,24.32,25.27,24.245,25.21,435219
2022-09-05,24.265,24.67,23.96,24.575,312850
2022-09-06,24.65,24.92,24.28,24.65,350550
2022-09-07,24.29,24.77,24.19,24.67,329140
2022-09-08,24.89,24.985,24.1,24.815,335227
2022-09-09,24.98,25.76,24.98,25.54,587218
2022-09-12,25.795,26.68,25.65,26.53,724354
2022-09-13,26.78,27.045,25.785,25.785,726020
2022-09-14,25.605,25.83,25.26,25.605,336164
2022-09-15,25.61,25.81,24.96,25.095,241391
2022-09-16,24.61,24.72,24.22,24.43,299314
2022-09-19,23.94,24.545,23.57,24.31,671893
2022-09-20,24.54,24.745,23.545,23.61,523894
2022-09-21,23.27,24.125,23.17,24.1,578747
2022-09-22,23.29,24.03,23.185,23.205,398102
2022-09-23,23.05,23.155,21.995,22.13,1762254
2022-09-26,22.055,22.48,21.77,22.02,598046
2022-09-27,22.315,22.665,21.92,21.92,988382
2022-09-28,21.67,22.05,21.105,22.0,1052808
2022-09-29,21.61,21.62,20.93,21.31,1413609
2022-09-30,21.545,22.01,21.38,21.97,1066871
2022-10-03,21.425,22.265,21.11,22.21,715709
2022-10-04,22.745,24.025,22.725,24.02,1465747
2022-10-05,23.8,24.03,23.365,23.645,963529
2022-10-06,23.785,23.905,23.08,23.245,549439
2022-10-07,23.23,23.4,22.59,22.705,730252
2022-10-10,22.435,22.825,22.15,22.495,541117
2022-10-11,22.145,22.575,21.95,22.43,1893964
2022-10-12,22.47,22.73,22.085,22.31,438847
2022-10-13,22.035,22.905,21.44,22.765,1725933
2022-10-14,23.485,24.06,23.1,23.19,1360665
2022-10-17,23.41,24.245,23.03,24.035,499978
2022-10-18,24.415,24.82,24.16,24.24,1967199
2022-10-19,24.36,24.575,24.035,24.04,936795
2022-10-20,24.125,24.53,23.94,24.375,351412
2022-10-21,23.8,24.145,23.35,23.985,1432194
2022-10-24,24.485,25.11,24.035,24.735,1705640
2022-10-25,25.035,25.715,24.78,25.69,560493
2022-10-26,25.655,25.97,25.44,25.94,1151184
2022-10-27,25.655,25.88,25.245,25.665,598370
2022-10-28,25.3,25.925,25.135,25.875,663133
2022-10-31,25.74,26.05,25.63,25.82,419357
2022-11-01,26.59,26.775,26.145,26.32,932786
2022-11-02,26.61,26.73,25.87,25.89,356180
2022-11-03,25.44,25.65,25.19,25.61,370608
2022-11-04,26.065,27.45,26.0,27.06,1003356
2022-11-07,26.635,27.275,26.605,27.085,762602
2022-11-08,26.795,27.345,26.72,27.285,526313
2022-11-09,27.235,27.28,26.95,27.16,332854
2022-11-10,26.865,28.39,26.745,28.255,980973
2022-11-11,28.66,28.915,28.365,28.555,1029867
2022-11-14,28.745,29.11,28.62,28.695,700322
2022-11-15,28.925,29.345,28.8,28.965,742532
2022-11-16,29.05,29.085,28.485,28.675,324623
2022-11-17,28.82,28.9,27.94,28.38,577209
2022-11-18,28.7,29.15,28.61,28.97,304768
2022-11-21,28.845,29.03,28.715,28.89,87503
2022-11-22,28.945,29.18,28.72,29.09,266818
2022-11-23,29.205,29.3,28.98,29.255,151828
2022-11-24,29.31,29.715,29.285,29.5,317758
2022-11-25,29.53,29.675,29.375,29.6,581771
2022-11-28,29.23,29.415,28.95,29.165,555006
2022-11-29,29.315,29.41,29.05,29.175,374164
2022-11-30,29.49,29.83,29.275,29.8,526102
2022-12-01,30.285,30.325,29.785,29.985,898629
2022-12-02,29.75,30.1,29.4,29.88,445363
2022-12-05,29.76,29.86,29.3,29.5,379461
2022-12-06,29.475,29.57,29.14,29.36,613906
2022-12-07,29.4,29.475,28.99,29.19,336647
2022-12-08,29.275,29.33,28.885,29.04,139150
2022-12-09,29.13,29.335,28.725,29.28,115949
2022-12-12,29.08,29.335,28.945,29.09,262279
2022-12-13,29.25,30.57,29.015,29.885,649834
2022-12-14,29.74,29.79,29.45,29.79,693702
2022-12-15,29.255,29.27,27.76,27.89,419146
2022-12-16,27.85,27.89,27.04,27.37,534614
2022-12-19,27.52,27.805,27.5,27.515,153038
2022-12-20,26.905,27.465,26.78,27.295,259214
2022-12-21,27.535,28.465,27.45,28.4,268250
2022-12-22,28.5,28.7,27.73,27.835,752531
2022-12-23,27.865,27.99,27.5,27.745,199869
2022-12-27,28.26,28.395,28.08,28.155,454047
2022-12-28,28.215,28.3,27.74,27.78,234564
2022-12-29,27.535,28.345,27.45,28.305,435514
2022-12-30,27.96,28.035,27.385,27.45,93349
2023-01-02,27.98,28.57,27.855,28.505,199488
2023-01-03,28.465,29.4,28.465,28.815,384488
2023-01-04,29.21,30.135,29.185,30.095,486665
2023-01-05,29.8,30.25,29.67,29.955,494722
2023-01-06,30.105,30.845,29.93,30.845,345858
2023-01-09,30.835,31.43,30.75,31.305,415090
2023-01-10,30.955,31.0,30.715,30.93,463368
2023-01-11,31.055,31.62,30.975,31.405,338746
2023-01-12,31.68,32.22,31.1,31.895,728602
2023-01-13,32.035,32.4,31.88,32.295,860075
2023-01-16,32.49,32.57,32.24,32.5,784714
2023-01-17,32.525,33.05,32.295,32.78,1015152
2023-01-18,32.815,33.15,32.785,32.85,394481
2023-01-19,32.55,32.615,31.59,31.65,189512
2023-01-20,32.025,32.2,31.735,32.025,235878
2023-01-23,32.235,32.455,31.97,32.385,457699
2023-01-24,32.575,32.62,32.165,32.505,284160
2023-01-25,32.68,32.73,32.055,32.48,543749
2023-01-26,32.925,33.12,32.79,32.94,846674
2023-01-27,32.86,33.13,32.64,32.935,315151
2023-01-30,32.645,32.975,32.325,32.82,568664
2023-01-31,32.825,32.85,32.27,32.77,246848
2023-02-01,32.89,33.06,32.575,32.73,288236
2023-02-02,33.1,33.73,32.76,33.605,795717
2023-02-03,33.275,34.16,33.08,34.16,295196
2023-02-06,33.66,33.755,32.99,33.325,469358
2023-02-07,33.225,33.445,33.05,33.225,425960
2023-02-08,33.69,33.76,33.1,33.1,371487
2023-02-09,33.68,34.085,33.68,33.72,222370
2023-02-10,33.45,33.67,32.69,33.205,461320
2023-02-13,33.395,33.975,33.37,33.915,337861
2023-02-14,33.95,34.52,33.22,33.98,170264
2023-02-15,33.96,34.945,33.96,34.805,340334
2023-02-16,35.335,35.6,35.02,35.39,793116
2023-02-17,34.825,35.4,34.465,35.195,202711
2023-02-20,35.335,35.35,34.93,35.1,81345
2023-02-21,35.005,35.17,34.18,34.81,151911
2023-02-22,34.51,34.825,34.1,34.73,310902
2023-02-23,34.88,35.3,34.76,34.91,157338
2023-02-24,35.32,35.36,33.72,33.72,379752
2023-02-27,34.36,34.935,34.25,34.69,209997
2023-02-28,34.41,34.895,34.245,34.43,169233
2023-03-01,34.595,34.98,33.965,34.1,425379
2023-03-02,33.635,34.57,32.905,34.51,509630
2023-03-03,34.915,35.245,34.75,35.165,210179
2023-03-06,35.485,35.655,35.16,35.37,160269
2023-03-07,35.16,35.61,35.045,35.1,276862
2023-03-08,34.885,35.14,34.785,34.92,111029
2023-03-09,34.8,35.005,34.465,34.835,339976
2023-03-10,33.465,34.29,33.4,33.965,535617
2023-03-13,33.525,33.63,31.66,31.955,776564
2023-03-14,32.025,33.34,31.75,33.135,464309
2023-03-15,32.81,32.975,30.535,30.785,1385660
2023-03-16,31.79,32.345,30.66,31.99,1000288
2023-03-17,32.475,32.725,30.81,31.16,466621
2023-03-20,31.005,32.2,29.98,31.925,741444
2023-03-21,32.565,33.1,32.5,32.74,546447
2023-03-22,32.695,33.26,32.54,32.97,406235
2023-03-23,32.93,33.165,32.45,33.07,437899
2023-03-24,32.635,32.635,31.385,31.94,917140
2023-03-27,32.815,32.85,32.135,32.495,290667
2023-03-28,33.095,33.15,32.39,32.59,224712
2023-03-29,33.01,33.605,32.905,33.495,301359
2023-03-30,33.92,34.46,33.88,34.23,265408
2023-03-31,34.415,34.935,34.21,34.765,281600
2023-04-03,34.895,35.125,34.845,34.935,399535
2023-04-04,35.28,35.46,34.93,34.94,258587
2023-04-05,35.0,35.065,34.515,34.665,324784
2023-04-06,34.695,34.935,34.635,34.765,169796
2023-04-11,35.295,35.47,35.165,35.37,185713
2023-04-12,35.425,36.05,35.24,35.41,156889
2023-04-13,35.975,36.26,35.965,36.21,242501
2023-04-14,36.365,36.71,36.3,36.58,206427
2023-04-17,36.74,36.9,36.37,36.38,124534
2023-04-18,36.56,36.94,36.49,36.725,136325
2023-04-19,36.655,36.94,36.51,36.855,97085
2023-04-20,36.76,36.795,36.43,36.745,159391
2023-04-21,36.865,37.08,36.55,37.08,132695
2023-04-24,37.03,37.28,36.95,37.205,318161
2023-04-25,36.855,37.1,36.735,36.99,307657
2023-04-26,36.69,36.755,36.025,36.425,487127
2023-04-27,36.275,36.81,36.25,36.59,228662
2023-04-28,36.845,36.935,35.935,36.77,254622
2023-05-02,36.74,36.92,35.665,35.695,544974
2023-05-03,36.12,36.35,35.855,35.965,343690
2023-05-04,35.69,35.82,35.05,35.31,391471
2023-05-05,35.71,36.25,35.435,36.23,309794
2023-05-08,36.24,36.555,36.235,36.4,117820
2023-05-09,36.27,36.35,35.75,36.115,97951
2023-05-10,36.215,36.31,35.57,35.73,297006
2023-05-11,36.22,36.5,35.5,35.975,308318
2023-05-12,36.515,36.76,36.125,36.27,133040
2023-05-15,36.62,36.75,36.21,36.415,268512
2023-05-16,36.19,36.51,36.0,36.26,77989
2023-05-17,36.045,36.45,35.81,36.23,143826
2023-05-18,36.675,37.03,36.48,36.69,572252
2023-05-19,36.93,37.45,36.9,37.11,351694
2023-05-22,37.24,37.36,36.965,37.195,147894
2023-05-23,36.975,37.055,36.25,36.28,383057
2023-05-24,35.455,35.525,34.72,35.025,444085
2023-05-25,34.89,35.07,34.475,34.775,225454
2023-05-26,35.05,35.775,34.58,35.69,426991
2023-05-29,35.975,36.01,35.375,35.49,215949
2023-05-30,35.4,35.71,34.735,34.87,433403
2023-05-31,34.12,34.665,33.69,33.81,514622
2023-06-01,34.235,34.52,33.72,34.2,163821
2023-06-02,34.67,35.555,34.615,35.51,319948
2023-06-05,35.45,35.58,34.75,34.805,154418
2023-06-06,34.76,35.01,34.59,34.94,164651
2023-06-07,34.765,35.075,34.54,34.84,306255
2023-06-08,34.76,35.175,34.69,35.005,140956
2023-06-09,35.145,35.145,34.655,34.925,277586
2023-06-12,35.39,35.63,35.19,35.325,234673
2023-06-13,35.66,35.885,35.25,35.765,212054
2023-06-14,35.725,36.365,35.725,36.085,225941
2023-06-15,35.84,35.9,35.26,35.685,326642
2023-06-16,35.8,36.8,35.76,36.675,350653
2023-06-19,36.4,36.4,35.785,35.9,159746
2023-06-20,35.745,35.995,35.58,35.715,112459
2023-06-21,35.565,35.82,35.33,35.45,140037
2023-06-22,34.92,34.935,34.31,34.895,696583
2023-06-23,34.545,34.8,34.17,34.495,267003
2023-06-26,34.51,34.88,33.935,34.7,283387
2023-06-27,35.095,35.195,34.48,35.0,355685
2023-06-28,35.525,35.725,35.34,35.68,475867
2023-06-29,35.795,36.275,35.685,35.93,201050
2023-06-30,36.205,36.95,36.155,36.795,427843
2023-07-03,36.98,37.05,36.62,36.69,120734
2023-07-04,36.765,36.775,36.47,36.51,46341
2023-07-05,36.025,36.32,35.77,35.925,142979
2023-07-06,35.065,35.13,33.52,33.7,947844
2023-07-07,33.68,34.34,33.4,33.965,362629
2023-07-10,33.785,34.545,33.675,34.26,395709
2023-07-11,34.555,35.21,34.54,34.975,442971
2023-07-12,35.17,36.2,35.095,36.075,470023
2023-07-13,36.2,36.79,36.075,36.435,336351
2023-07-14,36.415,36.735,36.41,36.45,74302
2023-07-17,35.82,36.06,35.42,35.635,221777
2023-07-18,35.54,35.98,35.49,35.935,181049
2023-07-19,36.415,36.54,35.875,36.0,256342
2023-07-20,35.775,36.59,35.77,36.565,158901
2023-07-21,36.58,37.01,36.465,36.99,315804
2023-07-24,36.72,37.01,36.58,36.925,126506
2023-07-25,37.1,37.15,36.685,36.8,174706
2023-07-26,36.35,36.35,35.195,35.825,462882
2023-07-27,36.215,37.39,36.08,37.31,504429
2023-07-28,37.1,37.6,36.78,37.445,168232
2023-07-31,37.345,37.86,37.26,37.59,132946
2023-08-01,37.44,37.61,36.63,36.635,116472
2023-08-02,35.72,36.385,35.475,35.735,241727
2023-08-03,35.2,35.35,34.775,35.22,338466
2023-08-04,35.4,35.835,35.07,35.8,368183
2023-08-07,35.57,35.91,35.3,35.81,154017
2023-08-08,35.49,35.84,34.815,35.29,453989
2023-08-09,36.23,36.37,35.75,35.795,223180
2023-08-10,36.42,37.16,36.28,36.865,739748
2023-08-11,36.45,36.625,35.71,35.96,281186
2023-08-14,35.875,36.25,35.645,35.995,347063
2023-08-15,36.025,36.105,34.925,35.235,330853
2023-08-16,35.095,35.56,35.07,35.175,132274
2023-08-17,34.9,35.16,34.4,34.49,287572
2023-08-18,34.07,34.3,33.535,34.205,525409
2023-08-21,34.37,35.105,34.37,34.525,208170
2023-08-22,34.835,35.45,34.8,34.94,171972
2023-08-23,35.18,35.45,34.775,34.995,158607
2023-08-24,35.795,35.925,34.635,34.69,752489
2023-08-25,34.59,35.37,34.575,34.805,390457
2023-08-28,35.405,35.85,35.1,35.78,246622
2023-08-29,35.925,36.22,35.68,36.175,230229
2023-08-30,36.305,36.49,35.665,36.13,241107
2023-08-31,36.01,36.31,35.615,35.615,194164
2023-09-01,35.5,36.0,35.4,35.41,184137
2023-09-04,35.8,36.0,35.135,35.23,152085
2023-09-05,34.64,35.33,34.315,35.025,379862
2023-09-06,34.605,34.675,34.165,34.43,363893
2023-09-07,34.26,34.85,34.17,34.43,200038
2023-09-08,34.61,34.895,33.835,34.84,451778
2023-09-11,35.165,35.58,34.945,35.21,313974
2023-09-12,35.305,35.35,34.83,34.935,180539
2023-09-13,34.725,34.92,34.28,34.655,233766
2023-09-14,34.465,35.59,34.27,35.49,302026
2023-09-15,36.255,36.675,36.01,36.1,413571
2023-09-18,35.905,35.905,34.91,35.145,284902
2023-09-19,34.965,35.415,34.86,35.185,218300
2023-09-20,35.3,35.92,35.19,35.76,263754
2023-09-21,35.06,35.105,34.44,34.6,534878
2023-09-22,33.985,34.46,33.78,34.305,505672
2023-09-25,34.03,34.45,33.38,33.71,409181
2023-09-26,33.36,33.445,32.86,33.24,255771
2023-09-27,33.125,33.545,33.03,33.215,252253
2023-09-28,33.335,33.635,32.92,33.635,277856
2023-09-29,33.935,34.445,33.795,33.795,411625
2023-10-02,33.97,34.365,32.85,33.15,321692
2023-10-03,32.975,33.225,32.4,32.475,369557
2023-10-04,32.125,32.975,32.0,32.455,286212
2023-10-05,32.455,32.71,32.205,32.475,199433
2023-10-06,32.625,33.085,32.315,33.075,284378
2023-10-09,32.865,33.01,32.285,32.695,330795
2023-10-10,33.325,34.05,33.295,33.99,452452
2023-10-11,33.315,34.01,33.19,33.67,348171
2023-10-12,33.995,34.135,33.35,33.425,296382
2023-10-13,33.335,33.45,32.375,32.47,412679
2023-10-16,32.77,32.87,32.085,32.62,252660
2023-10-17,32.605,32.915,32.115,32.705,196698
2023-10-18,32.585,32.825,31.99,32.1,509976
2023-10-19,31.595,31.83,31.26,31.665,343494
2023-10-20,30.945,31.3,30.71,30.735,426675
2023-10-23,30.76,31.06,30.335,31.0,304497
2023-10-24,31.125,31.53,30.88,31.405,397600
2023-10-25,31.04,31.725,30.93,31.58,344614
2023-10-26,30.85,31.575,30.75,31.32,186315
2023-10-27,30.86,31.21,30.39,30.49,395183
2023-10-30,30.705,31.0,30.665,30.76,136591
2023-10-31,30.815,31.44,30.8,31.275,225139
2023-11-01,31.465,31.91,31.17,31.715,243340
2023-11-02,32.165,33.19,32.105,32.89,424390
2023-11-03,33.0,33.115,32.72,32.755,225565
2023-11-06,32.855,32.915,32.335,32.42,151720
2023-11-07,32.165,32.395,31.94,32.19,114792
2023-11-08,31.83,32.91,31.8,32.58,293060
2023-11-09,32.61,33.39,32.49,33.345,354695
2023-11-10,32.915,33.04,32.31,32.69,317884
2023-11-13,32.925,33.235,32.78,33.08,269813
2023-11-14,33.13,34.21,33.055,34.0,788158
2023-11-15,34.25,34.56,34.12,34.24,433569
2023-11-16,34.15,34.215,33.845,33.845,150864
2023-11-17,34.215,34.53,34.11,34.44,177397
2023-11-20,34.66,34.75,34.445,34.565,242174
2023-11-21,34.475,34.54,34.25,34.36,140569
2023-11-22,34.63,34.8,34.505,34.67,220908
2023-11-23,34.8,34.89,34.7,34.86,48798
2023-11-24,34.82,35.03,34.755,35.0,151342
2023-11-27,35.025,35.13,34.72,34.73,150509
2023-11-28,34.455,34.62,34.24,34.585,201612
2023-11-29,34.585,35.0,34.585,34.735,258230
2023-11-30,34.78,35.24,34.62,35.175,180246
2023-12-01,35.45,35.6,35.17,35.455,202976
2023-12-04,35.45,35.62,35.235,35.395,96232
2023-12-05,35.45,35.98,35.45,35.925,185266
2023-12-06,36.01,36.59,35.925,36.42,252918
2023-12-07,36.315,36.415,36.185,36.32,80457
2023-12-08,36.45,37.455,36.44,37.29,503767
2023-12-11,37.365,37.6,37.28,37.505,157256
2023-12-12,37.64,37.83,37.425,37.45,329255
2023-12-13,37.49,37.79,37.295,37.295,166734
2023-12-14,38.315,38.525,37.46,37.775,638167
2023-12-15,38.075,38.375,37.88,37.945,297338
2023-12-18,37.67,37.785,37.46,37.65,198602
2023-12-19,37.67,37.8,37.485,37.725,77299
2023-12-20,37.915,38.025,37.485,37.805,227384
2023-12-21,37.475,37.66,37.33,37.645,162802
2023-12-22,37.645,37.85,37.52,37.65,125031
2023-12-27,37.79,37.95,37.54,37.66,69374
2023-12-28,37.735,37.815,37.25,37.25,73461
2023-12-29,37.42,37.6,37.225,37.33,96156
2024-01-02,37.885,38.085,36.785,37.26,233798
2024-01-03,37.215,37.31,35.81,36.11,573158
2024-01-04,36.27,36.55,36.095,36.52,164824
2024-01-05,35.845,36.38,35.52,36.18,504002
2024-01-08,36.08,36.475,35.74,36.455,127735
2024-01-09,36.525,36.56,35.97,36.23,118458
2024-01-10,36.19,36.5,36.055,36.195,93016
2024-01-11,36.6,36.73,35.785,35.8,176336
2024-01-12,36.06,36.71,36.06,36.55,148240
2024-01-15,36.6,36.72,35.97,36.08,263412
2024-01-16,35.42,35.94,35.39,35.915,187495
2024-01-17,35.1,35.21,34.79,35.19,366123
2024-01-18,35.365,35.99,35.205,35.925,279746
2024-01-19,36.32,36.36,35.425,35.605,231705
2024-01-22,36.205,36.42,35.82,36.04,203904
2024-01-23,36.245,36.27,35.65,35.765,76808
2024-01-24,36.035,36.55,35.945,36.435,215001
2024-01-25,36.25,36.5,35.98,36.48,157163
2024-01-26,37.42,38.27,37.375,38.13,490196
2024-01-29,38.26,38.3,38.01,38.23,48545
2024-01-30,38.3,38.65,38.24,38.6,87721
2024-01-31,38.71,38.83,38.33,38.33,112651
2024-02-01,37.715,37.995,37.48,37.65,142618
2024-02-02,37.95,38.21,37.655,37.72,148595
2024-02-05,37.715,37.83,37.37,37.64,66936
2024-02-06,38.07,38.18,37.7,38.16,109321
2024-02-07,38.2,38.29,37.86,37.885,47225
2024-02-08,37.965,38.6,37.805,38.43,97344
2024-02-09,38.265,38.425,37.95,38.21,71115
2024-02-12,38.495,38.665,38.39,38.64,69940
2024-02-13,38.53,38.54,37.705,37.97,113565
2024-02-14,38.0,38.53,37.895,38.5,74230
2024-02-15,38.975,39.23,38.965,39.15,116659
2024-02-16,39.535,39.71,39.28,39.375,79840
2024-02-19,39.16,39.405,38.97,39.355,20651
2024-02-20,39.38,39.745,39.27,39.65,86998
2024-02-21,39.8,39.925,39.58,39.795,45727
2024-02-22,40.58,40.95,40.235,40.845,175344
2024-02-23,40.95,41.48,40.79,41.37,93509
2024-02-26,41.185,41.235,40.925,40.99,94211
2024-02-27,41.055,41.25,40.9,41.235,57399
2024-02-28,41.205,41.27,41.02,41.23,31244
2024-02-29,41.42,41.48,41.01,41.01,120637
2024-03-01,41.275,41.3,40.68,41.015,85666
2024-03-04,40.935,41.235,40.82,41.235,37038
2024-03-05,41.125,41.3,40.925,40.975,36772
2024-03-06,40.87,41.35,40.87,41.205,65421
2024-03-07,40.9,41.96,40.68,41.84,149042
2024-03-08,41.875,42.14,41.73,41.945,77995
2024-03-11,41.53,41.9,41.5,41.86,152930
2024-03-12,42.235,42.63,41.68,42.565,112351
2024-03-13,42.715,43.295,42.59,43.105,69751
2024-03-14,43.4,43.925,43.245,43.335,103632
2024-03-15,43.35,43.845,43.34,43.41,51655
2024-03-18,43.455,43.545,43.03,43.14,51875
2024-03-19,43.16,43.74,43.07,43.74,28774
2024-03-20,43.025,43.48,42.985,43.37,121755
2024-03-21,44.04,44.065,43.125,43.565,143672
2024-03-22,43.3,43.53,43.02,43.235,54960
2024-03-25,43.28,43.4,42.68,43.285,89864
2024-03-26,43.3,43.62,43.075,43.575,69238
2024-03-27,43.535,44.04,43.47,43.775,59451
2024-03-28,43.985,44.27,43.81,43.81,51610
2024-04-02,44.005,44.26,42.89,42.935,269930
2024-04-03,43.0,43.26,42.87,43.205,58561
2024-04-04,43.185,43.57,43.025,43.19,132154
2024-04-05,41.995,42.215,41.72,42.16,210131
2024-04-08,42.2,43.05,42.2,42.815,231319
2024-04-09,42.42,42.63,41.89,42.03,90846
2024-04-10,42.47,42.6,41.29,42.03,220880
2024-04-11,42.085,42.5,41.28,41.795,177763
2024-04-12,42.56,42.75,41.31,41.635,383646
2024-04-15,42.18,42.8,41.8,41.955,317315
2024-04-16,40.68,41.3,40.525,40.785,236330
2024-04-17,41.21,42.14,41.15,41.345,196941
2024-04-18,41.615,41.915,41.265,41.79,87948
2024-04-19,41.165,41.905,40.96,41.72,244912
2024-04-22,42.405,42.515,41.73,42.09,282126
2024-04-23,42.575,42.98,42.39,42.97,103970
2024-04-24,42.925,43.36,42.63,42.805,125563
2024-04-25,42.78,42.8,41.3,41.94,233995
2024-04-26,41.0,43.02,40.89,42.76,127729
2024-04-29,43.005,43.155,42.555,42.555,91122
2024-04-30,42.695,42.85,41.745,41.915,151726
2024-05-02,41.87,41.87,41.23,41.33,211226
2024-05-03,41.6,42.27,41.43,41.785,269666
2024-05-06,41.95,42.62,41.84,42.255,141763
2024-05-07,42.665,43.075,42.3,43.025,147915
2024-05-08,43.285,43.96,43.175,43.74,214937
2024-05-09,43.695,44.3,43.49,44.265,75623
2024-05-10,44.75,45.03,44.525,44.575,119316
2024-05-13,44.8,44.805,44.45,44.66,62974
2024-05-14,44.68,44.975,44.43,44.87,50915
2024-05-15,45.11,45.175,44.635,45.04,59498
2024-05-16,45.025,45.025,44.41,44.48,123473
2024-05-17,44.46,44.585,43.885,44.23,141768
2024-05-20,44.34,44.88,44.34,44.625,68293
2024-05-21,44.47,44.525,43.8,44.205,117535
2024-05-22,44.06,44.06,43.63,43.765,115248
2024-05-23,43.955,44.23,43.655,43.835,97817
2024-05-24,43.265,43.875,43.21,43.795,135161
2024-05-27,43.775,44.2,43.77,44.2,46414
2024-05-28,44.525,44.55,43.39,43.56,99522
2024-05-29,43.395,43.44,42.24,42.37,295762
2024-05-30,42.215,42.8,42.175,42.795,212561
2024-05-31,42.755,43.0,42.59,42.895,34501
2024-06-03,43.71,43.81,42.96,42.995,102023
2024-06-04,42.81,42.86,42.1,42.34,115335
2024-06-05,42.86,43.43,42.6,43.1,96852
2024-06-06,43.44,43.645,43.19,43.475,102018
2024-06-07,43.46,43.46,42.4,43.035,321448
2024-06-10,41.29,41.895,40.96,41.895,584169
2024-06-11,42.2,42.3,40.48,40.815,721409
2024-06-12,41.015,41.72,40.935,41.56,523564
2024-06-13,41.425,41.505,39.765,39.93,392249
2024-06-14,39.61,39.685,37.4,37.785,926321
2024-06-17,38.175,38.565,37.585,38.48,513920
2024-06-18,39.085,39.135,38.4,39.085,325554
2024-06-19,38.945,39.13,38.49,38.52,259733
2024-06-20,38.67,39.67,38.67,39.58,180377
2024-06-21,39.365,39.54,38.8,39.125,139507
2024-06-24,39.315,40.08,39.085,39.885,680422
2024-06-25,39.4,39.51,38.95,39.415,104527
2024-06-26,39.86,39.86,38.37,38.875,377047
2024-06-27,38.9,39.02,37.965,38.045,447417
2024-06-28,38.02,38.115,37.295,37.535,251255
2024-07-01,39.49,39.695,38.415,38.415,331968
2024-07-02,37.9,38.2,37.53,38.13,181173
2024-07-03,38.595,39.4,38.44,39.12,166351
2024-07-04,39.485,39.81,39.475,39.725,112737
2024-07-05,39.84,40.18,39.185,39.52,374258
2024-07-08,39.185,40.25,39.04,39.04,384516
2024-07-09,38.685,38.755,37.545,37.745,517815
2024-07-10,37.875,38.515,37.57,38.435,409461
2024-07-11,38.78,39.17,38.465,38.97,288774
2024-07-12,39.365,40.075,39.28,39.93,166553
2024-07-15,39.375,39.83,38.865,38.955,169600
2024-07-16,38.375,38.695,38.23,38.47,319330
2024-07-17,38.315,38.71,37.93,38.42,239652
2024-07-18,38.85,39.195,38.245,38.54,237052
2024-07-19,38.205,38.345,37.8,37.93,279548
2024-07-22,38.35,39.16,38.28,38.865,148230
2024-07-23,38.9,39.275,38.36,38.64,277934
2024-07-24,37.5,38.03,37.255,37.755,340802
2024-07-25,36.71,36.925,36.015,36.875,444521
2024-07-26,37.04,37.84,36.845,37.76,306789
2024-07-29,37.965,37.965,36.87,37.02,162076
2024-07-30,37.235,37.58,37.085,37.33,49348
2024-07-31,38.105,38.38,37.75,37.865,248121
2024-08-01,37.305,37.41,36.11,36.25,334025
2024-08-02,36.0,36.045,34.84,35.015,648209
2024-08-05,33.385,34.18,32.89,34.085,738165
2024-08-06,34.2,34.41,33.32,33.905,442910
2024-08-07,34.085,35.37,34.06,35.155,662051
2024-08-08,34.555,35.12,34.215,35.0,238264
2024-08-09,35.05,35.66,34.82,35.205,195871
2024-08-12,35.435,35.53,34.81,35.005,136824
2024-08-13,35.29,35.29,34.7,35.225,160056
2024-08-14,35.67,35.765,35.415,35.765,153108
2024-08-15,35.895,36.785,35.64,36.645,270450
2024-08-16,36.775,36.99,36.615,36.88,131263
2024-08-19,36.935,37.58,36.84,37.41,124806
2024-08-20,37.6,37.69,37.21,37.255,239722
2024-08-21,37.35,37.69,37.32,37.67,49070
2024-08-22,37.645,38.05,37.6,37.63,248906
2024-08-23,37.78,38.19,37.7,38.135,201459
2024-08-26,38.175,38.43,38.145,38.27,163999
2024-08-27,38.41,38.615,38.01,38.01,115698
2024-08-28,38.25,38.465,38.135,38.135,37253
2024-08-29,38.2,38.775,38.2,38.715,179964
2024-08-30,38.83,39.27,38.635,38.635,91503
2024-09-02,38.625,38.815,38.075,38.795,163187
2024-09-03,39.0,39.03,37.935,38.07,153083
2024-09-04,37.44,37.61,37.13,37.305,160805
2024-09-05,36.945,37.245,36.635,36.635,108949
2024-09-06,36.47,36.94,35.705,35.815,197694
2024-09-09,36.105,36.71,36.0,36.54,151390
2024-09-10,36.325,37.015,36.135,36.29,222605
2024-09-11,36.52,36.78,35.91,36.26,405284
2024-09-12,37.005,37.05,36.18,36.575,208268
2024-09-13,36.695,37.11,36.65,36.9,128185
2024-09-16,36.7,37.01,36.63,36.725,121087
2024-09-17,37.095,37.465,36.965,37.1,145227
2024-09-18,37.07,37.185,36.66,36.665,88422
2024-09-19,37.625,38.34,37.4,38.34,212007
2024-09-20,38.18,38.21,37.175,37.175,125197
2024-09-23,37.01,37.32,36.705,37.245,171197
2024-09-24,38.195,38.46,37.89,38.155,340849
2024-09-25,37.69,38.155,37.67,37.835,178774
2024-09-26,38.715,39.57,38.7,39.57,723181
2024-09-27,39.875,40.23,39.62,40.115,358382
2024-09-30,39.59,39.825,38.5,38.505,297745
2024-10-01,38.47,38.7,37.59,37.875,196010
2024-10-02,38.06,38.35,37.62,37.88,111513
2024-10-03,37.67,37.67,36.7,36.89,265547
2024-10-04,36.845,37.8,36.8,37.5,181802
2024-10-07,37.74,37.955,37.23,37.85,161103
2024-10-08,36.905,37.52,36.85,37.31,285595
2024-10-09,37.26,37.76,37.13,37.71,86796
2024-10-10,37.55,37.705,37.19,37.495,194325
2024-10-11,37.31,37.945,37.095,37.85,199328
2024-10-14,37.875,38.18,37.5,38.05,160258
2024-10-15,38.08,38.08,37.18,37.27,176803
2024-10-16,36.5,37.2,36.435,37.0,179602
2024-10-17,37.165,38.285,37.15,37.9,183667
2024-10-18,37.885,38.48,37.85,38.165,121314
2024-10-21,37.9,38.165,37.335,37.395,321443
2024-10-22,37.205,37.5,36.76,37.405,372146
2024-10-23,37.17,37.48,36.72,36.995,384092
2024-10-24,37.17,37.65,36.975,37.075,191597
2024-10-25,36.97,37.19,36.59,37.005,239412
2024-10-28,37.425,37.795,36.95,37.565,284038
2024-10-29,37.94,38.15,37.06,37.07,422406
2024-10-30,36.605,36.715,35.78,36.25,451099
2024-10-31,35.875,35.955,35.19,35.49,265895
2024-11-01,35.725,36.31,35.705,36.095,137989
2024-11-04,35.95,36.42,35.715,35.715,90700
2024-11-05,35.82,36.1,35.495,36.025,88690
2024-11-06,36.53,37.65,35.31,35.67,522117
2024-11-07,35.665,36.42,35.5,36.2,187905
2024-11-08,36.205,36.225,35.275,35.34,286360
2024-11-11,35.94,36.415,35.865,36.165,453373
2024-11-12,35.345,35.595,34.14,34.24,376336
2024-11-13,34.12,34.535,33.585,34.13,242619
2024-11-14,34.195,35.1,34.135,35.03,224160
2024-11-15,34.505,35.125,34.28,34.615,392380
2024-11-18,34.72,34.815,34.28,34.67,371171
2024-11-19,34.89,34.895,33.32,34.22,337138
2024-11-20,34.515,34.7,33.845,33.935,151420
2024-11-21,33.945,34.16,33.28,34.075,334596
2024-11-22,34.35,34.6,33.46,34.44,239907
2024-11-25,35.16,35.2,34.3,34.455,226354
2024-11-26,33.94,34.455,33.78,33.885,241736
2024-11-27,33.29,33.5,32.9,33.385,530032
2024-11-28,33.63,33.96,33.575,33.72,222981
2024-11-29,33.585,34.29,33.55,34.21,286251
2024-12-02,33.545,34.655,33.485,34.27,505399
2024-12-03,34.48,35.09,34.24,34.48,280123
2024-12-04,34.665,35.12,34.57,34.925,154345
2024-12-05,34.925,35.39,34.855,35.195,274954
2024-12-06,35.225,36.28,35.22,36.13,232207
2024-12-09,36.655,36.925,36.28,36.61,271355
2024-12-10,36.355,36.415,35.68,35.765,160114
2024-12-11,35.69,36.18,35.625,36.065,130532
2024-12-12,36.335,36.34,35.95,36.025,98956
2024-12-13,35.965,36.36,35.7,35.895,85304
2024-12-16,35.66,35.95,35.2,35.395,135413
2024-12-17,35.13,35.64,34.995,35.445,303321
2024-12-18,35.6,35.78,35.445,35.64,104264
2024-12-19,34.695,35.1,34.46,34.77,506815
2024-12-20,34.225,34.725,33.8,34.605,235272
2024-12-23,34.415,34.74,34.175,34.545,65092
2024-12-24,34.81,34.96,34.71,34.945,35055
2024-12-27,34.46,35.31,34.46,35.31,102875
2024-12-30,35.025,35.47,34.76,34.885,70152
2024-12-31,34.89,35.51,34.8,35.51,278346
2025-01-02,35.74,35.78,34.66,35.725,273022
2025-01-03,35.465,35.465,34.525,34.625,215654
2025-01-06,35.085,36.26,34.85,36.175,516580
2025-01-07,36.145,36.87,35.95,36.625,249481
2025-01-08,36.495,36.66,35.69,36.24,213630
2025-01-09,35.865,36.725,35.865,36.6,178101
2025-01-10,36.58,36.895,35.895,35.985,170650
2025-01-13,35.805,35.935,35.255,35.785,242075
2025-01-14,36.485,36.67,35.92,35.92,273494
2025-01-15,36.085,36.8,35.87,36.45,101602
2025-01-16,37.51,37.95,37.335,37.95,351673
2025-01-17,38.3,38.92,38.3,38.71,291864
2025-01-20,38.86,39.28,38.655,38.92,186796
2025-01-21,38.845,39.35,38.845,39.305,154652
2025-01-22,39.39,40.35,39.35,39.985,213096
2025-01-23,40.07,40.58,39.895,40.55,214113
2025-01-24,41.165,41.53,40.64,40.885,183413
2025-01-27,40.39,40.885,40.05,40.66,218158
2025-01-28,40.66,41.17,40.395,40.6,109410
2025-01-29,40.44,40.48,40.045,40.28,82161
2025-01-30,40.505,41.09,40.46,40.99,72575
2025-01-31,41.175,41.545,40.86,41.065,109105
2025-02-03,39.5,40.31,39.38,40.065,296567
2025-02-04,40.1,40.71,39.62,40.61,344241
2025-02-05,40.4,40.58,40.15,40.445,82732
2025-02-06,40.7,41.8,40.6,41.64,326023
2025-02-07,41.545,41.85,41.015,41.205,90434
2025-02-10,41.41,41.69,41.25,41.62,84166
2025-02-11,41.785,41.93,41.49,41.855,51556
2025-02-12,42.06,42.22,41.355,41.975,130969
2025-02-13,42.745,43.38,42.475,43.21,196154
2025-02-14,43.3,43.73,43.18,43.375,84956
2025-02-17,43.33,43.58,43.25,43.495,54612
2025-02-18,43.6,43.86,43.175,43.7,145757
2025-02-19,43.65,43.695,42.525,42.625,155167
2025-02-20,42.85,43.28,42.6,42.77,207956
2025-02-21,42.905,43.35,42.815,43.075,79829
2025-02-24,42.91,43.02,42.14,42.405,89635
2025-02-25,42.3,42.59,41.9,41.97,46032
2025-02-26,42.59,43.225,42.32,42.945,106403
2025-02-27,42.49,42.83,41.92,42.48,263140
2025-02-28,41.915,42.58,41.75,42.58,91970
2025-03-03,42.975,44.1,42.325,43.565,192581
2025-03-04,42.79,42.835,41.4,41.88,405449
2025-03-05,43.04,43.95,42.925,43.205,402919
2025-03-06,43.665,43.77,42.43,43.44,250301
2025-03-07,43.065,43.145,42.04,42.6,225312
2025-03-10,42.96,42.96,41.76,41.865,180643
2025-03-11,42.07,42.5,40.535,40.725,207686
2025-03-12,41.495,42.05,40.7,41.225,188622
2025-03-13,41.15,41.65,40.57,40.68,240069
2025-03-14,40.5,41.76,40.45,41.59,247764
2025-03-17,41.57,42.2,41.45,42.06,151474
2025-03-18,42.31,42.75,42.21,42.485,163410
2025-03-19,42.38,43.2,42.31,43.09,195415
2025-03-20,42.92,43.015,41.925,42.25,349522
2025-03-21,41.885,42.045,41.355,41.675,220174
2025-03-24,42.345,42.45,41.3,41.5,275089
2025-03-25,41.84,42.72,41.8,42.395,264655
2025-03-26,42.59,42.6,41.57,41.64,333318
2025-03-27,41.2,41.43,40.54,41.195,181368
2025-03-28,40.875,41.07,40.24,40.435,490494
2025-03-31,39.635,39.805,38.8,39.175,573421
2025-04-01,39.72,40.1,39.4,39.98,176295
2025-04-02,39.77,39.81,39.17,39.81,73852
2025-04-03,38.12,38.635,37.045,37.185,840456
2025-04-04,36.64,36.73,33.43,34.08,797143
2025-04-07,30.065,33.0,29.55,30.78,774086
2025-04-08,31.97,33.0,30.95,32.305,786293
2025-04-09,30.435,31.36,29.45,30.155,710441
2025-04-10,33.665,33.865,32.44,32.44,788063
2025-04-11,33.145,33.18,31.335,32.225,630392
2025-04-14,33.55,34.09,33.275,33.74,760872
2025-04-15,33.71,34.4,33.44,34.3,223513
2025-04-16,33.84,34.275,33.46,34.24,601520
2025-04-17,34.025,34.25,33.59,33.845,228488
2025-04-22,33.79,34.375,33.39,34.355,507077
2025-04-23,35.39,36.45,35.235,35.86,631896
2025-04-24,35.45,36.15,35.22,36.125,559860
2025-04-25,36.825,36.97,36.41,36.54,329253
2025-04-28,36.91,37.33,36.82,36.9,235325
2025-04-29,36.89,37.015,36.5,36.705,208546
2025-04-30,37.045,37.23,36.3,37.11,231090
2025-05-02,38.14,38.92,37.89,38.82,627216
2025-05-05,38.86,38.92,38.585,38.75,138571
2025-05-06,38.84,38.86,37.94,38.45,203383
2025-05-07,38.215,38.295,37.62,37.77,180697
2025-05-08,38.17,38.7,37.97,38.46,200543
2025-05-09,38.84,39.19,38.75,38.975,165253
2025-05-12,40.02,40.55,39.575,40.275,331441
2025-05-13,40.295,40.63,40.25,40.555,337551
2025-05-14,40.56,40.59,39.875,40.175,249372
2025-05-15,39.995,40.37,39.81,40.37,57192
2025-05-16,40.645,41.0,40.4,40.685,218951
2025-05-19,40.705,40.96,40.37,40.96,149243
2025-05-20,41.145,41.75,40.96,41.59,234713
2025-05-21,41.37,41.53,40.93,41.3,108091
2025-05-22,41.055,41.07,40.23,40.835,164528
2025-05-23,41.045,41.095,38.3,39.44,451738
2025-05-26,40.615,40.7,40.25,40.53,176316
2025-05-27,40.44,40.87,40.39,40.595,117247
2025-05-28,40.645,40.845,40.15,40.15,68033
2025-05-29,40.86,41.025,40.105,40.195,140109
2025-05-30,40.08,40.44,39.77,39.8,51837
2025-06-02,39.615,39.75,38.945,39.68,126106
2025-06-03,39.93,40.0,39.32,39.965,275539
2025-06-04,40.27,40.765,40.16,40.41,172845
2025-06-05,40.545,40.89,39.935,40.245,108879
2025-06-06,40.285,40.485,40.04,40.385,42097
2025-06-09,40.42,40.5,40.09,40.29,56725
2025-06-10,40.35,40.55,40.08,40.35,54228
2025-06-11,40.6,40.8,40.11,40.13,115053
2025-06-12,39.785,40.19,39.32,39.99,119698
2025-06-13,39.075,39.465,38.855,39.175,244558
2025-06-16,39.445,40.03,39.4,39.74,99772
2025-06-17,39.17,39.335,38.76,39.16,284752
2025-06-18,39.305,39.405,38.71,38.825,132873
2025-06-19,38.54,38.555,37.9,37.9,129013
2025-06-20,38.265,38.75,38.125,38.265,78001
2025-06-23,37.75,38.345,37.41,37.75,105921
2025-06-24,39.025,39.14,38.43,38.53,242627
2025-06-25,38.665,38.95,37.95,37.975,236897
2025-06-26,38.25,38.28,37.7,37.94,92525
2025-06-27,38.52,39.265,38.52,39.265,163639
2025-06-30,39.425,39.45,38.96,39.02,77901
2025-07-01,39.12,39.125,38.485,39.015,121317
2025-07-02,39.47,40.09,39.155,39.78,220226
2025-07-03,40.0,40.05,39.545,39.915,123644
2025-07-04,39.39,39.43,38.9,39.32,276695
2025-07-07,39.405,39.675,39.2,39.58,54400
2025-07-08,39.62,40.07,39.3,40.035,90249
2025-07-09,40.395,41.24,40.27,41.18,332458
2025-07-10,41.49,41.8,41.23,41.415,146195
2025-07-11,41.125,41.145,40.48,40.63,84426
2025-07-14,39.97,40.445,39.94,40.405,99110
2025-07-15,40.535,40.7,39.99,39.99,68409
2025-07-16,39.665,40.09,39.54,39.54,49639
2025-07-17,40.255,40.555,40.155,40.55,70667
2025-07-18,40.94,41.05,40.47,40.56,136940
2025-07-21,40.6,40.695,39.86,40.29,141945
2025-07-22,40.045,40.075,39.55,39.715,118765
2025-07-23,40.77,41.0,40.455,40.825,238716
2025-07-24,41.04,41.29,40.25,40.475,121286
2025-07-25,40.025,40.81,39.86,40.625,135856
2025-07-28,41.56,41.6,40.215,40.285,169233
2025-07-29,40.595,41.56,40.595,40.845,165445
2025-07-30,40.865,41.5,40.79,40.925,70512
2025-07-31,41.0,41.3,40.03,40.03,124631
2025-08-01,38.985,39.225,37.415,37.665,593148
2025-08-04,37.915,38.5,37.915,38.5,308507
2025-08-05,38.785,38.81,38.27,38.4,83229
2025-08-06,38.7,38.895,38.38,38.535,84648
2025-08-07,38.64,39.515,38.595,39.235,333464
2025-08-08,39.52,39.9,39.22,39.57,107146
2025-08-11,39.69,39.72,39.075,39.095,113866
2025-08-12,39.51,39.735,39.14,39.64,74188
2025-08-13,39.93,40.33,39.82,40.21,144693
2025-08-14,40.34,40.865,40.32,40.865,175730
2025-08-15,41.315,41.6,41.095,41.405,155221
2025-08-18,41.27,41.325,40.7,40.975,91245
2025-08-19,41.16,42.04,41.07,41.945,182530
2025-08-20,41.53,42.23,41.485,41.91,60294
2025-08-21,41.775,41.845,41.23,41.53,72691
2025-08-22,41.49,42.155,41.4,41.86,64852
2025-08-25,41.55,41.565,40.44,40.505,234199
2025-08-26,39.315,39.58,38.69,39.18,305733
2025-08-27,39.385,39.7,39.1,39.49,146887
2025-08-28,40.0,40.375,39.385,39.705,318285
2025-08-29,39.525,39.65,39.06,39.06,91638
2025-09-01,39.3,39.46,39.0,39.085,74500
2025-09-02,39.355,39.42,38.495,38.555,175679
2025-09-03,39.105,39.36,38.72,39.185,68619
2025-09-04,39.035,39.265,38.77,39.0,125205
2025-09-05,39.16,39.305,38.475,38.73,236514
2025-09-08,39.05,39.43,38.79,39.335,220352
2025-09-09,39.46,39.87,39.29,39.505,86135
2025-09-10,39.785,40.205,39.48,39.545,178626
2025-09-11,39.805,40.455,39.72,40.23,108476
2025-09-12,40.285,40.39,39.64,40.22,106477
2025-09-15,40.52,41.35,40.52,40.945,184085
2025-09-16,40.75,41.0,40.07,40.095,126644
2025-09-17,40.335,40.445,39.715,39.79,176827
2025-09-18,40.2,40.81,40.2,40.525,176559
2025-09-19,40.79,41.32,40.485,40.485,205016
2025-09-22,40.45,40.475,39.92,40.265,122632
2025-09-23,40.595,41.15,40.5,40.715,138971
2025-09-24,40.605,40.65,40.045,40.21,130124
2025-09-25,39.825,40.06,39.52,39.9,260473
2025-09-26,40.42,40.79,40.25,40.79,219353
2025-09-29,40.85,41.05,40.74,40.855,101519
2025-09-30,40.65,40.945,40.335,40.945,98182
2025-10-01,41.065,42.0,40.8,41.805,228358
2025-10-02,42.525,43.05,42.35,42.725,171973
2025-10-03,43.035,43.12,42.58,42.945,76331
2025-10-06,42.41,42.495,41.12,41.795,429784
2025-10-07,41.795,42.195,41.435,41.895,169566
2025-10-08,42.1,42.87,41.99,42.755,188016
2025-10-09,42.955,43.28,42.525,42.525,107189
2025-10-10,42.75,42.99,41.12,41.19,131692
2025-10-13,41.56,42.045,41.075,41.425,129425
2025-10-14,40.72,41.425,40.3,41.315,279402
2025-10-15,43.115,43.48,42.895,42.895,399378
2025-10-16,42.93,44.095,42.63,44.095,225601
2025-10-17,43.035,44.46,42.9,43.935,251182
2025-10-20,44.41,44.62,43.67,44.285,79281
2025-10-21,44.22,44.96,44.22,44.81,76260
2025-10-22,44.285,44.715,44.105,44.245,138532
2025-10-23,44.285,44.755,44.285,44.45,115399
2025-10-24,44.715,44.75,43.82,44.425,115679
2025-10-27,44.45,44.725,44.18,44.58,81889
2025-10-28,44.365,44.62,44.215,44.31,62937
2025-10-29,44.09,44.43,43.99,44.16,101796
2025-10-30,43.75,44.22,43.22,43.7,190192
2025-10-31,43.67,43.775,43.135,43.325,148045
2025-11-03,43.115,43.625,43.02,43.15,63410
2025-11-04,42.015,42.735,41.62,42.735,396071
2025-11-05,42.17,43.03,42.17,42.785,247784
2025-11-06,42.195,42.47,41.495,41.55,148708
2025-11-07,41.885,42.015,41.025,41.45,122354
2025-11-10,42.325,42.78,42.195,42.575,175365
2025-11-11,42.825,43.735,42.825,43.575,169882
2025-11-12,43.975,44.94,43.88,44.49,421568
2025-11-13,44.985,45.29,44.35,44.42,99265
2025-11-14,43.86,44.035,42.79,43.68,238535
2025-11-17,43.755,43.805,43.095,43.21,111452
2025-11-18,42.085,42.25,41.155,41.61,314052
2025-11-19,41.53,41.97,41.055,41.43,308976
2025-11-20,42.44,42.52,41.685,41.685,234240
2025-11-21,40.905,41.85,40.88,41.71,356407
2025-11-24,42.06,42.25,41.47,41.535,250553
2025-11-25,41.73,42.31,41.29,42.185,281501
2025-11-26,42.645,42.92,42.165,42.875,271560
2025-11-27,42.825,43.07,42.69,42.885,177636
2025-11-28,42.935,43.23,42.735,43.155,113204
2025-12-01,42.7,43.065,42.315,42.88,280758
2025-12-02,42.84,43.38,42.705,42.705,159784
2025-12-03,42.82,43.01,42.45,42.85,122796
2025-12-04,43.1,43.36,42.97,43.2,202854
2025-12-05,43.42,43.6,43.11,43.11,165311
2025-12-08,42.86,43.06,42.755,43.03,128116
2025-12-09,43.23,43.33,42.38,42.46,139399
2025-12-10,42.22,42.34,41.97,42.11,90664
2025-12-11,42.31,43.0,41.99,42.785,158820
2025-12-12,42.895,43.51,42.59,42.59,176124
2025-12-15,42.9,43.555,42.88,43.175,149265
2025-12-16,43.015,43.43,42.79,42.93,114007
2025-12-17,43.08,43.3,42.65,42.765,129103
2025-12-18,42.76,43.595,42.76,43.435,147678
2025-12-19,43.415,43.72,43.25,43.485,184528
2025-12-22,43.3,43.345,42.875,43.115,182828
2025-12-23,43.035,43.17,42.765,42.91,63665
2025-12-24,43.115,43.14,42.975,43.14,32223
2025-12-29,42.945,43.175,42.73,42.99,123725
2025-12-30,42.87,43.765,42.84,43.565,102405
2025-12-31,43.345,43.38,43.06,43.33,100977
2026-01-02,43.25,44.2,43.245,43.945,189667
2026-01-05,44.29,44.525,43.68,44.07,187673
2026-01-06,44.02,44.55,43.5,44.37,198743
2026-01-07,44.46,44.475,44.05,44.33,157458
2026-01-08,44.19,44.54,43.99,44.38,127375
2026-01-09,44.795,45.655,44.79,45.64,236060
2026-01-12,45.47,45.84,45.145,45.61,103880
2026-01-13,45.43,45.6,45.08,45.475,67634
2026-01-14,45.875,46.03,45.3,45.305,78837
2026-01-15,45.385,45.45,44.88,45.12,119580
2026-01-16,45.105,45.15,44.3,44.485,138252
2026-01-19,43.05,43.575,42.75,42.945,398193
2026-01-20,42.3,42.465,41.75,42.43,265708
2026-01-21,42.415,42.745,41.925,42.5,263463
2026-01-22,43.52,43.75,43.27,43.3,349957
2026-01-23,42.955,43.36,42.76,43.245,119258
2026-01-26,43.185,43.425,42.88,43.13,90125
2026-01-27,43.33,43.55,43.0,43.34,86796
2026-01-28,42.81,42.81,41.96,42.435,238479
2026-01-29,42.955,43.235,42.445,42.455,217215
2026-01-30,42.565,43.19,42.53,43.0,158222
2026-02-02,42.57,43.815,42.545,43.57,189833
2026-02-03,43.96,44.155,43.02,43.535,127163
2026-02-04,43.86,44.82,43.845,44.43,355718
2026-02-05,44.76,44.98,43.675,44.165,145779
2026-02-06,43.895,44.69,43.47,44.545,107733
2026-02-09,44.78,45.05,44.375,45.045,130947
2026-02-10,45.35,45.56,44.99,45.12,111460
2026-02-11,45.11,45.425,44.58,44.975,92640
2026-02-12,46.23,46.3,45.2,45.21,205997
2026-02-13,44.92,45.13,44.555,44.865,145497
2026-02-16,44.99,45.39,44.97,44.98,74017
2026-02-17,45.05,45.53,44.71,45.455,92114
2026-02-18,45.71,46.27,45.56,46.17,192322
2026-02-19,45.91,45.955,45.31,45.79,116853
2026-02-20,46.17,47.35,46.085,47.12,156122
2026-02-23,46.935,47.3,46.76,46.895,69867
2026-02-24,46.67,47.44,46.47,47.115,44481
2026-02-25,47.495,47.6,47.235,47.55,55753
2026-02-26,47.77,48.49,47.77,48.23,75616
2026-02-27,48.21,48.47,47.52,47.83,107255
2026-03-02,45.655,46.48,45.52,45.7,233139
2026-03-03,44.48,44.59,42.385,42.59,643472
2026-03-04,42.775,43.67,42.41,43.235,436568
2026-03-05,42.76,43.74,41.745,41.905,518824
2026-03-06,42.095,42.56,40.55,41.38,819025
2026-03-09,39.465,40.665,39.05,40.555,1200634
2026-03-10,42.07,42.5,41.355,42.005,447668
2026-03-11,41.28,41.97,40.97,41.775,285561
2026-03-12,41.4,41.73,40.505,41.215,189938
2026-03-13,40.435,41.54,40.065,40.495,232495
2026-03-16,40.54,41.04,39.9,40.715,243491
2026-03-17,40.62,41.59,40.575,41.13,148172
2026-03-18,41.6,42.045,40.795,41.065,234514
2026-03-19,39.955,40.23,39.05,39.425,623534
2026-03-20,40.0,40.135,37.925,37.985,654796
2026-03-23,36.855,40.0,36.4,38.585,970819
2026-03-24,,39.04999923706055,37.875,38.7400016784668,426332
2026-03-25,,40.10499954223633,39.20500183105469,39.7400016784668,528192
