date,open,high,low,close,volume
2010-01-04,42.220001220703125,42.220001220703125,42.220001220703125,42.220001220703125,0
2010-01-05,42.209999084472656,42.209999084472656,42.209999084472656,42.209999084472656,0
2010-01-06,42.2599983215332,42.2599983215332,42.2599983215332,42.2599983215332,0
2010-01-07,42.33000183105469,42.33000183105469,42.33000183105469,42.33000183105469,0
2010-01-08,42.54999923706055,42.54999923706055,42.54999923706055,42.54999923706055,0
2010-01-11,42.529998779296875,42.529998779296875,42.529998779296875,42.529998779296875,0
2010-01-12,42.06999969482422,42.06999969482422,42.06999969482422,42.06999969482422,0
2010-01-14,42.2400016784668,42.2400016784668,42.2400016784668,42.2400016784668,0
2010-01-15,41.59000015258789,41.59000015258789,41.59000015258789,41.59000015258789,0
2010-01-18,41.83000183105469,41.83000183105469,41.83000183105469,41.83000183105469,0
2010-01-19,42.16999816894531,42.16999816894531,42.16999816894531,42.16999816894531,0
2010-01-20,41.31999969482422,41.31999969482422,41.31999969482422,41.31999969482422,0
2010-01-21,40.619998931884766,40.619998931884766,40.619998931884766,40.619998931884766,0
2010-01-22,40.18000030517578,40.18000030517578,40.18000030517578,40.18000030517578,0
2010-01-25,39.77000045776367,39.77000045776367,39.77000045776367,39.77000045776367,0
2010-01-26,40.040000915527344,40.040000915527344,40.040000915527344,40.040000915527344,0
2010-01-27,39.540000915527344,39.540000915527344,39.540000915527344,39.540000915527344,0
2010-01-28,38.790000915527344,38.790000915527344,38.790000915527344,38.790000915527344,0
2010-01-29,39.33000183105469,39.33000183105469,39.33000183105469,39.33000183105469,0
2010-02-01,39.560001373291016,39.560001373291016,39.560001373291016,39.560001373291016,0
2010-02-02,40.09000015258789,40.09000015258789,40.09000015258789,40.09000015258789,0
2010-02-03,39.88999938964844,39.88999938964844,39.88999938964844,39.88999938964844,0
2010-02-04,38.79999923706055,38.79999923706055,38.79999923706055,38.79999923706055,0
2010-02-05,37.47999954223633,37.47999954223633,37.47999954223633,37.47999954223633,0
2010-02-08,37.93000030517578,37.93000030517578,37.93000030517578,37.93000030517578,0
2010-02-09,37.9900016784668,37.9900016784668,37.9900016784668,37.9900016784668,0
2010-02-10,38.22999954223633,38.22999954223633,38.22999954223633,38.22999954223633,0
2010-02-11,38.029998779296875,38.029998779296875,38.029998779296875,38.029998779296875,0
2010-02-12,37.849998474121094,37.849998474121094,37.849998474121094,37.849998474121094,0
2010-02-15,37.95000076293945,37.95000076293945,37.95000076293945,37.95000076293945,0
2010-02-16,38.58000183105469,38.58000183105469,38.58000183105469,38.58000183105469,0
2010-02-17,39.16999816894531,39.16999816894531,39.16999816894531,39.16999816894531,0
2010-02-18,39.40999984741211,39.40999984741211,39.40999984741211,39.40999984741211,0
2010-02-19,39.63999938964844,39.63999938964844,39.63999938964844,39.63999938964844,0
2010-02-22,39.5099983215332,39.5099983215332,39.5099983215332,39.5099983215332,0
2010-02-23,38.9900016784668,38.9900016784668,38.9900016784668,38.9900016784668,0
2010-02-24,39.08000183105469,39.08000183105469,39.08000183105469,39.08000183105469,0
2010-02-25,38.290000915527344,38.290000915527344,38.290000915527344,38.290000915527344,0
2010-02-26,39.0,39.0,39.0,39.0,0
2010-03-01,39.63999938964844,39.63999938964844,39.63999938964844,39.63999938964844,0
2010-03-02,40.09000015258789,40.09000015258789,40.09000015258789,40.09000015258789,0
2010-03-03,40.40999984741211,40.40999984741211,40.40999984741211,40.40999984741211,0
2010-03-04,40.2599983215332,40.2599983215332,40.2599983215332,40.2599983215332,0
2010-03-05,41.119998931884766,41.119998931884766,41.119998931884766,41.119998931884766,0
2010-03-08,41.04999923706055,41.04999923706055,41.04999923706055,41.04999923706055,0
2010-03-09,41.119998931884766,41.119998931884766,41.119998931884766,41.119998931884766,0
2010-03-10,41.470001220703125,41.470001220703125,41.470001220703125,41.470001220703125,0
2010-03-11,41.310001373291016,41.310001373291016,41.310001373291016,41.310001373291016,0
2010-03-12,41.29999923706055,41.29999923706055,41.29999923706055,41.29999923706055,0
2010-03-15,40.90999984741211,40.90999984741211,40.90999984741211,40.90999984741211,0
2010-03-16,41.41999816894531,41.41999816894531,41.41999816894531,41.41999816894531,0
2010-03-17,41.619998931884766,41.619998931884766,41.619998931884766,41.619998931884766,0
2010-03-18,41.40999984741211,41.40999984741211,41.40999984741211,41.40999984741211,0
2010-03-19,41.279998779296875,41.279998779296875,41.279998779296875,41.279998779296875,0
2010-03-22,41.29999923706055,41.29999923706055,41.29999923706055,41.29999923706055,0
2010-03-23,41.560001373291016,41.560001373291016,41.560001373291016,41.560001373291016,0
2010-03-24,41.529998779296875,41.529998779296875,41.529998779296875,41.529998779296875,0
2010-03-25,42.060001373291016,42.060001373291016,42.060001373291016,42.060001373291016,0
2010-03-26,41.939998626708984,41.939998626708984,41.939998626708984,41.939998626708984,0
2010-03-29,42.060001373291016,42.060001373291016,42.060001373291016,42.060001373291016,0
2010-03-30,41.91999816894531,41.91999816894531,41.91999816894531,41.91999816894531,0
2010-03-31,41.779998779296875,41.779998779296875,41.779998779296875,41.779998779296875,0
2010-04-01,42.40999984741211,42.40999984741211,42.40999984741211,42.40999984741211,0
2010-04-06,42.619998931884766,42.619998931884766,42.619998931884766,42.619998931884766,0
2010-04-07,42.34000015258789,42.34000015258789,42.34000015258789,42.34000015258789,0
2010-04-08,41.83000183105469,41.83000183105469,41.83000183105469,41.83000183105469,0
2010-04-09,42.58000183105469,42.58000183105469,42.58000183105469,42.58000183105469,0
2010-04-12,42.58000183105469,42.58000183105469,42.58000183105469,42.58000183105469,0
2010-04-14,42.65999984741211,42.65999984741211,42.65999984741211,42.65999984741211,0
2010-04-15,42.7400016784668,42.7400016784668,42.7400016784668,42.7400016784668,0
2010-04-16,41.90999984741211,41.90999984741211,41.90999984741211,41.90999984741211,0
2010-04-19,41.7400016784668,41.7400016784668,41.7400016784668,41.7400016784668,0
2010-04-20,42.33000183105469,42.33000183105469,42.33000183105469,42.33000183105469,0
2010-04-21,41.810001373291016,41.810001373291016,41.810001373291016,41.810001373291016,0
2010-04-22,41.2599983215332,41.2599983215332,41.2599983215332,41.2599983215332,0
2010-04-23,41.540000915527344,41.540000915527344,41.540000915527344,41.540000915527344,0
2010-04-26,42.02000045776367,42.02000045776367,42.02000045776367,42.02000045776367,0
2010-04-27,40.40999984741211,40.40999984741211,40.40999984741211,40.40999984741211,0
2010-04-28,39.810001373291016,39.810001373291016,39.810001373291016,39.810001373291016,0
2010-04-29,40.369998931884766,40.369998931884766,40.369998931884766,40.369998931884766,0
2010-04-30,40.13999938964844,40.13999938964844,40.13999938964844,40.13999938964844,0
2010-05-03,40.31999969482422,40.31999969482422,40.31999969482422,40.31999969482422,0
2010-05-04,38.95000076293945,38.95000076293945,38.95000076293945,38.95000076293945,0
2010-05-05,38.470001220703125,38.470001220703125,38.470001220703125,38.470001220703125,0
2010-05-06,37.72999954223633,37.72999954223633,37.72999954223633,37.72999954223633,0
2010-05-07,36.029998779296875,36.029998779296875,36.029998779296875,36.029998779296875,0
2010-05-10,39.5099983215332,39.5099983215332,39.5099983215332,39.5099983215332,0
2010-05-11,39.220001220703125,39.220001220703125,39.220001220703125,39.220001220703125,0
2010-05-12,39.689998626708984,39.689998626708984,39.689998626708984,39.689998626708984,0
2010-05-13,39.65999984741211,39.65999984741211,39.65999984741211,39.65999984741211,0
2010-05-14,37.900001525878906,37.900001525878906,37.900001525878906,37.900001525878906,0
2010-05-17,37.720001220703125,37.720001220703125,37.720001220703125,37.720001220703125,0
2010-05-18,38.5099983215332,38.5099983215332,38.5099983215332,38.5099983215332,0
2010-05-19,37.470001220703125,37.470001220703125,37.470001220703125,37.470001220703125,0
2010-05-20,36.790000915527344,36.790000915527344,36.790000915527344,36.790000915527344,0
2010-05-21,36.790000915527344,36.790000915527344,36.790000915527344,36.790000915527344,0
2010-05-24,36.79999923706055,36.79999923706055,36.79999923706055,36.79999923706055,0
2010-05-25,35.7400016784668,35.7400016784668,35.7400016784668,35.7400016784668,0
2010-05-26,36.56999969482422,36.56999969482422,36.56999969482422,36.56999969482422,0
2010-05-27,38.0,38.0,38.0,38.0,0
2010-05-28,37.88999938964844,37.88999938964844,37.88999938964844,37.88999938964844,0
2010-05-31,37.83000183105469,37.83000183105469,37.83000183105469,37.83000183105469,0
2010-06-01,37.790000915527344,37.790000915527344,37.790000915527344,37.790000915527344,0
2010-06-02,37.779998779296875,37.779998779296875,37.779998779296875,37.779998779296875,0
2010-06-03,38.380001068115234,38.380001068115234,38.380001068115234,38.380001068115234,0
2010-06-04,37.290000915527344,37.290000915527344,37.290000915527344,37.290000915527344,0
2010-06-07,36.84000015258789,36.84000015258789,36.84000015258789,36.84000015258789,0
2010-06-08,36.47999954223633,36.47999954223633,36.47999954223633,36.47999954223633,0
2010-06-09,37.22999954223633,37.22999954223633,37.22999954223633,37.22999954223633,0
2010-06-10,37.97999954223633,37.97999954223633,37.97999954223633,37.97999954223633,0
2010-06-11,38.400001525878906,38.400001525878906,38.400001525878906,38.400001525878906,0
2010-06-14,39.25,39.25,39.25,39.25,0
2010-06-15,39.63999938964844,39.63999938964844,39.63999938964844,39.63999938964844,0
2010-06-16,39.79999923706055,39.79999923706055,39.79999923706055,39.79999923706055,0
2010-06-17,39.869998931884766,39.869998931884766,39.869998931884766,39.869998931884766,0
2010-06-18,39.91999816894531,39.91999816894531,39.91999816894531,39.91999816894531,0
2010-06-21,40.45000076293945,40.45000076293945,40.45000076293945,40.45000076293945,0
2010-06-22,40.11000061035156,40.11000061035156,40.11000061035156,40.11000061035156,0
2010-06-23,39.43000030517578,39.43000030517578,39.43000030517578,39.43000030517578,0
2010-06-24,38.5,38.5,38.5,38.5,0
2010-06-25,38.119998931884766,38.119998931884766,38.119998931884766,38.119998931884766,0
2010-06-28,38.72999954223633,38.72999954223633,38.72999954223633,38.72999954223633,0
2010-06-29,37.18000030517578,37.18000030517578,37.18000030517578,37.18000030517578,0
2010-06-30,37.290000915527344,37.290000915527344,37.290000915527344,37.290000915527344,0
2010-07-01,36.189998626708984,36.189998626708984,36.189998626708984,36.189998626708984,0
2010-07-02,36.29999923706055,36.29999923706055,36.29999923706055,36.29999923706055,0
2010-07-05,36.130001068115234,36.130001068115234,36.130001068115234,36.130001068115234,0
2010-07-06,37.11000061035156,37.11000061035156,37.11000061035156,37.11000061035156,0
2010-07-07,37.7599983215332,37.7599983215332,37.7599983215332,37.7599983215332,0
2010-07-08,38.36000061035156,38.36000061035156,38.36000061035156,38.36000061035156,0
2010-07-09,38.529998779296875,38.529998779296875,38.529998779296875,38.529998779296875,0
2010-07-12,38.68000030517578,38.68000030517578,38.68000030517578,38.68000030517578,0
2010-07-13,39.43000030517578,39.43000030517578,39.43000030517578,39.43000030517578,0
2010-07-14,39.380001068115234,39.380001068115234,39.380001068115234,39.380001068115234,0
2010-07-15,38.83000183105469,38.83000183105469,38.83000183105469,38.83000183105469,0
2010-07-16,37.939998626708984,37.939998626708984,37.939998626708984,37.939998626708984,0
2010-07-19,37.790000915527344,37.790000915527344,37.790000915527344,37.790000915527344,0
2010-07-20,37.59000015258789,37.59000015258789,37.59000015258789,37.59000015258789,0
2010-07-21,37.869998931884766,37.869998931884766,37.869998931884766,37.869998931884766,0
2010-07-22,39.029998779296875,39.029998779296875,39.029998779296875,39.029998779296875,0
2010-07-23,39.099998474121094,39.099998474121094,39.099998474121094,39.099998474121094,0
2010-07-26,39.40999984741211,39.40999984741211,39.40999984741211,39.40999984741211,0
2010-07-27,39.7400016784668,39.7400016784668,39.7400016784668,39.7400016784668,0
2010-07-28,39.790000915527344,39.790000915527344,39.790000915527344,39.790000915527344,0
2010-07-29,39.58000183105469,39.58000183105469,39.58000183105469,39.58000183105469,0
2010-07-30,39.4900016784668,39.4900016784668,39.4900016784668,39.4900016784668,0
2010-08-02,40.66999816894531,40.66999816894531,40.66999816894531,40.66999816894531,0
2010-08-03,40.619998931884766,40.619998931884766,40.619998931884766,40.619998931884766,0
2010-08-04,40.7599983215332,40.7599983215332,40.7599983215332,40.7599983215332,0
2010-08-05,40.79999923706055,40.79999923706055,40.79999923706055,40.79999923706055,0
2010-08-06,40.279998779296875,40.279998779296875,40.279998779296875,40.279998779296875,0
2010-08-09,40.939998626708984,40.939998626708984,40.939998626708984,40.939998626708984,0
2010-08-10,40.439998626708984,40.439998626708984,40.439998626708984,40.439998626708984,0
2010-08-11,39.33000183105469,39.33000183105469,39.33000183105469,39.33000183105469,0
2010-08-12,39.25,39.25,39.25,39.25,0
2010-08-13,39.13999938964844,39.13999938964844,39.13999938964844,39.13999938964844,0
2010-08-16,38.9900016784668,38.9900016784668,38.9900016784668,38.9900016784668,0
2010-08-17,39.70000076293945,39.70000076293945,39.70000076293945,39.70000076293945,0
2010-08-18,39.540000915527344,39.540000915527344,39.540000915527344,39.540000915527344,0
2010-08-19,38.720001220703125,38.720001220703125,38.720001220703125,38.720001220703125,0
2010-08-20,38.220001220703125,38.220001220703125,38.220001220703125,38.220001220703125,0
2010-08-23,38.52000045776367,38.52000045776367,38.52000045776367,38.52000045776367,0
2010-08-24,37.84000015258789,37.84000015258789,37.84000015258789,37.84000015258789,0
2010-08-25,37.400001525878906,37.400001525878906,37.400001525878906,37.400001525878906,0
2010-08-26,37.66999816894531,37.66999816894531,37.66999816894531,37.66999816894531,0
2010-08-27,38.02000045776367,38.02000045776367,38.02000045776367,38.02000045776367,0
2010-08-30,37.86000061035156,37.86000061035156,37.86000061035156,37.86000061035156,0
2010-08-31,37.900001525878906,37.900001525878906,37.900001525878906,37.900001525878906,0
2010-09-01,39.349998474121094,39.349998474121094,39.349998474121094,39.349998474121094,0
2010-09-02,39.43000030517578,39.43000030517578,39.43000030517578,39.43000030517578,0
2010-09-03,39.880001068115234,39.880001068115234,39.880001068115234,39.880001068115234,0
2010-09-06,40.0099983215332,40.0099983215332,40.0099983215332,40.0099983215332,0
2010-09-07,39.56999969482422,39.56999969482422,39.56999969482422,39.56999969482422,0
2010-09-08,39.93000030517578,39.93000030517578,39.93000030517578,39.93000030517578,0
2010-09-09,40.41999816894531,40.41999816894531,40.41999816894531,40.41999816894531,0
2010-09-10,40.459999084472656,40.459999084472656,40.459999084472656,40.459999084472656,0
2010-09-13,40.900001525878906,40.900001525878906,40.900001525878906,40.900001525878906,0
2010-09-14,40.97999954223633,40.97999954223633,40.97999954223633,40.97999954223633,0
2010-09-15,40.779998779296875,40.779998779296875,40.779998779296875,40.779998779296875,0
2010-09-16,40.56999969482422,40.56999969482422,40.56999969482422,40.56999969482422,0
2010-09-17,40.40999984741211,40.40999984741211,40.40999984741211,40.40999984741211,0
2010-09-20,41.130001068115234,41.130001068115234,41.130001068115234,41.130001068115234,0
2010-09-21,41.09000015258789,41.09000015258789,41.09000015258789,41.09000015258789,0
2010-09-22,40.54999923706055,40.54999923706055,40.54999923706055,40.54999923706055,0
2010-09-23,40.290000915527344,40.290000915527344,40.290000915527344,40.290000915527344,0
2010-09-24,41.06999969482422,41.06999969482422,41.06999969482422,41.06999969482422,0
2010-09-27,40.88999938964844,40.88999938964844,40.88999938964844,40.88999938964844,0
2010-09-28,40.849998474121094,40.849998474121094,40.849998474121094,40.849998474121094,0
2010-09-29,40.56999969482422,40.56999969482422,40.56999969482422,40.56999969482422,0
2010-09-30,40.34000015258789,40.34000015258789,40.34000015258789,40.34000015258789,0
2010-10-01,40.09000015258789,40.09000015258789,40.09000015258789,40.09000015258789,0
2010-10-04,39.630001068115234,39.630001068115234,39.630001068115234,39.630001068115234,0
2010-10-05,40.52000045776367,40.52000045776367,40.52000045776367,40.52000045776367,0
2010-10-06,40.880001068115234,40.880001068115234,40.880001068115234,40.880001068115234,0
2010-10-07,40.939998626708984,40.939998626708984,40.939998626708984,40.939998626708984,0
2010-10-08,40.86000061035156,40.86000061035156,40.86000061035156,40.86000061035156,0
2010-10-11,40.90999984741211,40.90999984741211,40.90999984741211,40.90999984741211,0
2010-10-12,40.70000076293945,40.70000076293945,40.70000076293945,40.70000076293945,0
2010-10-13,41.560001373291016,41.560001373291016,41.560001373291016,41.560001373291016,0
2010-10-14,41.459999084472656,41.459999084472656,41.459999084472656,41.459999084472656,0
2010-10-15,41.54999923706055,41.54999923706055,41.54999923706055,41.54999923706055,0
2010-10-18,41.630001068115234,41.630001068115234,41.630001068115234,41.630001068115234,0
2010-10-19,41.33000183105469,41.33000183105469,41.33000183105469,41.33000183105469,0
2010-10-20,41.560001373291016,41.560001373291016,41.560001373291016,41.560001373291016,0
2010-10-21,42.099998474121094,42.099998474121094,42.099998474121094,42.099998474121094,0
2010-10-22,41.9900016784668,41.9900016784668,41.9900016784668,41.9900016784668,0
2010-10-25,42.0099983215332,42.0099983215332,42.0099983215332,42.0099983215332,0
2010-10-26,41.81999969482422,41.81999969482422,41.81999969482422,41.81999969482422,0
2010-10-27,41.41999816894531,41.41999816894531,41.41999816894531,41.41999816894531,0
2010-10-28,41.630001068115234,41.630001068115234,41.630001068115234,41.630001068115234,0
2010-10-29,41.61000061035156,41.61000061035156,41.61000061035156,41.61000061035156,0
2010-11-01,41.689998626708984,41.689998626708984,41.689998626708984,41.689998626708984,0
2010-11-02,41.959999084472656,41.959999084472656,41.959999084472656,41.959999084472656,0
2010-11-03,41.709999084472656,41.709999084472656,41.709999084472656,41.709999084472656,0
2010-11-04,42.52000045776367,42.52000045776367,42.52000045776367,42.52000045776367,0
2010-11-05,42.5099983215332,42.5099983215332,42.5099983215332,42.5099983215332,0
2010-11-08,42.47999954223633,42.47999954223633,42.47999954223633,42.47999954223633,0
2010-11-09,42.83000183105469,42.83000183105469,42.83000183105469,42.83000183105469,0
2010-11-10,42.27000045776367,42.27000045776367,42.27000045776367,42.27000045776367,0
2010-11-11,42.040000915527344,42.040000915527344,42.040000915527344,42.040000915527344,0
2010-11-12,41.790000915527344,41.790000915527344,41.790000915527344,41.790000915527344,0
2010-11-15,42.150001525878906,42.150001525878906,42.150001525878906,42.150001525878906,0
2010-11-16,41.040000915527344,41.040000915527344,41.040000915527344,41.040000915527344,0
2010-11-17,41.369998931884766,41.369998931884766,41.369998931884766,41.369998931884766,0
2010-11-18,42.189998626708984,42.189998626708984,42.189998626708984,42.189998626708984,0
2010-11-19,42.11000061035156,42.11000061035156,42.11000061035156,42.11000061035156,0
2010-11-22,41.65999984741211,41.65999984741211,41.65999984741211,41.65999984741211,0
2010-11-23,40.630001068115234,40.630001068115234,40.630001068115234,40.630001068115234,0
2010-11-24,40.88999938964844,40.88999938964844,40.88999938964844,40.88999938964844,0
2010-11-25,41.02000045776367,41.02000045776367,41.02000045776367,41.02000045776367,0
2010-11-26,40.68000030517578,40.68000030517578,40.68000030517578,40.68000030517578,0
2010-11-29,39.689998626708984,39.689998626708984,39.689998626708984,39.689998626708984,0
2010-11-30,39.400001525878906,39.400001525878906,39.400001525878906,39.400001525878906,0
2010-12-01,40.040000915527344,40.040000915527344,40.040000915527344,40.040000915527344,0
2010-12-02,40.88999938964844,40.88999938964844,40.88999938964844,40.88999938964844,0
2010-12-03,40.91999816894531,40.91999816894531,40.91999816894531,40.91999816894531,0
2010-12-06,40.90999984741211,40.90999984741211,40.90999984741211,40.90999984741211,0
2010-12-07,41.58000183105469,41.58000183105469,41.58000183105469,41.58000183105469,0
2010-12-08,41.810001373291016,41.810001373291016,41.810001373291016,41.810001373291016,0
2010-12-09,42.099998474121094,42.099998474121094,42.099998474121094,42.099998474121094,0
2010-12-10,42.09000015258789,42.09000015258789,42.09000015258789,42.09000015258789,0
2010-12-13,42.47999954223633,42.47999954223633,42.47999954223633,42.47999954223633,0
2010-12-14,42.61000061035156,42.61000061035156,42.61000061035156,42.61000061035156,0
2010-12-15,42.36000061035156,42.36000061035156,42.36000061035156,42.36000061035156,0
2010-12-16,42.45000076293945,42.45000076293945,42.45000076293945,42.45000076293945,0
2010-12-17,42.220001220703125,42.220001220703125,42.220001220703125,42.220001220703125,0
2010-12-20,42.40999984741211,42.40999984741211,42.40999984741211,42.40999984741211,0
2010-12-21,42.869998931884766,42.869998931884766,42.869998931884766,42.869998931884766,0
2010-12-22,42.790000915527344,42.790000915527344,42.790000915527344,42.790000915527344,0
2010-12-23,42.70000076293945,42.70000076293945,42.70000076293945,42.70000076293945,0
2010-12-27,42.15999984741211,42.15999984741211,42.15999984741211,42.15999984741211,0
2010-12-28,42.119998931884766,42.119998931884766,42.119998931884766,42.119998931884766,0
2010-12-29,42.470001220703125,42.470001220703125,42.470001220703125,42.470001220703125,0
2010-12-30,42.029998779296875,42.029998779296875,42.029998779296875,42.029998779296875,0
2011-01-03,42.58000183105469,42.58000183105469,42.58000183105469,42.58000183105469,0
2011-01-04,42.75,42.75,42.75,42.75,0
2011-01-05,42.619998931884766,42.619998931884766,42.619998931884766,42.619998931884766,0
2011-01-06,42.619998931884766,42.619998931884766,42.619998931884766,42.619998931884766,0
2011-01-07,42.189998626708984,42.189998626708984,42.189998626708984,42.189998626708984,0
2011-01-10,41.5,41.5,41.5,41.5,0
2011-01-11,42.150001525878906,42.150001525878906,42.150001525878906,42.150001525878906,0
2011-01-12,43.060001373291016,43.060001373291016,43.060001373291016,43.060001373291016,0
2011-01-13,43.380001068115234,43.380001068115234,43.380001068115234,43.380001068115234,0
2011-01-14,43.470001220703125,43.470001220703125,43.470001220703125,43.470001220703125,0
2011-01-17,43.38999938964844,43.38999938964844,43.38999938964844,43.38999938964844,0
2011-01-18,43.790000915527344,43.790000915527344,43.790000915527344,43.790000915527344,0
2011-01-19,43.400001525878906,43.400001525878906,43.400001525878906,43.400001525878906,0
2011-01-20,43.27000045776367,43.27000045776367,43.27000045776367,43.27000045776367,0
2011-01-21,43.849998474121094,43.849998474121094,43.849998474121094,43.849998474121094,0
2011-01-24,44.02000045776367,44.02000045776367,44.02000045776367,44.02000045776367,0
2011-01-25,43.869998931884766,43.869998931884766,43.869998931884766,43.869998931884766,0
2011-01-26,44.189998626708984,44.189998626708984,44.189998626708984,44.189998626708984,0
2011-01-27,44.29999923706055,44.29999923706055,44.29999923706055,44.29999923706055,0
2011-01-28,43.68000030517578,43.68000030517578,43.68000030517578,43.68000030517578,0
2011-01-31,43.709999084472656,43.709999084472656,43.709999084472656,43.709999084472656,0
2011-02-01,44.45000076293945,44.45000076293945,44.45000076293945,44.45000076293945,0
2011-02-02,44.380001068115234,44.380001068115234,44.380001068115234,44.380001068115234,0
2011-02-03,44.04999923706055,44.04999923706055,44.04999923706055,44.04999923706055,0
2011-02-04,44.16999816894531,44.16999816894531,44.16999816894531,44.16999816894531,0
2011-02-07,44.63999938964844,44.63999938964844,44.63999938964844,44.63999938964844,0
2011-02-08,44.83000183105469,44.83000183105469,44.83000183105469,44.83000183105469,0
2011-02-09,44.63999938964844,44.63999938964844,44.63999938964844,44.63999938964844,0
2011-02-10,44.689998626708984,44.689998626708984,44.689998626708984,44.689998626708984,0
2011-02-11,44.7599983215332,44.7599983215332,44.7599983215332,44.7599983215332,0
2011-02-14,44.70000076293945,44.70000076293945,44.70000076293945,44.70000076293945,0
2011-02-15,44.849998474121094,44.849998474121094,44.849998474121094,44.849998474121094,0
2011-02-16,45.29999923706055,45.29999923706055,45.29999923706055,45.29999923706055,0
2011-02-17,45.310001373291016,45.310001373291016,45.310001373291016,45.310001373291016,0
2011-02-18,45.369998931884766,45.369998931884766,45.369998931884766,45.369998931884766,0
2011-02-21,44.720001220703125,44.720001220703125,44.720001220703125,44.720001220703125,0
2011-02-22,44.20000076293945,44.20000076293945,44.20000076293945,44.20000076293945,0
2011-02-23,43.79999923706055,43.79999923706055,43.79999923706055,43.79999923706055,0
2011-02-24,43.7599983215332,43.7599983215332,43.7599983215332,43.7599983215332,0
2011-02-25,44.41999816894531,44.41999816894531,44.41999816894531,44.41999816894531,0
2011-02-28,44.849998474121094,44.849998474121094,44.849998474121094,44.849998474121094,0
2011-03-01,44.380001068115234,44.380001068115234,44.380001068115234,44.380001068115234,0
2011-03-02,44.02000045776367,44.02000045776367,44.02000045776367,44.02000045776367,0
2011-03-03,44.310001373291016,44.310001373291016,44.310001373291016,44.310001373291016,0
2011-03-04,43.869998931884766,43.869998931884766,43.869998931884766,43.869998931884766,0
2011-03-07,43.540000915527344,43.540000915527344,43.540000915527344,43.540000915527344,0
2011-03-08,43.81999969482422,43.81999969482422,43.81999969482422,43.81999969482422,0
2011-03-09,43.58000183105469,43.58000183105469,43.58000183105469,43.58000183105469,0
2011-03-10,43.25,43.25,43.25,43.25,0
2011-03-11,42.869998931884766,42.869998931884766,42.869998931884766,42.869998931884766,0
2011-03-14,42.310001373291016,42.310001373291016,42.310001373291016,42.310001373291016,0
2011-03-15,41.25,41.25,41.25,41.25,0
2011-03-16,40.33000183105469,40.33000183105469,40.33000183105469,40.33000183105469,0
2011-03-17,41.310001373291016,41.310001373291016,41.310001373291016,41.310001373291016,0
2011-03-18,41.56999969482422,41.56999969482422,41.56999969482422,41.56999969482422,0
2011-03-21,42.599998474121094,42.599998474121094,42.599998474121094,42.599998474121094,0
2011-03-22,42.470001220703125,42.470001220703125,42.470001220703125,42.470001220703125,0
2011-03-23,42.70000076293945,42.70000076293945,42.70000076293945,42.70000076293945,0
2011-03-24,43.29999923706055,43.29999923706055,43.29999923706055,43.29999923706055,0
2011-03-25,43.34000015258789,43.34000015258789,43.34000015258789,43.34000015258789,0
2011-03-28,43.38999938964844,43.38999938964844,43.38999938964844,43.38999938964844,0
2011-03-29,43.5099983215332,43.5099983215332,43.5099983215332,43.5099983215332,0
2011-03-30,43.90999984741211,43.90999984741211,43.90999984741211,43.90999984741211,0
2011-03-31,43.52000045776367,43.52000045776367,43.52000045776367,43.52000045776367,0
2011-04-01,44.2400016784668,44.2400016784668,44.2400016784668,44.2400016784668,0
2011-04-04,44.11000061035156,44.11000061035156,44.11000061035156,44.11000061035156,0
2011-04-05,44.09000015258789,44.09000015258789,44.09000015258789,44.09000015258789,0
2011-04-06,44.15999984741211,44.15999984741211,44.15999984741211,44.15999984741211,0
2011-04-07,43.95000076293945,43.95000076293945,43.95000076293945,43.95000076293945,0
2011-04-08,44.310001373291016,44.310001373291016,44.310001373291016,44.310001373291016,0
2011-04-11,44.060001373291016,44.060001373291016,44.060001373291016,44.060001373291016,0
2011-04-12,43.380001068115234,43.380001068115234,43.380001068115234,43.380001068115234,0
2011-04-13,43.70000076293945,43.70000076293945,43.70000076293945,43.70000076293945,0
2011-04-14,43.310001373291016,43.310001373291016,43.310001373291016,43.310001373291016,0
2011-04-15,43.36000061035156,43.36000061035156,43.36000061035156,43.36000061035156,0
2011-04-18,42.34000015258789,42.34000015258789,42.34000015258789,42.34000015258789,0
2011-04-19,42.63999938964844,42.63999938964844,42.63999938964844,42.63999938964844,0
2011-04-20,43.689998626708984,43.689998626708984,43.689998626708984,43.689998626708984,0
2011-04-21,43.869998931884766,43.869998931884766,43.869998931884766,43.869998931884766,0
2011-04-26,44.130001068115234,44.130001068115234,44.130001068115234,44.130001068115234,0
2011-04-27,44.369998931884766,44.369998931884766,44.369998931884766,44.369998931884766,0
2011-04-28,44.779998779296875,44.779998779296875,44.779998779296875,44.779998779296875,0
2011-04-29,44.970001220703125,44.970001220703125,44.970001220703125,44.970001220703125,0
2011-05-02,44.9900016784668,44.9900016784668,44.9900016784668,44.9900016784668,0
2011-05-03,44.86000061035156,44.86000061035156,44.86000061035156,44.86000061035156,0
2011-05-04,44.31999969482422,44.31999969482422,44.31999969482422,44.31999969482422,0
2011-05-05,44.040000915527344,44.040000915527344,44.040000915527344,44.040000915527344,0
2011-05-06,44.630001068115234,44.630001068115234,44.630001068115234,44.630001068115234,0
2011-05-09,44.06999969482422,44.06999969482422,44.06999969482422,44.06999969482422,0
2011-05-10,44.619998931884766,44.619998931884766,44.619998931884766,44.619998931884766,0
2011-05-11,44.720001220703125,44.720001220703125,44.720001220703125,44.720001220703125,0
2011-05-12,44.34000015258789,44.34000015258789,44.34000015258789,44.34000015258789,0
2011-05-13,44.290000915527344,44.290000915527344,44.290000915527344,44.290000915527344,0
2011-05-16,44.13999938964844,44.13999938964844,44.13999938964844,44.13999938964844,0
2011-05-17,43.61000061035156,43.61000061035156,43.61000061035156,43.61000061035156,0
2011-05-18,44.0099983215332,44.0099983215332,44.0099983215332,44.0099983215332,0
2011-05-19,44.560001373291016,44.560001373291016,44.560001373291016,44.560001373291016,0
2011-05-20,44.31999969482422,44.31999969482422,44.31999969482422,44.31999969482422,0
2011-05-23,43.58000183105469,43.58000183105469,43.58000183105469,43.58000183105469,0
2011-05-24,43.70000076293945,43.70000076293945,43.70000076293945,43.70000076293945,0
2011-05-25,43.83000183105469,43.83000183105469,43.83000183105469,43.83000183105469,0
2011-05-26,43.72999954223633,43.72999954223633,43.72999954223633,43.72999954223633,0
2011-05-27,44.099998474121094,44.099998474121094,44.099998474121094,44.099998474121094,0
2011-05-30,44.02000045776367,44.02000045776367,44.02000045776367,44.02000045776367,0
2011-05-31,44.81999969482422,44.81999969482422,44.81999969482422,44.81999969482422,0
2011-06-01,44.369998931884766,44.369998931884766,44.369998931884766,44.369998931884766,0
2011-06-02,43.54999923706055,43.54999923706055,43.54999923706055,43.54999923706055,0
2011-06-03,43.560001373291016,43.560001373291016,43.560001373291016,43.560001373291016,0
2011-06-06,43.290000915527344,43.290000915527344,43.290000915527344,43.290000915527344,0
2011-06-07,43.38999938964844,43.38999938964844,43.38999938964844,43.38999938964844,0
2011-06-08,43.0099983215332,43.0099983215332,43.0099983215332,43.0099983215332,0
2011-06-09,43.459999084472656,43.459999084472656,43.459999084472656,43.459999084472656,0
2011-06-10,42.72999954223633,42.72999954223633,42.72999954223633,42.72999954223633,0
2011-06-13,42.779998779296875,42.779998779296875,42.779998779296875,42.779998779296875,0
2011-06-14,43.41999816894531,43.41999816894531,43.41999816894531,43.41999816894531,0
2011-06-15,42.77000045776367,42.77000045776367,42.77000045776367,42.77000045776367,0
2011-06-16,42.619998931884766,42.619998931884766,42.619998931884766,42.619998931884766,0
2011-06-17,42.970001220703125,42.970001220703125,42.970001220703125,42.970001220703125,0
2011-06-20,42.70000076293945,42.70000076293945,42.70000076293945,42.70000076293945,0
2011-06-21,43.58000183105469,43.58000183105469,43.58000183105469,43.58000183105469,0
2011-06-22,43.5099983215332,43.5099983215332,43.5099983215332,43.5099983215332,0
2011-06-23,42.56999969482422,42.56999969482422,42.56999969482422,42.56999969482422,0
2011-06-24,42.540000915527344,42.540000915527344,42.540000915527344,42.540000915527344,0
2011-06-27,42.66999816894531,42.66999816894531,42.66999816894531,42.66999816894531,0
2011-06-28,43.290000915527344,43.290000915527344,43.290000915527344,43.290000915527344,0
2011-06-29,44.099998474121094,44.099998474121094,44.099998474121094,44.099998474121094,0
2011-06-30,44.77000045776367,44.77000045776367,44.77000045776367,44.77000045776367,0
2011-07-01,45.06999969482422,45.06999969482422,45.06999969482422,45.06999969482422,0
2011-07-04,45.02000045776367,45.02000045776367,45.02000045776367,45.02000045776367,0
2011-07-05,44.790000915527344,44.790000915527344,44.790000915527344,44.790000915527344,0
2011-07-06,44.59000015258789,44.59000015258789,44.59000015258789,44.59000015258789,0
2011-07-07,44.79999923706055,44.79999923706055,44.79999923706055,44.79999923706055,0
2011-07-08,44.04999923706055,44.04999923706055,44.04999923706055,44.04999923706055,0
2011-07-11,42.86000061035156,42.86000061035156,42.86000061035156,42.86000061035156,0
2011-07-12,42.47999954223633,42.47999954223633,42.47999954223633,42.47999954223633,0
2011-07-13,42.70000076293945,42.70000076293945,42.70000076293945,42.70000076293945,0
2011-07-14,42.22999954223633,42.22999954223633,42.22999954223633,42.22999954223633,0
2011-07-15,41.95000076293945,41.95000076293945,41.95000076293945,41.95000076293945,0
2011-07-18,41.09000015258789,41.09000015258789,41.09000015258789,41.09000015258789,0
2011-07-19,41.59000015258789,41.59000015258789,41.59000015258789,41.59000015258789,0
2011-07-20,42.2599983215332,42.2599983215332,42.2599983215332,42.2599983215332,0
2011-07-21,42.959999084472656,42.959999084472656,42.959999084472656,42.959999084472656,0
2011-07-22,43.25,43.25,43.25,43.25,0
2011-07-25,42.91999816894531,42.91999816894531,42.91999816894531,42.91999816894531,0
2011-07-26,42.63999938964844,42.63999938964844,42.63999938964844,42.63999938964844,0
2011-07-27,42.029998779296875,42.029998779296875,42.029998779296875,42.029998779296875,0
2011-07-28,41.790000915527344,41.790000915527344,41.790000915527344,41.790000915527344,0
2011-07-29,41.31999969482422,41.31999969482422,41.31999969482422,41.31999969482422,0
2011-08-01,40.380001068115234,40.380001068115234,40.380001068115234,40.380001068115234,0
2011-08-02,39.650001525878906,39.650001525878906,39.650001525878906,39.650001525878906,0
2011-08-03,38.880001068115234,38.880001068115234,38.880001068115234,38.880001068115234,0
2011-08-04,37.36000061035156,37.36000061035156,37.36000061035156,37.36000061035156,0
2011-08-05,36.900001525878906,36.900001525878906,36.900001525878906,36.900001525878906,0
2011-08-08,35.16999816894531,35.16999816894531,35.16999816894531,35.16999816894531,0
2011-08-09,35.7400016784668,35.7400016784668,35.7400016784668,35.7400016784668,0
2011-08-10,33.790000915527344,33.790000915527344,33.790000915527344,33.790000915527344,0
2011-08-11,34.77000045776367,34.77000045776367,34.77000045776367,34.77000045776367,0
2011-08-12,36.15999984741211,36.15999984741211,36.15999984741211,36.15999984741211,0
2011-08-15,36.45000076293945,36.45000076293945,36.45000076293945,36.45000076293945,0
2011-08-16,36.36000061035156,36.36000061035156,36.36000061035156,36.36000061035156,0
2011-08-17,36.619998931884766,36.619998931884766,36.619998931884766,36.619998931884766,0
2011-08-18,34.61000061035156,34.61000061035156,34.61000061035156,34.61000061035156,0
2011-08-19,33.95000076293945,33.95000076293945,33.95000076293945,33.95000076293945,0
2011-08-22,34.34000015258789,34.34000015258789,34.34000015258789,34.34000015258789,0
2011-08-23,34.709999084472656,34.709999084472656,34.709999084472656,34.709999084472656,0
2011-08-24,35.33000183105469,35.33000183105469,35.33000183105469,35.33000183105469,0
2011-08-25,35.099998474121094,35.099998474121094,35.099998474121094,35.099998474121094,0
2011-08-26,34.75,34.75,34.75,34.75,0
2011-08-29,35.5,35.5,35.5,35.5,0
2011-08-30,35.560001373291016,35.560001373291016,35.560001373291016,35.560001373291016,0
2011-08-31,36.650001525878906,36.650001525878906,36.650001525878906,36.650001525878906,0
2011-09-01,36.7599983215332,36.7599983215332,36.7599983215332,36.7599983215332,0
2011-09-02,35.43000030517578,35.43000030517578,35.43000030517578,35.43000030517578,0
2011-09-05,33.81999969482422,33.81999969482422,33.81999969482422,33.81999969482422,0
2011-09-06,33.439998626708984,33.439998626708984,33.439998626708984,33.439998626708984,0
2011-09-07,34.650001525878906,34.650001525878906,34.650001525878906,34.650001525878906,0
2011-09-08,34.79999923706055,34.79999923706055,34.79999923706055,34.79999923706055,0
2011-09-09,33.540000915527344,33.540000915527344,33.540000915527344,33.540000915527344,0
2011-09-12,32.189998626708984,32.189998626708984,32.189998626708984,32.189998626708984,0
2011-09-13,32.63999938964844,32.63999938964844,32.63999938964844,32.63999938964844,0
2011-09-14,33.25,33.25,33.25,33.25,0
2011-09-15,34.34000015258789,34.34000015258789,34.34000015258789,34.34000015258789,0
2011-09-16,34.18000030517578,34.18000030517578,34.18000030517578,34.18000030517578,0
2011-09-19,33.220001220703125,33.220001220703125,33.220001220703125,33.220001220703125,0
2011-09-20,33.720001220703125,33.720001220703125,33.720001220703125,33.720001220703125,0
2011-09-21,33.16999816894531,33.16999816894531,33.16999816894531,33.16999816894531,0
2011-09-22,31.43000030517578,31.43000030517578,31.43000030517578,31.43000030517578,0
2011-09-23,31.75,31.75,31.75,31.75,0
2011-09-26,32.310001373291016,32.310001373291016,32.310001373291016,32.310001373291016,0
2011-09-27,34.15999984741211,34.15999984741211,34.15999984741211,34.15999984741211,0
2011-09-28,33.849998474121094,33.849998474121094,33.849998474121094,33.849998474121094,0
2011-09-29,34.209999084472656,34.209999084472656,34.209999084472656,34.209999084472656,0
2011-09-30,33.689998626708984,33.689998626708984,33.689998626708984,33.689998626708984,0
2011-10-03,33.06999969482422,33.06999969482422,33.06999969482422,33.06999969482422,0
2011-10-04,32.20000076293945,32.20000076293945,32.20000076293945,32.20000076293945,0
2011-10-05,33.599998474121094,33.599998474121094,33.599998474121094,33.599998474121094,0
2011-10-06,34.7400016784668,34.7400016784668,34.7400016784668,34.7400016784668,0
2011-10-07,34.970001220703125,34.970001220703125,34.970001220703125,34.970001220703125,0
2011-10-10,35.720001220703125,35.720001220703125,35.720001220703125,35.720001220703125,0
2011-10-11,35.630001068115234,35.630001068115234,35.630001068115234,35.630001068115234,0
2011-10-12,36.4900016784668,36.4900016784668,36.4900016784668,36.4900016784668,0
2011-10-13,36.0,36.0,36.0,36.0,0
2011-10-14,36.349998474121094,36.349998474121094,36.349998474121094,36.349998474121094,0
2011-10-17,35.77000045776367,35.77000045776367,35.77000045776367,35.77000045776367,0
2011-10-18,35.4900016784668,35.4900016784668,35.4900016784668,35.4900016784668,0
2011-10-19,35.66999816894531,35.66999816894531,35.66999816894531,35.66999816894531,0
2011-10-20,34.84000015258789,34.84000015258789,34.84000015258789,34.84000015258789,0
2011-10-21,35.83000183105469,35.83000183105469,35.83000183105469,35.83000183105469,0
2011-10-24,36.380001068115234,36.380001068115234,36.380001068115234,36.380001068115234,0
2011-10-25,35.86000061035156,35.86000061035156,35.86000061035156,35.86000061035156,0
2011-10-26,35.810001373291016,35.810001373291016,35.810001373291016,35.810001373291016,0
2011-10-27,38.060001373291016,38.060001373291016,38.060001373291016,38.060001373291016,0
2011-10-28,37.83000183105469,37.83000183105469,37.83000183105469,37.83000183105469,0
2011-10-31,36.63999938964844,36.63999938964844,36.63999938964844,36.63999938964844,0
2011-11-01,34.65999984741211,34.65999984741211,34.65999984741211,34.65999984741211,0
2011-11-02,35.13999938964844,35.13999938964844,35.13999938964844,35.13999938964844,0
2011-11-03,36.099998474121094,36.099998474121094,36.099998474121094,36.099998474121094,0
2011-11-04,35.290000915527344,35.290000915527344,35.290000915527344,35.290000915527344,0
2011-11-07,35.060001373291016,35.060001373291016,35.060001373291016,35.060001373291016,0
2011-11-08,35.5099983215332,35.5099983215332,35.5099983215332,35.5099983215332,0
2011-11-09,34.7400016784668,34.7400016784668,34.7400016784668,34.7400016784668,0
2011-11-10,34.68000030517578,34.68000030517578,34.68000030517578,34.68000030517578,0
2011-11-11,35.63999938964844,35.63999938964844,35.63999938964844,35.63999938964844,0
2011-11-14,35.189998626708984,35.189998626708984,35.189998626708984,35.189998626708984,0
2011-11-15,34.5099983215332,34.5099983215332,34.5099983215332,34.5099983215332,0
2011-11-16,34.689998626708984,34.689998626708984,34.689998626708984,34.689998626708984,0
2011-11-17,34.08000183105469,34.08000183105469,34.08000183105469,34.08000183105469,0
2011-11-18,33.93000030517578,33.93000030517578,33.93000030517578,33.93000030517578,0
2011-11-21,32.779998779296875,32.779998779296875,32.779998779296875,32.779998779296875,0
2011-11-22,32.5,32.5,32.5,32.5,0
2011-11-23,31.950000762939453,31.950000762939453,31.950000762939453,31.950000762939453,0
2011-11-24,31.950000762939453,31.950000762939453,31.950000762939453,31.950000762939453,0
2011-11-25,32.34000015258789,32.34000015258789,32.34000015258789,32.34000015258789,0
2011-11-28,34.11000061035156,34.11000061035156,34.11000061035156,34.11000061035156,0
2011-11-29,34.279998779296875,34.279998779296875,34.279998779296875,34.279998779296875,0
2011-11-30,35.72999954223633,35.72999954223633,35.72999954223633,35.72999954223633,0
2011-12-01,35.45000076293945,35.45000076293945,35.45000076293945,35.45000076293945,0
2011-12-02,35.849998474121094,35.849998474121094,35.849998474121094,35.849998474121094,0
2011-12-05,36.2599983215332,36.2599983215332,36.2599983215332,36.2599983215332,0
2011-12-06,36.0099983215332,36.0099983215332,36.0099983215332,36.0099983215332,0
2011-12-07,35.970001220703125,35.970001220703125,35.970001220703125,35.970001220703125,0
2011-12-08,35.060001373291016,35.060001373291016,35.060001373291016,35.060001373291016,0
2011-12-09,35.93000030517578,35.93000030517578,35.93000030517578,35.93000030517578,0
2011-12-12,35.0099983215332,35.0099983215332,35.0099983215332,35.0099983215332,0
2011-12-13,34.88999938964844,34.88999938964844,34.88999938964844,34.88999938964844,0
2011-12-14,33.72999954223633,33.72999954223633,33.72999954223633,33.72999954223633,0
2011-12-15,33.9900016784668,33.9900016784668,33.9900016784668,33.9900016784668,0
2011-12-16,33.689998626708984,33.689998626708984,33.689998626708984,33.689998626708984,0
2011-12-19,33.790000915527344,33.790000915527344,33.790000915527344,33.790000915527344,0
2011-12-20,34.709999084472656,34.709999084472656,34.709999084472656,34.709999084472656,0
2011-12-21,34.43000030517578,34.43000030517578,34.43000030517578,34.43000030517578,0
2011-12-22,34.88999938964844,34.88999938964844,34.88999938964844,34.88999938964844,0
2011-12-23,35.2400016784668,35.2400016784668,35.2400016784668,35.2400016784668,0
2011-12-27,35.25,35.25,35.25,35.25,0
2011-12-28,34.88999938964844,34.88999938964844,34.88999938964844,34.88999938964844,0
2011-12-29,35.529998779296875,35.529998779296875,35.529998779296875,35.529998779296875,0
2011-12-30,35.88999938964844,35.88999938964844,35.88999938964844,35.88999938964844,0
2012-01-02,36.599998474121094,36.599998474121094,36.599998474121094,36.599998474121094,0
2012-01-03,36.869998931884766,36.869998931884766,36.869998931884766,36.869998931884766,0
2012-01-04,36.279998779296875,36.279998779296875,36.279998779296875,36.279998779296875,0
2012-01-05,35.720001220703125,35.720001220703125,35.720001220703125,35.720001220703125,0
2012-01-06,35.63999938964844,35.63999938964844,35.63999938964844,35.63999938964844,0
2012-01-09,35.529998779296875,35.529998779296875,35.529998779296875,35.529998779296875,0
2012-01-10,36.470001220703125,36.470001220703125,36.470001220703125,36.470001220703125,0
2012-01-11,36.400001525878906,36.400001525878906,36.400001525878906,36.400001525878906,0
2012-01-12,36.349998474121094,36.349998474121094,36.349998474121094,36.349998474121094,0
2012-01-13,36.310001373291016,36.310001373291016,36.310001373291016,36.310001373291016,0
2012-01-16,36.630001068115234,36.630001068115234,36.630001068115234,36.630001068115234,0
2012-01-17,37.13999938964844,37.13999938964844,37.13999938964844,37.13999938964844,0
2012-01-18,37.08000183105469,37.08000183105469,37.08000183105469,37.08000183105469,0
2012-01-19,37.810001373291016,37.810001373291016,37.810001373291016,37.810001373291016,0
2012-01-20,37.720001220703125,37.720001220703125,37.720001220703125,37.720001220703125,0
2012-01-23,37.91999816894531,37.91999816894531,37.91999816894531,37.91999816894531,0
2012-01-24,37.7400016784668,37.7400016784668,37.7400016784668,37.7400016784668,0
2012-01-25,37.619998931884766,37.619998931884766,37.619998931884766,37.619998931884766,0
2012-01-26,38.20000076293945,38.20000076293945,38.20000076293945,38.20000076293945,0
2012-01-27,37.689998626708984,37.689998626708984,37.689998626708984,37.689998626708984,0
2012-01-30,37.09000015258789,37.09000015258789,37.09000015258789,37.09000015258789,0
2012-01-31,37.459999084472656,37.459999084472656,37.459999084472656,37.459999084472656,0
2012-02-01,38.2400016784668,38.2400016784668,38.2400016784668,38.2400016784668,0
2012-02-02,38.349998474121094,38.349998474121094,38.349998474121094,38.349998474121094,0
2012-02-03,38.93000030517578,38.93000030517578,38.93000030517578,38.93000030517578,0
2012-02-06,38.66999816894531,38.66999816894531,38.66999816894531,38.66999816894531,0
2012-02-07,38.7400016784668,38.7400016784668,38.7400016784668,38.7400016784668,0
2012-02-08,38.720001220703125,38.720001220703125,38.720001220703125,38.720001220703125,0
2012-02-09,38.88999938964844,38.88999938964844,38.88999938964844,38.88999938964844,0
2012-02-10,38.29999923706055,38.29999923706055,38.29999923706055,38.29999923706055,0
2012-02-13,38.43000030517578,38.43000030517578,38.43000030517578,38.43000030517578,0
2012-02-14,38.33000183105469,38.33000183105469,38.33000183105469,38.33000183105469,0
2012-02-15,38.5,38.5,38.5,38.5,0
2012-02-16,38.529998779296875,38.529998779296875,38.529998779296875,38.529998779296875,0
2012-02-17,39.060001373291016,39.060001373291016,39.060001373291016,39.060001373291016,0
2012-02-20,39.439998626708984,39.439998626708984,39.439998626708984,39.439998626708984,0
2012-02-21,39.349998474121094,39.349998474121094,39.349998474121094,39.349998474121094,0
2012-02-22,39.150001525878906,39.150001525878906,39.150001525878906,39.150001525878906,0
2012-02-23,39.150001525878906,39.150001525878906,39.150001525878906,39.150001525878906,0
2012-02-24,39.369998931884766,39.369998931884766,39.369998931884766,39.369998931884766,0
2012-02-27,39.08000183105469,39.08000183105469,39.08000183105469,39.08000183105469,0
2012-02-28,39.220001220703125,39.220001220703125,39.220001220703125,39.220001220703125,0
2012-02-29,39.209999084472656,39.209999084472656,39.209999084472656,39.209999084472656,0
2012-03-01,39.7400016784668,39.7400016784668,39.7400016784668,39.7400016784668,0
2012-03-02,39.7599983215332,39.7599983215332,39.7599983215332,39.7599983215332,0
2012-03-05,39.599998474121094,39.599998474121094,39.599998474121094,39.599998474121094,0
2012-03-06,38.18000030517578,38.18000030517578,38.18000030517578,38.18000030517578,0
2012-03-07,38.52000045776367,38.52000045776367,38.52000045776367,38.52000045776367,0
2012-03-08,39.5,39.5,39.5,39.5,0
2012-03-09,39.599998474121094,39.599998474121094,39.599998474121094,39.599998474121094,0
2012-03-12,39.630001068115234,39.630001068115234,39.630001068115234,39.630001068115234,0
2012-03-13,40.310001373291016,40.310001373291016,40.310001373291016,40.310001373291016,0
2012-03-14,40.47999954223633,40.47999954223633,40.47999954223633,40.47999954223633,0
2012-03-15,40.650001525878906,40.650001525878906,40.650001525878906,40.650001525878906,0
2012-03-16,40.81999969482422,40.81999969482422,40.81999969482422,40.81999969482422,0
2012-03-19,40.70000076293945,40.70000076293945,40.70000076293945,40.70000076293945,0
2012-03-20,40.16999816894531,40.16999816894531,40.16999816894531,40.16999816894531,0
2012-03-21,40.130001068115234,40.130001068115234,40.130001068115234,40.130001068115234,0
2012-03-22,39.5,39.5,39.5,39.5,0
2012-03-23,39.540000915527344,39.540000915527344,39.540000915527344,39.540000915527344,0
2012-03-26,39.84000015258789,39.84000015258789,39.84000015258789,39.84000015258789,0
2012-03-27,39.470001220703125,39.470001220703125,39.470001220703125,39.470001220703125,0
2012-03-28,39.02000045776367,39.02000045776367,39.02000045776367,39.02000045776367,0
2012-03-29,38.459999084472656,38.459999084472656,38.459999084472656,38.459999084472656,0
2012-03-30,38.939998626708984,38.939998626708984,38.939998626708984,38.939998626708984,0
2012-04-02,39.38999938964844,39.38999938964844,39.38999938964844,39.38999938964844,0
2012-04-03,38.75,38.75,38.75,38.75,0
2012-04-04,37.689998626708984,37.689998626708984,37.689998626708984,37.689998626708984,0
2012-04-05,37.7599983215332,37.7599983215332,37.7599983215332,37.7599983215332,0
2012-04-10,36.599998474121094,36.599998474121094,36.599998474121094,36.599998474121094,0
2012-04-11,36.81999969482422,36.81999969482422,36.81999969482422,36.81999969482422,0
2012-04-12,37.189998626708984,37.189998626708984,37.189998626708984,37.189998626708984,0
2012-04-13,36.27000045776367,36.27000045776367,36.27000045776367,36.27000045776367,0
2012-04-16,36.45000076293945,36.45000076293945,36.45000076293945,36.45000076293945,0
2012-04-17,37.45000076293945,37.45000076293945,37.45000076293945,37.45000076293945,0
2012-04-18,36.849998474121094,36.849998474121094,36.849998474121094,36.849998474121094,0
2012-04-19,36.099998474121094,36.099998474121094,36.099998474121094,36.099998474121094,0
2012-04-20,36.290000915527344,36.290000915527344,36.290000915527344,36.290000915527344,0
2012-04-23,35.2599983215332,35.2599983215332,35.2599983215332,35.2599983215332,0
2012-04-24,36.06999969482422,36.06999969482422,36.06999969482422,36.06999969482422,0
2012-04-25,36.86000061035156,36.86000061035156,36.86000061035156,36.86000061035156,0
2012-04-26,36.810001373291016,36.810001373291016,36.810001373291016,36.810001373291016,0
2012-04-27,37.2599983215332,37.2599983215332,37.2599983215332,37.2599983215332,0
2012-04-30,36.66999816894531,36.66999816894531,36.66999816894531,36.66999816894531,0
2012-05-02,36.84000015258789,36.84000015258789,36.84000015258789,36.84000015258789,0
2012-05-03,36.810001373291016,36.810001373291016,36.810001373291016,36.810001373291016,0
2012-05-04,36.25,36.25,36.25,36.25,0
2012-05-07,36.88999938964844,36.88999938964844,36.88999938964844,36.88999938964844,0
2012-05-08,35.91999816894531,35.91999816894531,35.91999816894531,35.91999816894531,0
2012-05-09,35.849998474121094,35.849998474121094,35.849998474121094,35.849998474121094,0
2012-05-10,36.18000030517578,36.18000030517578,36.18000030517578,36.18000030517578,0
2012-05-11,36.279998779296875,36.279998779296875,36.279998779296875,36.279998779296875,0
2012-05-14,35.439998626708984,35.439998626708984,35.439998626708984,35.439998626708984,0
2012-05-15,35.22999954223633,35.22999954223633,35.22999954223633,35.22999954223633,0
2012-05-16,35.34000015258789,35.34000015258789,35.34000015258789,35.34000015258789,0
2012-05-17,34.90999984741211,34.90999984741211,34.90999984741211,34.90999984741211,0
2012-05-18,34.88999938964844,34.88999938964844,34.88999938964844,34.88999938964844,0
2012-05-21,35.13999938964844,35.13999938964844,35.13999938964844,35.13999938964844,0
2012-05-22,35.81999969482422,35.81999969482422,35.81999969482422,35.81999969482422,0
2012-05-23,34.88999938964844,34.88999938964844,34.88999938964844,34.88999938964844,0
2012-05-24,35.310001373291016,35.310001373291016,35.310001373291016,35.310001373291016,0
2012-05-25,35.41999816894531,35.41999816894531,35.41999816894531,35.41999816894531,0
2012-05-28,35.36000061035156,35.36000061035156,35.36000061035156,35.36000061035156,0
2012-05-29,35.849998474121094,35.849998474121094,35.849998474121094,35.849998474121094,0
2012-05-30,35.11000061035156,35.11000061035156,35.11000061035156,35.11000061035156,0
2012-05-31,35.13999938964844,35.13999938964844,35.13999938964844,35.13999938964844,0
2012-06-01,34.380001068115234,34.380001068115234,34.380001068115234,34.380001068115234,0
2012-06-04,34.45000076293945,34.45000076293945,34.45000076293945,34.45000076293945,0
2012-06-05,34.83000183105469,34.83000183105469,34.83000183105469,34.83000183105469,0
2012-06-06,35.66999816894531,35.66999816894531,35.66999816894531,35.66999816894531,0
2012-06-07,35.81999969482422,35.81999969482422,35.81999969482422,35.81999969482422,0
2012-06-08,35.689998626708984,35.689998626708984,35.689998626708984,35.689998626708984,0
2012-06-11,35.619998931884766,35.619998931884766,35.619998931884766,35.619998931884766,0
2012-06-12,35.68000030517578,35.68000030517578,35.68000030517578,35.68000030517578,0
2012-06-13,35.47999954223633,35.47999954223633,35.47999954223633,35.47999954223633,0
2012-06-14,35.5099983215332,35.5099983215332,35.5099983215332,35.5099983215332,0
2012-06-15,36.150001525878906,36.150001525878906,36.150001525878906,36.150001525878906,0
2012-06-18,35.97999954223633,35.97999954223633,35.97999954223633,35.97999954223633,0
2012-06-19,36.59000015258789,36.59000015258789,36.59000015258789,36.59000015258789,0
2012-06-20,36.689998626708984,36.689998626708984,36.689998626708984,36.689998626708984,0
2012-06-21,36.540000915527344,36.540000915527344,36.540000915527344,36.540000915527344,0
2012-06-22,36.27000045776367,36.27000045776367,36.27000045776367,36.27000045776367,0
2012-06-25,35.459999084472656,35.459999084472656,35.459999084472656,35.459999084472656,0
2012-06-26,35.349998474121094,35.349998474121094,35.349998474121094,35.349998474121094,0
2012-06-27,35.95000076293945,35.95000076293945,35.95000076293945,35.95000076293945,0
2012-06-28,35.81999969482422,35.81999969482422,35.81999969482422,35.81999969482422,0
2012-06-29,37.52000045776367,37.52000045776367,37.52000045776367,37.52000045776367,0
2012-07-02,38.040000915527344,38.040000915527344,38.040000915527344,38.040000915527344,0
2012-07-03,38.40999984741211,38.40999984741211,38.40999984741211,38.40999984741211,0
2012-07-04,38.38999938964844,38.38999938964844,38.38999938964844,38.38999938964844,0
2012-07-05,37.939998626708984,37.939998626708984,37.939998626708984,37.939998626708984,0
2012-07-06,37.22999954223633,37.22999954223633,37.22999954223633,37.22999954223633,0
2012-07-09,37.09000015258789,37.09000015258789,37.09000015258789,37.09000015258789,0
2012-07-10,37.310001373291016,37.310001373291016,37.310001373291016,37.310001373291016,0
2012-07-11,37.09000015258789,37.09000015258789,37.09000015258789,37.09000015258789,0
2012-07-12,36.83000183105469,36.83000183105469,36.83000183105469,36.83000183105469,0
2012-07-13,37.369998931884766,37.369998931884766,37.369998931884766,37.369998931884766,0
2012-07-16,37.36000061035156,37.36000061035156,37.36000061035156,37.36000061035156,0
2012-07-17,37.31999969482422,37.31999969482422,37.31999969482422,37.31999969482422,0
2012-07-18,38.0099983215332,38.0099983215332,38.0099983215332,38.0099983215332,0
2012-07-19,38.34000015258789,38.34000015258789,38.34000015258789,38.34000015258789,0
2012-07-20,37.52000045776367,37.52000045776367,37.52000045776367,37.52000045776367,0
2012-07-23,36.439998626708984,36.439998626708984,36.439998626708984,36.439998626708984,0
2012-07-24,36.119998931884766,36.119998931884766,36.119998931884766,36.119998931884766,0
2012-07-25,36.20000076293945,36.20000076293945,36.20000076293945,36.20000076293945,0
2012-07-26,37.68000030517578,37.68000030517578,37.68000030517578,37.68000030517578,0
2012-07-27,38.540000915527344,38.540000915527344,38.540000915527344,38.540000915527344,0
2012-07-30,39.0099983215332,39.0099983215332,39.0099983215332,39.0099983215332,0
2012-07-31,38.66999816894531,38.66999816894531,38.66999816894531,38.66999816894531,0
2012-08-01,39.02000045776367,39.02000045776367,39.02000045776367,39.02000045776367,0
2012-08-02,37.970001220703125,37.970001220703125,37.970001220703125,37.970001220703125,0
2012-08-03,39.63999938964844,39.63999938964844,39.63999938964844,39.63999938964844,0
2012-08-06,39.959999084472656,39.959999084472656,39.959999084472656,39.959999084472656,0
2012-08-07,40.56999969482422,40.56999969482422,40.56999969482422,40.56999969482422,0
2012-08-08,40.38999938964844,40.38999938964844,40.38999938964844,40.38999938964844,0
2012-08-09,40.61000061035156,40.61000061035156,40.61000061035156,40.61000061035156,0
2012-08-10,40.36000061035156,40.36000061035156,40.36000061035156,40.36000061035156,0
2012-08-13,40.25,40.25,40.25,40.25,0
2012-08-14,40.529998779296875,40.529998779296875,40.529998779296875,40.529998779296875,0
2012-08-15,40.52000045776367,40.52000045776367,40.52000045776367,40.52000045776367,0
2012-08-16,40.880001068115234,40.880001068115234,40.880001068115234,40.880001068115234,0
2012-08-17,40.97999954223633,40.97999954223633,40.97999954223633,40.97999954223633,0
2012-08-20,40.900001525878906,40.900001525878906,40.900001525878906,40.900001525878906,0
2012-08-21,41.279998779296875,41.279998779296875,41.279998779296875,41.279998779296875,0
2012-08-22,40.66999816894531,40.66999816894531,40.66999816894531,40.66999816894531,0
2012-08-23,40.33000183105469,40.33000183105469,40.33000183105469,40.33000183105469,0
2012-08-24,40.34000015258789,40.34000015258789,40.34000015258789,40.34000015258789,0
2012-08-27,40.689998626708984,40.689998626708984,40.689998626708984,40.689998626708984,0
2012-08-28,40.31999969482422,40.31999969482422,40.31999969482422,40.31999969482422,0
2012-08-29,40.11000061035156,40.11000061035156,40.11000061035156,40.11000061035156,0
2012-08-30,39.70000076293945,39.70000076293945,39.70000076293945,39.70000076293945,0
2012-08-31,40.099998474121094,40.099998474121094,40.099998474121094,40.099998474121094,0
2012-09-03,40.58000183105469,40.58000183105469,40.58000183105469,40.58000183105469,0
2012-09-04,39.93000030517578,39.93000030517578,39.93000030517578,39.93000030517578,0
2012-09-05,40.0099983215332,40.0099983215332,40.0099983215332,40.0099983215332,0
2012-09-06,41.2400016784668,41.2400016784668,41.2400016784668,41.2400016784668,0
2012-09-07,41.40999984741211,41.40999984741211,41.40999984741211,41.40999984741211,0
2012-09-10,41.2599983215332,41.2599983215332,41.2599983215332,41.2599983215332,0
2012-09-11,41.630001068115234,41.630001068115234,41.630001068115234,41.630001068115234,0
2012-09-12,41.70000076293945,41.70000076293945,41.70000076293945,41.70000076293945,0
2012-09-13,41.209999084472656,41.209999084472656,41.209999084472656,41.209999084472656,0
2012-09-14,42.150001525878906,42.150001525878906,42.150001525878906,42.150001525878906,0
2012-09-17,41.81999969482422,41.81999969482422,41.81999969482422,41.81999969482422,0
2012-09-18,41.34000015258789,41.34000015258789,41.34000015258789,41.34000015258789,0
2012-09-19,41.560001373291016,41.560001373291016,41.560001373291016,41.560001373291016,0
2012-09-20,41.29999923706055,41.29999923706055,41.29999923706055,41.29999923706055,0
2012-09-21,41.54999923706055,41.54999923706055,41.54999923706055,41.54999923706055,0
2012-09-24,41.22999954223633,41.22999954223633,41.22999954223633,41.22999954223633,0
2012-09-25,41.4900016784668,41.4900016784668,41.4900016784668,41.4900016784668,0
2012-09-26,40.33000183105469,40.33000183105469,40.33000183105469,40.33000183105469,0
2012-09-27,40.61000061035156,40.61000061035156,40.61000061035156,40.61000061035156,0
2012-09-28,39.619998931884766,39.619998931884766,39.619998931884766,39.619998931884766,0
2012-10-01,40.560001373291016,40.560001373291016,40.560001373291016,40.560001373291016,0
2012-10-02,40.31999969482422,40.31999969482422,40.31999969482422,40.31999969482422,0
2012-10-03,40.220001220703125,40.220001220703125,40.220001220703125,40.220001220703125,0
2012-10-04,40.15999984741211,40.15999984741211,40.15999984741211,40.15999984741211,0
2012-10-05,40.81999969482422,40.81999969482422,40.81999969482422,40.81999969482422,0
2012-10-08,40.220001220703125,40.220001220703125,40.220001220703125,40.220001220703125,0
2012-10-09,39.939998626708984,39.939998626708984,39.939998626708984,39.939998626708984,0
2012-10-10,39.7400016784668,39.7400016784668,39.7400016784668,39.7400016784668,0
2012-10-11,40.310001373291016,40.310001373291016,40.310001373291016,40.310001373291016,0
2012-10-12,40.02000045776367,40.02000045776367,40.02000045776367,40.02000045776367,0
2012-10-15,40.38999938964844,40.38999938964844,40.38999938964844,40.38999938964844,0
2012-10-16,41.34000015258789,41.34000015258789,41.34000015258789,41.34000015258789,0
2012-10-17,41.650001525878906,41.650001525878906,41.650001525878906,41.650001525878906,0
2012-10-18,41.7400016784668,41.7400016784668,41.7400016784668,41.7400016784668,0
2012-10-19,41.380001068115234,41.380001068115234,41.380001068115234,41.380001068115234,0
2012-10-22,41.130001068115234,41.130001068115234,41.130001068115234,41.130001068115234,0
2012-10-23,40.220001220703125,40.220001220703125,40.220001220703125,40.220001220703125,0
2012-10-24,40.459999084472656,40.459999084472656,40.459999084472656,40.459999084472656,0
2012-10-25,40.279998779296875,40.279998779296875,40.279998779296875,40.279998779296875,0
2012-10-26,40.560001373291016,40.560001373291016,40.560001373291016,40.560001373291016,0
2012-10-29,40.25,40.25,40.25,40.25,0
2012-10-30,40.84000015258789,40.84000015258789,40.84000015258789,40.84000015258789,0
2012-10-31,40.4900016784668,40.4900016784668,40.4900016784668,40.4900016784668,0
2012-11-01,41.029998779296875,41.029998779296875,41.029998779296875,41.029998779296875,0
2012-11-02,41.22999954223633,41.22999954223633,41.22999954223633,41.22999954223633,0
2012-11-05,40.709999084472656,40.709999084472656,40.709999084472656,40.709999084472656,0
2012-11-06,41.06999969482422,41.06999969482422,41.06999969482422,41.06999969482422,0
2012-11-07,40.25,40.25,40.25,40.25,0
2012-11-08,40.22999954223633,40.22999954223633,40.22999954223633,40.22999954223633,0
2012-11-09,40.41999816894531,40.41999816894531,40.41999816894531,40.41999816894531,0
2012-11-12,40.290000915527344,40.290000915527344,40.290000915527344,40.290000915527344,0
2012-11-13,40.52000045776367,40.52000045776367,40.52000045776367,40.52000045776367,0
2012-11-14,40.15999984741211,40.15999984741211,40.15999984741211,40.15999984741211,0
2012-11-15,39.959999084472656,39.959999084472656,39.959999084472656,39.959999084472656,0
2012-11-16,39.470001220703125,39.470001220703125,39.470001220703125,39.470001220703125,0
2012-11-19,40.63999938964844,40.63999938964844,40.63999938964844,40.63999938964844,0
2012-11-20,40.900001525878906,40.900001525878906,40.900001525878906,40.900001525878906,0
2012-11-21,41.08000183105469,41.08000183105469,41.08000183105469,41.08000183105469,0
2012-11-22,41.33000183105469,41.33000183105469,41.33000183105469,41.33000183105469,0
2012-11-23,41.689998626708984,41.689998626708984,41.689998626708984,41.689998626708984,0
2012-11-26,41.36000061035156,41.36000061035156,41.36000061035156,41.36000061035156,0
2012-11-27,41.380001068115234,41.380001068115234,41.380001068115234,41.380001068115234,0
2012-11-28,41.529998779296875,41.529998779296875,41.529998779296875,41.529998779296875,0
2012-11-29,42.18000030517578,42.18000030517578,42.18000030517578,42.18000030517578,0
2012-11-30,42.04999923706055,42.04999923706055,42.04999923706055,42.04999923706055,0
2012-12-03,42.15999984741211,42.15999984741211,42.15999984741211,42.15999984741211,0
2012-12-04,42.31999969482422,42.31999969482422,42.31999969482422,42.31999969482422,0
2012-12-05,42.439998626708984,42.439998626708984,42.439998626708984,42.439998626708984,0
2012-12-06,42.56999969482422,42.56999969482422,42.56999969482422,42.56999969482422,0
2012-12-07,42.619998931884766,42.619998931884766,42.619998931884766,42.619998931884766,0
2012-12-10,42.689998626708984,42.689998626708984,42.689998626708984,42.689998626708984,0
2012-12-11,43.09000015258789,43.09000015258789,43.09000015258789,43.09000015258789,0
2012-12-12,43.11000061035156,43.11000061035156,43.11000061035156,43.11000061035156,0
2012-12-13,43.06999969482422,43.06999969482422,43.06999969482422,43.06999969482422,0
2012-12-14,43.06999969482422,43.06999969482422,43.06999969482422,43.06999969482422,0
2012-12-17,43.09000015258789,43.09000015258789,43.09000015258789,43.09000015258789,0
2012-12-18,43.209999084472656,43.209999084472656,43.209999084472656,43.209999084472656,0
2012-12-19,43.400001525878906,43.400001525878906,43.400001525878906,43.400001525878906,0
2012-12-20,43.43000030517578,43.43000030517578,43.43000030517578,43.43000030517578,0
2012-12-21,43.369998931884766,43.369998931884766,43.369998931884766,43.369998931884766,0
2012-12-27,43.52000045776367,43.52000045776367,43.52000045776367,43.52000045776367,0
2012-12-28,42.880001068115234,42.880001068115234,42.880001068115234,42.880001068115234,0
2013-01-02,44.220001220703125,44.220001220703125,44.220001220703125,44.220001220703125,0
2013-01-03,44.06999969482422,44.06999969482422,44.06999969482422,44.06999969482422,0
2013-01-04,44.18000030517578,44.18000030517578,44.18000030517578,44.18000030517578,0
2013-01-07,43.869998931884766,43.869998931884766,43.869998931884766,43.869998931884766,0
2013-01-08,43.88999938964844,43.88999938964844,43.88999938964844,43.88999938964844,0
2013-01-09,44.029998779296875,44.029998779296875,44.029998779296875,44.029998779296875,0
2013-01-10,43.849998474121094,43.849998474121094,43.849998474121094,43.849998474121094,0
2013-01-11,43.88999938964844,43.88999938964844,43.88999938964844,43.88999938964844,0
2013-01-14,43.91999816894531,43.91999816894531,43.91999816894531,43.91999816894531,0
2013-01-15,43.790000915527344,43.790000915527344,43.790000915527344,43.790000915527344,0
2013-01-16,43.91999816894531,43.91999816894531,43.91999816894531,43.91999816894531,0
2013-01-17,44.34000015258789,44.34000015258789,44.34000015258789,44.34000015258789,0
2013-01-18,44.310001373291016,44.310001373291016,44.310001373291016,44.310001373291016,0
2013-01-21,44.56999969482422,44.56999969482422,44.56999969482422,44.56999969482422,0
2013-01-22,44.310001373291016,44.310001373291016,44.310001373291016,44.310001373291016,0
2013-01-23,44.13999938964844,44.13999938964844,44.13999938964844,44.13999938964844,0
2013-01-24,44.439998626708984,44.439998626708984,44.439998626708984,44.439998626708984,0
2013-01-25,44.75,44.75,44.75,44.75,0
2013-01-28,44.779998779296875,44.779998779296875,44.779998779296875,44.779998779296875,0
2013-01-29,44.84000015258789,44.84000015258789,44.84000015258789,44.84000015258789,0
2013-01-30,44.599998474121094,44.599998474121094,44.599998474121094,44.599998474121094,0
2013-01-31,44.209999084472656,44.209999084472656,44.209999084472656,44.209999084472656,0
2013-02-01,44.689998626708984,44.689998626708984,44.689998626708984,44.689998626708984,0
2013-02-04,43.349998474121094,43.349998474121094,43.349998474121094,43.349998474121094,0
2013-02-05,43.7599983215332,43.7599983215332,43.7599983215332,43.7599983215332,0
2013-02-06,43.150001525878906,43.150001525878906,43.150001525878906,43.150001525878906,0
2013-02-07,42.650001525878906,42.650001525878906,42.650001525878906,42.650001525878906,0
2013-02-08,43.220001220703125,43.220001220703125,43.220001220703125,43.220001220703125,0
2013-02-11,43.2400016784668,43.2400016784668,43.2400016784668,43.2400016784668,0
2013-02-12,43.65999984741211,43.65999984741211,43.65999984741211,43.65999984741211,0
2013-02-13,43.79999923706055,43.79999923706055,43.79999923706055,43.79999923706055,0
2013-02-14,43.459999084472656,43.459999084472656,43.459999084472656,43.459999084472656,0
2013-02-15,43.349998474121094,43.349998474121094,43.349998474121094,43.349998474121094,0
2013-02-18,43.43000030517578,43.43000030517578,43.43000030517578,43.43000030517578,0
2013-02-19,44.25,44.25,44.25,44.25,0
2013-02-20,43.939998626708984,43.939998626708984,43.939998626708984,43.939998626708984,0
2013-02-21,42.93000030517578,42.93000030517578,42.93000030517578,42.93000030517578,0
2013-02-22,43.88999938964844,43.88999938964844,43.88999938964844,43.88999938964844,0
2013-02-25,44.06999969482422,44.06999969482422,44.06999969482422,44.06999969482422,0
2013-02-26,42.88999938964844,42.88999938964844,42.88999938964844,42.88999938964844,0
2013-02-27,43.720001220703125,43.720001220703125,43.720001220703125,43.720001220703125,0
2013-02-28,44.09000015258789,44.09000015258789,44.09000015258789,44.09000015258789,0
2013-03-01,43.81999969482422,43.81999969482422,43.81999969482422,43.81999969482422,0
2013-03-04,43.93000030517578,43.93000030517578,43.93000030517578,43.93000030517578,0
2013-03-05,44.849998474121094,44.849998474121094,44.849998474121094,44.849998474121094,0
2013-03-06,44.689998626708984,44.689998626708984,44.689998626708984,44.689998626708984,0
2013-03-07,44.93000030517578,44.93000030517578,44.93000030517578,44.93000030517578,0
2013-03-08,45.47999954223633,45.47999954223633,45.47999954223633,45.47999954223633,0
2013-03-11,45.43000030517578,45.43000030517578,45.43000030517578,45.43000030517578,0
2013-03-12,45.470001220703125,45.470001220703125,45.470001220703125,45.470001220703125,0
2013-03-13,45.43000030517578,45.43000030517578,45.43000030517578,45.43000030517578,0
2013-03-14,45.849998474121094,45.849998474121094,45.849998474121094,45.849998474121094,0
2013-03-15,45.52000045776367,45.52000045776367,45.52000045776367,45.52000045776367,0
2013-03-18,45.380001068115234,45.380001068115234,45.380001068115234,45.380001068115234,0
2013-03-19,44.790000915527344,44.790000915527344,44.790000915527344,44.790000915527344,0
2013-03-20,45.41999816894531,45.41999816894531,45.41999816894531,45.41999816894531,0
2013-03-21,44.779998779296875,44.779998779296875,44.779998779296875,44.779998779296875,0
2013-03-22,44.720001220703125,44.720001220703125,44.720001220703125,44.720001220703125,0
2013-03-25,44.220001220703125,44.220001220703125,44.220001220703125,44.220001220703125,0
2013-03-26,44.459999084472656,44.459999084472656,44.459999084472656,44.459999084472656,0
2013-03-27,44.02000045776367,44.02000045776367,44.02000045776367,44.02000045776367,0
2013-03-28,44.2599983215332,44.2599983215332,44.2599983215332,44.2599983215332,0
2013-04-02,45.13999938964844,45.13999938964844,45.13999938964844,45.13999938964844,0
2013-04-03,44.540000915527344,44.540000915527344,44.540000915527344,44.540000915527344,0
2013-04-04,44.20000076293945,44.20000076293945,44.20000076293945,44.20000076293945,0
2013-04-05,43.45000076293945,43.45000076293945,43.45000076293945,43.45000076293945,0
2013-04-08,43.4900016784668,43.4900016784668,43.4900016784668,43.4900016784668,0
2013-04-09,43.540000915527344,43.540000915527344,43.540000915527344,43.540000915527344,0
2013-04-10,44.400001525878906,44.400001525878906,44.400001525878906,44.400001525878906,0
2013-04-11,44.779998779296875,44.779998779296875,44.779998779296875,44.779998779296875,0
2013-04-12,44.22999954223633,44.22999954223633,44.22999954223633,44.22999954223633,0
2013-04-15,44.0099983215332,44.0099983215332,44.0099983215332,44.0099983215332,0
2013-04-16,43.709999084472656,43.709999084472656,43.709999084472656,43.709999084472656,0
2013-04-17,42.689998626708984,42.689998626708984,42.689998626708984,42.689998626708984,0
2013-04-18,42.689998626708984,42.689998626708984,42.689998626708984,42.689998626708984,0
2013-04-19,43.310001373291016,43.310001373291016,43.310001373291016,43.310001373291016,0
2013-04-22,43.34000015258789,43.34000015258789,43.34000015258789,43.34000015258789,0
2013-04-23,44.93000030517578,44.93000030517578,44.93000030517578,44.93000030517578,0
2013-04-24,45.63999938964844,45.63999938964844,45.63999938964844,45.63999938964844,0
2013-04-25,45.66999816894531,45.66999816894531,45.66999816894531,45.66999816894531,0
2013-04-26,45.310001373291016,45.310001373291016,45.310001373291016,45.310001373291016,0
2013-04-29,46.0099983215332,46.0099983215332,46.0099983215332,46.0099983215332,0
2013-04-30,45.880001068115234,45.880001068115234,45.880001068115234,45.880001068115234,0
2013-05-02,46.04999923706055,46.04999923706055,46.04999923706055,46.04999923706055,0
2013-05-03,46.75,46.75,46.75,46.75,0
2013-05-06,46.66999816894531,46.66999816894531,46.66999816894531,46.66999816894531,0
2013-05-07,46.880001068115234,46.880001068115234,46.880001068115234,46.880001068115234,0
2013-05-08,47.29999923706055,47.29999923706055,47.29999923706055,47.29999923706055,0
2013-05-09,47.25,47.25,47.25,47.25,0
2013-05-10,47.58000183105469,47.58000183105469,47.58000183105469,47.58000183105469,0
2013-05-13,47.47999954223633,47.47999954223633,47.47999954223633,47.47999954223633,0
2013-05-14,47.810001373291016,47.810001373291016,47.810001373291016,47.810001373291016,0
2013-05-15,48.0099983215332,48.0099983215332,48.0099983215332,48.0099983215332,0
2013-05-16,48.029998779296875,48.029998779296875,48.029998779296875,48.029998779296875,0
2013-05-17,48.29999923706055,48.29999923706055,48.29999923706055,48.29999923706055,0
2013-05-20,48.56999969482422,48.56999969482422,48.56999969482422,48.56999969482422,0
2013-05-21,48.83000183105469,48.83000183105469,48.83000183105469,48.83000183105469,0
2013-05-22,49.0099983215332,49.0099983215332,49.0099983215332,49.0099983215332,0
2013-05-23,47.9900016784668,47.9900016784668,47.9900016784668,47.9900016784668,0
2013-05-24,47.88999938964844,47.88999938964844,47.88999938964844,47.88999938964844,0
2013-05-27,48.36000061035156,48.36000061035156,48.36000061035156,48.36000061035156,0
2013-05-28,49.040000915527344,49.040000915527344,49.040000915527344,49.040000915527344,0
2013-05-29,48.13999938964844,48.13999938964844,48.13999938964844,48.13999938964844,0
2013-05-30,48.43000030517578,48.43000030517578,48.43000030517578,48.43000030517578,0
2013-05-31,47.86000061035156,47.86000061035156,47.86000061035156,47.86000061035156,0
2013-06-03,47.540000915527344,47.540000915527344,47.540000915527344,47.540000915527344,0
2013-06-04,47.599998474121094,47.599998474121094,47.599998474121094,47.599998474121094,0
2013-06-05,46.720001220703125,46.720001220703125,46.720001220703125,46.720001220703125,0
2013-06-06,46.29999923706055,46.29999923706055,46.29999923706055,46.29999923706055,0
2013-06-07,47.0099983215332,47.0099983215332,47.0099983215332,47.0099983215332,0
2013-06-10,46.90999984741211,46.90999984741211,46.90999984741211,46.90999984741211,0
2013-06-11,46.25,46.25,46.25,46.25,0
2013-06-12,46.08000183105469,46.08000183105469,46.08000183105469,46.08000183105469,0
2013-06-13,46.130001068115234,46.130001068115234,46.130001068115234,46.130001068115234,0
2013-06-14,46.220001220703125,46.220001220703125,46.220001220703125,46.220001220703125,0
2013-06-17,46.93000030517578,46.93000030517578,46.93000030517578,46.93000030517578,0
2013-06-18,46.88999938964844,46.88999938964844,46.88999938964844,46.88999938964844,0
2013-06-19,46.630001068115234,46.630001068115234,46.630001068115234,46.630001068115234,0
2013-06-20,44.939998626708984,44.939998626708984,44.939998626708984,44.939998626708984,0
2013-06-21,44.439998626708984,44.439998626708984,44.439998626708984,44.439998626708984,0
2013-06-24,43.7599983215332,43.7599983215332,43.7599983215332,43.7599983215332,0
2013-06-25,44.41999816894531,44.41999816894531,44.41999816894531,44.41999816894531,0
2013-06-26,45.349998474121094,45.349998474121094,45.349998474121094,45.349998474121094,0
2013-06-27,45.790000915527344,45.790000915527344,45.790000915527344,45.790000915527344,0
2013-06-28,45.5,45.5,45.5,45.5,0
2013-07-01,45.849998474121094,45.849998474121094,45.849998474121094,45.849998474121094,0
2013-07-02,45.56999969482422,45.56999969482422,45.56999969482422,45.56999969482422,0
2013-07-03,45.08000183105469,45.08000183105469,45.08000183105469,45.08000183105469,0
2013-07-04,46.38999938964844,46.38999938964844,46.38999938964844,46.38999938964844,0
2013-07-05,45.720001220703125,45.720001220703125,45.720001220703125,45.720001220703125,0
2013-07-08,46.56999969482422,46.56999969482422,46.56999969482422,46.56999969482422,0
2013-07-09,46.810001373291016,46.810001373291016,46.810001373291016,46.810001373291016,0
2013-07-10,46.77000045776367,46.77000045776367,46.77000045776367,46.77000045776367,0
2013-07-11,47.119998931884766,47.119998931884766,47.119998931884766,47.119998931884766,0
2013-07-12,46.95000076293945,46.95000076293945,46.95000076293945,46.95000076293945,0
2013-07-15,47.2400016784668,47.2400016784668,47.2400016784668,47.2400016784668,0
2013-07-16,46.900001525878906,46.900001525878906,46.900001525878906,46.900001525878906,0
2013-07-17,47.150001525878906,47.150001525878906,47.150001525878906,47.150001525878906,0
2013-07-18,47.83000183105469,47.83000183105469,47.83000183105469,47.83000183105469,0
2013-07-19,47.79999923706055,47.79999923706055,47.79999923706055,47.79999923706055,0
2013-07-22,47.97999954223633,47.97999954223633,47.97999954223633,47.97999954223633,0
2013-07-23,47.77000045776367,47.77000045776367,47.77000045776367,47.77000045776367,0
2013-07-24,48.2599983215332,48.2599983215332,48.2599983215332,48.2599983215332,0
2013-07-25,48.16999816894531,48.16999816894531,48.16999816894531,48.16999816894531,0
2013-07-26,48.33000183105469,48.33000183105469,48.33000183105469,48.33000183105469,0
2013-07-29,48.33000183105469,48.33000183105469,48.33000183105469,48.33000183105469,0
2013-07-30,48.54999923706055,48.54999923706055,48.54999923706055,48.54999923706055,0
2013-07-31,48.619998931884766,48.619998931884766,48.619998931884766,48.619998931884766,0
2013-08-01,49.22999954223633,49.22999954223633,49.22999954223633,49.22999954223633,0
2013-08-02,49.2599983215332,49.2599983215332,49.2599983215332,49.2599983215332,0
2013-08-05,49.310001373291016,49.310001373291016,49.310001373291016,49.310001373291016,0
2013-08-06,49.099998474121094,49.099998474121094,49.099998474121094,49.099998474121094,0
2013-08-07,49.16999816894531,49.16999816894531,49.16999816894531,49.16999816894531,0
2013-08-08,49.4900016784668,49.4900016784668,49.4900016784668,49.4900016784668,0
2013-08-09,49.63999938964844,49.63999938964844,49.63999938964844,49.63999938964844,0
2013-08-12,49.58000183105469,49.58000183105469,49.58000183105469,49.58000183105469,0
2013-08-13,49.83000183105469,49.83000183105469,49.83000183105469,49.83000183105469,0
2013-08-14,50.09000015258789,50.09000015258789,50.09000015258789,50.09000015258789,0
2013-08-15,49.84000015258789,49.84000015258789,49.84000015258789,49.84000015258789,0
2013-08-16,50.209999084472656,50.209999084472656,50.209999084472656,50.209999084472656,0
2013-08-19,49.720001220703125,49.720001220703125,49.720001220703125,49.720001220703125,0
2013-08-20,49.04999923706055,49.04999923706055,49.04999923706055,49.04999923706055,0
2013-08-21,48.880001068115234,48.880001068115234,48.880001068115234,48.880001068115234,0
2013-08-22,49.41999816894531,49.41999816894531,49.41999816894531,49.41999816894531,0
2013-08-23,49.54999923706055,49.54999923706055,49.54999923706055,49.54999923706055,0
2013-08-26,49.52000045776367,49.52000045776367,49.52000045776367,49.52000045776367,0
2013-08-27,48.31999969482422,48.31999969482422,48.31999969482422,48.31999969482422,0
2013-08-28,48.220001220703125,48.220001220703125,48.220001220703125,48.220001220703125,0
2013-08-29,48.529998779296875,48.529998779296875,48.529998779296875,48.529998779296875,0
2013-08-30,47.88999938964844,47.88999938964844,47.88999938964844,47.88999938964844,0
2013-09-02,48.77000045776367,48.77000045776367,48.77000045776367,48.77000045776367,0
2013-09-03,48.380001068115234,48.380001068115234,48.380001068115234,48.380001068115234,0
2013-09-04,48.459999084472656,48.459999084472656,48.459999084472656,48.459999084472656,0
2013-09-05,48.779998779296875,48.779998779296875,48.779998779296875,48.779998779296875,0
2013-09-06,49.290000915527344,49.290000915527344,49.290000915527344,49.290000915527344,0
2013-09-09,49.189998626708984,49.189998626708984,49.189998626708984,49.189998626708984,0
2013-09-10,50.119998931884766,50.119998931884766,50.119998931884766,50.119998931884766,0
2013-09-11,50.150001525878906,50.150001525878906,50.150001525878906,50.150001525878906,0
2013-09-12,50.0,50.0,50.0,50.0,0
2013-09-13,50.09000015258789,50.09000015258789,50.09000015258789,50.09000015258789,0
2013-09-16,50.560001373291016,50.560001373291016,50.560001373291016,50.560001373291016,0
2013-09-17,50.470001220703125,50.470001220703125,50.470001220703125,50.470001220703125,0
2013-09-18,50.779998779296875,50.779998779296875,50.779998779296875,50.779998779296875,0
2013-09-19,51.209999084472656,51.209999084472656,51.209999084472656,51.209999084472656,0
2013-09-20,51.18000030517578,51.18000030517578,51.18000030517578,51.18000030517578,0
2013-09-23,50.790000915527344,50.790000915527344,50.790000915527344,50.790000915527344,0
2013-09-24,51.15999984741211,51.15999984741211,51.15999984741211,51.15999984741211,0
2013-09-25,51.15999984741211,51.15999984741211,51.15999984741211,51.15999984741211,0
2013-09-26,51.04999923706055,51.04999923706055,51.04999923706055,51.04999923706055,0
2013-09-27,51.04999923706055,51.04999923706055,51.04999923706055,51.04999923706055,0
2013-09-30,50.52000045776367,50.52000045776367,50.52000045776367,50.52000045776367,0
2013-10-01,51.16999816894531,51.16999816894531,51.16999816894531,51.16999816894531,0
2013-10-02,50.70000076293945,50.70000076293945,50.70000076293945,50.70000076293945,0
2013-10-03,50.33000183105469,50.33000183105469,50.33000183105469,50.33000183105469,0
2013-10-04,50.77000045776367,50.77000045776367,50.77000045776367,50.77000045776367,0
2013-10-07,50.790000915527344,50.790000915527344,50.790000915527344,50.790000915527344,0
2013-10-08,50.400001525878906,50.400001525878906,50.400001525878906,50.400001525878906,0
2013-10-09,50.31999969482422,50.31999969482422,50.31999969482422,50.31999969482422,0
2013-10-10,51.43000030517578,51.43000030517578,51.43000030517578,51.43000030517578,0
2013-10-11,51.45000076293945,51.45000076293945,51.45000076293945,51.45000076293945,0
2013-10-14,51.4900016784668,51.4900016784668,51.4900016784668,51.4900016784668,0
2013-10-15,51.88999938964844,51.88999938964844,51.88999938964844,51.88999938964844,0
2013-10-16,51.7400016784668,51.7400016784668,51.7400016784668,51.7400016784668,0
2013-10-17,51.689998626708984,51.689998626708984,51.689998626708984,51.689998626708984,0
2013-10-18,52.2599983215332,52.2599983215332,52.2599983215332,52.2599983215332,0
2013-10-21,52.13999938964844,52.13999938964844,52.13999938964844,52.13999938964844,0
2013-10-22,52.369998931884766,52.369998931884766,52.369998931884766,52.369998931884766,0
2013-10-23,51.939998626708984,51.939998626708984,51.939998626708984,51.939998626708984,0
2013-10-24,52.130001068115234,52.130001068115234,52.130001068115234,52.130001068115234,0
2013-10-25,52.09000015258789,52.09000015258789,52.09000015258789,52.09000015258789,0
2013-10-28,51.83000183105469,51.83000183105469,51.83000183105469,51.83000183105469,0
2013-10-29,52.150001525878906,52.150001525878906,52.150001525878906,52.150001525878906,0
2013-10-30,52.11000061035156,52.11000061035156,52.11000061035156,52.11000061035156,0
2013-10-31,52.41999816894531,52.41999816894531,52.41999816894531,52.41999816894531,0
2013-11-01,52.09000015258789,52.09000015258789,52.09000015258789,52.09000015258789,0
2013-11-04,52.279998779296875,52.279998779296875,52.279998779296875,52.279998779296875,0
2013-11-05,51.849998474121094,51.849998474121094,51.849998474121094,51.849998474121094,0
2013-11-06,52.2599983215332,52.2599983215332,52.2599983215332,52.2599983215332,0
2013-11-07,52.189998626708984,52.189998626708984,52.189998626708984,52.189998626708984,0
2013-11-08,51.939998626708984,51.939998626708984,51.939998626708984,51.939998626708984,0
2013-11-11,52.310001373291016,52.310001373291016,52.310001373291016,52.310001373291016,0
2013-11-12,52.0,52.0,52.0,52.0,0
2013-11-13,51.709999084472656,51.709999084472656,51.709999084472656,51.709999084472656,0
2013-11-14,52.25,52.25,52.25,52.25,0
2013-11-15,52.41999816894531,52.41999816894531,52.41999816894531,52.41999816894531,0
2013-11-18,52.7599983215332,52.7599983215332,52.7599983215332,52.7599983215332,0
2013-11-19,52.16999816894531,52.16999816894531,52.16999816894531,52.16999816894531,0
2013-11-20,52.119998931884766,52.119998931884766,52.119998931884766,52.119998931884766,0
2013-11-21,51.95000076293945,51.95000076293945,51.95000076293945,51.95000076293945,0
2013-11-22,52.25,52.25,52.25,52.25,0
2013-11-25,52.529998779296875,52.529998779296875,52.529998779296875,52.529998779296875,0
2013-11-26,52.2400016784668,52.2400016784668,52.2400016784668,52.2400016784668,0
2013-11-27,52.41999816894531,52.41999816894531,52.41999816894531,52.41999816894531,0
2013-11-28,52.560001373291016,52.560001373291016,52.560001373291016,52.560001373291016,0
2013-11-29,52.470001220703125,52.470001220703125,52.470001220703125,52.470001220703125,0
2013-12-02,52.349998474121094,52.349998474121094,52.349998474121094,52.349998474121094,0
2013-12-03,50.970001220703125,50.970001220703125,50.970001220703125,50.970001220703125,0
2013-12-04,50.68000030517578,50.68000030517578,50.68000030517578,50.68000030517578,0
2013-12-05,50.08000183105469,50.08000183105469,50.08000183105469,50.08000183105469,0
2013-12-06,50.47999954223633,50.47999954223633,50.47999954223633,50.47999954223633,0
2013-12-09,50.540000915527344,50.540000915527344,50.540000915527344,50.540000915527344,0
2013-12-10,50.0099983215332,50.0099983215332,50.0099983215332,50.0099983215332,0
2013-12-11,49.959999084472656,49.959999084472656,49.959999084472656,49.959999084472656,0
2013-12-12,49.75,49.75,49.75,49.75,0
2013-12-13,49.63999938964844,49.63999938964844,49.63999938964844,49.63999938964844,0
2013-12-16,50.459999084472656,50.459999084472656,50.459999084472656,50.459999084472656,0
2013-12-17,49.83000183105469,49.83000183105469,49.83000183105469,49.83000183105469,0
2013-12-18,50.33000183105469,50.33000183105469,50.33000183105469,50.33000183105469,0
2013-12-19,51.15999984741211,51.15999984741211,51.15999984741211,51.15999984741211,0
2013-12-20,51.36000061035156,51.36000061035156,51.36000061035156,51.36000061035156,0
2013-12-23,51.619998931884766,51.619998931884766,51.619998931884766,51.619998931884766,0
2013-12-24,51.65999984741211,51.65999984741211,51.65999984741211,51.65999984741211,0
2013-12-27,52.38999938964844,52.38999938964844,52.38999938964844,52.38999938964844,0
2013-12-30,52.36000061035156,52.36000061035156,52.36000061035156,52.36000061035156,0
2013-12-31,52.61000061035156,52.61000061035156,52.61000061035156,52.61000061035156,0
2014-01-02,51.77000045776367,51.77000045776367,51.77000045776367,51.77000045776367,0
2014-01-03,52.02000045776367,52.02000045776367,52.02000045776367,52.02000045776367,0
2014-01-06,51.77000045776367,51.77000045776367,51.77000045776367,51.77000045776367,0
2014-01-07,52.20000076293945,52.20000076293945,52.20000076293945,52.20000076293945,0
2014-01-08,52.18000030517578,52.18000030517578,52.18000030517578,52.18000030517578,0
2014-01-09,51.7400016784668,51.7400016784668,51.7400016784668,51.7400016784668,0
2014-01-10,52.04999923706055,52.04999923706055,52.04999923706055,52.04999923706055,0
2014-01-13,52.209999084472656,52.209999084472656,52.209999084472656,52.209999084472656,0
2014-01-14,52.34000015258789,52.34000015258789,52.34000015258789,52.34000015258789,0
2014-01-15,53.04999923706055,53.04999923706055,53.04999923706055,53.04999923706055,0
2014-01-16,52.88999938964844,52.88999938964844,52.88999938964844,52.88999938964844,0
2014-01-17,52.9900016784668,52.9900016784668,52.9900016784668,52.9900016784668,0
2014-01-20,52.939998626708984,52.939998626708984,52.939998626708984,52.939998626708984,0
2014-01-21,52.959999084472656,52.959999084472656,52.959999084472656,52.959999084472656,0
2014-01-22,52.970001220703125,52.970001220703125,52.970001220703125,52.970001220703125,0
2014-01-23,52.43000030517578,52.43000030517578,52.43000030517578,52.43000030517578,0
2014-01-24,50.970001220703125,50.970001220703125,50.970001220703125,50.970001220703125,0
2014-01-27,50.7599983215332,50.7599983215332,50.7599983215332,50.7599983215332,0
2014-01-28,51.2599983215332,51.2599983215332,51.2599983215332,51.2599983215332,0
2014-01-29,50.90999984741211,50.90999984741211,50.90999984741211,50.90999984741211,0
2014-01-30,51.189998626708984,51.189998626708984,51.189998626708984,51.189998626708984,0
2014-01-31,51.02000045776367,51.02000045776367,51.02000045776367,51.02000045776367,0
2014-02-03,50.310001373291016,50.310001373291016,50.310001373291016,50.310001373291016,0
2014-02-04,50.41999816894531,50.41999816894531,50.41999816894531,50.41999816894531,0
2014-02-05,50.43000030517578,50.43000030517578,50.43000030517578,50.43000030517578,0
2014-02-06,51.290000915527344,51.290000915527344,51.290000915527344,51.290000915527344,0
2014-02-07,51.779998779296875,51.779998779296875,51.779998779296875,51.779998779296875,0
2014-02-10,51.88999938964844,51.88999938964844,51.88999938964844,51.88999938964844,0
2014-02-11,52.45000076293945,52.45000076293945,52.45000076293945,52.45000076293945,0
2014-02-12,52.720001220703125,52.720001220703125,52.720001220703125,52.720001220703125,0
2014-02-13,52.810001373291016,52.810001373291016,52.810001373291016,52.810001373291016,0
2014-02-14,53.150001525878906,53.150001525878906,53.150001525878906,53.150001525878906,0
2014-02-17,53.09000015258789,53.09000015258789,53.09000015258789,53.09000015258789,0
2014-02-18,53.029998779296875,53.029998779296875,53.029998779296875,53.029998779296875,0
2014-02-19,53.15999984741211,53.15999984741211,53.15999984741211,53.15999984741211,0
2014-02-20,53.33000183105469,53.33000183105469,53.33000183105469,53.33000183105469,0
2014-02-21,53.650001525878906,53.650001525878906,53.650001525878906,53.650001525878906,0
2014-02-24,54.11000061035156,54.11000061035156,54.11000061035156,54.11000061035156,0
2014-02-25,54.04999923706055,54.04999923706055,54.04999923706055,54.04999923706055,0
2014-02-26,53.84000015258789,53.84000015258789,53.84000015258789,53.84000015258789,0
2014-02-27,53.83000183105469,53.83000183105469,53.83000183105469,53.83000183105469,0
2014-02-28,53.970001220703125,53.970001220703125,53.970001220703125,53.970001220703125,0
2014-03-03,52.540000915527344,52.540000915527344,52.540000915527344,52.540000915527344,0
2014-03-04,53.81999969482422,53.81999969482422,53.81999969482422,53.81999969482422,0
2014-03-05,53.77000045776367,53.77000045776367,53.77000045776367,53.77000045776367,0
2014-03-06,54.08000183105469,54.08000183105469,54.08000183105469,54.08000183105469,0
2014-03-07,53.459999084472656,53.459999084472656,53.459999084472656,53.459999084472656,0
2014-03-10,53.52000045776367,53.52000045776367,53.52000045776367,53.52000045776367,0
2014-03-11,53.2599983215332,53.2599983215332,53.2599983215332,53.2599983215332,0
2014-03-12,52.720001220703125,52.720001220703125,52.720001220703125,52.720001220703125,0
2014-03-13,52.040000915527344,52.040000915527344,52.040000915527344,52.040000915527344,0
2014-03-14,51.619998931884766,51.619998931884766,51.619998931884766,51.619998931884766,0
2014-03-17,52.29999923706055,52.29999923706055,52.29999923706055,52.29999923706055,0
2014-03-18,52.810001373291016,52.810001373291016,52.810001373291016,52.810001373291016,0
2014-03-19,52.7400016784668,52.7400016784668,52.7400016784668,52.7400016784668,0
2014-03-20,52.9900016784668,52.9900016784668,52.9900016784668,52.9900016784668,0
2014-03-21,53.08000183105469,53.08000183105469,53.08000183105469,53.08000183105469,0
2014-03-24,52.43000030517578,52.43000030517578,52.43000030517578,52.43000030517578,0
2014-03-25,53.2599983215332,53.2599983215332,53.2599983215332,53.2599983215332,0
2014-03-26,53.7599983215332,53.7599983215332,53.7599983215332,53.7599983215332,0
2014-03-27,53.689998626708984,53.689998626708984,53.689998626708984,53.689998626708984,0
2014-03-28,54.08000183105469,54.08000183105469,54.08000183105469,54.08000183105469,0
2014-03-31,53.84000015258789,53.84000015258789,53.84000015258789,53.84000015258789,0
2014-04-01,54.27000045776367,54.27000045776367,54.27000045776367,54.27000045776367,0
2014-04-02,54.31999969482422,54.31999969482422,54.31999969482422,54.31999969482422,0
2014-04-03,54.54999923706055,54.54999923706055,54.54999923706055,54.54999923706055,0
2014-04-04,54.97999954223633,54.97999954223633,54.97999954223633,54.97999954223633,0
2014-04-07,54.38999938964844,54.38999938964844,54.38999938964844,54.38999938964844,0
2014-04-08,54.25,54.25,54.25,54.25,0
2014-04-09,54.470001220703125,54.470001220703125,54.470001220703125,54.470001220703125,0
2014-04-10,54.11000061035156,54.11000061035156,54.11000061035156,54.11000061035156,0
2014-04-11,53.52000045776367,53.52000045776367,53.52000045776367,53.52000045776367,0
2014-04-14,53.790000915527344,53.790000915527344,53.790000915527344,53.790000915527344,0
2014-04-15,53.29999923706055,53.29999923706055,53.29999923706055,53.29999923706055,0
2014-04-16,54.040000915527344,54.040000915527344,54.040000915527344,54.040000915527344,0
2014-04-17,54.36000061035156,54.36000061035156,54.36000061035156,54.36000061035156,0
2014-04-22,55.0099983215332,55.0099983215332,55.0099983215332,55.0099983215332,0
2014-04-23,54.599998474121094,54.599998474121094,54.599998474121094,54.599998474121094,0
2014-04-24,54.970001220703125,54.970001220703125,54.970001220703125,54.970001220703125,0
2014-04-25,54.56999969482422,54.56999969482422,54.56999969482422,54.56999969482422,0
2014-04-28,54.779998779296875,54.779998779296875,54.779998779296875,54.779998779296875,0
2014-04-29,55.27000045776367,55.27000045776367,55.27000045776367,55.27000045776367,0
2014-04-30,55.209999084472656,55.209999084472656,55.209999084472656,55.209999084472656,0
2014-05-01,55.209999084472656,55.209999084472656,55.209999084472656,55.209999084472656,0
2014-05-02,54.959999084472656,54.959999084472656,54.959999084472656,54.959999084472656,0
2014-05-05,55.029998779296875,55.029998779296875,55.029998779296875,55.029998779296875,0
2014-05-06,54.599998474121094,54.599998474121094,54.599998474121094,54.599998474121094,0
2014-05-07,54.880001068115234,54.880001068115234,54.880001068115234,54.880001068115234,0
2014-05-08,55.63999938964844,55.63999938964844,55.63999938964844,55.63999938964844,0
2014-05-09,55.279998779296875,55.279998779296875,55.279998779296875,55.279998779296875,0
2014-05-12,55.77000045776367,55.77000045776367,55.77000045776367,55.77000045776367,0
2014-05-13,55.90999984741211,55.90999984741211,55.90999984741211,55.90999984741211,0
2014-05-14,55.91999816894531,55.91999816894531,55.91999816894531,55.91999816894531,0
2014-05-15,55.22999954223633,55.22999954223633,55.22999954223633,55.22999954223633,0
2014-05-16,55.43000030517578,55.43000030517578,55.43000030517578,55.43000030517578,0
2014-05-19,55.59000015258789,55.59000015258789,55.59000015258789,55.59000015258789,0
2014-05-20,55.5,55.5,55.5,55.5,0
2014-05-21,55.709999084472656,55.709999084472656,55.709999084472656,55.709999084472656,0
2014-05-22,55.84000015258789,55.84000015258789,55.84000015258789,55.84000015258789,0
2014-05-23,56.02000045776367,56.02000045776367,56.02000045776367,56.02000045776367,0
2014-05-26,56.439998626708984,56.439998626708984,56.439998626708984,56.439998626708984,0
2014-05-27,56.52000045776367,56.52000045776367,56.52000045776367,56.52000045776367,0
2014-05-28,56.54999923706055,56.54999923706055,56.54999923706055,56.54999923706055,0
2014-05-29,56.58000183105469,56.58000183105469,56.58000183105469,56.58000183105469,0
2014-05-30,56.470001220703125,56.470001220703125,56.470001220703125,56.470001220703125,0
2014-06-02,56.56999969482422,56.56999969482422,56.56999969482422,56.56999969482422,0
2014-06-03,56.439998626708984,56.439998626708984,56.439998626708984,56.439998626708984,0
2014-06-04,56.41999816894531,56.41999816894531,56.41999816894531,56.41999816894531,0
2014-06-05,57.029998779296875,57.029998779296875,57.029998779296875,57.029998779296875,0
2014-06-06,57.43000030517578,57.43000030517578,57.43000030517578,57.43000030517578,0
2014-06-09,57.529998779296875,57.529998779296875,57.529998779296875,57.529998779296875,0
2014-06-10,57.599998474121094,57.599998474121094,57.599998474121094,57.599998474121094,0
2014-06-11,57.13999938964844,57.13999938964844,57.13999938964844,57.13999938964844,0
2014-06-12,57.130001068115234,57.130001068115234,57.130001068115234,57.130001068115234,0
2014-06-13,56.9900016784668,56.9900016784668,56.9900016784668,56.9900016784668,0
2014-06-16,56.56999969482422,56.56999969482422,56.56999969482422,56.56999969482422,0
2014-06-17,56.900001525878906,56.900001525878906,56.900001525878906,56.900001525878906,0
2014-06-18,56.81999969482422,56.81999969482422,56.81999969482422,56.81999969482422,0
2014-06-19,57.22999954223633,57.22999954223633,57.22999954223633,57.22999954223633,0
2014-06-20,56.959999084472656,56.959999084472656,56.959999084472656,56.959999084472656,0
2014-06-23,56.63999938964844,56.63999938964844,56.63999938964844,56.63999938964844,0
2014-06-24,56.66999816894531,56.66999816894531,56.66999816894531,56.66999816894531,0
2014-06-25,56.02000045776367,56.02000045776367,56.02000045776367,56.02000045776367,0
2014-06-26,55.7599983215332,55.7599983215332,55.7599983215332,55.7599983215332,0
2014-06-27,55.72999954223633,55.72999954223633,55.72999954223633,55.72999954223633,0
2014-06-30,55.54999923706055,55.54999923706055,55.54999923706055,55.54999923706055,0
2014-07-01,56.040000915527344,56.040000915527344,56.040000915527344,56.040000915527344,0
2014-07-02,55.83000183105469,55.83000183105469,55.83000183105469,55.83000183105469,0
2014-07-03,56.40999984741211,56.40999984741211,56.40999984741211,56.40999984741211,0
2014-07-04,56.150001525878906,56.150001525878906,56.150001525878906,56.150001525878906,0
2014-07-07,55.349998474121094,55.349998474121094,55.349998474121094,55.349998474121094,0
2014-07-08,54.560001373291016,54.560001373291016,54.560001373291016,54.560001373291016,0
2014-07-09,54.779998779296875,54.779998779296875,54.779998779296875,54.779998779296875,0
2014-07-10,54.040000915527344,54.040000915527344,54.040000915527344,54.040000915527344,0
2014-07-11,54.22999954223633,54.22999954223633,54.22999954223633,54.22999954223633,0
2014-07-14,54.650001525878906,54.650001525878906,54.650001525878906,54.650001525878906,0
2014-07-15,54.09000015258789,54.09000015258789,54.09000015258789,54.09000015258789,0
2014-07-16,54.88999938964844,54.88999938964844,54.88999938964844,54.88999938964844,0
2014-07-17,54.22999954223633,54.22999954223633,54.22999954223633,54.22999954223633,0
2014-07-18,54.470001220703125,54.470001220703125,54.470001220703125,54.470001220703125,0
2014-07-21,54.08000183105469,54.08000183105469,54.08000183105469,54.08000183105469,0
2014-07-22,54.88999938964844,54.88999938964844,54.88999938964844,54.88999938964844,0
2014-07-23,54.97999954223633,54.97999954223633,54.97999954223633,54.97999954223633,0
2014-07-24,55.40999984741211,55.40999984741211,55.40999984741211,55.40999984741211,0
2014-07-25,54.400001525878906,54.400001525878906,54.400001525878906,54.400001525878906,0
2014-07-28,54.58000183105469,54.58000183105469,54.58000183105469,54.58000183105469,0
2014-07-29,54.84000015258789,54.84000015258789,54.84000015258789,54.84000015258789,0
2014-07-30,54.16999816894531,54.16999816894531,54.16999816894531,54.16999816894531,0
2014-07-31,53.34000015258789,53.34000015258789,53.34000015258789,53.34000015258789,0
2014-08-01,52.79999923706055,52.79999923706055,52.79999923706055,52.79999923706055,0
2014-08-04,52.97999954223633,52.97999954223633,52.97999954223633,52.97999954223633,0
2014-08-05,53.16999816894531,53.16999816894531,53.16999816894531,53.16999816894531,0
2014-08-06,52.849998474121094,52.849998474121094,52.849998474121094,52.849998474121094,0
2014-08-07,52.130001068115234,52.130001068115234,52.130001068115234,52.130001068115234,0
2014-08-08,52.099998474121094,52.099998474121094,52.099998474121094,52.099998474121094,0
2014-08-11,52.72999954223633,52.72999954223633,52.72999954223633,52.72999954223633,0
2014-08-12,52.279998779296875,52.279998779296875,52.279998779296875,52.279998779296875,0
2014-08-13,52.689998626708984,52.689998626708984,52.689998626708984,52.689998626708984,0
2014-08-14,52.81999969482422,52.81999969482422,52.81999969482422,52.81999969482422,0
2014-08-15,52.43000030517578,52.43000030517578,52.43000030517578,52.43000030517578,0
2014-08-18,53.13999938964844,53.13999938964844,53.13999938964844,53.13999938964844,0
2014-08-19,53.439998626708984,53.439998626708984,53.439998626708984,53.439998626708984,0
2014-08-20,53.27000045776367,53.27000045776367,53.27000045776367,53.27000045776367,0
2014-08-21,53.91999816894531,53.91999816894531,53.91999816894531,53.91999816894531,0
2014-08-22,53.41999816894531,53.41999816894531,53.41999816894531,53.41999816894531,0
2014-08-25,54.540000915527344,54.540000915527344,54.540000915527344,54.540000915527344,0
2014-08-26,55.18000030517578,55.18000030517578,55.18000030517578,55.18000030517578,0
2014-08-27,55.209999084472656,55.209999084472656,55.209999084472656,55.209999084472656,0
2014-08-28,54.84000015258789,54.84000015258789,54.84000015258789,54.84000015258789,0
2014-08-29,55.029998779296875,55.029998779296875,55.029998779296875,55.029998779296875,0
2014-09-01,55.0099983215332,55.0099983215332,55.0099983215332,55.0099983215332,0
2014-09-02,54.9900016784668,54.9900016784668,54.9900016784668,54.9900016784668,0
2014-09-03,55.540000915527344,55.540000915527344,55.540000915527344,55.540000915527344,0
2014-09-04,56.45000076293945,56.45000076293945,56.45000076293945,56.45000076293945,0
2014-09-05,56.349998474121094,56.349998474121094,56.349998474121094,56.349998474121094,0
2014-09-08,56.20000076293945,56.20000076293945,56.20000076293945,56.20000076293945,0
2014-09-09,55.91999816894531,55.91999816894531,55.91999816894531,55.91999816894531,0
2014-09-10,55.900001525878906,55.900001525878906,55.900001525878906,55.900001525878906,0
2014-09-11,55.77000045776367,55.77000045776367,55.77000045776367,55.77000045776367,0
2014-09-12,55.779998779296875,55.779998779296875,55.779998779296875,55.779998779296875,0
2014-09-15,55.619998931884766,55.619998931884766,55.619998931884766,55.619998931884766,0
2014-09-16,55.369998931884766,55.369998931884766,55.369998931884766,55.369998931884766,0
2014-09-17,55.650001525878906,55.650001525878906,55.650001525878906,55.650001525878906,0
2014-09-18,56.06999969482422,56.06999969482422,56.06999969482422,56.06999969482422,0
2014-09-19,56.029998779296875,56.029998779296875,56.029998779296875,56.029998779296875,0
2014-09-22,55.790000915527344,55.790000915527344,55.790000915527344,55.790000915527344,0
2014-09-23,54.81999969482422,54.81999969482422,54.81999969482422,54.81999969482422,0
2014-09-24,55.5099983215332,55.5099983215332,55.5099983215332,55.5099983215332,0
2014-09-25,54.77000045776367,54.77000045776367,54.77000045776367,54.77000045776367,0
2014-09-26,55.27000045776367,55.27000045776367,55.27000045776367,55.27000045776367,0
2014-09-29,54.810001373291016,54.810001373291016,54.810001373291016,54.810001373291016,0
2014-09-30,55.542598724365234,55.542598724365234,55.542598724365234,55.542598724365234,0
2014-10-01,54.90140151977539,54.90140151977539,54.90140151977539,54.90140151977539,0
2014-10-02,53.359500885009766,53.359500885009766,53.359500885009766,53.359500885009766,0
2014-10-03,53.85049819946289,53.85049819946289,53.85049819946289,53.85049819946289,0
2014-10-06,53.90950012207031,53.90950012207031,53.90950012207031,53.90950012207031,0
2014-10-07,52.93619918823242,52.93619918823242,52.93619918823242,52.93619918823242,0
2014-10-08,52.4202995300293,52.4202995300293,52.4202995300293,52.4202995300293,0
2014-10-09,52.08430099487305,52.08430099487305,52.08430099487305,52.08430099487305,0
2014-10-10,51.231998443603516,51.231998443603516,51.231998443603516,51.231998443603516,0
2014-10-13,51.3390007019043,51.3390007019043,51.3390007019043,51.3390007019043,0
2014-10-14,51.45869827270508,51.45869827270508,51.45869827270508,51.45869827270508,0
2014-10-15,49.58879852294922,49.58879852294922,49.58879852294922,49.58879852294922,0
2014-10-16,49.32320022583008,49.32320022583008,49.32320022583008,49.32320022583008,0
2014-10-17,50.764801025390625,50.764801025390625,50.764801025390625,50.764801025390625,0
2014-10-20,50.236000061035156,50.236000061035156,50.236000061035156,50.236000061035156,0
2014-10-21,51.368499755859375,51.368499755859375,51.368499755859375,51.368499755859375,0
2014-10-22,51.668399810791016,51.668399810791016,51.668399810791016,51.668399810791016,0
2014-10-23,52.33000183105469,52.33000183105469,52.33000183105469,52.33000183105469,0
2014-10-24,51.96760177612305,51.96760177612305,51.96760177612305,51.96760177612305,0
2014-10-27,51.56209945678711,51.56209945678711,51.56209945678711,51.56209945678711,0
2014-10-28,51.762001037597656,51.762001037597656,51.762001037597656,51.762001037597656,0
2014-10-29,51.736000061035156,51.736000061035156,51.736000061035156,51.736000061035156,0
2014-10-30,52.12080001831055,52.12080001831055,52.12080001831055,52.12080001831055,0
2014-10-31,53.27640151977539,53.27640151977539,53.27640151977539,53.27640151977539,0
2014-11-03,52.78369903564453,52.78369903564453,52.78369903564453,52.78369903564453,0
2014-11-04,51.979698181152344,51.979698181152344,51.979698181152344,51.979698181152344,0
2014-11-05,52.964298248291016,52.964298248291016,52.964298248291016,52.964298248291016,0
2014-11-06,53.20640182495117,53.20640182495117,53.20640182495117,53.20640182495117,0
2014-11-07,52.730499267578125,52.730499267578125,52.730499267578125,52.730499267578125,0
2014-11-10,53.1416015625,53.1416015625,53.1416015625,53.1416015625,0
2014-11-11,53.42729949951172,53.42729949951172,53.42729949951172,53.42729949951172,0
2014-11-12,52.61970138549805,52.61970138549805,52.61970138549805,52.61970138549805,0
2014-11-13,52.73109817504883,52.73109817504883,52.73109817504883,52.73109817504883,0
2014-11-14,52.91279983520508,52.91279983520508,52.91279983520508,52.91279983520508,0
2014-11-17,53.202598571777344,53.202598571777344,53.202598571777344,53.202598571777344,0
2014-11-18,53.666900634765625,53.666900634765625,53.666900634765625,53.666900634765625,0
2014-11-19,53.714500427246094,53.714500427246094,53.714500427246094,53.714500427246094,0
2014-11-20,53.311798095703125,53.311798095703125,53.311798095703125,53.311798095703125,0
2014-11-21,54.73429870605469,54.73429870605469,54.73429870605469,54.73429870605469,0
2014-11-24,54.9994010925293,54.9994010925293,54.9994010925293,54.9994010925293,0
2014-11-25,55.17279815673828,55.17279815673828,55.17279815673828,55.17279815673828,0
2014-11-26,55.06050109863281,55.06050109863281,55.06050109863281,55.06050109863281,0
2014-11-27,55.17129898071289,55.17129898071289,55.17129898071289,55.17129898071289,0
2014-11-28,55.27009963989258,55.27009963989258,55.27009963989258,55.27009963989258,0
2014-12-01,55.107398986816406,55.107398986816406,55.107398986816406,55.107398986816406,0
2014-12-02,55.2672004699707,55.2672004699707,55.2672004699707,55.2672004699707,0
2014-12-03,55.311798095703125,55.311798095703125,55.311798095703125,55.311798095703125,0
2014-12-04,54.456298828125,54.456298828125,54.456298828125,54.456298828125,0
2014-12-05,55.68339920043945,55.68339920043945,55.68339920043945,55.68339920043945,0
2014-12-08,55.128700256347656,55.128700256347656,55.128700256347656,55.128700256347656,0
2014-12-09,53.7223014831543,53.7223014831543,53.7223014831543,53.7223014831543,0
2014-12-10,53.2666015625,53.2666015625,53.2666015625,53.2666015625,0
2014-12-11,53.243099212646484,53.243099212646484,53.243099212646484,53.243099212646484,0
2014-12-12,51.77000045776367,51.77000045776367,51.77000045776367,51.77000045776367,0
2014-12-15,50.5536003112793,50.5536003112793,50.5536003112793,50.5536003112793,0
2014-12-16,51.66210174560547,51.66210174560547,51.66210174560547,51.66210174560547,0
2014-12-17,51.90629959106445,51.90629959106445,51.90629959106445,51.90629959106445,0
2014-12-18,53.64250183105469,53.64250183105469,53.64250183105469,53.64250183105469,0
2014-12-19,53.554100036621094,53.554100036621094,53.554100036621094,53.554100036621094,0
2014-12-22,53.714599609375,53.714599609375,53.714599609375,53.714599609375,0
2014-12-23,54.47850036621094,54.47850036621094,54.47850036621094,54.47850036621094,0
2014-12-24,54.23429870605469,54.23429870605469,54.23429870605469,54.23429870605469,0
2014-12-29,54.50910186767578,54.50910186767578,54.50910186767578,54.50910186767578,0
2014-12-30,53.5968017578125,53.5968017578125,53.5968017578125,53.5968017578125,0
2014-12-31,53.93920135498047,53.93920135498047,53.93920135498047,53.93920135498047,0
2015-01-02,53.679298400878906,53.679298400878906,53.679298400878906,53.679298400878906,0
2015-01-05,51.89939880371094,51.89939880371094,51.89939880371094,51.89939880371094,0
2015-01-06,51.547298431396484,51.547298431396484,51.547298431396484,51.547298431396484,0
2015-01-07,51.91559982299805,51.91559982299805,51.91559982299805,51.91559982299805,0
2015-01-08,53.777400970458984,53.777400970458984,53.777400970458984,53.777400970458984,0
2015-01-09,52.75239944458008,52.75239944458008,52.75239944458008,52.75239944458008,0
2015-01-12,53.372501373291016,53.372501373291016,53.372501373291016,53.372501373291016,0
2015-01-13,54.15510177612305,54.15510177612305,54.15510177612305,54.15510177612305,0
2015-01-14,53.308799743652344,53.308799743652344,53.308799743652344,53.308799743652344,0
2015-01-15,54.56999969482422,54.56999969482422,54.56999969482422,54.56999969482422,0
2015-01-16,55.282100677490234,55.282100677490234,55.282100677490234,55.282100677490234,0
2015-01-19,55.474300384521484,55.474300384521484,55.474300384521484,55.474300384521484,0
2015-01-20,56.12260055541992,56.12260055541992,56.12260055541992,56.12260055541992,0
2015-01-21,56.612098693847656,56.612098693847656,56.612098693847656,56.612098693847656,0
2015-01-22,57.477298736572266,57.477298736572266,57.477298736572266,57.477298736572266,0
2015-01-23,58.58649826049805,58.58649826049805,58.58649826049805,58.58649826049805,0
2015-01-26,59.02050018310547,59.02050018310547,59.02050018310547,59.02050018310547,0
2015-01-27,58.37730026245117,58.37730026245117,58.37730026245117,58.37730026245117,0
2015-01-28,58.20840072631836,58.20840072631836,58.20840072631836,58.20840072631836,0
2015-01-29,58.46839904785156,58.46839904785156,58.46839904785156,58.46839904785156,0
2015-01-30,58.12459945678711,58.12459945678711,58.12459945678711,58.12459945678711,0
2015-02-02,58.41939926147461,58.41939926147461,58.41939926147461,58.41939926147461,0
2015-02-03,59.053001403808594,59.053001403808594,59.053001403808594,59.053001403808594,0
2015-02-04,59.284698486328125,59.284698486328125,59.284698486328125,59.284698486328125,0
2015-02-05,59.370201110839844,59.370201110839844,59.370201110839844,59.370201110839844,0
2015-02-06,59.21969985961914,59.21969985961914,59.21969985961914,59.21969985961914,0
2015-02-09,58.716400146484375,58.716400146484375,58.716400146484375,58.716400146484375,0
2015-02-10,59.2781982421875,59.2781982421875,59.2781982421875,59.2781982421875,0
2015-02-11,59.072200775146484,59.072200775146484,59.072200775146484,59.072200775146484,0
2015-02-12,59.66279983520508,59.66279983520508,59.66279983520508,59.66279983520508,0
2015-02-13,60.08089828491211,60.08089828491211,60.08089828491211,60.08089828491211,0
2015-02-16,59.98640060424805,59.98640060424805,59.98640060424805,59.98640060424805,0
2015-02-17,60.01169967651367,60.01169967651367,60.01169967651367,60.01169967651367,0
2015-02-18,60.5796012878418,60.5796012878418,60.5796012878418,60.5796012878418,0
2015-02-19,61.01190185546875,61.01190185546875,61.01190185546875,61.01190185546875,0
2015-02-20,60.98160171508789,60.98160171508789,60.98160171508789,60.98160171508789,0
2015-02-23,61.37630081176758,61.37630081176758,61.37630081176758,61.37630081176758,0
2015-02-24,61.680198669433594,61.680198669433594,61.680198669433594,61.680198669433594,0
2015-02-25,61.627498626708984,61.627498626708984,61.627498626708984,61.627498626708984,0
2015-02-26,61.98540115356445,61.98540115356445,61.98540115356445,61.98540115356445,0
2015-02-27,62.50080108642578,62.50080108642578,62.50080108642578,62.50080108642578,0
2015-03-02,62.06850051879883,62.06850051879883,62.06850051879883,62.06850051879883,0
2015-03-03,61.46149826049805,61.46149826049805,61.46149826049805,61.46149826049805,0
2015-03-04,62.06779861450195,62.06779861450195,62.06779861450195,62.06779861450195,0
2015-03-05,62.64950180053711,62.64950180053711,62.64950180053711,62.64950180053711,0
2015-03-06,62.66019821166992,62.66019821166992,62.66019821166992,62.66019821166992,0
2015-03-09,62.31679916381836,62.31679916381836,62.31679916381836,62.31679916381836,0
2015-03-10,61.61940002441406,61.61940002441406,61.61940002441406,61.61940002441406,0
2015-03-11,63.08000183105469,63.08000183105469,63.08000183105469,63.08000183105469,0
2015-03-12,62.95610046386719,62.95610046386719,62.95610046386719,62.95610046386719,0
2015-03-13,63.25450134277344,63.25450134277344,63.25450134277344,63.25450134277344,0
2015-03-16,63.885398864746094,63.885398864746094,63.885398864746094,63.885398864746094,0
2015-03-17,63.47710037231445,63.47710037231445,63.47710037231445,63.47710037231445,0
2015-03-18,63.53179931640625,63.53179931640625,63.53179931640625,63.53179931640625,0
2015-03-19,63.5791015625,63.5791015625,63.5791015625,63.5791015625,0
2015-03-20,64.21510314941406,64.21510314941406,64.21510314941406,64.21510314941406,0
2015-03-23,63.885501861572266,63.885501861572266,63.885501861572266,63.885501861572266,0
2015-03-24,64.33439636230469,64.33439636230469,64.33439636230469,64.33439636230469,0
2015-03-25,63.4833984375,63.4833984375,63.4833984375,63.4833984375,0
2015-03-26,63.29779815673828,63.29779815673828,63.29779815673828,63.29779815673828,0
2015-03-27,63.64739990234375,63.64739990234375,63.64739990234375,63.64739990234375,0
2015-03-30,64.26750183105469,64.26750183105469,64.26750183105469,64.26750183105469,0
2015-03-31,63.63650131225586,63.63650131225586,63.63650131225586,63.63650131225586,0
2015-04-01,63.99610137939453,63.99610137939453,63.99610137939453,63.99610137939453,0
2015-04-02,64.14739990234375,64.14739990234375,64.14739990234375,64.14739990234375,0
2015-04-07,65.11820220947266,65.11820220947266,65.11820220947266,65.11820220947266,0
2015-04-08,64.93769836425781,64.93769836425781,64.93769836425781,64.93769836425781,0
2015-04-09,65.84880065917969,65.84880065917969,65.84880065917969,65.84880065917969,0
2015-04-10,66.24620056152344,66.24620056152344,66.24620056152344,66.24620056152344,0
2015-04-13,66.41819763183594,66.41819763183594,66.41819763183594,66.41819763183594,0
2015-04-14,65.96199798583984,65.96199798583984,65.96199798583984,65.96199798583984,0
2015-04-15,66.42040252685547,66.42040252685547,66.42040252685547,66.42040252685547,0
2015-04-16,66.0426025390625,66.0426025390625,66.0426025390625,66.0426025390625,0
2015-04-17,65.0156021118164,65.0156021118164,65.0156021118164,65.0156021118164,0
2015-04-20,65.57489776611328,65.57489776611328,65.57489776611328,65.57489776611328,0
2015-04-21,65.74919891357422,65.74919891357422,65.74919891357422,65.74919891357422,0
2015-04-22,65.98249816894531,65.98249816894531,65.98249816894531,65.98249816894531,0
2015-04-23,65.57489776611328,65.57489776611328,65.57489776611328,65.57489776611328,0
2015-04-24,65.85990142822266,65.85990142822266,65.85990142822266,65.85990142822266,0
2015-04-27,66.76090240478516,66.76090240478516,66.76090240478516,66.76090240478516,0
2015-04-28,65.57990264892578,65.57990264892578,65.57990264892578,65.57990264892578,0
2015-04-29,63.89390182495117,63.89390182495117,63.89390182495117,63.89390182495117,0
2015-04-30,64.0967025756836,64.0967025756836,64.0967025756836,64.0967025756836,0
2015-05-04,64.55249786376953,64.55249786376953,64.55249786376953,64.55249786376953,0
2015-05-05,63.23640060424805,63.23640060424805,63.23640060424805,63.23640060424805,0
2015-05-06,63.342498779296875,63.342498779296875,63.342498779296875,63.342498779296875,0
2015-05-07,63.21310043334961,63.21310043334961,63.21310043334961,63.21310043334961,0
2015-05-08,64.80709838867188,64.80709838867188,64.80709838867188,64.80709838867188,0
2015-05-11,64.33940124511719,64.33940124511719,64.33940124511719,64.33940124511719,0
2015-05-12,63.65769958496094,63.65769958496094,63.65769958496094,63.65769958496094,0
2015-05-13,63.52130126953125,63.52130126953125,63.52130126953125,63.52130126953125,0
2015-05-14,64.38459777832031,64.38459777832031,64.38459777832031,64.38459777832031,0
2015-05-15,63.937198638916016,63.937198638916016,63.937198638916016,63.937198638916016,0
2015-05-18,64.24109649658203,64.24109649658203,64.24109649658203,64.24109649658203,0
2015-05-19,65.59960174560547,65.59960174560547,65.59960174560547,65.59960174560547,0
2015-05-20,65.90599822998047,65.90599822998047,65.90599822998047,65.90599822998047,0
2015-05-21,66.07630157470703,66.07630157470703,66.07630157470703,66.07630157470703,0
2015-05-22,66.02739715576172,66.02739715576172,66.02739715576172,66.02739715576172,0
2015-05-25,65.69640350341797,65.69640350341797,65.69640350341797,65.69640350341797,0
2015-05-26,65.3490982055664,65.3490982055664,65.3490982055664,65.3490982055664,0
2015-05-27,66.62129974365234,66.62129974365234,66.62129974365234,66.62129974365234,0
2015-05-28,66.0813980102539,66.0813980102539,66.0813980102539,66.0813980102539,0
2015-05-29,64.41069793701172,64.41069793701172,64.41069793701172,64.41069793701172,0
2015-06-01,64.6720962524414,64.6720962524414,64.6720962524414,64.6720962524414,0
2015-06-02,64.43730163574219,64.43730163574219,64.43730163574219,64.43730163574219,0
2015-06-03,64.83350372314453,64.83350372314453,64.83350372314453,64.83350372314453,0
2015-06-04,64.23139953613281,64.23139953613281,64.23139953613281,64.23139953613281,0
2015-06-05,63.37080001831055,63.37080001831055,63.37080001831055,63.37080001831055,0
2015-06-08,62.68840026855469,62.68840026855469,62.68840026855469,62.68840026855469,0
2015-06-09,62.592098236083984,62.592098236083984,62.592098236083984,62.592098236083984,0
2015-06-10,63.720699310302734,63.720699310302734,63.720699310302734,63.720699310302734,0
2015-06-11,64.19110107421875,64.19110107421875,64.19110107421875,64.19110107421875,0
2015-06-12,63.28459930419922,63.28459930419922,63.28459930419922,63.28459930419922,0
2015-06-15,62.175201416015625,62.175201416015625,62.175201416015625,62.175201416015625,0
2015-06-16,62.49100112915039,62.49100112915039,62.49100112915039,62.49100112915039,0
2015-06-17,61.88010025024414,61.88010025024414,61.88010025024414,61.88010025024414,0
2015-06-18,62.0458984375,62.0458984375,62.0458984375,62.0458984375,0
2015-06-19,62.19900131225586,62.19900131225586,62.19900131225586,62.19900131225586,0
2015-06-22,64.56300354003906,64.56300354003906,64.56300354003906,64.56300354003906,0
2015-06-23,65.32530212402344,65.32530212402344,65.32530212402344,65.32530212402344,0
2015-06-24,65.16929626464844,65.16929626464844,65.16929626464844,65.16929626464844,0
2015-06-25,65.19999694824219,65.19999694824219,65.19999694824219,65.19999694824219,0
2015-06-26,65.42539978027344,65.42539978027344,65.42539978027344,65.42539978027344,0
2015-06-29,62.97549819946289,62.97549819946289,62.97549819946289,62.97549819946289,0
2015-06-30,61.9452018737793,61.9452018737793,61.9452018737793,61.9452018737793,0
2015-07-01,63.145301818847656,63.145301818847656,63.145301818847656,63.145301818847656,0
2015-07-02,62.55929946899414,62.55929946899414,62.55929946899414,62.55929946899414,0
2015-07-03,62.20989990234375,62.20989990234375,62.20989990234375,62.20989990234375,0
2015-07-06,60.96989822387695,60.96989822387695,60.96989822387695,60.96989822387695,0
2015-07-07,59.58570098876953,59.58570098876953,59.58570098876953,59.58570098876953,0
2015-07-08,60.03020095825195,60.03020095825195,60.03020095825195,60.03020095825195,0
2015-07-09,61.559200286865234,61.559200286865234,61.559200286865234,61.559200286865234,0
2015-07-10,63.4463996887207,63.4463996887207,63.4463996887207,63.4463996887207,0
2015-07-13,64.67440032958984,64.67440032958984,64.67440032958984,64.67440032958984,0
2015-07-14,65.11949920654297,65.11949920654297,65.11949920654297,65.11949920654297,0
2015-07-15,65.3093032836914,65.3093032836914,65.3093032836914,65.3093032836914,0
2015-07-16,66.2698974609375,66.2698974609375,66.2698974609375,66.2698974609375,0
2015-07-17,66.30680084228516,66.30680084228516,66.30680084228516,66.30680084228516,0
2015-07-20,66.53980255126953,66.53980255126953,66.53980255126953,66.53980255126953,0
2015-07-21,66.07649993896484,66.07649993896484,66.07649993896484,66.07649993896484,0
2015-07-22,65.76360321044922,65.76360321044922,65.76360321044922,65.76360321044922,0
2015-07-23,65.81700134277344,65.81700134277344,65.81700134277344,65.81700134277344,0
2015-07-24,65.4363021850586,65.4363021850586,65.4363021850586,65.4363021850586,0
2015-07-27,63.75600051879883,63.75600051879883,63.75600051879883,63.75600051879883,0
2015-07-28,64.39949798583984,64.39949798583984,64.39949798583984,64.39949798583984,0
2015-07-29,64.91799926757812,64.91799926757812,64.91799926757812,64.91799926757812,0
2015-07-30,65.29290008544922,65.29290008544922,65.29290008544922,65.29290008544922,0
2015-07-31,65.76069641113281,65.76069641113281,65.76069641113281,65.76069641113281,0
2015-08-03,66.24970245361328,66.24970245361328,66.24970245361328,66.24970245361328,0
2015-08-04,66.14140319824219,66.14140319824219,66.14140319824219,66.14140319824219,0
2015-08-05,67.23509979248047,67.23509979248047,67.23509979248047,67.23509979248047,0
2015-08-06,67.17479705810547,67.17479705810547,67.17479705810547,67.17479705810547,0
2015-08-07,66.69100189208984,66.69100189208984,66.69100189208984,66.69100189208984,0
2015-08-10,67.2157974243164,67.2157974243164,67.2157974243164,67.2157974243164,0
2015-08-11,65.96839904785156,65.96839904785156,65.96839904785156,65.96839904785156,0
2015-08-12,63.72269821166992,63.72269821166992,63.72269821166992,63.72269821166992,0
2015-08-13,64.5156021118164,64.5156021118164,64.5156021118164,64.5156021118164,0
2015-08-14,64.12259674072266,64.12259674072266,64.12259674072266,64.12259674072266,0
2015-08-17,64.48789978027344,64.48789978027344,64.48789978027344,64.48789978027344,0
2015-08-18,64.31210327148438,64.31210327148438,64.31210327148438,64.31210327148438,0
2015-08-19,63.18429946899414,63.18429946899414,63.18429946899414,63.18429946899414,0
2015-08-20,61.882999420166016,61.882999420166016,61.882999420166016,61.882999420166016,0
2015-08-21,59.90919876098633,59.90919876098633,59.90919876098633,59.90919876098633,0
2015-08-24,56.7056999206543,56.7056999206543,56.7056999206543,56.7056999206543,0
2015-08-25,59.052101135253906,59.052101135253906,59.052101135253906,59.052101135253906,0
2015-08-26,58.22629928588867,58.22629928588867,58.22629928588867,58.22629928588867,0
2015-08-27,60.25849914550781,60.25849914550781,60.25849914550781,60.25849914550781,0
2015-08-28,60.47890090942383,60.47890090942383,60.47890090942383,60.47890090942383,0
2015-08-31,60.19089889526367,60.19089889526367,60.19089889526367,60.19089889526367,0
2015-09-01,58.745601654052734,58.745601654052734,58.745601654052734,58.745601654052734,0
2015-09-02,58.92279815673828,58.92279815673828,58.92279815673828,58.92279815673828,0
2015-09-03,60.20090103149414,60.20090103149414,60.20090103149414,60.20090103149414,0
2015-09-04,58.510398864746094,58.510398864746094,58.510398864746094,58.510398864746094,0
2015-09-07,58.85139846801758,58.85139846801758,58.85139846801758,58.85139846801758,0
2015-09-08,59.47990036010742,59.47990036010742,59.47990036010742,59.47990036010742,0
2015-09-09,60.33760070800781,60.33760070800781,60.33760070800781,60.33760070800781,0
2015-09-10,59.45690155029297,59.45690155029297,59.45690155029297,59.45690155029297,0
2015-09-11,58.8380012512207,58.8380012512207,58.8380012512207,58.8380012512207,0
2015-09-14,58.44139862060547,58.44139862060547,58.44139862060547,58.44139862060547,0
2015-09-15,59.103599548339844,59.103599548339844,59.103599548339844,59.103599548339844,0
2015-09-16,60.09239959716797,60.09239959716797,60.09239959716797,60.09239959716797,0
2015-09-17,60.21229934692383,60.21229934692383,60.21229934692383,60.21229934692383,0
2015-09-18,58.66889953613281,58.66889953613281,58.66889953613281,58.66889953613281,0
2015-09-21,59.309600830078125,59.309600830078125,59.309600830078125,59.309600830078125,0
2015-09-22,57.27880096435547,57.27880096435547,57.27880096435547,57.27880096435547,0
2015-09-23,57.33440017700195,57.33440017700195,57.33440017700195,57.33440017700195,0
2015-09-24,56.22710037231445,56.22710037231445,56.22710037231445,56.22710037231445,0
2015-09-25,57.95249938964844,57.95249938964844,57.95249938964844,57.95249938964844,0
2015-09-28,56.43360137939453,56.43360137939453,56.43360137939453,56.43360137939453,0
2015-09-29,56.26060104370117,56.26060104370117,56.26060104370117,56.26060104370117,0
2015-09-30,57.705299377441406,57.705299377441406,57.705299377441406,57.705299377441406,0
2015-10-01,57.332298278808594,57.332298278808594,57.332298278808594,57.332298278808594,0
2015-10-02,57.751399993896484,57.751399993896484,57.751399993896484,57.751399993896484,0
2015-10-05,59.796600341796875,59.796600341796875,59.796600341796875,59.796600341796875,0
2015-10-06,60.36280059814453,60.36280059814453,60.36280059814453,60.36280059814453,0
2015-10-07,60.44900131225586,60.44900131225586,60.44900131225586,60.44900131225586,0
2015-10-08,60.559600830078125,60.559600830078125,60.559600830078125,60.559600830078125,0
2015-10-09,60.88909912109375,60.88909912109375,60.88909912109375,60.88909912109375,0
2015-10-12,60.72359848022461,60.72359848022461,60.72359848022461,60.72359848022461,0
2015-10-13,60.18550109863281,60.18550109863281,60.18550109863281,60.18550109863281,0
2015-10-14,59.73970031738281,59.73970031738281,59.73970031738281,59.73970031738281,0
2015-10-15,60.598201751708984,60.598201751708984,60.598201751708984,60.598201751708984,0
2015-10-16,60.97650146484375,60.97650146484375,60.97650146484375,60.97650146484375,0
2015-10-19,60.99190139770508,60.99190139770508,60.99190139770508,60.99190139770508,0
2015-10-20,60.599098205566406,60.599098205566406,60.599098205566406,60.599098205566406,0
2015-10-21,60.87459945678711,60.87459945678711,60.87459945678711,60.87459945678711,0
2015-10-22,62.26259994506836,62.26259994506836,62.26259994506836,62.26259994506836,0
2015-10-23,63.837100982666016,63.837100982666016,63.837100982666016,63.837100982666016,0
2015-10-26,63.49209976196289,63.49209976196289,63.49209976196289,63.49209976196289,0
2015-10-27,62.84510040283203,62.84510040283203,62.84510040283203,62.84510040283203,0
2015-10-28,63.40810012817383,63.40810012817383,63.40810012817383,63.40810012817383,0
2015-10-29,63.34590148925781,63.34590148925781,63.34590148925781,63.34590148925781,0
2015-10-30,63.49919891357422,63.49919891357422,63.49919891357422,63.49919891357422,0
2015-11-02,63.73830032348633,63.73830032348633,63.73830032348633,63.73830032348633,0
2015-11-03,63.996700286865234,63.996700286865234,63.996700286865234,63.996700286865234,0
2015-11-04,64.15299987792969,64.15299987792969,64.15299987792969,64.15299987792969,0
2015-11-05,64.5645980834961,64.5645980834961,64.5645980834961,64.5645980834961,0
2015-11-06,64.61730194091797,64.61730194091797,64.61730194091797,64.61730194091797,0
2015-11-09,63.670101165771484,63.670101165771484,63.670101165771484,63.670101165771484,0
2015-11-10,63.70109939575195,63.70109939575195,63.70109939575195,63.70109939575195,0
2015-11-11,64.22250366210938,64.22250366210938,64.22250366210938,64.22250366210938,0
2015-11-12,62.97890090942383,62.97890090942383,62.97890090942383,62.97890090942383,0
2015-11-13,62.3484992980957,62.3484992980957,62.3484992980957,62.3484992980957,0
2015-11-16,62.31380081176758,62.31380081176758,62.31380081176758,62.31380081176758,0
2015-11-17,64.03510284423828,64.03510284423828,64.03510284423828,64.03510284423828,0
2015-11-18,63.637298583984375,63.637298583984375,63.637298583984375,63.637298583984375,0
2015-11-19,63.748600006103516,63.748600006103516,63.748600006103516,63.748600006103516,0
2015-11-20,63.70199966430664,63.70199966430664,63.70199966430664,63.70199966430664,0
2015-11-23,63.41709899902344,63.41709899902344,63.41709899902344,63.41709899902344,0
2015-11-24,62.52349853515625,62.52349853515625,62.52349853515625,62.52349853515625,0
2015-11-25,63.46649932861328,63.46649932861328,63.46649932861328,63.46649932861328,0
2015-11-26,64.15390014648438,64.15390014648438,64.15390014648438,64.15390014648438,0
2015-11-27,63.947601318359375,63.947601318359375,63.947601318359375,63.947601318359375,0
2015-11-30,64.30259704589844,64.30259704589844,64.30259704589844,64.30259704589844,0
2015-12-01,63.7666015625,63.7666015625,63.7666015625,63.7666015625,0
2015-12-02,63.6525993347168,63.6525993347168,63.6525993347168,63.6525993347168,0
2015-12-03,61.37409973144531,61.37409973144531,61.37409973144531,61.37409973144531,0
2015-12-04,61.173500061035156,61.173500061035156,61.173500061035156,61.173500061035156,0
2015-12-07,61.73720169067383,61.73720169067383,61.73720169067383,61.73720169067383,0
2015-12-08,60.76919937133789,60.76919937133789,60.76919937133789,60.76919937133789,0
2015-12-09,60.19240188598633,60.19240188598633,60.19240188598633,60.19240188598633,0
2015-12-10,60.1609001159668,60.1609001159668,60.1609001159668,60.1609001159668,0
2015-12-11,59.05149841308594,59.05149841308594,59.05149841308594,59.05149841308594,0
2015-12-14,58.057701110839844,58.057701110839844,58.057701110839844,58.057701110839844,0
2015-12-15,59.892799377441406,59.892799377441406,59.892799377441406,59.892799377441406,0
2015-12-16,60.02579879760742,60.02579879760742,60.02579879760742,60.02579879760742,0
2015-12-17,60.71139907836914,60.71139907836914,60.71139907836914,60.71139907836914,0
2015-12-18,60.032798767089844,60.032798767089844,60.032798767089844,60.032798767089844,0
2015-12-21,59.349300384521484,59.349300384521484,59.349300384521484,59.349300384521484,0
2015-12-22,59.372501373291016,59.372501373291016,59.372501373291016,59.372501373291016,0
2015-12-23,60.76210021972656,60.76210021972656,60.76210021972656,60.76210021972656,0
2015-12-24,60.614200592041016,60.614200592041016,60.614200592041016,60.614200592041016,0
2015-12-28,60.02470016479492,60.02470016479492,60.02470016479492,60.02470016479492,0
2015-12-29,61.10879898071289,61.10879898071289,61.10879898071289,61.10879898071289,0
2015-12-30,60.793399810791016,60.793399810791016,60.793399810791016,60.793399810791016,0
2016-01-04,58.780799865722656,58.780799865722656,58.780799865722656,58.780799865722656,0
2016-01-05,58.97819900512695,58.97819900512695,58.97819900512695,58.97819900512695,0
2016-01-06,58.212799072265625,58.212799072265625,58.212799072265625,58.212799072265625,0
2016-01-07,57.23649978637695,57.23649978637695,57.23649978637695,57.23649978637695,0
2016-01-08,56.328399658203125,56.328399658203125,56.328399658203125,56.328399658203125,0
2016-01-11,56.04909896850586,56.04909896850586,56.04909896850586,56.04909896850586,0
2016-01-12,56.91239929199219,56.91239929199219,56.91239929199219,56.91239929199219,0
2016-01-13,57.08449935913086,57.08449935913086,57.08449935913086,57.08449935913086,0
2016-01-14,56.0536003112793,56.0536003112793,56.0536003112793,56.0536003112793,0
2016-01-15,54.71549987792969,54.71549987792969,54.71549987792969,54.71549987792969,0
2016-01-18,54.44839859008789,54.44839859008789,54.44839859008789,54.44839859008789,0
2016-01-19,55.525299072265625,55.525299072265625,55.525299072265625,55.525299072265625,0
2016-01-20,53.610198974609375,53.610198974609375,53.610198974609375,53.610198974609375,0
2016-01-21,54.675498962402344,54.675498962402344,54.675498962402344,54.675498962402344,0
2016-01-22,56.36869812011719,56.36869812011719,56.36869812011719,56.36869812011719,0
2016-01-25,56.03820037841797,56.03820037841797,56.03820037841797,56.03820037841797,0
2016-01-26,56.62929916381836,56.62929916381836,56.62929916381836,56.62929916381836,0
2016-01-27,56.94940185546875,56.94940185546875,56.94940185546875,56.94940185546875,0
2016-01-28,56.19269943237305,56.19269943237305,56.19269943237305,56.19269943237305,0
2016-01-29,57.41450119018555,57.41450119018555,57.41450119018555,57.41450119018555,0
2016-02-01,57.160301208496094,57.160301208496094,57.160301208496094,57.160301208496094,0
2016-02-02,55.750301361083984,55.750301361083984,55.750301361083984,55.750301361083984,0
2016-02-03,55.0088996887207,55.0088996887207,55.0088996887207,55.0088996887207,0
2016-02-04,55.028499603271484,55.028499603271484,55.028499603271484,55.028499603271484,0
2016-02-05,54.66529846191406,54.66529846191406,54.66529846191406,54.66529846191406,0
2016-02-08,52.91429901123047,52.91429901123047,52.91429901123047,52.91429901123047,0
2016-02-09,52.01940155029297,52.01940155029297,52.01940155029297,52.01940155029297,0
2016-02-10,52.8474006652832,52.8474006652832,52.8474006652832,52.8474006652832,0
2016-02-11,50.706600189208984,50.706600189208984,50.706600189208984,50.706600189208984,0
2016-02-12,51.98630142211914,51.98630142211914,51.98630142211914,51.98630142211914,0
2016-02-15,53.549400329589844,53.549400329589844,53.549400329589844,53.549400329589844,0
2016-02-16,53.48929977416992,53.48929977416992,53.48929977416992,53.48929977416992,0
2016-02-17,55.08729934692383,55.08729934692383,55.08729934692383,55.08729934692383,0
2016-02-18,55.16859817504883,55.16859817504883,55.16859817504883,55.16859817504883,0
2016-02-19,54.95050048828125,54.95050048828125,54.95050048828125,54.95050048828125,0
2016-02-22,55.93439865112305,55.93439865112305,55.93439865112305,55.93439865112305,0
2016-02-23,55.149600982666016,55.149600982666016,55.149600982666016,55.149600982666016,0
2016-02-24,54.068199157714844,54.068199157714844,54.068199157714844,54.068199157714844,0
2016-02-25,55.27949905395508,55.27949905395508,55.27949905395508,55.27949905395508,0
2016-02-26,56.139400482177734,56.139400482177734,56.139400482177734,56.139400482177734,0
2016-02-29,56.64550018310547,56.64550018310547,56.64550018310547,56.64550018310547,0
2016-03-01,57.3400993347168,57.3400993347168,57.3400993347168,57.3400993347168,0
2016-03-02,57.57310104370117,57.57310104370117,57.57310104370117,57.57310104370117,0
2016-03-03,57.45819854736328,57.45819854736328,57.45819854736328,57.45819854736328,0
2016-03-04,57.98569869995117,57.98569869995117,57.98569869995117,57.98569869995117,0
2016-03-07,57.79779815673828,57.79779815673828,57.79779815673828,57.79779815673828,0
2016-03-08,57.299598693847656,57.299598693847656,57.299598693847656,57.299598693847656,0
2016-03-09,57.58169937133789,57.58169937133789,57.58169937133789,57.58169937133789,0
2016-03-10,56.60029983520508,56.60029983520508,56.60029983520508,56.60029983520508,0
2016-03-11,58.45309829711914,58.45309829711914,58.45309829711914,58.45309829711914,0
2016-03-14,58.63159942626953,58.63159942626953,58.63159942626953,58.63159942626953,0
2016-03-15,58.189300537109375,58.189300537109375,58.189300537109375,58.189300537109375,0
2016-03-16,58.063201904296875,58.063201904296875,58.063201904296875,58.063201904296875,0
2016-03-17,57.80179977416992,57.80179977416992,57.80179977416992,57.80179977416992,0
2016-03-18,58.05649948120117,58.05649948120117,58.05649948120117,58.05649948120117,0
2016-03-21,57.683101654052734,57.683101654052734,57.683101654052734,57.683101654052734,0
2016-03-22,57.73699951171875,57.73699951171875,57.73699951171875,57.73699951171875,0
2016-03-23,57.66429901123047,57.66429901123047,57.66429901123047,57.66429901123047,0
2016-03-24,56.43629837036133,56.43629837036133,56.43629837036133,56.43629837036133,0
2016-03-29,56.915199279785156,56.915199279785156,56.915199279785156,56.915199279785156,0
2016-03-30,57.92959976196289,57.92959976196289,57.92959976196289,57.92959976196289,0
2016-03-31,57.155601501464844,57.155601501464844,57.155601501464844,57.155601501464844,0
2016-04-01,56.336299896240234,56.336299896240234,56.336299896240234,56.336299896240234,0
2016-04-04,56.634700775146484,56.634700775146484,56.634700775146484,56.634700775146484,0
2016-04-05,55.39699935913086,55.39699935913086,55.39699935913086,55.39699935913086,0
2016-04-06,55.844600677490234,55.844600677490234,55.844600677490234,55.844600677490234,0
2016-04-07,55.339698791503906,55.339698791503906,55.339698791503906,55.339698791503906,0
2016-04-08,56.085899353027344,56.085899353027344,56.085899353027344,56.085899353027344,0
2016-04-11,56.20840072631836,56.20840072631836,56.20840072631836,56.20840072631836,0
2016-04-12,56.641998291015625,56.641998291015625,56.641998291015625,56.641998291015625,0
2016-04-13,58.52349853515625,58.52349853515625,58.52349853515625,58.52349853515625,0
2016-04-14,58.799198150634766,58.799198150634766,58.799198150634766,58.799198150634766,0
2016-04-15,58.584999084472656,58.584999084472656,58.584999084472656,58.584999084472656,0
2016-04-18,58.73619842529297,58.73619842529297,58.73619842529297,58.73619842529297,0
2016-04-19,59.55400085449219,59.55400085449219,59.55400085449219,59.55400085449219,0
2016-04-20,59.88560104370117,59.88560104370117,59.88560104370117,59.88560104370117,0
2016-04-21,59.76359939575195,59.76359939575195,59.76359939575195,59.76359939575195,0
2016-04-22,59.614200592041016,59.614200592041016,59.614200592041016,59.614200592041016,0
2016-04-25,59.30609893798828,59.30609893798828,59.30609893798828,59.30609893798828,0
2016-04-26,59.26319885253906,59.26319885253906,59.26319885253906,59.26319885253906,0
2016-04-27,59.61629867553711,59.61629867553711,59.61629867553711,59.61629867553711,0
2016-04-28,59.58980178833008,59.58980178833008,59.58980178833008,59.58980178833008,0
2016-04-29,57.957401275634766,57.957401275634766,57.957401275634766,57.957401275634766,0
2016-05-02,58.19820022583008,58.19820022583008,58.19820022583008,58.19820022583008,0
2016-05-03,57.27109909057617,57.27109909057617,57.27109909057617,57.27109909057617,0
2016-05-04,56.669498443603516,56.669498443603516,56.669498443603516,56.669498443603516,0
2016-05-05,56.78089904785156,56.78089904785156,56.78089904785156,56.78089904785156,0
2016-05-06,56.67150115966797,56.67150115966797,56.67150115966797,56.67150115966797,0
2016-05-09,56.95709991455078,56.95709991455078,56.95709991455078,56.95709991455078,0
2016-05-10,57.371498107910156,57.371498107910156,57.371498107910156,57.371498107910156,0
2016-05-11,57.0890998840332,57.0890998840332,57.0890998840332,57.0890998840332,0
2016-05-12,56.780601501464844,56.780601501464844,56.780601501464844,56.780601501464844,0
2016-05-13,57.168701171875,57.168701171875,57.168701171875,57.168701171875,0
2016-05-16,57.065399169921875,57.065399169921875,57.065399169921875,57.065399169921875,0
2016-05-17,56.95840072631836,56.95840072631836,56.95840072631836,56.95840072631836,0
2016-05-18,57.24599838256836,57.24599838256836,57.24599838256836,57.24599838256836,0
2016-05-19,56.75790023803711,56.75790023803711,56.75790023803711,56.75790023803711,0
2016-05-20,57.704200744628906,57.704200744628906,57.704200744628906,57.704200744628906,0
2016-05-23,57.41460037231445,57.41460037231445,57.41460037231445,57.41460037231445,0
2016-05-24,58.82619857788086,58.82619857788086,58.82619857788086,58.82619857788086,0
2016-05-25,59.582000732421875,59.582000732421875,59.582000732421875,59.582000732421875,0
2016-05-26,59.99380111694336,59.99380111694336,59.99380111694336,59.99380111694336,0
2016-05-27,60.06209945678711,60.06209945678711,60.06209945678711,60.06209945678711,0
2016-05-30,60.28419876098633,60.28419876098633,60.28419876098633,60.28419876098633,0
2016-05-31,59.986698150634766,59.986698150634766,59.986698150634766,59.986698150634766,0
2016-06-01,59.58409881591797,59.58409881591797,59.58409881591797,59.58409881591797,0
2016-06-02,59.611000061035156,59.611000061035156,59.611000061035156,59.611000061035156,0
2016-06-03,59.04410171508789,59.04410171508789,59.04410171508789,59.04410171508789,0
2016-06-06,59.18659973144531,59.18659973144531,59.18659973144531,59.18659973144531,0
2016-06-07,59.89910125732422,59.89910125732422,59.89910125732422,59.89910125732422,0
2016-06-08,59.53609848022461,59.53609848022461,59.53609848022461,59.53609848022461,0
2016-06-09,58.95880126953125,58.95880126953125,58.95880126953125,58.95880126953125,0
2016-06-10,57.63779830932617,57.63779830932617,57.63779830932617,57.63779830932617,0
2016-06-13,56.56829833984375,56.56829833984375,56.56829833984375,56.56829833984375,0
2016-06-14,55.274600982666016,55.274600982666016,55.274600982666016,55.274600982666016,0
2016-06-15,55.82590103149414,55.82590103149414,55.82590103149414,55.82590103149414,0
2016-06-16,55.57709884643555,55.57709884643555,55.57709884643555,55.57709884643555,0
2016-06-17,56.153099060058594,56.153099060058594,56.153099060058594,56.153099060058594,0
2016-06-20,58.11869812011719,58.11869812011719,58.11869812011719,58.11869812011719,0
2016-06-21,58.52199935913086,58.52199935913086,58.52199935913086,58.52199935913086,0
2016-06-22,58.692901611328125,58.692901611328125,58.692901611328125,58.692901611328125,0
2016-06-23,59.842899322509766,59.842899322509766,59.842899322509766,59.842899322509766,0
2016-06-24,55.03089904785156,55.03089904785156,55.03089904785156,55.03089904785156,0
2016-06-27,53.39459991455078,53.39459991455078,53.39459991455078,53.39459991455078,0
2016-06-28,54.78889846801758,54.78889846801758,54.78889846801758,54.78889846801758,0
2016-06-29,56.2151985168457,56.2151985168457,56.2151985168457,56.2151985168457,0
2016-06-30,56.77939987182617,56.77939987182617,56.77939987182617,56.77939987182617,0
2016-07-01,57.267398834228516,57.267398834228516,57.267398834228516,57.267398834228516,0
2016-07-04,56.768798828125,56.768798828125,56.768798828125,56.768798828125,0
2016-07-05,55.81119918823242,55.81119918823242,55.81119918823242,55.81119918823242,0
2016-07-06,54.77439880371094,54.77439880371094,54.77439880371094,54.77439880371094,0
2016-07-07,55.21049880981445,55.21049880981445,55.21049880981445,55.21049880981445,0
2016-07-08,56.18629837036133,56.18629837036133,56.18629837036133,56.18629837036133,0
2016-07-11,57.17490005493164,57.17490005493164,57.17490005493164,57.17490005493164,0
2016-07-12,58.070899963378906,58.070899963378906,58.070899963378906,58.070899963378906,0
2016-07-13,58.12260055541992,58.12260055541992,58.12260055541992,58.12260055541992,0
2016-07-14,58.79629898071289,58.79629898071289,58.79629898071289,58.79629898071289,0
2016-07-15,58.62139892578125,58.62139892578125,58.62139892578125,58.62139892578125,0
2016-07-18,58.422401428222656,58.422401428222656,58.422401428222656,58.422401428222656,0
2016-07-19,58.05179977416992,58.05179977416992,58.05179977416992,58.05179977416992,0
2016-07-20,58.71630096435547,58.71630096435547,58.71630096435547,58.71630096435547,0
2016-07-21,58.66910171508789,58.66910171508789,58.66910171508789,58.66910171508789,0
2016-07-22,58.733299255371094,58.733299255371094,58.733299255371094,58.733299255371094,0
2016-07-25,58.825599670410156,58.825599670410156,58.825599670410156,58.825599670410156,0
2016-07-26,58.916099548339844,58.916099548339844,58.916099548339844,58.916099548339844,0
2016-07-27,59.61539840698242,59.61539840698242,59.61539840698242,59.61539840698242,0
2016-07-28,59.26129913330078,59.26129913330078,59.26129913330078,59.26129913330078,0
2016-07-29,59.518699645996094,59.518699645996094,59.518699645996094,59.518699645996094,0
2016-08-01,59.106201171875,59.106201171875,59.106201171875,59.106201171875,0
2016-08-02,58.01639938354492,58.01639938354492,58.01639938354492,58.01639938354492,0
2016-08-03,57.92340087890625,57.92340087890625,57.92340087890625,57.92340087890625,0
2016-08-04,58.25210189819336,58.25210189819336,58.25210189819336,58.25210189819336,0
2016-08-05,59.12260055541992,59.12260055541992,59.12260055541992,59.12260055541992,0
2016-08-08,59.18730163574219,59.18730163574219,59.18730163574219,59.18730163574219,0
2016-08-09,59.89189910888672,59.89189910888672,59.89189910888672,59.89189910888672,0
2016-08-10,59.68220138549805,59.68220138549805,59.68220138549805,59.68220138549805,0
2016-08-11,60.37229919433594,60.37229919433594,60.37229919433594,60.37229919433594,0
2016-08-12,60.32149887084961,60.32149887084961,60.32149887084961,60.32149887084961,0
2016-08-15,60.2864990234375,60.2864990234375,60.2864990234375,60.2864990234375,0
2016-08-16,59.786800384521484,59.786800384521484,59.786800384521484,59.786800384521484,0
2016-08-17,59.213199615478516,59.213199615478516,59.213199615478516,59.213199615478516,0
2016-08-18,59.47269821166992,59.47269821166992,59.47269821166992,59.47269821166992,0
2016-08-19,58.982200622558594,58.982200622558594,58.982200622558594,58.982200622558594,0
2016-08-22,58.83919906616211,58.83919906616211,58.83919906616211,58.83919906616211,0
2016-08-23,59.26259994506836,59.26259994506836,59.26259994506836,59.26259994506836,0
2016-08-24,59.449798583984375,59.449798583984375,59.449798583984375,59.449798583984375,0
2016-08-25,59.0625,59.0625,59.0625,59.0625,0
2016-08-26,59.533599853515625,59.533599853515625,59.533599853515625,59.533599853515625,0
2016-08-29,59.2963981628418,59.2963981628418,59.2963981628418,59.2963981628418,0
2016-08-30,59.74300003051758,59.74300003051758,59.74300003051758,59.74300003051758,0
2016-08-31,59.483299255371094,59.483299255371094,59.483299255371094,59.483299255371094,0
2016-09-01,59.50199890136719,59.50199890136719,59.50199890136719,59.50199890136719,0
2016-09-02,60.875301361083984,60.875301361083984,60.875301361083984,60.875301361083984,0
2016-09-05,60.859500885009766,60.859500885009766,60.859500885009766,60.859500885009766,0
2016-09-06,60.71030044555664,60.71030044555664,60.71030044555664,60.71030044555664,0
2016-09-07,61.0807991027832,61.0807991027832,61.0807991027832,61.0807991027832,0
2016-09-08,60.87379837036133,60.87379837036133,60.87379837036133,60.87379837036133,0
2016-09-09,60.19240188598633,60.19240188598633,60.19240188598633,60.19240188598633,0
2016-09-12,59.4995002746582,59.4995002746582,59.4995002746582,59.4995002746582,0
2016-09-13,58.794898986816406,58.794898986816406,58.794898986816406,58.794898986816406,0
2016-09-14,58.567501068115234,58.567501068115234,58.567501068115234,58.567501068115234,0
2016-09-15,58.60599899291992,58.60599899291992,58.60599899291992,58.60599899291992,0
2016-09-16,58.05939865112305,58.05939865112305,58.05939865112305,58.05939865112305,0
2016-09-19,58.88399887084961,58.88399887084961,58.88399887084961,58.88399887084961,0
2016-09-20,58.808799743652344,58.808799743652344,58.808799743652344,58.808799743652344,0
2016-09-21,59.0890998840332,59.0890998840332,59.0890998840332,59.0890998840332,0
2016-09-22,60.43239974975586,60.43239974975586,60.43239974975586,60.43239974975586,0
2016-09-23,60.14889907836914,60.14889907836914,60.14889907836914,60.14889907836914,0
2016-09-26,59.06449890136719,59.06449890136719,59.06449890136719,59.06449890136719,0
2016-09-27,59.036598205566406,59.036598205566406,59.036598205566406,59.036598205566406,0
2016-09-28,59.48910140991211,59.48910140991211,59.48910140991211,59.48910140991211,0
2016-09-29,59.6421012878418,59.6421012878418,59.6421012878418,59.6421012878418,0
2016-09-30,59.70209884643555,59.70209884643555,59.70209884643555,59.70209884643555,0
2016-10-03,59.770999908447266,59.770999908447266,59.770999908447266,59.770999908447266,0
2016-10-04,60.435298919677734,60.435298919677734,60.435298919677734,60.435298919677734,0
2016-10-05,60.25859832763672,60.25859832763672,60.25859832763672,60.25859832763672,0
2016-10-06,60.125999450683594,60.125999450683594,60.125999450683594,60.125999450683594,0
2016-10-07,59.71929931640625,59.71929931640625,59.71929931640625,59.71929931640625,0
2016-10-10,60.35380172729492,60.35380172729492,60.35380172729492,60.35380172729492,0
2016-10-11,60.01089859008789,60.01089859008789,60.01089859008789,60.01089859008789,0
2016-10-12,59.79719924926758,59.79719924926758,59.79719924926758,59.79719924926758,0
2016-10-13,59.16469955444336,59.16469955444336,59.16469955444336,59.16469955444336,0
2016-10-14,60.047298431396484,60.047298431396484,60.047298431396484,60.047298431396484,0
2016-10-17,59.7681999206543,59.7681999206543,59.7681999206543,59.7681999206543,0
2016-10-18,60.555999755859375,60.555999755859375,60.555999755859375,60.555999755859375,0
2016-10-19,60.708499908447266,60.708499908447266,60.708499908447266,60.708499908447266,0
2016-10-20,60.97439956665039,60.97439956665039,60.97439956665039,60.97439956665039,0
2016-10-21,60.91960144042969,60.91960144042969,60.91960144042969,60.91960144042969,0
2016-10-24,61.140098571777344,61.140098571777344,61.140098571777344,61.140098571777344,0
2016-10-25,60.9822998046875,60.9822998046875,60.9822998046875,60.9822998046875,0
2016-10-26,60.89780044555664,60.89780044555664,60.89780044555664,60.89780044555664,0
2016-10-27,60.88410186767578,60.88410186767578,60.88410186767578,60.88410186767578,0
2016-10-28,61.084999084472656,61.084999084472656,61.084999084472656,61.084999084472656,0
2016-10-31,60.55580139160156,60.55580139160156,60.55580139160156,60.55580139160156,0
2016-11-01,60.031898498535156,60.031898498535156,60.031898498535156,60.031898498535156,0
2016-11-02,59.28450012207031,59.28450012207031,59.28450012207031,59.28450012207031,0
2016-11-03,59.24409866333008,59.24409866333008,59.24409866333008,59.24409866333008,0
2016-11-04,58.78419876098633,58.78419876098633,58.78419876098633,58.78419876098633,0
2016-11-07,59.908199310302734,59.908199310302734,59.908199310302734,59.908199310302734,0
2016-11-08,60.13859939575195,60.13859939575195,60.13859939575195,60.13859939575195,0
2016-11-09,61.032798767089844,61.032798767089844,61.032798767089844,61.032798767089844,0
2016-11-10,60.86410140991211,60.86410140991211,60.86410140991211,60.86410140991211,0
2016-11-11,60.30390167236328,60.30390167236328,60.30390167236328,60.30390167236328,0
2016-11-14,60.5619010925293,60.5619010925293,60.5619010925293,60.5619010925293,0
2016-11-15,60.93709945678711,60.93709945678711,60.93709945678711,60.93709945678711,0
2016-11-16,60.461299896240234,60.461299896240234,60.461299896240234,60.461299896240234,0
2016-11-17,60.81869888305664,60.81869888305664,60.81869888305664,60.81869888305664,0
2016-11-18,60.50379943847656,60.50379943847656,60.50379943847656,60.50379943847656,0
2016-11-21,60.841400146484375,60.841400146484375,60.841400146484375,60.841400146484375,0
2016-11-22,61.093299865722656,61.093299865722656,61.093299865722656,61.093299865722656,0
2016-11-23,60.834999084472656,60.834999084472656,60.834999084472656,60.834999084472656,0
2016-11-24,61.013999938964844,61.013999938964844,61.013999938964844,61.013999938964844,0
2016-11-25,61.11709976196289,61.11709976196289,61.11709976196289,61.11709976196289,0
2016-11-28,60.59299850463867,60.59299850463867,60.59299850463867,60.59299850463867,0
2016-11-29,61.16859817504883,61.16859817504883,61.16859817504883,61.16859817504883,0
2016-11-30,61.52939987182617,61.52939987182617,61.52939987182617,61.52939987182617,0
2016-12-01,61.29079818725586,61.29079818725586,61.29079818725586,61.29079818725586,0
2016-12-02,60.86320114135742,60.86320114135742,60.86320114135742,60.86320114135742,0
2016-12-05,61.4984016418457,61.4984016418457,61.4984016418457,61.4984016418457,0
2016-12-06,62.27280044555664,62.27280044555664,62.27280044555664,62.27280044555664,0
2016-12-07,63.116600036621094,63.116600036621094,63.116600036621094,63.116600036621094,0
2016-12-08,63.66389846801758,63.66389846801758,63.66389846801758,63.66389846801758,0
2016-12-09,64.04779815673828,64.04779815673828,64.04779815673828,64.04779815673828,0
2016-12-12,64.0022964477539,64.0022964477539,64.0022964477539,64.0022964477539,0
2016-12-13,64.581298828125,64.581298828125,64.581298828125,64.581298828125,0
2016-12-14,64.11530303955078,64.11530303955078,64.11530303955078,64.11530303955078,0
2016-12-15,64.78700256347656,64.78700256347656,64.78700256347656,64.78700256347656,0
2016-12-16,64.97599792480469,64.97599792480469,64.97599792480469,64.97599792480469,0
2016-12-19,64.84709930419922,64.84709930419922,64.84709930419922,64.84709930419922,0
2016-12-20,65.2113037109375,65.2113037109375,65.2113037109375,65.2113037109375,0
2016-12-21,65.09590148925781,65.09590148925781,65.09590148925781,65.09590148925781,0
2016-12-22,65.10649871826172,65.10649871826172,65.10649871826172,65.10649871826172,0
2016-12-23,65.17410278320312,65.17410278320312,65.17410278320312,65.17410278320312,0
2016-12-27,65.28829956054688,65.28829956054688,65.28829956054688,65.28829956054688,0
2016-12-28,65.2842025756836,65.2842025756836,65.2842025756836,65.2842025756836,0
2016-12-29,65.1552963256836,65.1552963256836,65.1552963256836,65.1552963256836,0
2016-12-30,65.47589874267578,65.47589874267578,65.47589874267578,65.47589874267578,0
2017-01-02,65.74490356445312,65.74490356445312,65.74490356445312,65.74490356445312,0
2017-01-03,65.972900390625,65.972900390625,65.972900390625,65.972900390625,0
2017-01-04,65.97319793701172,65.97319793701172,65.97319793701172,65.97319793701172,0
2017-01-05,65.9894027709961,65.9894027709961,65.9894027709961,65.9894027709961,0
2017-01-06,66.11289978027344,66.11289978027344,66.11289978027344,66.11289978027344,0
2017-01-09,65.81199645996094,65.81199645996094,65.81199645996094,65.81199645996094,0
2017-01-10,65.82039642333984,65.82039642333984,65.82039642333984,65.82039642333984,0
2017-01-11,65.82769775390625,65.82769775390625,65.82769775390625,65.82769775390625,0
2017-01-12,65.49299621582031,65.49299621582031,65.49299621582031,65.49299621582031,0
2017-01-13,66.28070068359375,66.28070068359375,66.28070068359375,66.28070068359375,0
2017-01-16,65.74759674072266,65.74759674072266,65.74759674072266,65.74759674072266,0
2017-01-17,65.44439697265625,65.44439697265625,65.44439697265625,65.44439697265625,0
2017-01-18,65.35929870605469,65.35929870605469,65.35929870605469,65.35929870605469,0
2017-01-19,65.19380187988281,65.19380187988281,65.19380187988281,65.19380187988281,0
2017-01-20,65.3218002319336,65.3218002319336,65.3218002319336,65.3218002319336,0
2017-01-23,64.92680358886719,64.92680358886719,64.92680358886719,64.92680358886719,0
2017-01-24,65.04229736328125,65.04229736328125,65.04229736328125,65.04229736328125,0
2017-01-25,65.68340301513672,65.68340301513672,65.68340301513672,65.68340301513672,0
2017-01-26,65.5426025390625,65.5426025390625,65.5426025390625,65.5426025390625,0
2017-01-27,65.17510223388672,65.17510223388672,65.17510223388672,65.17510223388672,0
2017-01-30,64.42880249023438,64.42880249023438,64.42880249023438,64.42880249023438,0
2017-01-31,63.94710159301758,63.94710159301758,63.94710159301758,63.94710159301758,0
2017-02-01,64.5624008178711,64.5624008178711,64.5624008178711,64.5624008178711,0
2017-02-02,64.55760192871094,64.55760192871094,64.55760192871094,64.55760192871094,0
2017-02-03,64.97660064697266,64.97660064697266,64.97660064697266,64.97660064697266,0
2017-02-06,64.35130310058594,64.35130310058594,64.35130310058594,64.35130310058594,0
2017-02-07,64.03350067138672,64.03350067138672,64.03350067138672,64.03350067138672,0
2017-02-08,64.1958999633789,64.1958999633789,64.1958999633789,64.1958999633789,0
2017-02-09,64.99870300292969,64.99870300292969,64.99870300292969,64.99870300292969,0
2017-02-10,65.02629852294922,65.02629852294922,65.02629852294922,65.02629852294922,0
2017-02-13,65.83159637451172,65.83159637451172,65.83159637451172,65.83159637451172,0
2017-02-14,65.93389892578125,65.93389892578125,65.93389892578125,65.93389892578125,0
2017-02-15,66.32460021972656,66.32460021972656,66.32460021972656,66.32460021972656,0
2017-02-16,65.98200225830078,65.98200225830078,65.98200225830078,65.98200225830078,0
2017-02-17,65.55229949951172,65.55229949951172,65.55229949951172,65.55229949951172,0
2017-02-20,65.51619720458984,65.51619720458984,65.51619720458984,65.51619720458984,0
2017-02-21,65.83589935302734,65.83589935302734,65.83589935302734,65.83589935302734,0
2017-02-22,65.93150329589844,65.93150329589844,65.93150329589844,65.93150329589844,0
2017-02-23,65.86940002441406,65.86940002441406,65.86940002441406,65.86940002441406,0
2017-02-24,65.2488021850586,65.2488021850586,65.2488021850586,65.2488021850586,0
2017-02-27,65.24759674072266,65.24759674072266,65.24759674072266,65.24759674072266,0
2017-02-28,65.42669677734375,65.42669677734375,65.42669677734375,65.42669677734375,0
2017-03-01,66.80439758300781,66.80439758300781,66.80439758300781,66.80439758300781,0
2017-03-02,66.84609985351562,66.84609985351562,66.84609985351562,66.84609985351562,0
2017-03-03,67.26519775390625,67.26519775390625,67.26519775390625,67.26519775390625,0
2017-03-06,66.9541015625,66.9541015625,66.9541015625,66.9541015625,0
2017-03-07,66.72250366210938,66.72250366210938,66.72250366210938,66.72250366210938,0
2017-03-08,66.7959976196289,66.7959976196289,66.7959976196289,66.7959976196289,0
2017-03-09,67.0790023803711,67.0790023803711,67.0790023803711,67.0790023803711,0
2017-03-10,67.23670196533203,67.23670196533203,67.23670196533203,67.23670196533203,0
2017-03-13,67.32009887695312,67.32009887695312,67.32009887695312,67.32009887695312,0
2017-03-14,66.97850036621094,66.97850036621094,66.97850036621094,66.97850036621094,0
2017-03-15,67.12909698486328,67.12909698486328,67.12909698486328,67.12909698486328,0
2017-03-16,67.50440216064453,67.50440216064453,67.50440216064453,67.50440216064453,0
2017-03-17,67.71759796142578,67.71759796142578,67.71759796142578,67.71759796142578,0
2017-03-20,67.57379913330078,67.57379913330078,67.57379913330078,67.57379913330078,0
2017-03-21,67.44219970703125,67.44219970703125,67.44219970703125,67.44219970703125,0
2017-03-22,67.34120178222656,67.34120178222656,67.34120178222656,67.34120178222656,0
2017-03-23,67.85399627685547,67.85399627685547,67.85399627685547,67.85399627685547,0
2017-03-24,67.69499969482422,67.69499969482422,67.69499969482422,67.69499969482422,0
2017-03-27,67.67330169677734,67.67330169677734,67.67330169677734,67.67330169677734,0
2017-03-28,68.05970001220703,68.05970001220703,68.05970001220703,68.05970001220703,0
2017-03-29,68.36720275878906,68.36720275878906,68.36720275878906,68.36720275878906,0
2017-03-30,68.64459991455078,68.64459991455078,68.64459991455078,68.64459991455078,0
2017-03-31,69.08760070800781,69.08760070800781,69.08760070800781,69.08760070800781,0
2017-04-03,68.59259796142578,68.59259796142578,68.59259796142578,68.59259796142578,0
2017-04-04,68.79759979248047,68.79759979248047,68.79759979248047,68.79759979248047,0
2017-04-05,68.6719970703125,68.6719970703125,68.6719970703125,68.6719970703125,0
2017-04-06,69.07170104980469,69.07170104980469,69.07170104980469,69.07170104980469,0
2017-04-07,69.25789642333984,69.25789642333984,69.25789642333984,69.25789642333984,0
2017-04-10,68.88089752197266,68.88089752197266,68.88089752197266,68.88089752197266,0
2017-04-11,68.8052978515625,68.8052978515625,68.8052978515625,68.8052978515625,0
2017-04-12,68.79409790039062,68.79409790039062,68.79409790039062,68.79409790039062,0
2017-04-13,68.38929748535156,68.38929748535156,68.38929748535156,68.38929748535156,0
2017-04-18,67.33789825439453,67.33789825439453,67.33789825439453,67.33789825439453,0
2017-04-19,67.56439971923828,67.56439971923828,67.56439971923828,67.56439971923828,0
2017-04-20,68.56639862060547,68.56639862060547,68.56639862060547,68.56639862060547,0
2017-04-21,68.31310272216797,68.31310272216797,68.31310272216797,68.31310272216797,0
2017-04-24,71.1686019897461,71.1686019897461,71.1686019897461,71.1686019897461,0
2017-04-25,71.33889770507812,71.33889770507812,71.33889770507812,71.33889770507812,0
2017-04-26,71.47380065917969,71.47380065917969,71.47380065917969,71.47380065917969,0
2017-04-27,71.25489807128906,71.25489807128906,71.25489807128906,71.25489807128906,0
2017-04-28,71.25060272216797,71.25060272216797,71.25060272216797,71.25060272216797,0
2017-05-02,71.77189636230469,71.77189636230469,71.77189636230469,71.77189636230469,0
2017-05-03,71.76380157470703,71.76380157470703,71.76380157470703,71.76380157470703,0
2017-05-04,72.7301025390625,72.7301025390625,72.7301025390625,72.7301025390625,0
2017-05-05,73.75399780273438,73.75399780273438,73.75399780273438,73.75399780273438,0
2017-05-08,73.19960021972656,73.19960021972656,73.19960021972656,73.19960021972656,0
2017-05-09,73.40589904785156,73.40589904785156,73.40589904785156,73.40589904785156,0
2017-05-10,73.43910217285156,73.43910217285156,73.43910217285156,73.43910217285156,0
2017-05-11,73.20670318603516,73.20670318603516,73.20670318603516,73.20670318603516,0
2017-05-12,73.52420043945312,73.52420043945312,73.52420043945312,73.52420043945312,0
2017-05-15,73.77010345458984,73.77010345458984,73.77010345458984,73.77010345458984,0
2017-05-16,73.87640380859375,73.87640380859375,73.87640380859375,73.87640380859375,0
2017-05-17,72.69000244140625,72.69000244140625,72.69000244140625,72.69000244140625,0
2017-05-18,72.3052978515625,72.3052978515625,72.3052978515625,72.3052978515625,0
2017-05-19,72.77629852294922,72.77629852294922,72.77629852294922,72.77629852294922,0
2017-05-22,72.77120208740234,72.77120208740234,72.77120208740234,72.77120208740234,0
2017-05-23,73.1176986694336,73.1176986694336,73.1176986694336,73.1176986694336,0
2017-05-24,73.10340118408203,73.10340118408203,73.10340118408203,73.10340118408203,0
2017-05-25,73.04519653320312,73.04519653320312,73.04519653320312,73.04519653320312,0
2017-05-26,73.04750061035156,73.04750061035156,73.04750061035156,73.04750061035156,0
2017-05-29,73.03479766845703,73.03479766845703,73.03479766845703,73.03479766845703,0
2017-05-30,72.877197265625,72.877197265625,72.877197265625,72.877197265625,0
2017-05-31,72.67539978027344,72.67539978027344,72.67539978027344,72.67539978027344,0
2017-06-01,73.15679931640625,73.15679931640625,73.15679931640625,73.15679931640625,0
2017-06-02,73.5165023803711,73.5165023803711,73.5165023803711,73.5165023803711,0
2017-06-05,73.11609649658203,73.11609649658203,73.11609649658203,73.11609649658203,0
2017-06-06,72.60780334472656,72.60780334472656,72.60780334472656,72.60780334472656,0
2017-06-07,72.55819702148438,72.55819702148438,72.55819702148438,72.55819702148438,0
2017-06-08,72.54039764404297,72.54039764404297,72.54039764404297,72.54039764404297,0
2017-06-09,73.02940368652344,73.02940368652344,73.02940368652344,73.02940368652344,0
2017-06-12,72.30229949951172,72.30229949951172,72.30229949951172,72.30229949951172,0
2017-06-13,72.59329986572266,72.59329986572266,72.59329986572266,72.59329986572266,0
2017-06-14,72.3384017944336,72.3384017944336,72.3384017944336,72.3384017944336,0
2017-06-15,71.9740982055664,71.9740982055664,71.9740982055664,71.9740982055664,0
2017-06-16,72.61640167236328,72.61640167236328,72.61640167236328,72.61640167236328,0
2017-06-19,73.2844009399414,73.2844009399414,73.2844009399414,73.2844009399414,0
2017-06-20,73.04830169677734,73.04830169677734,73.04830169677734,73.04830169677734,0
2017-06-21,72.83999633789062,72.83999633789062,72.83999633789062,72.83999633789062,0
2017-06-22,72.94619750976562,72.94619750976562,72.94619750976562,72.94619750976562,0
2017-06-23,72.72640228271484,72.72640228271484,72.72640228271484,72.72640228271484,0
2017-06-26,73.13400268554688,73.13400268554688,73.13400268554688,73.13400268554688,0
2017-06-27,72.62030029296875,72.62030029296875,72.62030029296875,72.62030029296875,0
2017-06-28,72.54139709472656,72.54139709472656,72.54139709472656,72.54139709472656,0
2017-06-29,71.17980194091797,71.17980194091797,71.17980194091797,71.17980194091797,0
2017-06-30,70.71399688720703,70.71399688720703,70.71399688720703,70.71399688720703,0
2017-07-03,71.74929809570312,71.74929809570312,71.74929809570312,71.74929809570312,0
2017-07-04,71.49019622802734,71.49019622802734,71.49019622802734,71.49019622802734,0
2017-07-05,71.5739974975586,71.5739974975586,71.5739974975586,71.5739974975586,0
2017-07-06,71.19339752197266,71.19339752197266,71.19339752197266,71.19339752197266,0
2017-07-07,71.0916976928711,71.0916976928711,71.0916976928711,71.0916976928711,0
2017-07-10,71.37429809570312,71.37429809570312,71.37429809570312,71.37429809570312,0
2017-07-11,71.02760314941406,71.02760314941406,71.02760314941406,71.02760314941406,0
2017-07-12,72.15190124511719,72.15190124511719,72.15190124511719,72.15190124511719,0
2017-07-13,72.33480072021484,72.33480072021484,72.33480072021484,72.33480072021484,0
2017-07-14,72.33309936523438,72.33309936523438,72.33309936523438,72.33309936523438,0
2017-07-17,72.26110076904297,72.26110076904297,72.26110076904297,72.26110076904297,0
2017-07-18,71.47560119628906,71.47560119628906,71.47560119628906,71.47560119628906,0
2017-07-19,72.06620025634766,72.06620025634766,72.06620025634766,72.06620025634766,0
2017-07-20,71.83309936523438,71.83309936523438,71.83309936523438,71.83309936523438,0
2017-07-21,70.70700073242188,70.70700073242188,70.70700073242188,70.70700073242188,0
2017-07-24,70.84329986572266,70.84329986572266,70.84329986572266,70.84329986572266,0
2017-07-25,71.30449676513672,71.30449676513672,71.30449676513672,71.30449676513672,0
2017-07-26,71.70600128173828,71.70600128173828,71.70600128173828,71.70600128173828,0
2017-07-27,71.66100311279297,71.66100311279297,71.66100311279297,71.66100311279297,0
2017-07-28,70.89320373535156,70.89320373535156,70.89320373535156,70.89320373535156,0
2017-07-31,70.37190246582031,70.37190246582031,70.37190246582031,70.37190246582031,0
2017-08-01,70.83110046386719,70.83110046386719,70.83110046386719,70.83110046386719,0
2017-08-02,70.55760192871094,70.55760192871094,70.55760192871094,70.55760192871094,0
2017-08-03,70.87860107421875,70.87860107421875,70.87860107421875,70.87860107421875,0
2017-08-04,71.88580322265625,71.88580322265625,71.88580322265625,71.88580322265625,0
2017-08-07,71.94550323486328,71.94550323486328,71.94550323486328,71.94550323486328,0
2017-08-08,72.09629821777344,72.09629821777344,72.09629821777344,72.09629821777344,0
2017-08-09,71.08470153808594,71.08470153808594,71.08470153808594,71.08470153808594,0
2017-08-10,70.66349792480469,70.66349792480469,70.66349792480469,70.66349792480469,0
2017-08-11,69.9126968383789,69.9126968383789,69.9126968383789,69.9126968383789,0
2017-08-14,70.75090026855469,70.75090026855469,70.75090026855469,70.75090026855469,0
2017-08-15,71.0071029663086,71.0071029663086,71.0071029663086,71.0071029663086,0
2017-08-16,71.50969696044922,71.50969696044922,71.50969696044922,71.50969696044922,0
2017-08-17,71.0979995727539,71.0979995727539,71.0979995727539,71.0979995727539,0
2017-08-18,70.64640045166016,70.64640045166016,70.64640045166016,70.64640045166016,0
2017-08-21,70.2780990600586,70.2780990600586,70.2780990600586,70.2780990600586,0
2017-08-22,70.88919830322266,70.88919830322266,70.88919830322266,70.88919830322266,0
2017-08-23,70.6614990234375,70.6614990234375,70.6614990234375,70.6614990234375,0
2017-08-24,70.62950134277344,70.62950134277344,70.62950134277344,70.62950134277344,0
2017-08-25,70.50749969482422,70.50749969482422,70.50749969482422,70.50749969482422,0
2017-08-28,70.16670227050781,70.16670227050781,70.16670227050781,70.16670227050781,0
2017-08-29,69.50559997558594,69.50559997558594,69.50559997558594,69.50559997558594,0
2017-08-30,69.84110260009766,69.84110260009766,69.84110260009766,69.84110260009766,0
2017-08-31,70.24469757080078,70.24469757080078,70.24469757080078,70.24469757080078,0
2017-09-01,70.76499938964844,70.76499938964844,70.76499938964844,70.76499938964844,0
2017-09-04,70.49729919433594,70.49729919433594,70.49729919433594,70.49729919433594,0
2017-09-05,70.2562026977539,70.2562026977539,70.2562026977539,70.2562026977539,0
2017-09-06,70.46109771728516,70.46109771728516,70.46109771728516,70.46109771728516,0
2017-09-07,70.6426010131836,70.6426010131836,70.6426010131836,70.6426010131836,0
2017-09-08,70.62650299072266,70.62650299072266,70.62650299072266,70.62650299072266,0
2017-09-11,71.49849700927734,71.49849700927734,71.49849700927734,71.49849700927734,0
2017-09-12,71.94419860839844,71.94419860839844,71.94419860839844,71.94419860839844,0
2017-09-13,72.0625991821289,72.0625991821289,72.0625991821289,72.0625991821289,0
2017-09-14,72.16690063476562,72.16690063476562,72.16690063476562,72.16690063476562,0
2017-09-15,72.01069641113281,72.01069641113281,72.01069641113281,72.01069641113281,0
2017-09-18,72.21990203857422,72.21990203857422,72.21990203857422,72.21990203857422,0
2017-09-19,72.33190155029297,72.33190155029297,72.33190155029297,72.33190155029297,0
2017-09-20,72.3905029296875,72.3905029296875,72.3905029296875,72.3905029296875,0
2017-09-21,72.74320220947266,72.74320220947266,72.74320220947266,72.74320220947266,0
2017-09-22,72.93720245361328,72.93720245361328,72.93720245361328,72.93720245361328,0
2017-09-25,72.8416976928711,72.8416976928711,72.8416976928711,72.8416976928711,0
2017-09-26,72.86419677734375,72.86419677734375,72.86419677734375,72.86419677734375,0
2017-09-27,73.04560089111328,73.04560089111328,73.04560089111328,73.04560089111328,0
2017-09-28,73.20870208740234,73.20870208740234,73.20870208740234,73.20870208740234,0
2017-09-29,73.706298828125,73.706298828125,73.706298828125,73.706298828125,0
2017-10-02,73.99099731445312,73.99099731445312,73.99099731445312,73.99099731445312,0
2017-10-03,74.22470092773438,74.22470092773438,74.22470092773438,74.22470092773438,0
2017-10-04,74.17919921875,74.17919921875,74.17919921875,74.17919921875,0
2017-10-05,74.40180206298828,74.40180206298828,74.40180206298828,74.40180206298828,0
2017-10-06,74.13200378417969,74.13200378417969,74.13200378417969,74.13200378417969,0
2017-10-09,74.2136001586914,74.2136001586914,74.2136001586914,74.2136001586914,0
2017-10-10,74.18260192871094,74.18260192871094,74.18260192871094,74.18260192871094,0
2017-10-11,74.20349884033203,74.20349884033203,74.20349884033203,74.20349884033203,0
2017-10-12,74.1801986694336,74.1801986694336,74.1801986694336,74.1801986694336,0
2017-10-13,74.05470275878906,74.05470275878906,74.05470275878906,74.05470275878906,0
2017-10-16,74.2074966430664,74.2074966430664,74.2074966430664,74.2074966430664,0
2017-10-17,74.1865005493164,74.1865005493164,74.1865005493164,74.1865005493164,0
2017-10-18,74.4968032836914,74.4968032836914,74.4968032836914,74.4968032836914,0
2017-10-19,74.2802963256836,74.2802963256836,74.2802963256836,74.2802963256836,0
2017-10-20,74.33769989013672,74.33769989013672,74.33769989013672,74.33769989013672,0
2017-10-23,74.53600311279297,74.53600311279297,74.53600311279297,74.53600311279297,0
2017-10-24,74.6458969116211,74.6458969116211,74.6458969116211,74.6458969116211,0
2017-10-25,74.37020111083984,74.37020111083984,74.37020111083984,74.37020111083984,0
2017-10-26,75.48560333251953,75.48560333251953,75.48560333251953,75.48560333251953,0
2017-10-27,76.0188980102539,76.0188980102539,76.0188980102539,76.0188980102539,0
2017-10-30,76.01170349121094,76.01170349121094,76.01170349121094,76.01170349121094,0
2017-10-31,76.14469909667969,76.14469909667969,76.14469909667969,76.14469909667969,0
2017-11-01,76.29560089111328,76.29560089111328,76.29560089111328,76.29560089111328,0
2017-11-02,76.24330139160156,76.24330139160156,76.24330139160156,76.24330139160156,0
2017-11-03,76.34490203857422,76.34490203857422,76.34490203857422,76.34490203857422,0
2017-11-06,76.19770050048828,76.19770050048828,76.19770050048828,76.19770050048828,0
2017-11-07,75.84950256347656,75.84950256347656,75.84950256347656,75.84950256347656,0
2017-11-08,75.72059631347656,75.72059631347656,75.72059631347656,75.72059631347656,0
2017-11-09,74.84040069580078,74.84040069580078,74.84040069580078,74.84040069580078,0
2017-11-10,74.464599609375,74.464599609375,74.464599609375,74.464599609375,0
2017-11-13,73.92179870605469,73.92179870605469,73.92179870605469,73.92179870605469,0
2017-11-14,73.56210327148438,73.56210327148438,73.56210327148438,73.56210327148438,0
2017-11-15,73.36219787597656,73.36219787597656,73.36219787597656,73.36219787597656,0
2017-11-16,73.84989929199219,73.84989929199219,73.84989929199219,73.84989929199219,0
2017-11-17,73.60890197753906,73.60890197753906,73.60890197753906,73.60890197753906,0
2017-11-20,73.9197998046875,73.9197998046875,73.9197998046875,73.9197998046875,0
2017-11-21,74.27539825439453,74.27539825439453,74.27539825439453,74.27539825439453,0
2017-11-22,74.08769989013672,74.08769989013672,74.08769989013672,74.08769989013672,0
2017-11-23,74.45929718017578,74.45929718017578,74.45929718017578,74.45929718017578,0
2017-11-24,74.60970306396484,74.60970306396484,74.60970306396484,74.60970306396484,0
2017-11-27,74.18840026855469,74.18840026855469,74.18840026855469,74.18840026855469,0
2017-11-28,74.606201171875,74.606201171875,74.606201171875,74.606201171875,0
2017-11-29,74.71260070800781,74.71260070800781,74.71260070800781,74.71260070800781,0
2017-11-30,74.36260223388672,74.36260223388672,74.36260223388672,74.36260223388672,0
2017-12-01,73.5873031616211,73.5873031616211,73.5873031616211,73.5873031616211,0
2017-12-04,74.58789825439453,74.58789825439453,74.58789825439453,74.58789825439453,0
2017-12-05,74.45809936523438,74.45809936523438,74.45809936523438,74.45809936523438,0
2017-12-06,74.44080352783203,74.44080352783203,74.44080352783203,74.44080352783203,0
2017-12-07,74.57230377197266,74.57230377197266,74.57230377197266,74.57230377197266,0
2017-12-08,74.78340148925781,74.78340148925781,74.78340148925781,74.78340148925781,0
2017-12-11,74.61109924316406,74.61109924316406,74.61109924316406,74.61109924316406,0
2017-12-12,75.16889953613281,75.16889953613281,75.16889953613281,75.16889953613281,0
2017-12-13,74.78350067138672,74.78350067138672,74.78350067138672,74.78350067138672,0
2017-12-14,74.19950103759766,74.19950103759766,74.19950103759766,74.19950103759766,0
2017-12-15,74.089599609375,74.089599609375,74.089599609375,74.089599609375,0
2017-12-18,75.07740020751953,75.07740020751953,75.07740020751953,75.07740020751953,0
2017-12-19,74.64710235595703,74.64710235595703,74.64710235595703,74.64710235595703,0
2017-12-20,74.2291030883789,74.2291030883789,74.2291030883789,74.2291030883789,0
2017-12-21,74.68890380859375,74.68890380859375,74.68890380859375,74.68890380859375,0
2017-12-22,74.3927993774414,74.3927993774414,74.3927993774414,74.3927993774414,0
2017-12-27,74.4480972290039,74.4480972290039,74.4480972290039,74.4480972290039,0
2017-12-28,74.03980255126953,74.03980255126953,74.03980255126953,74.03980255126953,0
2017-12-29,73.66680145263672,73.66680145263672,73.66680145263672,73.66680145263672,0
2018-01-02,73.33180236816406,73.33180236816406,73.33180236816406,73.33180236816406,0
2018-01-03,73.92369842529297,73.92369842529297,73.92369842529297,73.92369842529297,0
2018-01-04,75.06649780273438,75.06649780273438,75.06649780273438,75.06649780273438,0
2018-01-05,75.8572006225586,75.8572006225586,75.8572006225586,75.8572006225586,0
2018-01-08,76.08820343017578,76.08820343017578,76.08820343017578,76.08820343017578,0
2018-01-09,76.5927963256836,76.5927963256836,76.5927963256836,76.5927963256836,0
2018-01-10,76.32460021972656,76.32460021972656,76.32460021972656,76.32460021972656,0
2018-01-11,76.1010971069336,76.1010971069336,76.1010971069336,76.1010971069336,0
2018-01-12,76.49549865722656,76.49549865722656,76.49549865722656,76.49549865722656,0
2018-01-15,76.40129852294922,76.40129852294922,76.40129852294922,76.40129852294922,0
2018-01-16,76.46399688720703,76.46399688720703,76.46399688720703,76.46399688720703,0
2018-01-17,76.1885986328125,76.1885986328125,76.1885986328125,76.1885986328125,0
2018-01-18,76.19999694824219,76.19999694824219,76.19999694824219,76.19999694824219,0
2018-01-19,76.63839721679688,76.63839721679688,76.63839721679688,76.63839721679688,0
2018-01-22,76.85050201416016,76.85050201416016,76.85050201416016,76.85050201416016,0
2018-01-23,76.75789642333984,76.75789642333984,76.75789642333984,76.75789642333984,0
2018-01-24,76.20210266113281,76.20210266113281,76.20210266113281,76.20210266113281,0
2018-01-25,76.00749969482422,76.00749969482422,76.00749969482422,76.00749969482422,0
2018-01-26,76.67150115966797,76.67150115966797,76.67150115966797,76.67150115966797,0
2018-01-29,76.56529998779297,76.56529998779297,76.56529998779297,76.56529998779297,0
2018-01-30,75.9010009765625,75.9010009765625,75.9010009765625,75.9010009765625,0
2018-01-31,76.01380157470703,76.01380157470703,76.01380157470703,76.01380157470703,0
2018-02-01,75.64830017089844,75.64830017089844,75.64830017089844,75.64830017089844,0
2018-02-02,74.4052963256836,74.4052963256836,74.4052963256836,74.4052963256836,0
2018-02-05,73.3052978515625,73.3052978515625,73.3052978515625,73.3052978515625,0
2018-02-06,71.58560180664062,71.58560180664062,71.58560180664062,71.58560180664062,0
2018-02-07,72.89019775390625,72.89019775390625,72.89019775390625,72.89019775390625,0
2018-02-08,71.44409942626953,71.44409942626953,71.44409942626953,71.44409942626953,0
2018-02-09,70.43789672851562,70.43789672851562,70.43789672851562,70.43789672851562,0
2018-02-12,71.28369903564453,71.28369903564453,71.28369903564453,71.28369903564453,0
2018-02-13,70.85420227050781,70.85420227050781,70.85420227050781,70.85420227050781,0
2018-02-14,71.44000244140625,72.12999725341797,70.80999755859375,71.7750015258789,43603
2018-02-15,72.52999877929688,73.04000091552734,72.44999694824219,72.58000183105469,35763
2018-02-16,73.12000274658203,73.55999755859375,72.94999694824219,73.44000244140625,16511
2018-02-19,73.55000305175781,73.62000274658203,73.05000305175781,73.06999969482422,25010
2018-02-20,73.20999908447266,73.62000274658203,73.02999877929688,73.56999969482422,139371
2018-02-21,73.29000091552734,73.75,73.16000366210938,73.73999786376953,21001
2018-02-22,73.18000030517578,74.02999877929688,73.02999877929688,73.88999938964844,42695
2018-02-23,73.9000015258789,73.9800033569336,73.61000061035156,73.9800033569336,21902
2018-02-26,74.4000015258789,74.5,74.12000274658203,74.33999633789062,124778
2018-02-27,74.54000091552734,74.54000091552734,74.20999908447266,74.33999633789062,84413
2018-02-28,74.05000305175781,74.51000213623047,73.94999694824219,73.9800033569336,21130
2018-03-01,73.95999908447266,73.95999908447266,72.91000366210938,73.19000244140625,36924
2018-03-02,72.37000274658203,72.58000183105469,71.2699966430664,71.45999908447266,31387
2018-03-05,71.30000305175781,72.0,71.30000305175781,71.87999725341797,25008
2018-03-06,72.33999633789062,72.54000091552734,71.93000030517578,71.93000030517578,30552
2018-03-07,71.5999984741211,72.20999908447266,71.4000015258789,72.0999984741211,143314
2018-03-08,72.19000244140625,73.19000244140625,72.19000244140625,73.04000091552734,26564
2018-03-09,73.0,73.55000305175781,72.87999725341797,73.26000213623047,25436
2018-03-12,73.5999984741211,73.61000061035156,73.1500015258789,73.36000061035156,242670
2018-03-13,73.38999938964844,73.8499984741211,72.63999938964844,72.87999725341797,24531
2018-03-14,72.80999755859375,73.26000213623047,72.61000061035156,72.75,34148
2018-03-15,73.0,73.31999969482422,72.81999969482422,73.26000213623047,36809
2018-03-16,73.18000030517578,73.66999816894531,73.11000061035156,73.47000122070312,24601
2018-03-19,73.25,73.30000305175781,72.58999633789062,72.69999694824219,46196
2018-03-20,72.87000274658203,73.12000274658203,72.54000091552734,73.12000274658203,20929
2018-03-21,73.16000366210938,73.16000366210938,72.69999694824219,72.94000244140625,31811
2018-03-22,72.37000274658203,72.7699966430664,71.27999877929688,71.86000061035156,100734
2018-03-23,71.19000244140625,71.37999725341797,70.38999938964844,70.88999938964844,272255
2018-03-26,71.0199966430664,71.27999877929688,70.26000213623047,70.47000122070312,40992
2018-03-27,71.4800033569336,71.68000030517578,71.08999633789062,71.20999908447266,50436
2018-03-28,70.61000061035156,71.4000015258789,70.19999694824219,71.4000015258789,24434
2018-03-29,71.68000030517578,72.26000213623047,71.55000305175781,71.94000244140625,19736
2018-04-03,71.62000274658203,71.95999908447266,71.29000091552734,71.75,85944
2018-04-04,71.79000091552734,71.79000091552734,70.97000122070312,71.61000061035156,13113
2018-04-05,72.69999694824219,73.5199966430664,72.62000274658203,73.5,56637
2018-04-06,73.18000030517578,73.55000305175781,73.04000091552734,73.23999786376953,21860
2018-04-09,73.30999755859375,73.6500015258789,73.08999633789062,73.30999755859375,24158
2018-04-10,73.79000091552734,73.91999816894531,73.5,73.9000015258789,68828
2018-04-11,73.6500015258789,73.80999755859375,73.33999633789062,73.47000122070312,36651
2018-04-12,73.48999786376953,73.88999938964844,73.37999725341797,73.87000274658203,33813
2018-04-13,74.0,74.2699966430664,73.93000030517578,74.01000213623047,22327
2018-04-16,74.04000091552734,74.18000030517578,73.83000183105469,74.02999877929688,176014
2018-04-17,74.19999694824219,74.86000061035156,74.19999694824219,74.66000366210938,64521
2018-04-18,74.80000305175781,75.04000091552734,74.76000213623047,75.01000213623047,24455
2018-04-19,75.16000366210938,75.2300033569336,74.9800033569336,75.18000030517578,14459
2018-04-20,75.30999755859375,75.5999984741211,75.08000183105469,75.47000122070312,10639
2018-04-23,75.41999816894531,75.81999969482422,75.19000244140625,75.77999877929688,134887
2018-04-24,75.7699966430664,75.95999908447266,75.5999984741211,75.94999694824219,48590
2018-04-25,75.6500015258789,75.94999694824219,75.25,75.51000213623047,32148
2018-04-26,75.54000091552734,76.23999786376953,75.52999877929688,76.13999938964844,32379
2018-04-27,76.2699966430664,76.52999877929688,76.18000030517578,76.52999877929688,34230
2018-04-30,76.55999755859375,77.08000183105469,76.54000091552734,77.08000183105469,89597
2018-05-02,77.16000366210938,77.44999694824219,77.06999969482422,77.3499984741211,59810
2018-05-03,77.33000183105469,77.4000015258789,76.94000244140625,77.08999633789062,60666
2018-05-04,77.16000366210938,77.37999725341797,76.94999694824219,77.37999725341797,32388
2018-05-07,77.33000183105469,77.58999633789062,77.30000305175781,77.58999633789062,23624
2018-05-08,77.5,77.54000091552734,77.08999633789062,77.4000015258789,67853
2018-05-09,77.43000030517578,77.62000274658203,77.33000183105469,77.62000274658203,30138
2018-05-10,77.62000274658203,77.80000305175781,77.54000091552734,77.80000305175781,10342
2018-05-11,77.91999816894531,78.0199966430664,77.69999694824219,77.97000122070312,55719
2018-05-14,77.94000244140625,78.02999877929688,77.7699966430664,78.01000213623047,60746
2018-05-15,77.88999938964844,78.33000183105469,77.83999633789062,78.16999816894531,395559
2018-05-16,78.16000366210938,78.43000030517578,78.05000305175781,78.38999938964844,20620
2018-05-17,78.38999938964844,79.11000061035156,78.38999938964844,79.11000061035156,43773
2018-05-18,78.94999694824219,79.41000366210938,78.87999725341797,79.05000305175781,72109
2018-05-21,79.25,79.5999984741211,79.20999908447266,79.36000061035156,21471
2018-05-22,79.4800033569336,79.66999816894531,79.37999725341797,79.52999877929688,61495
2018-05-23,79.25,79.25,78.19999694824219,78.44999694824219,25773
2018-05-24,78.55000305175781,78.88999938964844,77.93000030517578,78.23999786376953,61727
2018-05-25,78.45999908447266,78.81999969482422,77.87999725341797,78.16000366210938,150707
2018-05-28,78.63999938964844,78.7300033569336,77.69000244140625,77.93000030517578,891013
2018-05-29,77.36000061035156,77.55999755859375,76.33000183105469,77.01000213623047,44743
2018-05-30,77.0,77.20999908447266,76.55000305175781,77.12000274658203,233920
2018-05-31,77.33000183105469,77.4800033569336,76.44000244140625,76.63999938964844,179686
2018-06-01,77.3499984741211,77.9000015258789,77.3499984741211,77.70999908447266,637575
2018-06-04,78.2300033569336,78.2300033569336,77.79000091552734,77.8499984741211,81510
2018-06-05,77.6500015258789,78.47000122070312,77.6500015258789,77.7300033569336,70880
2018-06-06,77.9000015258789,78.12000274658203,77.2699966430664,77.79000091552734,28367
2018-06-07,78.08000183105469,78.31999969482422,77.5,77.62999725341797,9321
2018-06-08,77.06999969482422,77.72000122070312,76.9800033569336,77.62000274658203,19192
2018-06-11,77.94999694824219,78.22000122070312,77.76000213623047,78.1500015258789,16892
2018-06-12,78.37000274658203,78.37000274658203,77.79000091552734,77.83000183105469,18289
2018-06-13,77.9000015258789,78.06999969482422,77.70999908447266,77.80000305175781,113836
2018-06-14,77.43000030517578,79.0,77.13999938964844,78.9000015258789,112050
2018-06-15,79.12000274658203,79.30000305175781,78.51000213623047,78.51000213623047,52197
2018-06-18,78.2300033569336,78.31999969482422,77.2699966430664,77.7699966430664,32277
2018-06-19,76.68000030517578,76.97000122070312,76.58999633789062,76.91000366210938,25755
2018-06-20,77.25,77.25,76.66000366210938,76.69000244140625,16568
2018-06-21,76.91000366210938,76.95999908447266,75.77999877929688,75.91000366210938,22532
2018-06-22,76.0999984741211,76.93000030517578,76.0999984741211,76.93000030517578,15201
2018-06-25,76.70999908447266,76.77999877929688,75.55000305175781,75.58999633789062,14940
2018-06-26,75.68000030517578,75.83999633789062,75.41000366210938,75.41000366210938,52557
2018-06-27,75.43000030517578,76.63999938964844,74.9000015258789,76.01000213623047,322326
2018-06-28,75.93000030517578,76.13999938964844,74.91999816894531,75.22000122070312,46971
2018-06-29,76.30000305175781,76.37999725341797,76.0,76.0199966430664,166448
2018-07-02,75.0199966430664,75.55999755859375,74.9000015258789,75.25,32889
2018-07-03,75.75,76.13999938964844,75.66999816894531,75.91999816894531,22175
2018-07-04,75.83000183105469,76.13999938964844,75.7699966430664,75.91999816894531,20139
2018-07-05,76.08999633789062,76.91999816894531,76.08000183105469,76.58000183105469,12254
2018-07-06,76.91999816894531,76.91999816894531,76.33000183105469,76.73999786376953,26674
2018-07-09,77.16999816894531,77.30999755859375,76.83999633789062,77.08000183105469,16155
2018-07-10,77.25,77.62000274658203,77.12999725341797,77.58000183105469,18811
2018-07-11,76.9800033569336,76.9800033569336,76.44000244140625,76.44000244140625,19604
2018-07-12,76.58000183105469,77.16999816894531,76.41000366210938,77.1500015258789,13899
2018-07-13,77.52999877929688,77.63999938964844,77.36000061035156,77.4800033569336,12367
2018-07-16,77.44999694824219,77.63999938964844,77.19999694824219,77.19999694824219,26784
2018-07-17,77.04000091552734,77.48999786376953,76.86000061035156,77.41999816894531,52020
2018-07-18,77.66000366210938,77.91999816894531,77.6500015258789,77.80000305175781,39055
2018-07-19,77.58000183105469,77.69000244140625,77.2699966430664,77.33999633789062,24012
2018-07-20,77.13999938964844,77.4000015258789,76.30000305175781,77.08000183105469,80881
2018-07-23,76.7699966430664,76.83999633789062,76.54000091552734,76.75,15498
2018-07-24,77.12000274658203,77.75,77.01000213623047,77.5999984741211,19161
2018-07-25,77.80999755859375,77.83000183105469,77.27999877929688,77.44999694824219,35714
2018-07-26,77.91000366210938,78.1500015258789,77.6500015258789,78.1500015258789,12505
2018-07-27,78.20999908447266,78.62999725341797,78.20999908447266,78.62999725341797,17826
2018-07-30,78.41000366210938,78.5999984741211,78.27999877929688,78.4000015258789,16812
2018-07-31,78.3499984741211,78.88999938964844,78.20999908447266,78.7300033569336,11434
2018-08-01,78.94999694824219,78.94999694824219,78.43000030517578,78.43000030517578,6821
2018-08-02,78.05999755859375,78.12000274658203,77.79000091552734,77.97000122070312,7410
2018-08-03,78.0999984741211,78.36000061035156,77.94000244140625,78.2300033569336,26402
2018-08-06,78.38999938964844,78.45999908447266,77.9000015258789,78.1500015258789,10286
2018-08-07,78.44999694824219,79.01000213623047,78.37000274658203,78.73999786376953,29137
2018-08-08,78.69999694824219,78.87000274658203,78.37999725341797,78.47000122070312,29837
2018-08-09,78.22000122070312,78.4800033569336,77.98999786376953,78.4800033569336,51746
2018-08-10,77.76000213623047,77.93000030517578,76.9000015258789,77.2300033569336,6919
2018-08-13,77.0199966430664,77.41999816894531,76.83000183105469,77.25,27315
2018-08-14,77.56999969482422,77.58999633789062,76.91999816894531,77.08000183105469,7871
2018-08-15,77.11000061035156,77.2699966430664,75.4800033569336,75.63999938964844,121982
2018-08-16,75.9000015258789,76.41999816894531,75.7300033569336,76.33999633789062,6026
2018-08-17,76.4800033569336,76.5,75.86000061035156,76.29000091552734,11394
2018-08-20,76.44999694824219,77.01000213623047,76.44999694824219,76.7699966430664,27190
2018-08-21,76.66000366210938,77.44000244140625,76.62000274658203,77.18000030517578,36018
2018-08-22,77.26000213623047,77.45999908447266,77.22000122070312,77.33999633789062,22372
2018-08-23,77.41000366210938,77.55000305175781,77.31999969482422,77.33999633789062,29222
2018-08-24,77.41000366210938,77.7300033569336,77.4000015258789,77.51000213623047,21802
2018-08-27,77.80000305175781,78.20999908447266,77.7300033569336,78.18000030517578,13583
2018-08-28,78.30999755859375,78.5199966430664,78.16000366210938,78.20999908447266,107062
2018-08-29,78.33999633789062,78.44999694824219,78.08999633789062,78.43000030517578,25900
2018-08-30,78.37999725341797,78.37999725341797,77.94999694824219,78.12999725341797,19810
2018-08-31,77.9000015258789,77.9000015258789,77.05000305175781,77.08000183105469,15223
2018-09-03,77.01000213623047,77.22000122070312,76.83000183105469,77.19999694824219,9791
2018-09-04,77.37000274658203,77.37000274658203,75.93000030517578,76.18000030517578,168803
2018-09-05,75.77999877929688,75.9000015258789,75.04000091552734,75.04000091552734,49082
2018-09-06,74.94000244140625,75.33000183105469,74.80000305175781,74.80000305175781,29591
2018-09-07,74.83000183105469,75.0999984741211,74.55000305175781,74.94999694824219,36977
2018-09-10,74.80000305175781,75.43000030517578,74.80000305175781,75.16999816894531,13483
2018-09-11,75.3499984741211,75.4000015258789,74.75,75.4000015258789,27591
2018-09-12,75.55000305175781,76.12000274658203,75.55000305175781,76.05000305175781,34106
2018-09-13,76.05000305175781,76.5199966430664,76.0,76.08000183105469,93680
2018-09-14,76.31999969482422,76.5199966430664,76.19999694824219,76.41999816894531,44455
2018-09-17,76.23999786376953,76.47000122070312,76.08000183105469,76.36000061035156,35833
2018-09-18,76.41000366210938,76.87999725341797,76.22000122070312,76.55999755859375,52149
2018-09-19,76.63999938964844,77.16999816894531,76.63999938964844,77.0199966430664,25451
2018-09-20,77.16000366210938,77.88999938964844,77.16000366210938,77.81999969482422,19766
2018-09-21,78.12000274658203,78.4000015258789,78.08999633789062,78.33999633789062,129979
2018-09-24,78.2300033569336,78.25,77.93000030517578,78.05000305175781,19379
2018-09-25,78.25,78.47000122070312,78.12999725341797,78.23999786376953,26515
2018-09-26,78.26000213623047,78.69000244140625,78.12000274658203,78.66999816894531,10799
2018-09-27,78.55999755859375,79.18000030517578,78.36000061035156,79.05000305175781,23205
2018-09-28,78.76000213623047,78.86000061035156,77.97000122070312,78.44999694824219,23454
2018-10-01,78.37999725341797,78.81999969482422,78.37999725341797,78.66000366210938,28883
2018-10-02,78.05000305175781,78.2699966430664,77.69999694824219,78.08999633789062,38437
2018-10-03,78.38999938964844,78.58000183105469,78.08999633789062,78.41000366210938,10949
2018-10-04,78.12000274658203,78.12999725341797,77.19000244140625,77.27999877929688,19039
2018-10-05,77.18000030517578,77.20999908447266,76.47000122070312,76.56999969482422,122567
2018-10-08,76.06999969482422,76.20999908447266,75.55999755859375,75.62999725341797,19440
2018-10-09,75.83999633789062,76.02999877929688,75.16999816894531,75.97000122070312,14808
2018-10-10,75.8499984741211,75.8499984741211,74.30000305175781,74.41000366210938,66613
2018-10-11,73.12999725341797,73.79000091552734,72.98999786376953,72.98999786376953,80541
2018-10-12,73.69999694824219,73.80000305175781,72.86000061035156,72.86000061035156,76212
2018-10-15,72.81999969482422,72.94999694824219,72.30000305175781,72.86000061035156,52298
2018-10-16,72.70999908447266,74.0,72.70999908447266,73.95999908447266,41564
2018-10-17,74.16000366210938,74.37000274658203,73.16999816894531,73.58000183105469,21143
2018-10-18,73.62999725341797,73.97000122070312,73.1500015258789,73.18000030517578,31503
2018-10-19,73.20999908447266,73.4000015258789,72.31999969482422,72.70999908447266,20872
2018-10-22,73.38999938964844,73.38999938964844,72.22000122070312,72.2699966430664,59320
2018-10-23,71.30999755859375,71.5999984741211,70.87999725341797,71.05000305175781,316440
2018-10-24,71.58999633789062,72.08000183105469,70.80999755859375,70.83000183105469,41338
2018-10-25,70.68000030517578,71.94999694824219,70.45999908447266,71.91999816894531,277767
2018-10-26,71.11000061035156,71.11000061035156,70.01000213623047,71.05999755859375,259838
2018-10-29,71.19999694824219,71.91000366210938,71.16000366210938,71.3499984741211,27385
2018-10-30,71.4800033569336,71.62999725341797,70.55000305175781,71.16000366210938,97560
2018-10-31,72.33000183105469,73.0,72.29000091552734,72.76000213623047,100854
2018-11-01,72.58000183105469,73.18000030517578,72.45999908447266,72.72000122070312,128178
2018-11-02,73.70999908447266,73.80999755859375,72.87999725341797,72.87999725341797,353999
2018-11-05,72.9000015258789,73.19000244140625,72.79000091552734,72.94000244140625,53792
2018-11-06,73.02999877929688,73.05000305175781,72.45999908447266,72.58999633789062,63419
2018-11-07,72.9800033569336,73.6500015258789,72.9800033569336,73.44000244140625,26639
2018-11-08,73.62000274658203,73.91000366210938,73.23999786376953,73.37999725341797,43801
2018-11-09,72.91000366210938,73.0999984741211,72.51000213623047,72.98999786376953,18749
2018-11-12,73.51000213623047,73.51000213623047,72.36000061035156,72.36000061035156,31878
2018-11-13,72.62999725341797,72.95999908447266,72.37000274658203,72.91999816894531,29157
2018-11-14,72.22000122070312,73.31999969482422,71.93000030517578,72.44999694824219,27679
2018-11-15,72.79000091552734,72.98999786376953,71.37000274658203,71.94999694824219,47180
2018-11-16,72.51000213623047,72.52999877929688,71.3499984741211,71.83000183105469,27800
2018-11-19,72.0999984741211,72.31999969482422,71.22000122070312,71.26000213623047,20657
2018-11-20,70.73999786376953,70.91000366210938,70.0,70.4000015258789,27767
2018-11-21,70.68000030517578,71.12999725341797,70.5,71.12999725341797,15976
2018-11-22,70.81999969482422,70.87999725341797,70.37999725341797,70.55999755859375,14517
2018-11-23,70.6500015258789,71.01000213623047,70.2300033569336,70.70999908447266,37989
2018-11-26,71.41000366210938,71.79000091552734,71.08999633789062,71.3499984741211,58845
2018-11-27,71.41999816894531,71.52999877929688,70.87000274658203,71.16999816894531,12060
2018-11-28,71.48999786376953,71.5199966430664,71.2300033569336,71.23999786376953,15362
2018-11-29,71.91000366210938,71.93000030517578,71.37999725341797,71.58000183105469,24682
2018-11-30,71.58000183105469,71.63999938964844,71.1500015258789,71.52999877929688,52083
2018-12-03,73.12000274658203,73.12000274658203,72.11000061035156,72.25,53897
2018-12-04,72.0,72.06999969482422,71.66999816894531,71.66999816894531,72328
2018-12-05,70.73999786376953,71.08000183105469,70.61000061035156,70.63999938964844,33513
2018-12-06,69.94000244140625,69.94000244140625,68.05000305175781,68.30000305175781,44619
2018-12-07,68.95999908447266,69.68000030517578,68.7699966430664,68.7699966430664,30653
2018-12-10,68.66999816894531,68.7300033569336,67.5999984741211,67.75,31726
2018-12-11,68.33999633789062,69.27999877929688,68.13999938964844,68.66999816894531,66987
2018-12-12,69.0999984741211,70.29000091552734,69.01000213623047,70.0999984741211,31994
2018-12-13,70.47000122070312,70.47000122070312,69.83000183105469,69.9000015258789,42181
2018-12-14,69.38999938964844,69.55999755859375,68.8499984741211,69.2699966430664,21636
2018-12-17,69.0199966430664,69.16000366210938,68.4000015258789,68.5199966430664,12190
2018-12-18,68.22000122070312,68.68000030517578,67.98999786376953,67.98999786376953,33077
2018-12-19,68.1500015258789,68.51000213623047,68.12000274658203,68.31999969482422,64085
2018-12-20,67.2699966430664,67.47000122070312,67.0,67.08999633789062,66454
2018-12-21,66.86000061035156,67.08000183105469,66.16999816894531,67.01000213623047,46819
2018-12-24,67.01000213623047,67.01000213623047,67.01000213623047,67.01000213623047,0
2018-12-27,66.9000015258789,67.01000213623047,65.29000091552734,65.88999938964844,44998
2018-12-28,66.23999786376953,67.1500015258789,66.12999725341797,66.9000015258789,16156
2018-12-31,67.25,67.62999725341797,67.16999816894531,67.62000274658203,8759
2019-01-02,66.77999877929688,67.1500015258789,65.94999694824219,66.98999786376953,40416
2019-01-03,66.4800033569336,66.79000091552734,65.9000015258789,65.91999816894531,57902
2019-01-04,66.62000274658203,67.87999725341797,66.44000244140625,67.69000244140625,40652
2019-01-07,67.93000030517578,68.04000091552734,67.05000305175781,67.41999816894531,19371
2019-01-08,67.66000366210938,68.76000213623047,67.66000366210938,68.22000122070312,22580
2019-01-09,68.7699966430664,69.23999786376953,68.66000366210938,68.80000305175781,25177
2019-01-10,68.29000091552734,68.70999908447266,68.06999969482422,68.70999908447266,43365
2019-01-11,68.79000091552734,68.9000015258789,68.0999984741211,68.33000183105469,36142
2019-01-14,67.95999908447266,68.18000030517578,67.62000274658203,68.08000183105469,20592
2019-01-15,68.79000091552734,68.91000366210938,68.04000091552734,68.37999725341797,196367
2019-01-16,68.77999877929688,68.87000274658203,68.4800033569336,68.83000183105469,43617
2019-01-17,68.36000061035156,68.63999938964844,68.31999969482422,68.5999984741211,31406
2019-01-18,69.05000305175781,69.83999633789062,69.05000305175781,69.73999786376953,70418
2019-01-21,69.55999755859375,69.68000030517578,69.5,69.5999984741211,64678
2019-01-22,69.43000030517578,69.56999969482422,69.0199966430664,69.2699966430664,99801
2019-01-23,69.0,69.72000122070312,68.9800033569336,69.26000213623047,33554
2019-01-24,69.16999816894531,69.83999633789062,69.11000061035156,69.63999938964844,77260
2019-01-25,70.05999755859375,70.51000213623047,69.94000244140625,70.37999725341797,104263
2019-01-28,70.04000091552734,70.19999694824219,69.73999786376953,69.9000015258789,26705
2019-01-29,69.86000061035156,70.75,69.79000091552734,70.45999908447266,21536
2019-01-30,70.75,71.11000061035156,70.68000030517578,71.11000061035156,31927
2019-01-31,71.43000030517578,71.73999786376953,70.91000366210938,71.33999633789062,28752
2019-02-01,71.5199966430664,71.87000274658203,71.25,71.81999969482422,91875
2019-02-04,71.7699966430664,71.7699966430664,71.11000061035156,71.5,37537
2019-02-05,71.58000183105469,72.70999908447266,71.55999755859375,72.70999908447266,27996
2019-02-06,72.48999786376953,72.6500015258789,72.41000366210938,72.62000274658203,24900
2019-02-07,72.52999877929688,72.66000366210938,71.29000091552734,71.29000091552734,74573
2019-02-08,71.36000061035156,71.58999633789062,70.76000213623047,70.94999694824219,41067
2019-02-11,71.30999755859375,71.83000183105469,71.30999755859375,71.69999694824219,32093
2019-02-12,72.22000122070312,72.55999755859375,72.12000274658203,72.29000091552734,59108
2019-02-13,72.4800033569336,72.80000305175781,72.37000274658203,72.55999755859375,70524
2019-02-14,73.13999938964844,73.1500015258789,72.37999725341797,72.37999725341797,51615
2019-02-15,72.41000366210938,73.83000183105469,72.3499984741211,73.70999908447266,68601
2019-02-18,73.70999908447266,73.93000030517578,73.61000061035156,73.93000030517578,45783
2019-02-19,73.81999969482422,74.0,73.47000122070312,73.80000305175781,44645
2019-02-20,73.95999908447266,74.38999938964844,73.7699966430664,74.2699966430664,251121
2019-02-21,74.41000366210938,74.41000366210938,74.06999969482422,74.29000091552734,34571
2019-02-22,74.27999877929688,74.6500015258789,74.27999877929688,74.52999877929688,37039
2019-02-25,74.9000015258789,74.93000030517578,74.66999816894531,74.77999877929688,42505
2019-02-26,74.44999694824219,75.01000213623047,74.37999725341797,74.91999816894531,34157
2019-02-27,74.6500015258789,74.80999755859375,74.51000213623047,74.68000030517578,24639
2019-02-28,74.55999755859375,74.95999908447266,74.47000122070312,74.95999908447266,22151
2019-03-01,75.2699966430664,75.54000091552734,75.2300033569336,75.26000213623047,236500
2019-03-04,75.7300033569336,75.83999633789062,75.5199966430664,75.56999969482422,22428
2019-03-05,75.5999984741211,75.69999694824219,75.30999755859375,75.69999694824219,25651
2019-03-06,75.69999694824219,75.94999694824219,75.5,75.62999725341797,22242
2019-03-07,75.5,75.69999694824219,75.06999969482422,75.29000091552734,19220
2019-03-08,74.83999633789062,75.01000213623047,74.61000061035156,74.7699966430664,25240
2019-03-11,75.08999633789062,75.30000305175781,74.75,75.26000213623047,23535
2019-03-12,75.66000366210938,75.66000366210938,74.98999786376953,75.33999633789062,31935
2019-03-13,75.31999969482422,75.83999633789062,75.30999755859375,75.81999969482422,26123
2019-03-14,76.08000183105469,76.5,76.0199966430664,76.41999816894531,21028
2019-03-15,76.48999786376953,77.4000015258789,76.48999786376953,77.27999877929688,43726
2019-03-18,77.2699966430664,77.41000366210938,77.19000244140625,77.3499984741211,22438
2019-03-19,77.41000366210938,77.91000366210938,77.30999755859375,77.5999984741211,29664
2019-03-20,77.5,77.66000366210938,77.01000213623047,77.01000213623047,32684
2019-03-21,76.9800033569336,77.1500015258789,76.68000030517578,77.0,25877
2019-03-22,77.19999694824219,77.19999694824219,75.4000015258789,75.43000030517578,15811
2019-03-25,75.13999938964844,75.44999694824219,74.91999816894531,75.25,46230
2019-03-26,75.37000274658203,76.04000091552734,75.22000122070312,75.95999908447266,20942
2019-03-27,76.0999984741211,76.41999816894531,75.61000061035156,75.93000030517578,32977
2019-03-28,75.94000244140625,76.27999877929688,75.77999877929688,75.83000183105469,24503
2019-03-29,76.55999755859375,76.66000366210938,76.22000122070312,76.63999938964844,20960
2019-04-01,77.20999908447266,77.5,76.95999908447266,77.38999938964844,22986
2019-04-02,77.44000244140625,77.77999877929688,77.4000015258789,77.58999633789062,19017
2019-04-03,78.20999908447266,78.3499984741211,78.06999969482422,78.29000091552734,30608
2019-04-04,78.23999786376953,78.3499984741211,78.0199966430664,78.26000213623047,19015
2019-04-05,78.37999725341797,78.5199966430664,78.25,78.44000244140625,18609
2019-04-08,78.33000183105469,78.55000305175781,78.22000122070312,78.37000274658203,25231
2019-04-09,78.05999755859375,78.66000366210938,77.87999725341797,77.91000366210938,39149
2019-04-10,77.94000244140625,78.18000030517578,77.91000366210938,78.04000091552734,34702
2019-04-11,78.37999725341797,78.70999908447266,77.97000122070312,78.52999877929688,35978
2019-04-12,78.45999908447266,78.86000061035156,78.4000015258789,78.83999633789062,21265
2019-04-15,78.88999938964844,79.04000091552734,78.7699966430664,78.91000366210938,39752
2019-04-16,78.9800033569336,79.25,78.86000061035156,79.25,25598
2019-04-17,79.19000244140625,79.80000305175781,79.16000366210938,79.7300033569336,66348
2019-04-18,79.55000305175781,80.2300033569336,79.2300033569336,80.20999908447266,74673
2019-04-23,79.91000366210938,80.25,79.79000091552734,80.22000122070312,60795
2019-04-24,79.95999908447266,80.26000213623047,79.69999694824219,79.93000030517578,26878
2019-04-25,79.94999694824219,79.94999694824219,79.54000091552734,79.79000091552734,27937
2019-04-26,79.95999908447266,80.04000091552734,79.66999816894531,80.0,29146
2019-04-29,79.94999694824219,80.31999969482422,79.66000366210938,80.16000366210938,37503
2019-04-30,80.08000183105469,80.36000061035156,79.87000274658203,80.36000061035156,62147
2019-05-02,80.16999816894531,80.38999938964844,79.94999694824219,79.95999908447266,167894
2019-05-03,79.88999938964844,80.25,79.83000183105469,80.05999755859375,56161
2019-05-06,78.44999694824219,79.13999938964844,78.23999786376953,79.11000061035156,109037
2019-05-07,79.1500015258789,79.26000213623047,77.8499984741211,77.9800033569336,178362
2019-05-08,77.93000030517578,78.33000183105469,77.5999984741211,78.23999786376953,319718
2019-05-09,77.54000091552734,77.66000366210938,76.8499984741211,76.9800033569336,186278
2019-05-10,77.63999938964844,77.80000305175781,77.0,77.19999694824219,159253
2019-05-13,77.23999786376953,77.23999786376953,76.0199966430664,76.2300033569336,240817
2019-05-14,76.75,77.43000030517578,76.61000061035156,77.43000030517578,169323
2019-05-15,77.41000366210938,77.8499984741211,76.7699966430664,77.8499984741211,110620
2019-05-16,77.70999908447266,78.93000030517578,77.51000213623047,78.93000030517578,191332
2019-05-17,78.69999694824219,78.95999908447266,78.2699966430664,78.80999755859375,101340
2019-05-20,78.69000244140625,78.87000274658203,77.43000030517578,77.77999877929688,69378
2019-05-21,77.91999816894531,78.36000061035156,77.73999786376953,78.19999694824219,89711
2019-05-22,78.16999816894531,78.41999816894531,77.69000244140625,78.13999938964844,73958
2019-05-23,77.55000305175781,77.55000305175781,76.69000244140625,76.73999786376953,146616
2019-05-24,77.19999694824219,77.55999755859375,77.1500015258789,77.30000305175781,69931
2019-05-27,77.9000015258789,78.05000305175781,77.55999755859375,77.70999908447266,40671
2019-05-28,77.93000030517578,77.94999694824219,77.20999908447266,77.38999938964844,67038
2019-05-29,76.68000030517578,76.68000030517578,76.05000305175781,76.3499984741211,42603
2019-05-30,76.66000366210938,76.79000091552734,76.44999694824219,76.73999786376953,20466
2019-05-31,75.80999755859375,76.08999633789062,75.41999816894531,76.08999633789062,21885
2019-06-03,75.5999984741211,76.6500015258789,75.31999969482422,76.6500015258789,76125
2019-06-04,76.01000213623047,77.2300033569336,76.01000213623047,77.05000305175781,54709
2019-06-05,77.06999969482422,77.63999938964844,77.06999969482422,77.45999908447266,74270
2019-06-06,77.43000030517578,78.05999755859375,77.05999755859375,77.23999786376953,41239
2019-06-07,77.66999816894531,78.8499984741211,77.66999816894531,78.52999877929688,142873
2019-06-10,78.76000213623047,79.0199966430664,78.6500015258789,78.7699966430664,36838
2019-06-11,78.94000244140625,79.61000061035156,78.94000244140625,79.30000305175781,29594
2019-06-12,78.87000274658203,79.08000183105469,78.58000183105469,78.83999633789062,32465
2019-06-13,78.58999633789062,79.04000091552734,78.58999633789062,78.8499984741211,31263
2019-06-14,78.56999969482422,78.76000213623047,78.33999633789062,78.76000213623047,36057
2019-06-17,78.76000213623047,79.30000305175781,78.70999908447266,79.08000183105469,31655
2019-06-18,79.06999969482422,80.91999816894531,78.86000061035156,80.79000091552734,81538
2019-06-19,80.91000366210938,81.0,80.62999725341797,80.91000366210938,27779
2019-06-20,81.55000305175781,81.66000366210938,81.20999908447266,81.20999908447266,32502
2019-06-21,81.27999877929688,81.80000305175781,81.05000305175781,81.16000366210938,41749
2019-06-24,81.2300033569336,81.41999816894531,80.9000015258789,81.05999755859375,30510
2019-06-25,80.7699966430664,81.06999969482422,80.7699966430664,81.01000213623047,40764
2019-06-26,80.87999725341797,81.16999816894531,80.69000244140625,80.7300033569336,16492
2019-06-27,80.83000183105469,80.83999633789062,80.22000122070312,80.6500015258789,45298
2019-06-28,80.61000061035156,81.3499984741211,80.52999877929688,81.33999633789062,24906
2019-07-01,82.2300033569336,82.37000274658203,81.72000122070312,81.72000122070312,26756
2019-07-02,81.80999755859375,81.94000244140625,81.61000061035156,81.87999725341797,31154
2019-07-03,82.04000091552734,82.55999755859375,82.0199966430664,82.55999755859375,30821
2019-07-04,82.58999633789062,82.63999938964844,82.44000244140625,82.55999755859375,37715
2019-07-05,82.41999816894531,82.45999908447266,81.88999938964844,82.16000366210938,52609
2019-07-08,81.97000122070312,82.2300033569336,81.87000274658203,82.08000183105469,25775
2019-07-09,81.7699966430664,81.97000122070312,81.4800033569336,81.83000183105469,39041
2019-07-10,81.69000244140625,82.27999877929688,81.66999816894531,81.80999755859375,25652
2019-07-11,82.06999969482422,82.12999725341797,81.5199966430664,81.56999969482422,26204
2019-07-12,81.66999816894531,82.05000305175781,81.5999984741211,81.80000305175781,17599
2019-07-15,82.05999755859375,82.3499984741211,81.5199966430664,81.95999908447266,16587
2019-07-16,81.87999725341797,82.5999984741211,81.87999725341797,82.44000244140625,36863
2019-07-17,82.41999816894531,82.5,81.80000305175781,81.83000183105469,25163
2019-07-18,81.30999755859375,81.9000015258789,81.26000213623047,81.52999877929688,24754
2019-07-19,81.91000366210938,82.20999908447266,81.2699966430664,81.54000091552734,72547
2019-07-22,81.47000122070312,81.8499984741211,81.47000122070312,81.69999694824219,15457
2019-07-23,82.16999816894531,82.80000305175781,81.95999908447266,82.54000091552734,33511
2019-07-24,82.55000305175781,82.58000183105469,82.01000213623047,82.36000061035156,33376
2019-07-25,82.93000030517578,83.30000305175781,81.58999633789062,81.91999816894531,34038
2019-07-26,81.7699966430664,82.47000122070312,81.7699966430664,82.43000030517578,20586
2019-07-29,82.08000183105469,82.56999969482422,82.08000183105469,82.27999877929688,36059
2019-07-30,82.16999816894531,82.2699966430664,80.7300033569336,81.02999877929688,47793
2019-07-31,80.88999938964844,81.26000213623047,80.86000061035156,81.12000274658203,42776
2019-08-01,80.8499984741211,81.70999908447266,80.8499984741211,81.5999984741211,14285
2019-08-02,79.7300033569336,79.94000244140625,78.62000274658203,78.77999877929688,161201
2019-08-05,78.0,78.06999969482422,76.87999725341797,77.0,75645
2019-08-06,77.18000030517578,77.81999969482422,76.91999816894531,76.94000244140625,33944
2019-08-07,77.08000183105469,78.0199966430664,76.77999877929688,77.37999725341797,31145
2019-08-08,78.20999908447266,79.12999725341797,78.01000213623047,79.12999725341797,67297
2019-08-09,78.7699966430664,78.9800033569336,78.2300033569336,78.2300033569336,14704
2019-08-12,78.9800033569336,79.12999725341797,77.76000213623047,78.05999755859375,11964
2019-08-13,77.69999694824219,79.18000030517578,77.43000030517578,78.83999633789062,16719
2019-08-14,78.69999694824219,78.75,76.87000274658203,77.19000244140625,31740
2019-08-15,77.43000030517578,77.5,75.97000122070312,76.97000122070312,26406
2019-08-16,77.1500015258789,77.91000366210938,77.0999984741211,77.91000366210938,16258
2019-08-19,78.5,78.93000030517578,78.22000122070312,78.8499984741211,15837
2019-08-20,78.8499984741211,79.18000030517578,78.3499984741211,78.45999908447266,11884
2019-08-21,78.94999694824219,79.9000015258789,78.94999694824219,79.80000305175781,14793
2019-08-22,79.44999694824219,79.81999969482422,78.98999786376953,79.12000274658203,26158
2019-08-23,79.44000244140625,79.58000183105469,78.18000030517578,78.18000030517578,9236
2019-08-26,78.02999877929688,78.94999694824219,77.87000274658203,78.56999969482422,16195
2019-08-27,78.33999633789062,79.19999694824219,78.20999908447266,79.05999755859375,22932
2019-08-28,78.72000122070312,78.81999969482422,78.19999694824219,78.81999969482422,15355
2019-08-29,78.70999908447266,80.0999984741211,78.70999908447266,80.0999984741211,15568
2019-08-30,79.9800033569336,80.80000305175781,79.9800033569336,80.45999908447266,35914
2019-09-02,80.56999969482422,80.7699966430664,80.47000122070312,80.68000030517578,24025
2019-09-03,80.38999938964844,80.41999816894531,79.93000030517578,80.19000244140625,47213
2019-09-04,80.9000015258789,81.29000091552734,80.9000015258789,81.25,112666
2019-09-05,81.87999725341797,82.27999877929688,81.66000366210938,82.16000366210938,27437
2019-09-06,82.08999633789062,82.33000183105469,81.9800033569336,82.2699966430664,10282
2019-09-09,82.38999938964844,82.38999938964844,81.91999816894531,82.11000061035156,17576
2019-09-10,81.93000030517578,82.12999725341797,81.62000274658203,82.12999725341797,13708
2019-09-11,82.31999969482422,82.5999984741211,82.29000091552734,82.5199966430664,26259
2019-09-12,82.72000122070312,83.18000030517578,82.3499984741211,82.88999938964844,15266
2019-09-13,82.87999725341797,83.2699966430664,82.87999725341797,83.08999633789062,11463
2019-09-16,82.5999984741211,82.62000274658203,82.30000305175781,82.30000305175781,17364
2019-09-17,82.23999786376953,82.43000030517578,82.04000091552734,82.43000030517578,16868
2019-09-18,82.30000305175781,82.66999816894531,82.30000305175781,82.52999877929688,17031
2019-09-19,82.54000091552734,83.12000274658203,82.54000091552734,83.12000274658203,3443
2019-09-20,83.06999969482422,83.5199966430664,82.94999694824219,83.5199966430664,18130
2019-09-23,83.37999725341797,83.37999725341797,82.5199966430664,82.7300033569336,25162
2019-09-24,82.91999816894531,82.91999816894531,82.5999984741211,82.6500015258789,14044
2019-09-25,82.19000244140625,82.19000244140625,81.19000244140625,82.01000213623047,17545
2019-09-26,81.83000183105469,82.66999816894531,81.83000183105469,82.56999969482422,11202
2019-09-27,82.87000274658203,82.94999694824219,82.66000366210938,82.94999694824219,20737
2019-09-30,82.75,83.44000244140625,82.75,83.44000244140625,22095
2019-10-01,83.73999786376953,83.86000061035156,82.30000305175781,82.33000183105469,37933
2019-10-02,82.05000305175781,82.05000305175781,79.66999816894531,79.66999816894531,23677
2019-10-03,79.93000030517578,80.41000366210938,79.29000091552734,80.01000213623047,31405
2019-10-04,80.06999969482422,80.70999908447266,79.86000061035156,80.70999908447266,13998
2019-10-07,80.33999633789062,81.20999908447266,80.29000091552734,81.18000030517578,14550
2019-10-08,81.16000366210938,81.2699966430664,80.25,80.26000213623047,9986
2019-10-09,80.06999969482422,81.01000213623047,80.06999969482422,80.86000061035156,23653
2019-10-10,81.08999633789062,82.0,80.68000030517578,81.94000244140625,22119
2019-10-11,81.9000015258789,83.38999938964844,81.9000015258789,83.38999938964844,26516
2019-10-14,82.88999938964844,83.02999877929688,82.44999694824219,82.9800033569336,7253
2019-10-15,83.6500015258789,84.12000274658203,83.29000091552734,83.9000015258789,30266
2019-10-16,83.8499984741211,83.94999694824219,83.58000183105469,83.83000183105469,14135
2019-10-17,83.5,84.30000305175781,83.41999816894531,83.41999816894531,16326
2019-10-18,83.05999755859375,83.31999969482422,82.70999908447266,82.88999938964844,6345
2019-10-21,82.9000015258789,83.30000305175781,82.87999725341797,83.11000061035156,8289
2019-10-22,83.0,83.19999694824219,82.58000183105469,83.16000366210938,25666
2019-10-23,82.66000366210938,83.0999984741211,82.62999725341797,83.0999984741211,7338
2019-10-24,83.43000030517578,83.5999984741211,83.30000305175781,83.52999877929688,12980
2019-10-25,83.86000061035156,84.11000061035156,83.5,84.11000061035156,6735
2019-10-28,84.11000061035156,84.45999908447266,83.98999786376953,84.26000213623047,9263
2019-10-29,84.16999816894531,84.43000030517578,84.04000091552734,84.37000274658203,22402
2019-10-30,84.48999786376953,84.7699966430664,84.18000030517578,84.7699966430664,19675
2019-10-31,84.70999908447266,84.91999816894531,84.16000366210938,84.31999969482422,17095
2019-11-01,84.55999755859375,84.88999938964844,84.44999694824219,84.75,13550
2019-11-04,85.08999633789062,85.72000122070312,85.04000091552734,85.66999816894531,18749
2019-11-05,85.63999938964844,86.0199966430664,85.52999877929688,86.0199966430664,8597
2019-11-06,86.0199966430664,86.4000015258789,86.0,86.29000091552734,6683
2019-11-07,86.61000061035156,86.68000030517578,86.3499984741211,86.68000030517578,16827
2019-11-08,86.30999755859375,86.63999938964844,86.25,86.63999938964844,5671
2019-11-11,86.4800033569336,86.80999755859375,86.44999694824219,86.68000030517578,20400
2019-11-12,86.87000274658203,87.20999908447266,86.80999755859375,87.08000183105469,7228
2019-11-13,86.93000030517578,87.02999877929688,86.44999694824219,86.93000030517578,6405
2019-11-14,86.9000015258789,86.9800033569336,86.7300033569336,86.80000305175781,6186
2019-11-15,87.36000061035156,87.43000030517578,87.0,87.3499984741211,9174
2019-11-18,87.31999969482422,87.31999969482422,86.77999877929688,87.2300033569336,14228
2019-11-19,87.3499984741211,87.77999877929688,86.75,86.97000122070312,51773
2019-11-20,86.30999755859375,86.80000305175781,86.2300033569336,86.75,225893
2019-11-21,86.11000061035156,86.63999938964844,86.0,86.52999877929688,9579
2019-11-22,86.73999786376953,87.2300033569336,86.63999938964844,86.66999816894531,37278
2019-11-25,87.0999984741211,87.25,86.91999816894531,87.13999938964844,13099
2019-11-26,87.13999938964844,87.37999725341797,87.0,87.22000122070312,22532
2019-11-27,87.4000015258789,87.5,87.11000061035156,87.11000061035156,13264
2019-11-28,86.91000366210938,87.02999877929688,86.7699966430664,87.0199966430664,13994
2019-11-29,86.66999816894531,87.25,86.5999984741211,86.8499984741211,11531
2019-12-02,87.08999633789062,87.45999908447266,85.0999984741211,85.13999938964844,27232
2019-12-03,85.20999908447266,85.41000366210938,84.0,84.26000213623047,30539
2019-12-04,84.4000015258789,85.55000305175781,84.4000015258789,85.43000030517578,8406
2019-12-05,85.55000305175781,86.06999969482422,85.37000274658203,85.37000274658203,16811
2019-12-06,85.5999984741211,86.41000366210938,85.5999984741211,86.41000366210938,24250
2019-12-09,86.41999816894531,86.41999816894531,86.0,86.0,29044
2019-12-10,85.75,86.11000061035156,85.19000244140625,86.11000061035156,30218
2019-12-11,86.19999694824219,86.33000183105469,85.9000015258789,86.33000183105469,5473
2019-12-12,86.55000305175781,87.06999969482422,86.0999984741211,86.69000244140625,15189
2019-12-13,87.80999755859375,87.83000183105469,86.9800033569336,87.2300033569336,51680
2019-12-16,87.68000030517578,88.43000030517578,87.63999938964844,88.2300033569336,62892
2019-12-17,88.08000183105469,88.1500015258789,87.76000213623047,87.8499984741211,16380
2019-12-18,87.79000091552734,88.08000183105469,87.7699966430664,87.7699966430664,4709
2019-12-19,87.88999938964844,87.94999694824219,87.54000091552734,87.94999694824219,365725
2019-12-20,87.94999694824219,88.6500015258789,87.9000015258789,88.6500015258789,47594
2019-12-23,88.72000122070312,88.86000061035156,88.4000015258789,88.86000061035156,6100
2019-12-24,88.5199966430664,88.9000015258789,88.5199966430664,88.9000015258789,1495
2019-12-25,88.9000015258789,88.9000015258789,88.9000015258789,88.9000015258789,0
2019-12-27,88.95999908447266,89.31999969482422,88.75,88.94000244140625,9482
2019-12-30,88.9000015258789,88.9000015258789,88.08000183105469,88.08000183105469,2020
2019-12-31,87.86000061035156,88.19000244140625,87.58999633789062,87.94999694824219,11558
2020-01-02,88.58000183105469,89.2699966430664,88.58000183105469,88.98999786376953,17729
2020-01-03,88.4800033569336,89.0,88.19000244140625,89.0,20582
2020-01-06,88.47000122070312,88.70999908447266,87.81999969482422,88.66999816894531,10912
2020-01-07,89.01000213623047,89.31999969482422,88.58999633789062,88.69000244140625,15575
2020-01-08,88.2699966430664,88.95999908447266,88.0999984741211,88.95999908447266,2533
2020-01-09,89.51000213623047,89.51000213623047,89.0199966430664,89.04000091552734,8507
2020-01-10,89.5199966430664,89.5199966430664,88.81999969482422,88.98999786376953,10016
2020-01-13,89.12000274658203,89.30000305175781,88.73999786376953,88.94999694824219,13953
2020-01-14,88.91000366210938,89.06999969482422,88.12999725341797,89.06999969482422,9588
2020-01-15,89.16000366210938,89.16000366210938,88.69999694824219,88.91000366210938,14249
2020-01-16,88.9800033569336,89.25,88.79000091552734,89.05000305175781,4025
2020-01-17,89.45999908447266,90.0199966430664,89.45999908447266,89.98999786376953,20833
2020-01-20,89.80999755859375,89.83999633789062,89.5,89.62000274658203,7690
2020-01-21,88.7300033569336,89.1500015258789,88.33000183105469,89.11000061035156,7053
2020-01-22,89.37999725341797,89.47000122070312,88.55999755859375,88.66999816894531,9330
2020-01-23,88.30999755859375,88.79000091552734,87.9800033569336,88.08000183105469,13121
2020-01-24,88.91999816894531,89.43000030517578,88.7699966430664,88.87999725341797,4936
2020-01-27,87.47000122070312,87.62999725341797,86.38999938964844,86.41999816894531,27652
2020-01-28,86.8499984741211,87.5199966430664,86.41999816894531,87.44000244140625,10140
2020-01-29,87.2699966430664,88.0,87.2699966430664,87.86000061035156,6770
2020-01-30,86.6500015258789,87.0199966430664,86.30000305175781,86.58000183105469,7468
2020-01-31,86.83999633789062,86.83999633789062,85.5,85.55000305175781,45207
2020-02-03,85.83000183105469,86.33000183105469,85.6500015258789,85.9800033569336,8076
2020-02-04,86.45999908447266,87.5,86.45999908447266,87.5,97701
2020-02-05,87.22000122070312,88.51000213623047,87.1500015258789,88.30999755859375,47768
2020-02-06,89.12999725341797,89.12999725341797,88.69999694824219,89.01000213623047,13512
2020-02-07,88.93000030517578,89.13999938964844,88.51000213623047,88.87000274658203,44195
2020-02-10,88.62000274658203,88.69000244140625,88.37000274658203,88.69000244140625,100774
2020-02-11,89.20999908447266,89.36000061035156,88.95999908447266,89.29000091552734,65995
2020-02-12,89.5,89.98999786376953,89.48999786376953,89.98999786376953,2912
2020-02-13,89.62000274658203,89.83999633789062,88.91999816894531,89.83999633789062,3048
2020-02-14,89.73999786376953,89.76000213623047,89.33000183105469,89.47000122070312,7202
2020-02-17,89.56999969482422,89.75,89.47000122070312,89.73999786376953,7657
2020-02-18,89.0999984741211,89.58000183105469,89.06999969482422,89.31999969482422,6700
2020-02-19,89.62999725341797,90.04000091552734,89.58000183105469,90.04000091552734,15263
2020-02-20,89.9800033569336,90.05000305175781,89.43000030517578,89.43000030517578,3174
2020-02-21,88.83000183105469,89.4000015258789,88.41999816894531,88.91999816894531,275150
2020-02-24,86.5999984741211,86.66999816894531,84.95999908447266,85.41999816894531,21684
2020-02-25,85.87999725341797,85.88999938964844,83.63999938964844,83.69999694824219,32772
2020-02-26,83.22000122070312,84.12000274658203,81.5,83.87999725341797,224097
2020-02-27,82.2300033569336,82.66999816894531,79.95999908447266,80.69999694824219,159053
2020-02-28,78.54000091552734,79.2300033569336,77.19999694824219,78.63999938964844,80105
2020-03-02,79.88999938964844,80.0999984741211,76.80000305175781,78.54000091552734,41576
2020-03-03,79.83999633789062,80.94000244140625,79.4800033569336,79.91999816894531,47770
2020-03-04,79.48999786376953,81.12000274658203,79.27999877929688,80.88999938964844,11390
2020-03-05,80.9800033569336,81.19999694824219,78.73999786376953,79.16999816894531,12333
2020-03-06,77.80999755859375,78.0,75.66000366210938,76.0999984741211,38440
2020-03-09,70.19999694824219,71.87999725341797,69.38999938964844,69.95999908447266,743035
2020-03-10,70.62000274658203,72.83999633789062,68.30000305175781,68.58999633789062,46272
2020-03-11,69.66999816894531,70.41999816894531,68.0999984741211,68.4000015258789,532355
2020-03-12,64.12000274658203,64.77999877929688,59.25,60.650001525878906,82791
2020-03-13,62.83000183105469,65.5999984741211,59.9900016784668,60.97999954223633,96052
2020-03-16,57.43000030517578,59.040000915527344,53.849998474121094,57.52000045776367,85442
2020-03-17,60.06999969482422,60.22999954223633,55.380001068115234,59.189998626708984,49900
2020-03-18,57.459999084472656,57.939998626708984,55.0,55.47999954223633,39959
2020-03-19,56.58000183105469,58.220001220703125,54.349998474121094,56.75,124214
2020-03-20,60.790000915527344,61.380001068115234,59.0,59.400001525878906,44026
2020-03-23,56.779998779296875,60.459999084472656,56.599998474121094,58.02000045776367,337304
2020-03-24,60.5,62.5099983215332,59.619998931884766,62.5099983215332,25538
2020-03-25,64.31999969482422,65.9800033569336,62.400001525878906,65.7300033569336,356920
2020-03-26,64.16000366210938,66.9000015258789,63.70000076293945,66.9000015258789,352071
2020-03-27,65.80999755859375,66.16999816894531,63.38999938964844,64.55999755859375,21774
2020-03-30,65.12999725341797,65.12999725341797,62.34000015258789,64.94999694824219,16918
2020-03-31,66.0199966430664,66.22000122070312,63.84000015258789,64.97000122070312,34176
2020-04-01,63.11000061035156,63.189998626708984,62.099998474121094,62.2599983215332,9774
2020-04-02,62.7400016784668,63.209999084472656,61.31999969482422,62.540000915527344,46949
2020-04-03,62.40999984741211,62.40999984741211,61.31999969482422,61.630001068115234,26355
2020-04-06,63.5,64.5,63.25,64.5,40092
2020-04-07,66.44000244140625,67.05000305175781,65.0,65.51000213623047,28420
2020-04-08,65.12999725341797,65.75,64.20999908447266,65.75,254517
2020-04-09,66.83000183105469,67.30000305175781,65.4000015258789,66.81999969482422,19815
2020-04-14,67.37999725341797,67.72000122070312,66.5199966430664,67.0999984741211,19795
2020-04-15,67.05999755859375,67.05999755859375,64.13999938964844,64.5,32059
2020-04-16,65.04000091552734,65.37999725341797,64.06999969482422,64.37999725341797,16585
2020-04-17,66.47000122070312,67.43000030517578,66.2699966430664,66.62999725341797,50841
2020-04-20,66.87999725341797,66.98999786376953,65.58999633789062,66.98999786376953,34244
2020-04-21,66.22000122070312,66.22000122070312,64.58999633789062,64.58999633789062,13964
2020-04-22,64.77999877929688,65.33000183105469,64.61000061035156,65.2300033569336,325284
2020-04-23,65.7699966430664,66.4000015258789,65.0,65.9000015258789,22948
2020-04-24,64.87999725341797,65.5999984741211,64.54000091552734,64.93000030517578,37266
2020-04-27,66.22000122070312,66.62000274658203,65.80999755859375,66.62000274658203,23107
2020-04-28,66.62000274658203,68.01000213623047,66.47000122070312,67.56999969482422,14495
2020-04-29,67.83000183105469,69.12000274658203,67.38999938964844,69.02999877929688,19132
2020-04-30,69.43000030517578,69.7699966430664,67.38999938964844,67.41000366210938,20865
2020-05-04,65.52999877929688,65.69000244140625,64.69999694824219,65.0,35632
2020-05-05,66.19000244140625,66.76000213623047,65.77999877929688,66.58000183105469,18897
2020-05-06,66.38999938964844,66.58999633789062,65.80000305175781,65.87000274658203,17731
2020-05-07,66.12000274658203,66.87999725341797,66.0999984741211,66.8499984741211,8072
2020-05-08,67.44000244140625,67.62999725341797,67.19000244140625,67.58999633789062,9033
2020-05-11,67.79000091552734,67.93000030517578,66.37000274658203,66.83999633789062,31218
2020-05-12,66.69999694824219,67.0,66.29000091552734,66.58000183105469,10366
2020-05-13,65.70999908447266,65.70999908447266,64.5999984741211,64.61000061035156,12828
2020-05-14,63.939998626708984,64.2300033569336,62.41999816894531,63.63999938964844,59452
2020-05-15,64.5,64.55999755859375,63.36000061035156,63.650001525878906,21194
2020-05-18,64.9800033569336,67.05000305175781,64.80999755859375,67.05000305175781,24051
2020-05-19,67.29000091552734,67.29000091552734,65.87999725341797,66.30999755859375,28124
2020-05-20,66.08999633789062,66.95999908447266,65.55999755859375,66.91999816894531,12248
2020-05-21,66.1500015258789,66.88999938964844,65.95999908447266,66.13999938964844,5841
2020-05-22,65.29000091552734,66.55999755859375,65.13999938964844,66.13999938964844,3890
2020-05-25,66.68000030517578,67.54000091552734,66.31999969482422,67.54000091552734,23719
2020-05-26,68.4000015258789,68.7300033569336,68.05999755859375,68.5999984741211,32538
2020-05-27,68.9800033569336,70.08999633789062,68.73999786376953,69.68000030517578,48488
2020-05-28,70.29000091552734,71.16999816894531,70.0,71.0199966430664,23027
2020-05-29,70.30000305175781,70.9000015258789,69.86000061035156,69.86000061035156,28290
2020-06-01,71.0199966430664,71.0999984741211,70.4000015258789,70.91999816894531,10924
2020-06-02,71.45999908447266,72.51000213623047,71.41000366210938,72.2699966430664,18714
2020-06-03,73.18000030517578,74.73999786376953,73.12000274658203,74.7300033569336,490694
2020-06-04,74.36000061035156,75.18000030517578,73.91000366210938,74.58000183105469,52898
2020-06-05,75.5,77.30999755859375,75.44999694824219,77.30000305175781,705156
2020-06-08,76.61000061035156,77.5,76.5199966430664,77.06999969482422,240740
2020-06-09,77.41999816894531,77.41999816894531,75.36000061035156,75.79000091552734,144521
2020-06-10,76.5,76.63999938964844,75.0999984741211,75.22000122070312,13828
2020-06-11,73.30999755859375,73.73999786376953,71.75,71.75,266116
2020-06-12,71.05000305175781,73.63999938964844,70.94999694824219,72.04000091552734,208616
2020-06-15,70.16999816894531,72.16999816894531,69.94999694824219,71.80999755859375,166352
2020-06-16,73.4800033569336,74.6500015258789,72.94999694824219,73.8499984741211,187249
2020-06-17,74.0999984741211,74.9000015258789,73.86000061035156,74.41999816894531,48870
2020-06-18,74.16000366210938,74.80000305175781,73.23999786376953,73.86000061035156,44657
2020-06-19,74.30000305175781,75.08000183105469,74.23999786376953,74.23999786376953,20745
2020-06-22,73.33000183105469,74.56999969482422,73.33000183105469,73.77999877929688,66564
2020-06-23,74.20999908447266,75.27999877929688,74.20999908447266,74.81999969482422,42500
2020-06-24,74.47000122070312,74.62999725341797,72.66000366210938,72.66000366210938,17130
2020-06-25,72.33999633789062,73.69000244140625,71.5999984741211,73.37000274658203,37614
2020-06-26,74.19000244140625,74.6500015258789,73.26000213623047,73.30999755859375,18371
2020-06-29,72.91999816894531,74.12000274658203,72.87999725341797,73.88999938964844,7631
2020-06-30,74.0199966430664,74.04000091552734,73.25,73.66999816894531,23098
2020-07-01,73.79000091552734,74.0,72.5,73.55999755859375,20125
2020-07-02,74.1500015258789,75.69999694824219,74.1500015258789,75.41999816894531,63634
2020-07-03,75.47000122070312,75.5,74.45999908447266,74.8499984741211,71653
2020-07-06,76.0,76.19999694824219,75.68000030517578,76.0199966430664,22155
2020-07-07,75.58999633789062,75.58999633789062,75.19000244140625,75.58000183105469,9402
2020-07-08,74.91999816894531,75.51000213623047,74.5,74.63999938964844,8503
2020-07-09,75.02999877929688,75.02999877929688,73.5999984741211,73.76000213623047,4759
2020-07-10,73.2699966430664,74.48999786376953,73.19000244140625,74.48999786376953,6816
2020-07-13,75.26000213623047,75.73999786376953,74.94999694824219,75.73999786376953,9909
2020-07-14,74.7699966430664,75.11000061035156,74.30000305175781,75.11000061035156,2576
2020-07-15,75.70999908447266,77.12999725341797,75.62000274658203,76.66000366210938,18787
2020-07-16,76.02999877929688,76.48999786376953,75.79000091552734,76.29000091552734,16916
2020-07-17,76.30999755859375,76.30999755859375,75.72000122070312,76.0199966430664,12520
2020-07-20,75.6500015258789,76.31999969482422,75.2300033569336,76.31999969482422,1461
2020-07-21,76.9000015258789,77.55000305175781,76.47000122070312,76.4800033569336,20463
2020-07-22,76.25,76.25,75.37000274658203,75.51000213623047,208510
2020-07-23,75.94999694824219,76.2300033569336,75.33000183105469,75.45999908447266,212425
2020-07-24,74.56999969482422,74.69000244140625,73.80999755859375,74.20999908447266,14153
2020-07-27,74.25,74.33999633789062,73.91999816894531,74.16999816894531,4650
2020-07-28,73.91000366210938,74.22000122070312,73.41000366210938,73.91000366210938,14985
2020-07-29,74.3499984741211,74.6500015258789,74.33000183105469,74.4000015258789,8196
2020-07-30,74.20999908447266,74.20999908447266,71.9800033569336,72.75,14080
2020-07-31,72.86000061035156,73.31999969482422,71.7699966430664,71.7699966430664,33653
2020-08-03,72.05000305175781,73.44000244140625,71.45999908447266,73.16999816894531,37654
2020-08-04,73.68000030517578,73.68000030517578,72.94999694824219,73.33999633789062,3776
2020-08-05,73.86000061035156,74.20999908447266,73.63999938964844,73.87999725341797,3722
2020-08-06,73.5999984741211,74.25,72.93000030517578,73.22000122070312,7832
2020-08-07,73.19999694824219,73.33999633789062,72.5999984741211,73.31999969482422,306931
2020-08-10,73.58000183105469,73.87000274658203,73.19999694824219,73.62000274658203,2580
2020-08-11,74.44000244140625,75.76000213623047,74.41000366210938,75.37000274658203,21267
2020-08-12,75.18000030517578,76.33000183105469,75.18000030517578,76.08000183105469,7853
2020-08-13,75.91999816894531,76.18000030517578,75.51000213623047,75.61000061035156,6227
2020-08-14,75.11000061035156,75.11000061035156,73.80000305175781,74.41999816894531,9448
2020-08-17,74.77999877929688,74.77999877929688,74.0999984741211,74.54000091552734,9731
2020-08-18,74.0999984741211,74.9000015258789,73.9000015258789,74.0199966430664,1133
2020-08-19,73.8499984741211,74.63999938964844,73.80000305175781,74.63999938964844,2151
2020-08-20,73.58999633789062,74.0,73.31999969482422,73.6500015258789,151762
2020-08-21,73.83000183105469,73.9800033569336,72.58999633789062,73.43000030517578,2420
2020-08-24,74.38999938964844,75.16999816894531,74.38999938964844,75.12999725341797,15772
2020-08-25,75.73999786376953,76.04000091552734,75.0999984741211,75.0999984741211,43724
2020-08-26,74.6500015258789,75.75,74.63999938964844,75.75,3361
2020-08-27,75.61000061035156,75.69000244140625,75.05999755859375,75.13999938964844,1021
2020-08-28,75.25,75.30000305175781,74.5,75.05000305175781,6831
2020-08-31,75.69000244140625,75.86000061035156,74.1500015258789,74.16999816894531,1580
2020-09-01,74.47000122070312,74.75,73.3499984741211,74.05999755859375,12176
2020-09-02,74.41999816894531,75.87999725341797,74.41999816894531,75.54000091552734,748206
2020-09-03,76.66999816894531,77.05000305175781,74.69000244140625,75.16000366210938,39807
2020-09-04,74.5199966430664,75.9800033569336,73.95999908447266,74.55000305175781,10437
2020-09-07,75.06999969482422,76.0,74.9800033569336,75.88999938964844,165555
2020-09-08,75.80999755859375,75.88999938964844,74.0999984741211,74.66999816894531,21655
2020-09-09,74.86000061035156,75.9000015258789,74.86000061035156,75.7300033569336,2520354
2020-09-10,75.86000061035156,76.01000213623047,75.37999725341797,75.44000244140625,8169
2020-09-11,75.31999969482422,75.81999969482422,75.20999908447266,75.62999725341797,20919
2020-09-14,76.16000366210938,76.3499984741211,75.62000274658203,75.83999633789062,33668
2020-09-15,75.98999786376953,76.4000015258789,75.62000274658203,76.05999755859375,33852
2020-09-16,76.16000366210938,76.41999816894531,75.5999984741211,76.16999816894531,4397
2020-09-17,75.0999984741211,75.80999755859375,75.0,75.61000061035156,15631
2020-09-18,75.56999969482422,75.5999984741211,74.66999816894531,74.66999816894531,12276
2020-09-21,74.08000183105469,74.12000274658203,71.76000213623047,72.01000213623047,35951
2020-09-22,72.31999969482422,72.48999786376953,71.75,71.75,28119
2020-09-23,72.37999725341797,73.13999938964844,72.16999816894531,72.16999816894531,6066
2020-09-24,71.37000274658203,72.20999908447266,71.26000213623047,71.52999877929688,38757
2020-09-25,71.2699966430664,71.5,70.19999694824219,71.16999816894531,31939
2020-09-28,72.19999694824219,72.94000244140625,72.19000244140625,72.9000015258789,13554
2020-09-29,72.63999938964844,72.95999908447266,72.44000244140625,72.72000122070312,44075
2020-09-30,72.33999633789062,73.01000213623047,72.0999984741211,72.4000015258789,5307
2020-10-01,73.18000030517578,73.33999633789062,72.4000015258789,72.61000061035156,7974
2020-10-02,71.69999694824219,72.58999633789062,71.62999725341797,72.58999633789062,18971
2020-10-05,73.30000305175781,73.4000015258789,72.91000366210938,73.27999877929688,5627
2020-10-06,73.41999816894531,74.05000305175781,73.0,73.66000366210938,90680
2020-10-07,73.72000122070312,73.9000015258789,73.2699966430664,73.44000244140625,12105
2020-10-08,73.98999786376953,74.23999786376953,73.38999938964844,73.9800033569336,17085
2020-10-09,74.37999725341797,74.55999755859375,74.02999877929688,74.4000015258789,5244
2020-10-12,74.5199966430664,75.26000213623047,74.41999816894531,75.0,6638
2020-10-13,74.80999755859375,74.83000183105469,74.20999908447266,74.41999816894531,17582
2020-10-14,74.41999816894531,74.7300033569336,74.19999694824219,74.36000061035156,4942
2020-10-15,73.4000015258789,73.4000015258789,72.41999816894531,72.81999969482422,9177
2020-10-16,73.87000274658203,74.5999984741211,73.4800033569336,74.38999938964844,23626
2020-10-19,74.98999786376953,75.06999969482422,74.12999725341797,74.30999755859375,2122
2020-10-20,74.16000366210938,74.73999786376953,73.8499984741211,74.18000030517578,18128
2020-10-21,74.23999786376953,74.23999786376953,73.0,73.06999969482422,10981
2020-10-22,72.4000015258789,73.31999969482422,72.0,73.13999938964844,7620
2020-10-23,73.1500015258789,74.23999786376953,73.1500015258789,73.91999816894531,2044
2020-10-26,72.88999938964844,73.63999938964844,72.45999908447266,72.45999908447266,8277
2020-10-27,72.23999786376953,72.23999786376953,71.08999633789062,71.20999908447266,8000
2020-10-28,69.70999908447266,69.70999908447266,68.11000061035156,68.80000305175781,47058
2020-10-29,69.0999984741211,69.30999755859375,67.87999725341797,68.83999633789062,20126
2020-10-30,68.27999877929688,69.22000122070312,68.0999984741211,69.20999908447266,19047
2020-11-02,69.20999908447266,70.86000061035156,68.93000030517578,70.6500015258789,13937
2020-11-03,71.37999725341797,72.41999816894531,71.37999725341797,72.37999725341797,17026
2020-11-04,71.36000061035156,74.16000366210938,71.36000061035156,74.16000366210938,52847
2020-11-05,74.70999908447266,75.19000244140625,74.37999725341797,75.05999755859375,31338
2020-11-06,74.93000030517578,75.19999694824219,73.94999694824219,74.83999633789062,30242
2020-11-09,75.5199966430664,81.01000213623047,75.5199966430664,80.19000244140625,143385
2020-11-10,80.55000305175781,81.80000305175781,80.19000244140625,81.51000213623047,66643
2020-11-11,81.94999694824219,82.16000366210938,81.31999969482422,81.88999938964844,10861
2020-11-12,81.16000366210938,81.48999786376953,80.41000366210938,80.62999725341797,17690
2020-11-13,80.44000244140625,81.31999969482422,80.44000244140625,80.91000366210938,22647
2020-11-16,81.66999816894531,82.9800033569336,81.33000183105469,82.37000274658203,107685
2020-11-17,82.33999633789062,82.45999908447266,81.83999633789062,82.45999908447266,43816
2020-11-18,82.0999984741211,82.95999908447266,81.91999816894531,82.83999633789062,27089
2020-11-19,82.37999725341797,82.45999908447266,82.0,82.30999755859375,22441
2020-11-20,82.4800033569336,83.01000213623047,82.41999816894531,82.5999984741211,5475
2020-11-23,83.26000213623047,83.5,82.66000366210938,82.66000366210938,31178
2020-11-24,83.41000366210938,83.80000305175781,83.31999969482422,83.5199966430664,11473
2020-11-25,83.97000122070312,84.0,83.33000183105469,83.70999908447266,23868
2020-11-26,83.88999938964844,83.88999938964844,83.55000305175781,83.70999908447266,2473
2020-11-27,83.55000305175781,84.33000183105469,83.55000305175781,84.16000366210938,59352
2020-11-30,83.58000183105469,84.16000366210938,82.94000244140625,82.94000244140625,9117
2020-12-01,83.44999694824219,84.0199966430664,83.1500015258789,83.95999908447266,31305
2020-12-02,83.70999908447266,83.98999786376953,83.45999908447266,83.91999816894531,14455
2020-12-03,83.86000061035156,83.86000061035156,83.41000366210938,83.8499984741211,5854
2020-12-04,83.94000244140625,84.3499984741211,83.94000244140625,84.33999633789062,5304
2020-12-07,84.08000183105469,84.08000183105469,83.30000305175781,83.83999633789062,1634
2020-12-08,83.56999969482422,83.83999633789062,83.06999969482422,83.58999633789062,8662
2020-12-09,84.0199966430664,84.23999786376953,83.44999694824219,83.45999908447266,9130
2020-12-10,83.66000366210938,83.8499984741211,82.9800033569336,83.5999984741211,21168
2020-12-11,83.08999633789062,83.16000366210938,82.23999786376953,82.79000091552734,27174
2020-12-14,83.62999725341797,83.87000274658203,83.16000366210938,83.16000366210938,3410
2020-12-15,83.19000244140625,83.73999786376953,83.19000244140625,83.22000122070312,1035
2020-12-16,83.62000274658203,84.13999938964844,82.94000244140625,83.5,20049
2020-12-17,84.04000091552734,84.04000091552734,83.44999694824219,83.44999694824219,3365
2020-12-18,83.36000061035156,83.94999694824219,83.05000305175781,83.13999938964844,14107
2020-12-21,81.08999633789062,81.48999786376953,80.0,81.3499984741211,232314
2020-12-22,81.70999908447266,82.38999938964844,81.70999908447266,82.36000061035156,8773
2020-12-23,82.4800033569336,83.33000183105469,82.0,83.25,68117
2020-12-24,83.41999816894531,83.55000305175781,82.93000030517578,83.13999938964844,32892
2020-12-28,83.8499984741211,84.29000091552734,83.41000366210938,84.16000366210938,20640
2020-12-29,84.44000244140625,84.68000030517578,84.31999969482422,84.44999694824219,20668
2020-12-30,84.48999786376953,84.69999694824219,84.30000305175781,84.33999633789062,3829
2020-12-31,83.9000015258789,84.37999725341797,83.69000244140625,83.69000244140625,2178
2021-01-04,84.87000274658203,85.30999755859375,84.0,84.37999725341797,26873
2021-01-05,84.11000061035156,84.5999984741211,83.44999694824219,83.88999938964844,6456
2021-01-06,84.48999786376953,85.20999908447266,83.8499984741211,84.97000122070312,46318
2021-01-07,85.38999938964844,85.75,84.91999816894531,85.54000091552734,45692
2021-01-08,86.25,86.25,85.70999908447266,86.01000213623047,3478
2021-01-11,85.86000061035156,86.0,84.91000366210938,85.43000030517578,29574
2021-01-12,85.58000183105469,85.58999633789062,85.04000091552734,85.25,6427
2021-01-13,85.33999633789062,85.66999816894531,85.16000366210938,85.48999786376953,44984
2021-01-14,85.41999816894531,85.83000183105469,85.31999969482422,85.76000213623047,7437
2021-01-15,85.18000030517578,85.38999938964844,83.93000030517578,84.66999816894531,99478
2021-01-18,84.43000030517578,84.8499984741211,84.30000305175781,84.80999755859375,8319
2021-01-19,85.12000274658203,85.12999725341797,84.43000030517578,84.55000305175781,5127
2021-01-20,84.66000366210938,85.13999938964844,84.61000061035156,85.01000213623047,426199
2021-01-21,85.52999877929688,85.55000305175781,84.3499984741211,84.43000030517578,83657
2021-01-22,84.16999816894531,84.16999816894531,83.16000366210938,83.86000061035156,6804
2021-01-25,84.06999969482422,84.06999969482422,82.2699966430664,82.66999816894531,8892
2021-01-26,82.56999969482422,83.80000305175781,82.4800033569336,83.41999816894531,57263
2021-01-27,83.12000274658203,83.6500015258789,81.45999908447266,82.41999816894531,73437
2021-01-28,81.63999938964844,83.29000091552734,81.12999725341797,83.11000061035156,6273
2021-01-29,81.86000061035156,82.58000183105469,81.4000015258789,81.4000015258789,5966
2021-02-01,82.05000305175781,82.69999694824219,82.0,82.36000061035156,437373
2021-02-02,83.20999908447266,84.06999969482422,83.13999938964844,83.87999725341797,425692
2021-02-03,84.7699966430664,84.7699966430664,83.77999877929688,83.93000030517578,10322
2021-02-04,84.08999633789062,84.63999938964844,83.9800033569336,84.51000213623047,8461
2021-02-05,84.86000061035156,85.54000091552734,84.86000061035156,85.36000061035156,5651
2021-02-08,85.73999786376953,86.0999984741211,85.61000061035156,85.7699966430664,11845
2021-02-09,85.83000183105469,85.86000061035156,85.55999755859375,85.79000091552734,5326
2021-02-10,86.1500015258789,86.1500015258789,85.12000274658203,85.4800033569336,6050
2021-02-11,85.62000274658203,85.62999725341797,85.25,85.45999908447266,12853
2021-02-12,85.19000244140625,85.9800033569336,84.83999633789062,85.9800033569336,5872
2021-02-15,86.6500015258789,87.37999725341797,86.5199966430664,87.19999694824219,4114
2021-02-16,87.29000091552734,87.33000183105469,86.94999694824219,87.19000244140625,1683
2021-02-17,86.72000122070312,87.16999816894531,86.66000366210938,86.87999725341797,5288
2021-02-18,86.86000061035156,87.0,86.1500015258789,86.30999755859375,2598
2021-02-19,86.47000122070312,87.0999984741211,86.4000015258789,86.9800033569336,26303
2021-02-22,86.37000274658203,86.9800033569336,85.87000274658203,86.81999969482422,14546
2021-02-23,87.19999694824219,87.37999725341797,86.26000213623047,87.0,10963
2021-02-24,87.1500015258789,87.4000015258789,86.80000305175781,87.31999969482422,1212
2021-02-25,87.69999694824219,87.87999725341797,87.01000213623047,87.01000213623047,4711
2021-02-26,85.80000305175781,86.87999725341797,85.7699966430664,85.87000274658203,12680
2021-03-01,87.12999725341797,87.36000061035156,86.87999725341797,87.26000213623047,7167
2021-03-02,87.08999633789062,87.8499984741211,87.0,87.51000213623047,8225
2021-03-03,88.0,88.31999969482422,87.31999969482422,87.83999633789062,9318
2021-03-04,87.55999755859375,87.87999725341797,87.36000061035156,87.87999725341797,7943
2021-03-05,87.22000122070312,87.94000244140625,86.70999908447266,87.13999938964844,6675
2021-03-08,87.54000091552734,89.05000305175781,87.38999938964844,88.98999786376953,7878
2021-03-09,88.91000366210938,89.4000015258789,88.77999877929688,89.26000213623047,6187
2021-03-10,89.13999938964844,90.25,89.13999938964844,90.23999786376953,7136
2021-03-11,90.62000274658203,90.91000366210938,90.33000183105469,90.91000366210938,9173
2021-03-12,90.7300033569336,91.05999755859375,90.5999984741211,91.05999755859375,13810
2021-03-15,91.43000030517578,91.69000244140625,90.61000061035156,90.88999938964844,12065
2021-03-16,91.16000366210938,91.27999877929688,90.91999816894531,91.16999816894531,5208
2021-03-17,91.1500015258789,91.27999877929688,90.94999694824219,91.26000213623047,5509
2021-03-18,91.55000305175781,91.58000183105469,91.08999633789062,91.31999969482422,2696
2021-03-19,90.61000061035156,91.0,90.11000061035156,90.37000274658203,3030
2021-03-22,89.55000305175781,90.11000061035156,89.48999786376953,89.93000030517578,8038
2021-03-23,89.43000030517578,89.81999969482422,89.19999694824219,89.4800033569336,2752
2021-03-24,88.76000213623047,89.58000183105469,88.69000244140625,89.52999877929688,2479
2021-03-25,89.0999984741211,89.7300033569336,88.80000305175781,89.7300033569336,5133
2021-03-26,90.26000213623047,90.5,89.9000015258789,90.33000183105469,7898
2021-03-29,90.48999786376953,90.86000061035156,90.2300033569336,90.72000122070312,6261
2021-03-30,91.16999816894531,91.87000274658203,91.02999877929688,91.79000091552734,23373
2021-03-31,91.70999908447266,91.8499984741211,91.37000274658203,91.44000244140625,4035
2021-04-01,91.5,92.0,91.44000244140625,91.9800033569336,7617
2021-04-06,92.79000091552734,92.79000091552734,92.30999755859375,92.43000030517578,12610
2021-04-07,92.3499984741211,92.72000122070312,92.22000122070312,92.41000366210938,4340
2021-04-08,92.73999786376953,93.05000305175781,92.5999984741211,92.9000015258789,6256
2021-04-09,92.91000366210938,93.26000213623047,92.83000183105469,92.98999786376953,6124
2021-04-12,92.76000213623047,93.16000366210938,92.76000213623047,92.91000366210938,9361
2021-04-13,93.05000305175781,93.33000183105469,92.8499984741211,93.22000122070312,126937
2021-04-14,93.55999755859375,93.66999816894531,93.37000274658203,93.58999633789062,19061
2021-04-15,93.66999816894531,94.04000091552734,93.58999633789062,93.91999816894531,8798
2021-04-16,94.0,94.93000030517578,94.0,94.79000091552734,15862
2021-04-19,94.86000061035156,95.19999694824219,94.83999633789062,94.91000366210938,14319
2021-04-20,94.72000122070312,94.7699966430664,92.88999938964844,93.02999877929688,26191
2021-04-21,93.37000274658203,93.94999694824219,93.22000122070312,93.77999877929688,176610
2021-04-22,94.08000183105469,94.68000030517578,94.08000183105469,94.62000274658203,6077
2021-04-23,94.5199966430664,94.77999877929688,94.05000305175781,94.43000030517578,5118
2021-04-26,94.25,94.87000274658203,94.18000030517578,94.72000122070312,103299
2021-04-27,94.7699966430664,94.9000015258789,94.5,94.68000030517578,2199
2021-04-28,95.02999877929688,95.44000244140625,94.9000015258789,95.27999877929688,10759
2021-04-29,95.6500015258789,95.87999725341797,95.0,95.11000061035156,18511
2021-04-30,95.38999938964844,95.4000015258789,94.56999969482422,94.56999969482422,138986
2021-05-03,94.86000061035156,95.37000274658203,94.4800033569336,95.26000213623047,2224
2021-05-04,95.5,96.05999755859375,94.27999877929688,94.4000015258789,7974
2021-05-05,95.08000183105469,96.0199966430664,95.05000305175781,96.0199966430664,158703
2021-05-06,96.44000244140625,96.55000305175781,95.7699966430664,96.25,7809
2021-05-07,96.8499984741211,96.86000061035156,96.36000061035156,96.86000061035156,6905
2021-05-10,97.19999694824219,97.19999694824219,96.81999969482422,97.11000061035156,3756
2021-05-11,96.05999755859375,96.05999755859375,94.69999694824219,95.19999694824219,18984
2021-05-12,95.33000183105469,95.62999725341797,95.0,95.47000122070312,8598
2021-05-13,94.33999633789062,95.87999725341797,93.55000305175781,95.62000274658203,8452
2021-05-14,96.19999694824219,97.06999969482422,95.9000015258789,97.05999755859375,9611
2021-05-17,97.4000015258789,97.5,96.63999938964844,96.9000015258789,38470
2021-05-18,97.54000091552734,97.62999725341797,96.70999908447266,96.83000183105469,14103
2021-05-19,95.69000244140625,96.12999725341797,94.4000015258789,95.30000305175781,11189
2021-05-20,95.98999786376953,96.62999725341797,95.51000213623047,96.62999725341797,14974
2021-05-21,96.97000122070312,97.44000244140625,96.80000305175781,97.44000244140625,11296
2021-05-24,97.54000091552734,97.80000305175781,97.41999816894531,97.80000305175781,5149
2021-05-25,97.94000244140625,98.0,97.5199966430664,97.5199966430664,11854
2021-05-26,97.81999969482422,97.87999725341797,97.3499984741211,97.58000183105469,7643
2021-05-27,97.62999725341797,98.69999694824219,97.62999725341797,98.18000030517578,44963
2021-05-28,98.54000091552734,99.16999816894531,98.54000091552734,99.02999877929688,13196
2021-05-31,99.08999633789062,99.22000122070312,98.48999786376953,98.48999786376953,3060
2021-06-01,98.9800033569336,99.63999938964844,98.7699966430664,99.12999725341797,8701
2021-06-02,99.4000015258789,99.62999725341797,99.0999984741211,99.61000061035156,25165
2021-06-03,99.62999725341797,99.63999938964844,98.97000122070312,99.45999908447266,4469
2021-06-04,99.55000305175781,99.62000274658203,99.33000183105469,99.5999984741211,5901
2021-06-07,99.47000122070312,100.23999786376953,99.2300033569336,100.08000183105469,3757
2021-06-08,100.0999984741211,100.5,100.04000091552734,100.18000030517578,4860
2021-06-09,100.31999969482422,100.41999816894531,99.97000122070312,100.31999969482422,5203
2021-06-10,100.33999633789062,100.37999725341797,99.9000015258789,100.0999984741211,9360
2021-06-11,100.13999938964844,101.08000183105469,100.13999938964844,100.9800033569336,14267
2021-06-14,101.5199966430664,101.62000274658203,100.94000244140625,101.19999694824219,7989
2021-06-15,101.55999755859375,101.86000061035156,101.55999755859375,101.62000274658203,66238
2021-06-16,101.94000244140625,101.94000244140625,101.54000091552734,101.80000305175781,7444
2021-06-17,101.69999694824219,102.0999984741211,101.45999908447266,102.04000091552734,3810
2021-06-18,101.9800033569336,102.36000061035156,100.36000061035156,100.45999908447266,35047
2021-06-21,99.75,101.08000183105469,99.6500015258789,101.05999755859375,4451
2021-06-22,101.12000274658203,101.30000305175781,100.77999877929688,101.16000366210938,74935
2021-06-23,101.30000305175781,101.30000305175781,100.27999877929688,100.27999877929688,10293
2021-06-24,100.76000213623047,101.69999694824219,100.73999786376953,101.62000274658203,4692
2021-06-25,101.68000030517578,101.76000213623047,101.26000213623047,101.5,1975
2021-06-28,101.36000061035156,101.5999984741211,100.4800033569336,100.4800033569336,33198
2021-06-29,100.69999694824219,101.13999938964844,100.5999984741211,100.68000030517578,1167
2021-06-30,100.66000366210938,100.66000366210938,99.16000366210938,99.76000213623047,5917
2021-07-01,100.58000183105469,100.95999908447266,99.68000030517578,100.44000244140625,6509
2021-07-02,100.4000015258789,100.81999969482422,100.13999938964844,100.4000015258789,104395
2021-07-05,100.23999786376953,100.80000305175781,99.9000015258789,100.62000274658203,3260
2021-07-06,100.0999984741211,100.5199966430664,99.3499984741211,99.69999694824219,223702
2021-07-07,100.08000183105469,100.13999938964844,99.61000061035156,100.05999755859375,44522
2021-07-08,99.02999877929688,99.05999755859375,97.3499984741211,97.94000244140625,9069
2021-07-09,98.61000061035156,100.12000274658203,98.61000061035156,100.12000274658203,6309
2021-07-12,100.0,100.62000274658203,99.3499984741211,100.5199966430664,5467
2021-07-13,100.4800033569336,100.58000183105469,100.12000274658203,100.4000015258789,22094
2021-07-14,100.13999938964844,100.5,100.12000274658203,100.41999816894531,1158
2021-07-15,100.05999755859375,100.37999725341797,99.19999694824219,99.48999786376953,4291
2021-07-16,99.6500015258789,99.94000244140625,98.38999938964844,98.94999694824219,5517
2021-07-19,97.93000030517578,97.93000030517578,95.80000305175781,96.37000274658203,8743
2021-07-20,97.18000030517578,97.81999969482422,96.5999984741211,97.25,11087
2021-07-21,98.0,99.13999938964844,97.77999877929688,99.08000183105469,11980
2021-07-22,99.4800033569336,99.94999694824219,99.29000091552734,99.33999633789062,2015
2021-07-23,99.9000015258789,100.69999694824219,99.86000061035156,100.68000030517578,102859
2021-07-26,100.31999969482422,100.87999725341797,99.94999694824219,100.76000213623047,4028
2021-07-27,100.45999908447266,100.66000366210938,99.97000122070312,100.0999984741211,2508
2021-07-28,100.22000122070312,101.27999877929688,100.22000122070312,101.27999877929688,2908
2021-07-29,101.87999725341797,102.0999984741211,101.68000030517578,101.68000030517578,8431
2021-07-30,101.33999633789062,101.76000213623047,101.0999984741211,101.23999786376953,11861
2021-08-02,102.12000274658203,102.5,101.87999725341797,102.30000305175781,2872
2021-08-03,102.62000274658203,103.4000015258789,102.5,103.05999755859375,47789
2021-08-04,103.4800033569336,103.69999694824219,103.13999938964844,103.37999725341797,83844
2021-08-05,103.45999908447266,104.0,103.45999908447266,103.9000015258789,11354
2021-08-06,103.86000061035156,104.69999694824219,103.63999938964844,104.5,4812
2021-08-09,104.63999938964844,104.63999938964844,104.31999969482422,104.37999725341797,1636
2021-08-10,104.5999984741211,104.68000030517578,104.36000061035156,104.5,3143
2021-08-11,104.77999877929688,105.18000030517578,104.54000091552734,105.04000091552734,1400
2021-08-12,105.04000091552734,105.54000091552734,105.04000091552734,105.5,2960
2021-08-13,105.62000274658203,105.83999633789062,105.5199966430664,105.66000366210938,4782
2021-08-16,104.83999633789062,105.18000030517578,104.4800033569336,104.80000305175781,9834
2021-08-17,104.31999969482422,104.58000183105469,104.04000091552734,104.5,3995
2021-08-18,104.5999984741211,104.5999984741211,103.62000274658203,103.69999694824219,1094
2021-08-19,101.80000305175781,101.81999969482422,100.55999755859375,101.19999694824219,22889
2021-08-20,101.33999633789062,101.62000274658203,100.69999694824219,101.55999755859375,5494
2021-08-23,102.5199966430664,102.5999984741211,102.05999755859375,102.4800033569336,4545
2021-08-24,102.9000015258789,102.94000244140625,101.69999694824219,102.13999938964844,38489
2021-08-25,102.4000015258789,102.44000244140625,102.18000030517578,102.36000061035156,5135
2021-08-26,101.73999786376953,102.18000030517578,101.5,102.18000030517578,5950
2021-08-27,101.91999816894531,102.41999816894531,101.81999969482422,102.41999816894531,11085
2021-08-30,102.4000015258789,102.63999938964844,102.36000061035156,102.44000244140625,55968
2021-08-31,102.54000091552734,102.80000305175781,101.94000244140625,102.27999877929688,53936
2021-09-01,103.26000213623047,103.9000015258789,103.23999786376953,103.58000183105469,6949
2021-09-02,103.4800033569336,103.80000305175781,103.4800033569336,103.62000274658203,4537
2021-09-03,103.33999633789062,103.4000015258789,102.19999694824219,102.5199966430664,1685
2021-09-06,102.77999877929688,103.5199966430664,102.77999877929688,103.33999633789062,1723
2021-09-07,103.22000122070312,103.36000061035156,103.0,103.04000091552734,1862
2021-09-08,102.16000366210938,102.83999633789062,101.58000183105469,102.13999938964844,5162
2021-09-09,101.37999725341797,102.5999984741211,101.19999694824219,102.36000061035156,3085
2021-09-10,102.69999694824219,102.91999816894531,101.9000015258789,102.05999755859375,5569
2021-09-13,102.58000183105469,102.94000244140625,102.19999694824219,102.30000305175781,2337
2021-09-14,101.95999908447266,102.26000213623047,101.31999969482422,101.94000244140625,21331
2021-09-15,101.76000213623047,101.94000244140625,100.80000305175781,100.83999633789062,17198
2021-09-16,101.45999908447266,102.04000091552734,101.37999725341797,101.44000244140625,9162
2021-09-17,102.36000061035156,102.4800033569336,100.36000061035156,100.5199966430664,2214
2021-09-20,98.83999633789062,99.08999633789062,97.87000274658203,98.83999633789062,16940
2021-09-21,99.86000061035156,100.5,99.58000183105469,100.36000061035156,10213
2021-09-22,101.45999908447266,101.73999786376953,101.16000366210938,101.68000030517578,4707
2021-09-23,102.45999908447266,103.0,102.23999786376953,102.76000213623047,14832
2021-09-24,102.0999984741211,102.13999938964844,101.55999755859375,101.77999877929688,509328
2021-09-27,102.45999908447266,102.4800033569336,101.9000015258789,101.91999816894531,4497
2021-09-28,101.83999633789062,101.83999633789062,99.6500015258789,99.7699966430664,24511
2021-09-29,100.44000244140625,101.05999755859375,100.44000244140625,100.66000366210938,6309
2021-09-30,101.44000244140625,101.5199966430664,100.0,100.05999755859375,45434
2021-10-01,98.5999984741211,100.30000305175781,98.4000015258789,100.0199966430664,26508
2021-10-04,99.3499984741211,100.4000015258789,99.05000305175781,99.41999816894531,4659
2021-10-05,99.58000183105469,100.94000244140625,99.56999969482422,100.94000244140625,15532
2021-10-06,99.7699966430664,99.83999633789062,98.5999984741211,99.69999694824219,6969
2021-10-07,100.94000244140625,101.5,100.4800033569336,101.26000213623047,9295
2021-10-08,101.4800033569336,101.4800033569336,100.66000366210938,100.66000366210938,88233
2021-10-11,100.5,100.80000305175781,100.13999938964844,100.80000305175781,1233
2021-10-12,99.62999725341797,100.4800033569336,99.62999725341797,100.4800033569336,46906
2021-10-13,100.16000366210938,101.33999633789062,99.93000030517578,101.26000213623047,7499
2021-10-14,101.76000213623047,102.69999694824219,101.62000274658203,102.63999938964844,11003
2021-10-15,102.9800033569336,103.4800033569336,102.86000061035156,103.19999694824219,7016
2021-10-18,102.63999938964844,102.63999938964844,102.0,102.37999725341797,9336
2021-10-19,102.58000183105469,102.58000183105469,102.12000274658203,102.33999633789062,56828
2021-10-20,102.08000183105469,103.04000091552734,102.08000183105469,102.94000244140625,1882
2021-10-21,102.33999633789062,102.76000213623047,102.33999633789062,102.66000366210938,1152
2021-10-22,103.0999984741211,103.72000122070312,103.0999984741211,103.37999725341797,4085
2021-10-25,103.31999969482422,103.31999969482422,102.95999908447266,103.0199966430664,2436
2021-10-26,103.27999877929688,103.91999816894531,103.0,103.87999725341797,17346
2021-10-27,103.94000244140625,103.94000244140625,103.33999633789062,103.68000030517578,2374
2021-10-28,103.76000213623047,104.36000061035156,103.68000030517578,104.36000061035156,3600
2021-10-29,103.86000061035156,104.80000305175781,103.5999984741211,104.80000305175781,14932
2021-11-01,105.33999633789062,106.04000091552734,105.33999633789062,105.77999877929688,5841
2021-11-02,105.66000366210938,106.36000061035156,105.66000366210938,106.31999969482422,3091
2021-11-03,106.36000061035156,106.73999786376953,106.18000030517578,106.69999694824219,4659
2021-11-04,107.0999984741211,107.26000213623047,106.83999633789062,107.26000213623047,5938
2021-11-05,107.33999633789062,108.41999816894531,107.33999633789062,108.0999984741211,69695
2021-11-08,108.22000122070312,108.45999908447266,108.05999755859375,108.22000122070312,5769
2021-11-09,107.77999877929688,108.62000274658203,107.77999877929688,108.05999755859375,147084
2021-11-10,108.22000122070312,108.30000305175781,107.69999694824219,108.19999694824219,15253
2021-11-11,108.0199966430664,108.5999984741211,107.95999908447266,108.37999725341797,8733
2021-11-12,108.66000366210938,108.94000244140625,108.37999725341797,108.94000244140625,1933
2021-11-15,109.0999984741211,109.58000183105469,108.83999633789062,109.45999908447266,67052
2021-11-16,109.9000015258789,110.0199966430664,109.62000274658203,109.87999725341797,19095
2021-11-17,109.91999816894531,110.04000091552734,109.76000213623047,109.94000244140625,11197
2021-11-18,109.86000061035156,110.27999877929688,109.66000366210938,109.68000030517578,1722
2021-11-19,110.23999786376953,110.31999969482422,108.5999984741211,109.23999786376953,7636
2021-11-22,109.5,109.68000030517578,108.87999725341797,109.12000274658203,12613
2021-11-23,108.30000305175781,109.22000122070312,107.5,108.18000030517578,8423
2021-11-24,108.5,108.68000030517578,107.22000122070312,108.13999938964844,7713
2021-11-25,108.69999694824219,108.69999694824219,108.22000122070312,108.63999938964844,1916
2021-11-26,104.16000366210938,105.30000305175781,103.36000061035156,103.36000061035156,31037
2021-11-29,104.83999633789062,105.0199966430664,103.87999725341797,104.04000091552734,15369
2021-11-30,102.94000244140625,104.05999755859375,102.23999786376953,103.23999786376953,22250
2021-12-01,104.27999877929688,106.0,103.77999877929688,105.76000213623047,10167
2021-12-02,104.5199966430664,105.08000183105469,103.86000061035156,104.44000244140625,14984
2021-12-03,105.44000244140625,105.44000244140625,103.33999633789062,103.83999633789062,18847
2021-12-06,104.63999938964844,105.77999877929688,104.19999694824219,105.5,17505
2021-12-07,106.80000305175781,108.54000091552734,106.66000366210938,108.54000091552734,12789
2021-12-08,108.68000030517578,109.04000091552734,107.76000213623047,107.76000213623047,14300
2021-12-09,108.0199966430664,108.12000274658203,107.30000305175781,107.5999984741211,1635
2021-12-10,107.19999694824219,107.9000015258789,107.04000091552734,107.37999725341797,20887
2021-12-13,107.37999725341797,107.94000244140625,106.54000091552734,106.72000122070312,8791
2021-12-14,107.31999969482422,107.44000244140625,105.9000015258789,105.9800033569336,10087
2021-12-15,106.58000183105469,106.81999969482422,106.23999786376953,106.44000244140625,5387
2021-12-16,108.0999984741211,108.36000061035156,107.4000015258789,107.76000213623047,2744
2021-12-17,107.4800033569336,107.4800033569336,105.83999633789062,106.30000305175781,6842
2021-12-20,104.18000030517578,105.62000274658203,103.77999877929688,105.5999984741211,13000
2021-12-21,106.54000091552734,107.13999938964844,105.87999725341797,107.0999984741211,13121
2021-12-22,107.4000015258789,108.5199966430664,107.05999755859375,108.5199966430664,76047
2021-12-23,108.94000244140625,109.5999984741211,108.5199966430664,109.41999816894531,9305
2021-12-24,109.27999877929688,109.5999984741211,109.0,109.30000305175781,3549
2021-12-27,108.76000213623047,109.94000244140625,108.55999755859375,109.86000061035156,5452
2021-12-28,109.95999908447266,110.58000183105469,109.94000244140625,110.58000183105469,5082
2021-12-29,110.5,110.81999969482422,109.95999908447266,110.22000122070312,11050
2021-12-30,110.12000274658203,110.62000274658203,110.12000274658203,110.33999633789062,15656
2021-12-31,110.13999938964844,110.30000305175781,109.81999969482422,110.18000030517578,690
2022-01-03,110.9800033569336,111.5199966430664,110.72000122070312,111.13999938964844,6110
2022-01-04,111.69999694824219,112.86000061035156,111.62000274658203,112.66000366210938,10153
2022-01-05,112.76000213623047,113.68000030517578,112.5999984741211,113.62000274658203,6345
2022-01-06,112.36000061035156,112.5999984741211,111.54000091552734,111.66000366210938,5280
2022-01-07,111.58000183105469,111.80000305175781,110.58000183105469,111.12000274658203,17641
2022-01-10,111.4800033569336,111.4800033569336,109.41999816894531,109.58000183105469,21521
2022-01-11,110.76000213623047,111.19999694824219,110.31999969482422,110.55999755859375,6281
2022-01-12,111.37999725341797,111.5199966430664,110.5999984741211,111.36000061035156,3875
2022-01-13,111.0199966430664,111.16000366210938,110.37999725341797,110.87999725341797,3577
2022-01-14,109.76000213623047,110.36000061035156,109.63999938964844,109.94000244140625,5620
2022-01-17,110.37999725341797,111.05999755859375,110.0999984741211,110.9000015258789,9337
2022-01-18,110.30000305175781,110.30000305175781,109.26000213623047,109.66000366210938,104996
2022-01-19,109.5199966430664,110.9000015258789,109.5199966430664,110.26000213623047,10282
2022-01-20,110.5,110.72000122070312,109.5999984741211,110.68000030517578,5491
2022-01-21,109.27999877929688,109.4800033569336,107.87999725341797,108.5999984741211,14830
2022-01-24,108.13999938964844,108.69999694824219,103.95999908447266,104.31999969482422,19464
2022-01-25,105.4000015258789,105.95999908447266,104.26000213623047,105.16000366210938,54159
2022-01-26,106.45999908447266,108.0199966430664,106.45999908447266,107.5,18119
2022-01-27,105.91999816894531,108.36000061035156,105.91999816894531,108.0,22087
2022-01-28,108.18000030517578,108.18000030517578,105.30000305175781,107.16000366210938,53252
2022-01-31,107.83999633789062,108.37999725341797,106.76000213623047,107.68000030517578,23036
2022-02-01,108.73999786376953,109.45999908447266,108.4000015258789,109.41999816894531,294090
2022-02-02,109.76000213623047,110.18000030517578,109.5999984741211,109.68000030517578,11933
2022-02-03,109.77999877929688,109.77999877929688,107.94000244140625,107.94000244140625,5871
2022-02-04,108.5999984741211,108.83999633789062,106.62000274658203,107.0199966430664,18277
2022-02-07,107.72000122070312,108.19999694824219,106.72000122070312,107.94000244140625,9242
2022-02-08,108.0199966430664,109.0199966430664,107.9000015258789,108.30000305175781,16107
2022-02-09,109.30000305175781,110.05999755859375,109.23999786376953,109.83999633789062,7493
2022-02-10,110.13999938964844,110.4000015258789,108.83999633789062,109.45999908447266,140641
2022-02-11,108.5999984741211,109.0199966430664,107.83999633789062,108.04000091552734,13667
2022-02-14,105.33999633789062,105.9000015258789,104.16000366210938,105.55999755859375,66515
2022-02-15,105.68000030517578,107.72000122070312,105.68000030517578,107.72000122070312,11660
2022-02-16,107.87999725341797,108.37999725341797,106.87999725341797,107.36000061035156,8665
2022-02-17,107.9800033569336,108.05999755859375,106.5,107.04000091552734,15149
2022-02-18,107.18000030517578,107.73999786376953,106.0999984741211,106.5999984741211,9514
2022-02-21,107.18000030517578,107.30000305175781,103.83999633789062,104.31999969482422,36141
2022-02-22,102.69999694824219,105.23999786376953,102.19999694824219,104.62000274658203,47099
2022-02-23,105.0999984741211,106.30000305175781,104.37999725341797,104.63999938964844,432618
2022-02-24,100.31999969482422,102.08000183105469,99.16999816894531,100.5999984741211,131214
2022-02-25,101.63999938964844,104.26000213623047,100.5999984741211,104.0999984741211,92064
2022-02-28,102.08000183105469,103.13999938964844,100.5199966430664,103.13999938964844,48454
2022-03-01,102.66000366210938,102.66000366210938,98.69000244140625,98.69000244140625,55916
2022-03-02,97.94000244140625,100.9000015258789,97.44999694824219,100.27999877929688,477013
2022-03-03,100.5999984741211,100.87999725341797,98.0999984741211,98.37999725341797,32006
2022-03-04,96.94000244140625,97.25,93.56999969482422,93.56999969482422,43060
2022-03-07,90.6500015258789,94.06999969482422,88.80999755859375,92.3499984741211,56319
2022-03-08,91.98999786376953,95.0,91.55000305175781,91.97000122070312,29993
2022-03-09,94.56999969482422,98.44000244140625,94.48999786376953,98.44000244140625,150287
2022-03-10,97.7300033569336,98.0199966430664,95.05000305175781,95.76000213623047,44998
2022-03-11,96.19000244140625,98.68000030517578,95.0,96.62000274658203,53202
2022-03-14,96.7699966430664,99.0,96.7699966430664,98.2300033569336,462626
2022-03-15,96.8499984741211,98.43000030517578,95.7699966430664,97.93000030517578,12527
2022-03-16,100.22000122070312,102.63999938964844,99.94999694824219,101.58000183105469,21926
2022-03-17,102.26000213623047,102.36000061035156,100.86000061035156,102.0,12462
2022-03-18,101.76000213623047,102.12000274658203,100.19999694824219,102.12000274658203,8805
2022-03-21,102.05999755859375,102.26000213623047,101.13999938964844,101.22000122070312,82635
2022-03-22,101.04000091552734,102.44000244140625,101.04000091552734,102.13999938964844,16489
2022-03-23,102.30000305175781,102.55999755859375,100.62000274658203,100.87999725341797,6799
2022-03-24,101.04000091552734,101.55999755859375,100.0199966430664,100.18000030517578,36123
2022-03-25,100.5,101.19999694824219,99.9000015258789,100.19999694824219,60983
2022-03-28,101.0199966430664,102.19999694824219,100.86000061035156,101.19999694824219,43259
2022-03-29,102.19999694824219,105.0,102.04000091552734,104.4000015258789,20945
2022-03-30,103.9000015258789,103.9000015258789,102.83999633789062,103.16000366210938,20538
2022-03-31,104.04000091552734,104.0999984741211,102.23999786376953,102.44000244140625,10588
2022-04-01,102.4000015258789,103.0,102.13999938964844,102.58000183105469,8551
2022-04-04,103.13999938964844,103.26000213623047,101.9000015258789,103.22000122070312,3603
2022-04-05,103.0,103.22000122070312,100.95999908447266,101.66000366210938,37561
2022-04-06,101.19999694824219,101.5199966430664,98.5,99.52999877929688,54439
2022-04-07,100.0999984741211,100.9000015258789,98.9000015258789,98.94000244140625,16464
2022-04-08,100.22000122070312,100.86000061035156,99.73999786376953,100.37999725341797,49239
2022-04-11,100.66000366210938,101.4000015258789,99.80000305175781,100.5199966430664,16194
2022-04-12,98.69000244140625,100.5999984741211,98.41999816894531,100.22000122070312,48432
2022-04-13,100.04000091552734,100.5,99.19999694824219,100.19999694824219,64973
2022-04-14,100.66000366210938,101.16000366210938,100.18000030517578,100.9800033569336,29536
2022-04-19,100.0999984741211,100.5999984741211,99.58999633789062,100.19999694824219,14007
2022-04-20,100.54000091552734,101.91999816894531,100.54000091552734,101.66000366210938,53528
2022-04-21,102.08000183105469,103.9800033569336,102.08000183105469,103.44000244140625,23236
2022-04-22,101.95999908447266,102.45999908447266,101.26000213623047,101.30000305175781,23070
2022-04-25,99.9000015258789,100.69999694824219,99.01000213623047,99.81999969482422,17362
2022-04-26,100.68000030517578,101.36000061035156,99.44000244140625,99.44000244140625,14077
2022-04-27,99.41999816894531,100.27999877929688,98.16000366210938,99.69999694824219,43482
2022-04-28,100.72000122070312,101.68000030517578,99.37999725341797,100.37999725341797,26795
2022-04-29,101.0999984741211,101.83999633789062,100.63999938964844,100.72000122070312,12937
2022-05-02,99.86000061035156,99.91000366210938,97.23999786376953,98.97000122070312,26485
2022-05-03,99.4800033569336,100.36000061035156,99.0,99.62999725341797,14772
2022-05-04,100.13999938964844,100.13999938964844,98.54000091552734,98.54000091552734,3185
2022-05-05,100.91999816894531,101.16000366210938,97.66999816894531,97.97000122070312,7958
2022-05-06,97.6500015258789,97.66000366210938,95.87000274658203,96.58000183105469,18466
2022-05-09,96.16000366210938,96.51000213623047,94.20999908447266,94.20999908447266,18408
2022-05-10,95.02999877929688,96.3499984741211,94.95999908447266,94.95999908447266,14240
2022-05-11,96.0199966430664,97.27999877929688,95.19000244140625,97.27999877929688,12298
2022-05-12,95.31999969482422,96.73999786376953,94.66999816894531,96.33999633789062,11536
2022-05-13,97.0,98.75,96.83999633789062,98.73999786376953,4751
2022-05-16,98.20999908447266,98.69999694824219,97.61000061035156,98.44000244140625,1558
2022-05-17,99.44999694824219,100.31999969482422,99.08000183105469,99.95999908447266,15295
2022-05-18,100.12000274658203,100.31999969482422,98.77999877929688,98.88999938964844,8234
2022-05-19,97.5999984741211,97.66000366210938,96.4800033569336,97.36000061035156,7119
2022-05-20,97.7699966430664,99.0,97.4000015258789,97.72000122070312,8896
2022-05-23,98.63999938964844,98.98999786376953,97.54000091552734,98.98999786376953,7291
2022-05-24,97.88999938964844,98.27999877929688,97.30000305175781,97.3499984741211,4904
2022-05-25,97.93000030517578,98.11000061035156,96.7300033569336,97.83999633789062,3314
2022-05-26,97.97000122070312,99.66999816894531,97.97000122070312,99.5199966430664,8495
2022-05-27,100.19999694824219,101.19999694824219,99.75,101.19999694824219,8408
2022-05-30,101.9000015258789,102.31999969482422,101.77999877929688,101.95999908447266,6358
2022-05-31,101.55999755859375,101.55999755859375,100.30000305175781,100.4000015258789,10743
2022-06-01,101.22000122070312,101.27999877929688,99.94999694824219,99.94999694824219,4895
2022-06-02,100.62000274658203,101.33999633789062,100.62000274658203,101.16000366210938,2484
2022-06-03,101.95999908447266,101.95999908447266,100.66000366210938,100.94000244140625,3803
2022-06-06,101.9000015258789,102.55999755859375,101.62000274658203,101.9800033569336,4124
2022-06-07,101.4800033569336,101.63999938964844,100.66000366210938,101.18000030517578,5349
2022-06-08,101.36000061035156,101.36000061035156,99.73999786376953,100.16000366210938,4355
2022-06-09,99.58999633789062,100.36000061035156,98.58999633789062,98.98999786376953,4127
2022-06-10,98.22000122070312,98.22000122070312,95.87999725341797,96.11000061035156,14602
2022-06-13,94.9000015258789,95.22000122070312,93.43000030517578,93.66000366210938,14963
2022-06-14,94.18000030517578,94.4000015258789,92.19000244140625,92.37000274658203,24398
2022-06-15,93.80999755859375,94.23999786376953,93.1500015258789,93.69000244140625,58358
2022-06-16,93.56999969482422,93.56999969482422,91.44000244140625,91.58999633789062,16435
2022-06-17,91.88999938964844,92.9000015258789,91.41999816894531,91.87999725341797,15452
2022-06-20,92.02999877929688,92.37000274658203,91.36000061035156,92.37000274658203,3049
2022-06-21,92.97000122070312,94.04000091552734,92.91000366210938,93.06999969482422,3318
2022-06-22,91.3499984741211,92.69999694824219,91.29000091552734,92.55999755859375,10649
2022-06-23,92.19000244140625,92.79000091552734,91.0999984741211,91.77999877929688,3111
2022-06-24,92.26000213623047,94.9000015258789,92.26000213623047,94.80000305175781,400369
2022-06-27,95.37000274658203,96.02999877929688,94.0999984741211,94.30000305175781,25210
2022-06-28,95.29000091552734,95.62999725341797,94.87999725341797,94.87999725341797,6781
2022-06-29,94.2300033569336,94.30999755859375,93.19000244140625,93.8499984741211,9394
2022-06-30,91.91999816894531,92.11000061035156,90.80000305175781,91.86000061035156,12741
2022-07-01,91.11000061035156,92.7300033569336,91.0,91.91999816894531,113901
2022-07-04,92.7300033569336,93.0199966430664,92.12000274658203,92.27999877929688,32695
2022-07-05,92.58999633789062,92.58999633789062,89.8499984741211,89.94000244140625,78711
2022-07-06,91.4800033569336,92.36000061035156,91.16000366210938,92.31999969482422,48667
2022-07-07,93.19000244140625,93.91000366210938,93.16999816894531,93.69000244140625,31378
2022-07-08,93.61000061035156,94.37999725341797,92.91000366210938,94.2699966430664,15054
2022-07-11,92.7300033569336,93.55999755859375,92.55999755859375,93.55000305175781,5958
2022-07-12,92.91999816894531,94.5999984741211,92.51000213623047,94.45999908447266,13732
2022-07-13,94.2300033569336,94.2300033569336,92.62000274658203,93.80000305175781,10678
2022-07-14,93.41000366210938,93.55000305175781,92.0,92.61000061035156,6548
2022-07-15,92.69000244140625,94.52999877929688,92.55999755859375,94.48999786376953,28208
2022-07-18,94.7699966430664,95.81999969482422,94.7699966430664,95.26000213623047,18226
2022-07-19,94.62999725341797,97.19999694824219,94.3499984741211,96.95999908447266,9440
2022-07-20,97.33999633789062,97.5999984741211,96.1500015258789,96.79000091552734,67917
2022-07-21,96.52999877929688,97.55999755859375,96.4000015258789,97.20999908447266,8105
2022-07-22,96.81999969482422,97.77999877929688,96.69999694824219,97.33999633789062,3365
2022-07-25,97.16000366210938,98.04000091552734,96.76000213623047,97.66000366210938,46610
2022-07-26,97.41000366210938,97.5,96.87000274658203,97.19000244140625,8686
2022-07-27,97.2699966430664,97.94000244140625,97.16000366210938,97.87999725341797,6541
2022-07-28,98.47000122070312,99.48999786376953,97.9000015258789,99.48999786376953,5485
2022-07-29,100.5999984741211,101.5,100.55999755859375,101.18000030517578,11536
2022-08-01,101.0,101.45999908447266,100.77999877929688,100.83999633789062,4921
2022-08-02,100.41999816894531,100.69999694824219,100.0,100.5199966430664,10954
2022-08-03,100.41999816894531,101.5199966430664,100.37999725341797,101.5199966430664,20011
2022-08-04,101.87999725341797,102.69999694824219,101.80000305175781,102.05999755859375,16204
2022-08-05,102.0999984741211,102.30000305175781,101.4000015258789,101.4000015258789,2631
2022-08-08,102.19999694824219,102.80000305175781,101.80000305175781,102.16000366210938,5110
2022-08-09,101.9800033569336,102.22000122070312,101.30000305175781,101.5199966430664,3133
2022-08-10,101.0999984741211,102.31999969482422,101.0,102.12000274658203,6688
2022-08-11,102.45999908447266,102.45999908447266,101.36000061035156,101.95999908447266,3729
2022-08-12,102.16000366210938,102.63999938964844,102.08000183105469,102.27999877929688,5230
2022-08-15,102.77999877929688,102.77999877929688,102.26000213623047,102.58000183105469,1719
2022-08-16,102.95999908447266,103.30000305175781,102.55999755859375,103.04000091552734,164133
2022-08-17,103.19999694824219,103.19999694824219,101.68000030517578,101.68000030517578,1193
2022-08-18,101.68000030517578,102.36000061035156,101.45999908447266,102.0199966430664,4824
2022-08-19,101.4000015258789,101.83999633789062,100.9000015258789,100.9000015258789,3793
2022-08-22,100.27999877929688,100.33999633789062,98.63999938964844,98.91999816894531,15186
2022-08-23,98.41000366210938,99.26000213623047,98.25,98.41999816894531,12173
2022-08-24,98.25,99.06999969482422,97.80000305175781,98.95999908447266,10467
2022-08-25,99.52999877929688,99.62999725341797,98.47000122070312,98.83999633789062,4217
2022-08-26,99.33000183105469,99.55999755859375,96.75,97.19000244140625,14743
2022-08-29,96.11000061035156,96.26000213623047,95.18000030517578,96.25,6290
2022-08-30,96.63999938964844,97.66000366210938,95.9000015258789,96.31999969482422,37259
2022-08-31,96.54000091552734,96.54000091552734,95.23999786376953,95.23999786376953,10319
2022-09-01,94.29000091552734,94.33999633789062,93.41999816894531,93.76000213623047,17603
2022-09-02,94.31999969482422,95.94999694824219,94.0,95.87999725341797,9859
2022-09-05,93.73999786376953,94.23999786376953,93.0999984741211,94.18000030517578,7520
2022-09-06,94.36000061035156,95.0,93.94000244140625,94.5199966430664,10976
2022-09-07,93.87999725341797,95.26000213623047,93.87999725341797,95.05000305175781,5617
2022-09-08,95.48999786376953,95.66999816894531,94.0,95.48999786376953,4498
2022-09-09,95.63999938964844,97.1500015258789,95.63999938964844,96.86000061035156,51571
2022-09-12,97.27999877929688,99.05000305175781,97.0,98.81999969482422,8805
2022-09-13,99.4000015258789,99.6500015258789,97.62000274658203,97.62000274658203,20685
2022-09-14,97.16999816894531,97.44999694824219,96.4000015258789,96.93000030517578,2895
2022-09-15,96.94000244140625,97.2699966430664,95.86000061035156,96.0999984741211,3314
2022-09-16,95.2300033569336,95.3499984741211,94.33999633789062,94.80999755859375,18106
2022-09-19,94.19999694824219,94.91999816894531,93.19999694824219,94.61000061035156,7560
2022-09-20,94.83999633789062,95.16999816894531,93.0999984741211,93.12000274658203,3285
2022-09-21,92.30999755859375,93.94999694824219,92.04000091552734,93.94999694824219,4139
2022-09-22,92.25,93.66999816894531,92.19999694824219,92.2300033569336,9580
2022-09-23,91.76000213623047,92.20999908447266,90.08999633789062,90.41000366210938,184463
2022-09-26,90.0999984741211,91.08000183105469,89.5,90.01000213623047,17764
2022-09-27,90.45999908447266,91.23999786376953,89.58000183105469,89.58000183105469,19335
2022-09-28,89.1500015258789,90.01000213623047,88.0,89.91999816894531,52348
2022-09-29,88.9800033569336,89.0199966430664,87.69999694824219,88.41999816894531,9951
2022-09-30,88.87000274658203,89.75,88.72000122070312,89.75,11197
2022-10-03,88.4800033569336,90.08999633789062,87.72000122070312,89.9800033569336,31716
2022-10-04,90.98999786376953,93.76000213623047,90.98999786376953,93.76000213623047,56199
2022-10-05,93.16999816894531,93.54000091552734,91.7699966430664,92.66000366210938,6194
2022-10-06,93.04000091552734,93.19999694824219,91.66999816894531,91.9800033569336,6632
2022-10-07,91.87999725341797,92.0,90.43000030517578,90.62999725341797,3874
2022-10-10,90.04000091552734,91.0,89.80999755859375,90.4000015258789,6253
2022-10-11,89.79000091552734,90.58000183105469,89.5199966430664,90.44000244140625,5319
2022-10-12,90.47000122070312,90.88999938964844,89.7300033569336,90.29000091552734,6952
2022-10-13,89.6500015258789,91.2300033569336,88.4000015258789,91.20999908447266,17571
2022-10-14,92.56999969482422,93.3499984741211,91.62000274658203,91.80000305175781,13781
2022-10-17,92.11000061035156,93.76000213623047,91.3499984741211,93.41999816894531,7111
2022-10-18,94.22000122070312,95.1500015258789,93.76000213623047,94.0,35935
2022-10-19,94.33000183105469,94.63999938964844,93.68000030517578,93.68000030517578,21216
2022-10-20,93.77999877929688,94.44999694824219,93.3499984741211,94.2300033569336,3112
2022-10-21,93.01000213623047,93.6500015258789,92.19999694824219,93.44000244140625,4828
2022-10-24,94.56999969482422,95.58000183105469,93.69999694824219,94.94000244140625,8233
2022-10-25,95.56999969482422,96.93000030517578,94.97000122070312,96.93000030517578,8147
2022-10-26,96.87000274658203,97.45999908447266,96.55999755859375,97.33000183105469,43935
2022-10-27,96.8499984741211,97.05000305175781,96.0,96.75,8577
2022-10-28,96.13999938964844,97.37999725341797,95.68000030517578,97.26000213623047,28018
2022-10-31,97.1500015258789,97.56999969482422,96.91000366210938,97.27999877929688,31517
2022-11-01,98.52999877929688,98.95999908447266,97.83000183105469,98.0,4029
2022-11-02,98.5999984741211,98.5999984741211,97.08999633789062,97.08999633789062,4144
2022-11-03,96.36000061035156,96.5999984741211,95.69999694824219,96.5999984741211,7354
2022-11-04,97.4800033569336,99.9000015258789,97.38999938964844,99.13999938964844,188106
2022-11-07,98.4800033569336,99.38999938964844,98.37999725341797,99.06999969482422,4000
2022-11-08,98.56999969482422,99.72000122070312,98.5,99.72000122070312,2711
2022-11-09,99.58999633789062,99.72000122070312,99.0999984741211,99.5999984741211,10982
2022-11-10,99.02999877929688,101.73999786376953,98.7699966430664,101.5999984741211,34973
2022-11-11,102.45999908447266,102.72000122070312,101.54000091552734,101.9800033569336,13248
2022-11-14,102.18000030517578,103.0199966430664,102.05999755859375,102.22000122070312,9488
2022-11-15,102.72000122070312,103.30000305175781,102.37999725341797,102.69999694824219,7272
2022-11-16,102.72000122070312,102.72000122070312,101.72000122070312,102.05999755859375,22591
2022-11-17,102.23999786376953,102.36000061035156,100.81999969482422,101.63999938964844,9037
2022-11-18,102.18000030517578,103.0,101.91999816894531,102.80000305175781,6545
2022-11-21,102.69999694824219,103.0999984741211,102.5,102.9000015258789,1538
2022-11-22,102.77999877929688,103.12000274658203,102.30000305175781,102.83999633789062,6473
2022-11-23,102.83999633789062,103.37999725341797,102.5999984741211,103.37999725341797,2544
2022-11-24,103.4000015258789,104.12000274658203,103.4000015258789,103.81999969482422,6863
2022-11-25,103.81999969482422,103.9000015258789,103.4800033569336,103.86000061035156,617
2022-11-28,103.4000015258789,103.63999938964844,102.86000061035156,103.04000091552734,2192
2022-11-29,103.31999969482422,103.45999908447266,102.80000305175781,102.83999633789062,3373
2022-11-30,103.45999908447266,103.66000366210938,103.05999755859375,103.63999938964844,7181
2022-12-01,104.4800033569336,104.58000183105469,103.66000366210938,104.26000213623047,4278
2022-12-02,103.87999725341797,104.4000015258789,103.5,104.12000274658203,6379
2022-12-05,103.9800033569336,104.05999755859375,103.27999877929688,103.4800033569336,4434
2022-12-06,103.30000305175781,103.55999755859375,102.94000244140625,103.27999877929688,59556
2022-12-07,103.44000244140625,103.63999938964844,102.80000305175781,103.22000122070312,22939
2022-12-08,103.22000122070312,103.30000305175781,102.5,102.81999969482422,7072
2022-12-09,103.05999755859375,103.5999984741211,102.77999877929688,103.37999725341797,4873
2022-12-12,103.18000030517578,103.5199966430664,102.81999969482422,102.9800033569336,1022
2022-12-13,103.13999938964844,105.4000015258789,102.73999786376953,104.27999877929688,6709
2022-12-14,104.04000091552734,104.19999694824219,103.4800033569336,104.19999694824219,4105
2022-12-15,103.41999816894531,103.41999816894531,100.86000061035156,101.0,80054
2022-12-16,100.87999725341797,100.87999725341797,99.73999786376953,100.30000305175781,6044
2022-12-19,100.54000091552734,100.77999877929688,100.4000015258789,100.45999908447266,2330
2022-12-20,99.31999969482422,100.0999984741211,99.12000274658203,99.83999633789062,9761
2022-12-21,100.27999877929688,101.86000061035156,100.23999786376953,101.86000061035156,19564
2022-12-22,102.0,102.13999938964844,100.44000244140625,100.69999694824219,2832
2022-12-23,100.83999633789062,100.94000244140625,100.19999694824219,100.4000015258789,1023
2022-12-27,101.41999816894531,101.5199966430664,101.05999755859375,101.05999755859375,2913
2022-12-28,101.23999786376953,101.31999969482422,100.4800033569336,100.5199966430664,1339
2022-12-29,100.16000366210938,101.5199966430664,100.0,101.5199966430664,8667
2022-12-30,100.63999938964844,100.91999816894531,99.86000061035156,100.0,21043
2023-01-02,100.9000015258789,101.77999877929688,100.9000015258789,101.77999877929688,6924
2023-01-03,101.77999877929688,103.27999877929688,101.62000274658203,102.4800033569336,18135
2023-01-04,103.55999755859375,105.27999877929688,103.55999755859375,105.27999877929688,4100
2023-01-05,104.58000183105469,105.41999816894531,104.54000091552734,104.91999816894531,9925
2023-01-06,104.91999816894531,106.36000061035156,104.80000305175781,106.36000061035156,2651
2023-01-09,106.44000244140625,107.63999938964844,106.4000015258789,107.36000061035156,2115
2023-01-10,106.73999786376953,106.77999877929688,106.27999877929688,106.55999755859375,1146
2023-01-11,106.76000213623047,107.80000305175781,106.4800033569336,107.54000091552734,2848
2023-01-12,107.95999908447266,108.87999725341797,107.95999908447266,108.54000091552734,59295
2023-01-13,108.69999694824219,109.36000061035156,108.41999816894531,109.36000061035156,69332
2023-01-16,109.66000366210938,109.76000213623047,109.0,109.68000030517578,66983
2023-01-17,109.77999877929688,110.45999908447266,109.33999633789062,110.04000091552734,5344
2023-01-18,110.13999938964844,110.72000122070312,110.0,110.27999877929688,4539
2023-01-19,109.80000305175781,109.95999908447266,108.36000061035156,108.45999908447266,4838
2023-01-20,109.0,109.13999938964844,108.54000091552734,109.0199966430664,5954
2023-01-23,109.27999877929688,109.58000183105469,108.83999633789062,109.58000183105469,3670
2023-01-24,110.0,110.0,109.4000015258789,109.94000244140625,2155
2023-01-25,110.26000213623047,110.27999877929688,109.19999694824219,109.95999908447266,4528
2023-01-26,110.76000213623047,111.19999694824219,110.5,110.87999725341797,5348
2023-01-27,110.72000122070312,111.19999694824219,110.5,111.05999755859375,8241
2023-01-30,110.73999786376953,111.27999877929688,110.0999984741211,111.12000274658203,28643
2023-01-31,111.0,111.13999938964844,110.16000366210938,111.13999938964844,19064
2023-02-01,111.12000274658203,111.5,110.80000305175781,111.16000366210938,8670
2023-02-02,111.81999969482422,112.83999633789062,111.30000305175781,112.55999755859375,11625
2023-02-03,111.94000244140625,113.30000305175781,111.5,113.30000305175781,18179
2023-02-06,112.30000305175781,112.30000305175781,111.22000122070312,111.81999969482422,2913
2023-02-07,111.5999984741211,111.9000015258789,111.05999755859375,111.41999816894531,4177
2023-02-08,112.27999877929688,112.55999755859375,111.45999908447266,111.45999908447266,19334
2023-02-09,112.44000244140625,113.0,112.30000305175781,112.4000015258789,49635
2023-02-10,111.9800033569336,112.19999694824219,110.26000213623047,111.12000274658203,4311
2023-02-13,111.54000091552734,112.4000015258789,111.30000305175781,112.26000213623047,9475
2023-02-14,112.27999877929688,113.0999984741211,112.16000366210938,112.31999969482422,4241
2023-02-15,112.22000122070312,113.94000244140625,112.22000122070312,113.63999938964844,16050
2023-02-16,114.73999786376953,115.36000061035156,114.33999633789062,115.36000061035156,128992
2023-02-17,114.18000030517578,115.4000015258789,113.72000122070312,115.19999694824219,94836
2023-02-20,115.30000305175781,115.4000015258789,114.68000030517578,114.94000244140625,26862
2023-02-21,114.73999786376953,114.94000244140625,113.5,114.55999755859375,3311
2023-02-22,113.87999725341797,114.4000015258789,113.31999969482422,114.31999969482422,21700
2023-02-23,114.63999938964844,115.19999694824219,114.5999984741211,114.76000213623047,2821
2023-02-24,115.44000244140625,115.45999908447266,112.81999969482422,112.81999969482422,21930
2023-02-27,113.76000213623047,114.94000244140625,113.76000213623047,114.54000091552734,20866
2023-02-28,114.0199966430664,114.95999908447266,113.80000305175781,114.22000122070312,5812
2023-03-01,114.4000015258789,115.16000366210938,113.45999908447266,113.68000030517578,5074
2023-03-02,112.83999633789062,114.16000366210938,112.41999816894531,114.08000183105469,8787
2023-03-03,114.77999877929688,115.30000305175781,114.55999755859375,115.0999984741211,19081
2023-03-06,115.68000030517578,115.9800033569336,115.27999877929688,115.5999984741211,3068
2023-03-07,115.27999877929688,115.87999725341797,115.04000091552734,115.13999938964844,2568
2023-03-08,114.72000122070312,115.30000305175781,114.63999938964844,115.05999755859375,3017
2023-03-09,114.94000244140625,115.18000030517578,114.31999969482422,114.87999725341797,121583
2023-03-10,112.77999877929688,113.76000213623047,112.5,113.30000305175781,2482
2023-03-13,112.76000213623047,112.76000213623047,109.69999694824219,109.9800033569336,28263
2023-03-14,110.18000030517578,112.5199966430664,109.9800033569336,112.19999694824219,13759
2023-03-15,111.68000030517578,111.87999725341797,107.80000305175781,108.31999969482422,24208
2023-03-16,110.0999984741211,111.0,108.26000213623047,110.58000183105469,8400
2023-03-17,111.36000061035156,111.58000183105469,108.37999725341797,108.83999633789062,21098
2023-03-20,108.63999938964844,110.5999984741211,106.63999938964844,110.18000030517578,14831
2023-03-21,111.13999938964844,112.08000183105469,111.13999938964844,111.72000122070312,11218
2023-03-22,111.54000091552734,112.5,111.30000305175781,112.05999755859375,9303
2023-03-23,112.12000274658203,112.54000091552734,111.27999877929688,112.41999816894531,16742
2023-03-24,111.80000305175781,111.80000305175781,109.5999984741211,110.41999816894531,58518
2023-03-27,111.9800033569336,112.0,111.0,111.41999816894531,13877
2023-03-28,112.13999938964844,112.41999816894531,111.16000366210938,111.54000091552734,8595
2023-03-29,112.33999633789062,113.36000061035156,112.18000030517578,113.0999984741211,8917
2023-03-30,113.9800033569336,114.76000213623047,113.9800033569336,114.45999908447266,5120
2023-03-31,114.58000183105469,115.62000274658203,114.44000244140625,115.33999633789062,13142
2023-04-03,115.26000213623047,115.5999984741211,115.0199966430664,115.16000366210938,7642
2023-04-04,115.66000366210938,116.19999694824219,115.30000305175781,115.30000305175781,22607
2023-04-05,115.30000305175781,115.44000244140625,114.62000274658203,114.87999725341797,15642
2023-04-06,114.81999969482422,115.13999938964844,114.76000213623047,115.0,22837
2023-04-11,115.63999938964844,116.05999755859375,115.4800033569336,115.81999969482422,6933
2023-04-12,115.94000244140625,116.72000122070312,115.66000366210938,115.91999816894531,3948
2023-04-13,116.76000213623047,117.16000366210938,116.72000122070312,117.16000366210938,13944
2023-04-14,117.27999877929688,117.87999725341797,117.27999877929688,117.68000030517578,4974
2023-04-17,117.76000213623047,118.23999786376953,117.5199966430664,117.54000091552734,55521
2023-04-18,118.04000091552734,118.54000091552734,117.72000122070312,118.18000030517578,3585
2023-04-19,118.0,118.63999938964844,118.0,118.5199966430664,6453
2023-04-20,118.5,118.54000091552734,117.94000244140625,118.54000091552734,3232
2023-04-21,118.41999816894531,118.91999816894531,118.04000091552734,118.91999816894531,9534
2023-04-24,118.91999816894531,119.26000213623047,118.91999816894531,119.0,52543
2023-04-25,118.41999816894531,118.9800033569336,118.13999938964844,118.73999786376953,25215
2023-04-26,118.31999969482422,118.4000015258789,117.19999694824219,117.72000122070312,12423
2023-04-27,117.5199966430664,118.86000061035156,117.4800033569336,118.45999908447266,12080
2023-04-28,118.83999633789062,119.0,117.5,118.68000030517578,8284
2023-05-02,118.36000061035156,118.76000213623047,117.04000091552734,117.04000091552734,15998
2023-05-03,117.94000244140625,118.26000213623047,117.4800033569336,117.62000274658203,8210
2023-05-04,117.04000091552734,117.23999786376953,116.12000274658203,116.44000244140625,11132
2023-05-05,117.0,117.91999816894531,116.62000274658203,117.9000015258789,4643
2023-05-08,118.0,118.30000305175781,117.9000015258789,118.12000274658203,4674
2023-05-09,117.87999725341797,118.04000091552734,117.19999694824219,117.80000305175781,34534
2023-05-10,118.12000274658203,118.12000274658203,116.81999969482422,117.0199966430664,28188
2023-05-11,118.05999755859375,118.27999877929688,116.9800033569336,117.63999938964844,2192
2023-05-12,118.37999725341797,118.72000122070312,117.69999694824219,118.04000091552734,11396
2023-05-15,118.77999877929688,118.86000061035156,117.94000244140625,118.31999969482422,3371
2023-05-16,118.0999984741211,118.54000091552734,117.80000305175781,118.31999969482422,1425
2023-05-17,118.05999755859375,118.5999984741211,117.81999969482422,118.22000122070312,2546
2023-05-18,118.77999877929688,119.5,118.73999786376953,118.95999908447266,92658
2023-05-19,119.04000091552734,120.22000122070312,119.04000091552734,119.73999786376953,5385
2023-05-22,120.0199966430664,120.18000030517578,119.54000091552734,119.95999908447266,69613
2023-05-23,119.62000274658203,119.63999938964844,118.12000274658203,118.12000274658203,5081
2023-05-24,116.91999816894531,116.91999816894531,115.72000122070312,116.0,20597
2023-05-25,116.05999755859375,116.26000213623047,115.26000213623047,116.0199966430664,45757
2023-05-26,116.5,117.5999984741211,115.5999984741211,117.33999633789062,20188
2023-05-29,117.69999694824219,117.69999694824219,116.87999725341797,116.95999908447266,4837
2023-05-30,116.9000015258789,117.62000274658203,116.08000183105469,116.37999725341797,3169
2023-05-31,115.0999984741211,116.0199966430664,114.5,114.86000061035156,22075
2023-06-01,115.26000213623047,116.0199966430664,114.80000305175781,115.22000122070312,8593
2023-06-02,116.13999938964844,117.55999755859375,116.08000183105469,117.5199966430664,7302
2023-06-05,117.5,117.5999984741211,116.31999969482422,116.5199966430664,4285
2023-06-06,116.33999633789062,116.9000015258789,116.23999786376953,116.81999969482422,4045
2023-06-07,116.5199966430664,116.9800033569336,116.22000122070312,116.5,4145
2023-06-08,116.44000244140625,116.9800033569336,116.26000213623047,116.86000061035156,4334
2023-06-09,117.22000122070312,117.22000122070312,116.36000061035156,116.80000305175781,7544
2023-06-12,117.76000213623047,118.12000274658203,117.5,117.58000183105469,9764
2023-06-13,118.19999694824219,118.55999755859375,117.54000091552734,118.31999969482422,15464
2023-06-14,118.37999725341797,119.31999969482422,118.31999969482422,118.9000015258789,12611
2023-06-15,118.69999694824219,118.72000122070312,117.62000274658203,118.19999694824219,2124
2023-06-16,118.66000366210938,119.9800033569336,118.66000366210938,119.9800033569336,2683
2023-06-19,119.41999816894531,119.41999816894531,118.26000213623047,118.5,2050
2023-06-20,118.30000305175781,118.72000122070312,118.0,118.41999816894531,5692
2023-06-21,118.0999984741211,118.36000061035156,117.5,117.72000122070312,3283
2023-06-22,116.91999816894531,116.91999816894531,115.76000213623047,116.80000305175781,4380
2023-06-23,116.36000061035156,116.66000366210938,115.72000122070312,116.33999633789062,748
2023-06-26,116.33999633789062,116.73999786376953,115.5,116.68000030517578,5324
2023-06-27,117.0999984741211,117.4800033569336,116.5,117.36000061035156,6234
2023-06-28,118.16000366210938,118.55999755859375,118.0,118.5,9948
2023-06-29,118.81999969482422,119.4800033569336,118.45999908447266,119.0199966430664,2633
2023-06-30,119.45999908447266,120.62000274658203,119.45999908447266,120.37999725341797,7046
2023-07-03,120.68000030517578,120.68000030517578,119.9800033569336,119.9800033569336,5338
2023-07-04,120.22000122070312,120.22000122070312,119.5999984741211,119.5999984741211,2481
2023-07-05,118.86000061035156,119.23999786376953,118.41999816894531,118.76000213623047,2142
2023-07-06,117.41999816894531,117.41999816894531,114.83999633789062,115.12000274658203,11401
2023-07-07,115.13999938964844,116.08000183105469,114.55999755859375,115.41999816894531,5994
2023-07-10,115.12000274658203,116.36000061035156,114.9000015258789,115.9800033569336,4093
2023-07-11,116.62000274658203,117.5999984741211,116.30000305175781,117.22000122070312,16923
2023-07-12,117.4800033569336,119.05999755859375,117.23999786376953,118.9000015258789,5184
2023-07-13,119.05999755859375,120.0,118.81999969482422,119.4800033569336,13420
2023-07-14,119.62000274658203,120.04000091552734,119.5999984741211,119.80000305175781,2283
2023-07-17,118.86000061035156,118.95999908447266,118.08000183105469,118.36000061035156,65496
2023-07-18,118.30000305175781,118.94000244140625,118.16000366210938,118.83999633789062,3110
2023-07-19,119.58000183105469,119.80000305175781,118.76000213623047,118.87999725341797,1182
2023-07-20,118.55999755859375,119.69999694824219,118.5,119.69999694824219,1889
2023-07-21,119.80000305175781,120.5,119.80000305175781,120.5,5923
2023-07-24,120.12000274658203,120.33999633789062,119.76000213623047,120.33999633789062,3039
2023-07-25,120.73999786376953,120.73999786376953,120.0,120.27999877929688,2332
2023-07-26,119.4800033569336,119.4800033569336,117.83999633789062,118.83999633789062,6335
2023-07-27,119.30000305175781,121.33999633789062,119.05999755859375,121.12000274658203,12786
2023-07-28,120.80000305175781,121.37999725341797,120.27999877929688,121.05999755859375,5447
2023-07-31,120.69999694824219,121.58000183105469,120.69999694824219,121.12000274658203,2914
2023-08-01,120.76000213623047,121.0999984741211,119.80000305175781,119.81999969482422,1504
2023-08-02,118.18000030517578,119.19999694824219,117.77999877929688,118.54000091552734,10291
2023-08-03,117.66000366210938,117.81999969482422,116.80000305175781,117.36000061035156,9974
2023-08-04,117.73999786376953,118.23999786376953,117.0,118.13999938964844,2672
2023-08-07,117.87999725341797,118.33999633789062,117.31999969482422,118.13999938964844,11580
2023-08-08,117.76000213623047,118.23999786376953,116.69999694824219,117.37999725341797,2070
2023-08-09,119.08000183105469,119.08000183105469,118.0,118.0999984741211,1220
2023-08-10,119.0999984741211,120.13999938964844,118.81999969482422,119.87999725341797,5984
2023-08-11,119.33999633789062,119.63999938964844,118.12000274658203,118.45999908447266,1351
2023-08-14,118.31999969482422,119.0,118.27999877929688,118.76000213623047,824
2023-08-15,118.86000061035156,118.86000061035156,116.91999816894531,117.4000015258789,6184
2023-08-16,117.30000305175781,117.95999908447266,117.12000274658203,117.19999694824219,6050
2023-08-17,116.91999816894531,117.23999786376953,115.94000244140625,116.12000274658203,2979
2023-08-18,115.37999725341797,115.76000213623047,114.5199966430664,115.63999938964844,9771
2023-08-21,115.86000061035156,116.87999725341797,115.77999877929688,116.04000091552734,3459
2023-08-22,116.54000091552734,117.5199966430664,116.54000091552734,116.66000366210938,6734
2023-08-23,117.04000091552734,117.4800033569336,116.5999984741211,117.0,2820
2023-08-24,118.4000015258789,118.4000015258789,116.30000305175781,116.37999725341797,6645
2023-08-25,116.08000183105469,117.19999694824219,116.08000183105469,116.63999938964844,2082
2023-08-28,117.72000122070312,118.36000061035156,117.0999984741211,118.19999694824219,938
2023-08-29,118.76000213623047,119.0,118.13999938964844,119.0,1082
2023-08-30,119.26000213623047,119.4000015258789,118.23999786376953,118.91999816894531,1551
2023-08-31,118.81999969482422,119.16000366210938,118.13999938964844,118.13999938964844,1581
2023-09-01,117.83999633789062,118.55999755859375,117.5999984741211,117.68000030517578,2005
2023-09-04,118.0999984741211,118.66000366210938,117.12000274658203,117.31999969482422,2711
2023-09-05,116.37999725341797,117.23999786376953,115.80000305175781,116.72000122070312,3750
2023-09-06,116.04000091552734,116.23999786376953,115.33999633789062,115.86000061035156,5027
2023-09-07,115.62000274658203,116.4800033569336,115.4000015258789,115.81999969482422,8649
2023-09-08,116.22000122070312,116.5,114.80000305175781,116.5,4508
2023-09-11,117.22000122070312,117.66000366210938,116.62000274658203,117.08000183105469,67407
2023-09-12,117.13999938964844,117.33999633789062,116.36000061035156,116.5199966430664,2355
2023-09-13,116.27999877929688,116.30000305175781,115.30000305175781,115.94000244140625,35670
2023-09-14,115.5199966430664,117.55999755859375,115.31999969482422,117.45999908447266,6980
2023-09-15,118.68000030517578,119.37999725341797,118.36000061035156,118.62000274658203,5932
2023-09-18,118.13999938964844,118.13999938964844,116.44000244140625,116.80000305175781,6827
2023-09-19,116.31999969482422,116.95999908447266,116.30000305175781,116.68000030517578,7744
2023-09-20,116.77999877929688,117.77999877929688,116.77999877929688,117.55999755859375,2625
2023-09-21,116.36000061035156,116.5199966430664,115.4800033569336,115.95999908447266,254010
2023-09-22,114.66000366210938,115.5199966430664,114.5,115.36000061035156,22574
2023-09-25,114.76000213623047,115.5199966430664,113.69999694824219,114.26000213623047,5634
2023-09-26,113.58000183105469,113.87999725341797,112.86000061035156,113.37999725341797,192280
2023-09-27,113.30000305175781,113.86000061035156,113.0,113.26000213623047,25214
2023-09-28,113.30000305175781,113.86000061035156,112.5,113.86000061035156,42996
2023-09-29,114.58000183105469,115.4000015258789,114.18000030517578,114.4000015258789,5207
2023-10-02,114.69999694824219,115.23999786376953,112.73999786376953,113.27999877929688,9502
2023-10-03,112.86000061035156,113.30000305175781,111.9000015258789,112.08000183105469,10954
2023-10-04,111.54000091552734,113.0999984741211,111.33999633789062,112.19999694824219,44421
2023-10-05,112.5199966430664,112.73999786376953,111.9800033569336,112.37999725341797,2245
2023-10-06,112.55999755859375,113.30000305175781,112.0,113.30000305175781,6988
2023-10-09,112.63999938964844,112.9800033569336,111.68000030517578,112.37999725341797,12040
2023-10-10,113.5199966430664,114.72000122070312,113.5199966430664,114.72000122070312,2071
2023-10-11,113.55999755859375,114.5999984741211,113.36000061035156,114.27999877929688,4867
2023-10-12,114.86000061035156,114.91999816894531,113.55999755859375,113.76000213623047,5190
2023-10-13,113.58000183105469,113.58000183105469,111.5,111.69999694824219,9041
2023-10-16,112.18000030517578,112.19999694824219,110.86000061035156,111.73999786376953,11580
2023-10-17,111.63999938964844,112.16000366210938,111.0,111.9000015258789,5405
2023-10-18,111.5199966430664,111.77999877929688,110.45999908447266,110.55999755859375,32845
2023-10-19,109.63999938964844,110.26000213623047,109.19999694824219,110.0,21458
2023-10-20,108.5199966430664,109.12000274658203,108.19999694824219,108.19999694824219,216233
2023-10-23,108.44000244140625,108.73999786376953,107.45999908447266,108.68000030517578,7510
2023-10-24,109.04000091552734,109.63999938964844,108.5999984741211,109.55999755859375,2519
2023-10-25,109.12000274658203,110.0,108.81999969482422,110.0,4714
2023-10-26,108.9800033569336,109.91999816894531,108.44000244140625,109.45999908447266,2477
2023-10-27,108.08000183105469,108.69999694824219,107.4000015258789,107.54000091552734,17298
2023-10-30,108.0,108.44000244140625,107.80000305175781,108.13999938964844,8335
2023-10-31,108.30000305175781,109.31999969482422,108.30000305175781,109.04000091552734,3457
2023-11-01,109.41999816894531,110.08000183105469,108.73999786376953,109.72000122070312,5104
2023-11-02,110.69999694824219,112.54000091552734,110.69999694824219,111.87999725341797,7668
2023-11-03,112.13999938964844,112.69999694824219,111.73999786376953,112.04000091552734,6040
2023-11-06,112.23999786376953,112.26000213623047,111.18000030517578,111.36000061035156,3605
2023-11-07,110.9800033569336,111.45999908447266,110.5999984741211,111.13999938964844,5261
2023-11-08,110.41999816894531,112.41999816894531,110.41999816894531,112.05999755859375,3928
2023-11-09,112.27999877929688,113.62000274658203,112.19999694824219,113.45999908447266,10949
2023-11-10,112.73999786376953,112.80000305175781,111.4800033569336,112.26000213623047,119976
2023-11-13,112.73999786376953,113.0999984741211,112.26000213623047,112.76000213623047,1554
2023-11-14,112.76000213623047,114.73999786376953,112.76000213623047,114.62000274658203,58998
2023-11-15,114.91999816894531,115.4800033569336,114.77999877929688,114.91999816894531,24046
2023-11-16,114.86000061035156,115.0999984741211,114.5199966430664,114.62000274658203,9122
2023-11-17,115.18000030517578,115.80000305175781,115.0999984741211,115.77999877929688,8865
2023-11-20,115.95999908447266,116.0,115.4000015258789,115.58000183105469,5168
2023-11-21,115.4800033569336,115.5,115.0999984741211,115.22000122070312,6708
2023-11-22,115.58000183105469,116.22000122070312,115.54000091552734,116.04000091552734,5540
2023-11-23,116.18000030517578,116.19999694824219,115.95999908447266,116.16000366210938,2638
2023-11-24,116.19999694824219,116.5,116.0,116.5,17259
2023-11-27,116.66000366210938,116.81999969482422,116.05999755859375,116.08000183105469,10129
2023-11-28,115.5999984741211,115.83999633789062,115.12000274658203,115.83999633789062,2558
2023-11-29,115.81999969482422,116.45999908447266,115.81999969482422,116.16000366210938,5386
2023-11-30,116.05999755859375,116.86000061035156,115.91999816894531,116.86000061035156,4812
2023-12-01,117.33999633789062,117.58000183105469,116.81999969482422,117.37999725341797,6552
2023-12-04,117.45999908447266,117.77999877929688,117.22000122070312,117.45999908447266,6547
2023-12-05,117.44000244140625,118.4000015258789,117.44000244140625,118.36000061035156,4695
2023-12-06,118.4800033569336,119.41999816894531,118.30000305175781,119.19999694824219,192374
2023-12-07,119.08000183105469,119.13999938964844,118.86000061035156,119.08000183105469,1152
2023-12-08,119.36000061035156,120.80000305175781,119.23999786376953,120.5,207080
2023-12-11,120.68000030517578,121.05999755859375,120.54000091552734,121.05999755859375,18364
2023-12-12,121.22000122070312,121.4000015258789,120.91999816894531,120.9800033569336,43361
2023-12-13,121.0199966430664,121.55999755859375,120.66000366210938,120.66000366210938,16451
2023-12-14,122.58000183105469,122.80000305175781,121.27999877929688,121.66000366210938,4163
2023-12-15,122.0,122.30000305175781,121.5,121.91999816894531,2779
2023-12-18,121.41999816894531,121.58000183105469,120.9000015258789,121.12000274658203,8665
2023-12-19,121.36000061035156,121.55999755859375,121.13999938964844,121.44000244140625,10688
2023-12-20,121.66000366210938,121.80000305175781,121.0,121.55999755859375,8629
2023-12-21,121.05999755859375,121.44000244140625,120.81999969482422,121.44000244140625,9177
2023-12-22,121.45999908447266,121.69999694824219,121.0199966430664,121.27999877929688,1057
2023-12-27,121.73999786376953,122.04000091552734,121.22000122070312,121.55999755859375,9699
2023-12-28,121.94000244140625,121.94000244140625,120.87999725341797,120.87999725341797,1290
2023-12-29,121.0999984741211,121.54000091552734,120.95999908447266,121.08000183105469,2145
2024-01-02,121.69999694824219,122.19999694824219,120.08000183105469,120.9000015258789,2965
2024-01-03,120.83999633789062,120.86000061035156,118.5,118.94000244140625,5186
2024-01-04,119.0,119.62000274658203,118.9000015258789,119.5999984741211,2835
2024-01-05,118.58000183105469,119.19999694824219,117.77999877929688,118.9800033569336,5398
2024-01-08,119.0,119.81999969482422,118.5,119.81999969482422,5120
2024-01-09,119.94000244140625,119.94000244140625,118.9000015258789,119.5,9499
2024-01-10,119.4800033569336,119.91999816894531,119.16000366210938,119.5,4523
2024-01-11,120.04000091552734,120.31999969482422,118.72000122070312,118.94000244140625,4437
2024-01-12,119.18000030517578,120.31999969482422,119.18000030517578,120.19999694824219,5076
2024-01-15,119.87999725341797,120.08000183105469,119.33999633789062,119.5199966430664,1564
2024-01-16,118.5999984741211,119.30000305175781,118.37999725341797,119.23999786376953,1620
2024-01-17,117.95999908447266,118.19999694824219,117.55999755859375,118.12000274658203,5927
2024-01-18,118.66000366210938,119.63999938964844,118.4800033569336,119.54000091552734,1955
2024-01-19,120.0999984741211,120.27999877929688,118.76000213623047,119.13999938964844,1629
2024-01-22,120.4000015258789,120.54000091552734,119.55999755859375,120.0199966430664,5111
2024-01-23,120.23999786376953,120.23999786376953,119.31999969482422,119.44000244140625,5698
2024-01-24,119.91999816894531,120.62000274658203,119.62000274658203,120.5199966430664,8926
2024-01-25,120.16000366210938,120.5999984741211,119.66000366210938,120.5999984741211,3139
2024-01-26,121.9000015258789,123.44000244140625,121.9000015258789,123.44000244140625,40181
2024-01-29,123.37999725341797,123.37999725341797,122.91999816894531,123.36000061035156,11083
2024-01-30,123.62000274658203,123.9000015258789,123.4000015258789,123.80000305175781,15379
2024-01-31,123.87999725341797,124.08000183105469,123.30000305175781,123.44000244140625,11656
2024-02-01,122.45999908447266,122.76000213623047,121.83999633789062,122.23999786376953,3730
2024-02-02,122.86000061035156,123.26000213623047,122.41999816894531,122.45999908447266,10218
2024-02-05,122.54000091552734,122.83999633789062,121.95999908447266,122.55999755859375,1252
2024-02-06,123.18000030517578,123.18000030517578,122.36000061035156,123.18000030517578,8491
2024-02-07,123.23999786376953,123.36000061035156,122.80000305175781,122.80000305175781,1970
2024-02-08,123.04000091552734,123.83999633789062,122.69999694824219,123.41999816894531,1853
2024-02-09,123.0,123.12000274658203,122.5,122.83999633789062,2360
2024-02-12,123.23999786376953,123.54000091552734,123.12000274658203,123.5,2364
2024-02-13,123.44000244140625,123.44000244140625,121.9000015258789,122.4000015258789,2478
2024-02-14,122.45999908447266,123.30000305175781,122.30000305175781,123.16000366210938,14676
2024-02-15,124.12000274658203,124.5,124.08000183105469,124.26000213623047,2748
2024-02-16,124.80000305175781,125.33999633789062,124.54000091552734,124.80000305175781,2526
2024-02-19,124.5199966430664,124.87999725341797,124.19999694824219,124.87999725341797,3902
2024-02-20,125.0199966430664,125.73999786376953,125.0199966430664,125.73999786376953,4180
2024-02-21,125.77999877929688,126.05999755859375,125.5,125.95999908447266,4186
2024-02-22,127.05999755859375,127.62000274658203,126.62000274658203,127.5999984741211,2435
2024-02-23,127.83999633789062,128.6199951171875,127.44000244140625,128.6199951171875,26599
2024-02-26,128.32000732421875,128.44000244140625,127.91999816894531,127.9800033569336,16951
2024-02-27,127.9800033569336,128.32000732421875,127.83999633789062,128.22000122070312,5545
2024-02-28,128.4199981689453,128.4199981689453,127.86000061035156,128.25999450683594,4148
2024-02-29,128.4600067138672,128.67999267578125,127.87999725341797,127.87999725341797,8073
2024-03-01,128.36000061035156,128.5,127.26000213623047,127.73999786376953,1457
2024-03-04,127.58000183105469,128.22000122070312,127.37999725341797,128.22000122070312,4199
2024-03-05,128.0,128.27999877929688,127.62000274658203,127.73999786376953,975
2024-03-06,127.5,128.10000610351562,127.5,127.9800033569336,2195
2024-03-07,127.66000366210938,129.13999938964844,127.4000015258789,129.0399932861328,1774
2024-03-08,129.1199951171875,129.39999389648438,128.74000549316406,129.24000549316406,3177
2024-03-11,128.67999267578125,129.10000610351562,128.4199981689453,129.0399932861328,2380
2024-03-12,129.5,130.1999969482422,128.9600067138672,130.1999969482422,7858
2024-03-13,130.5,131.1999969482422,130.25999450683594,130.97999572753906,30298
2024-03-14,131.5,132.1999969482422,131.13999938964844,131.22000122070312,6333
2024-03-15,131.25999450683594,131.94000244140625,131.10000610351562,131.1999969482422,5367
2024-03-18,131.4600067138672,131.5,130.6999969482422,130.8000030517578,8730
2024-03-19,130.77999877929688,131.4600067138672,130.75999450683594,131.4199981689453,3894
2024-03-20,130.4600067138672,131.0399932861328,130.32000732421875,131.02000427246094,2838
2024-03-21,132.1199951171875,132.1199951171875,130.6999969482422,131.39999389648438,336780
2024-03-22,131.05999755859375,131.32000732421875,130.60000610351562,130.97999572753906,1237
2024-03-25,130.9600067138672,131.0800018310547,130.10000610351562,130.8800048828125,8845
2024-03-26,130.86000061035156,131.6999969482422,130.6999969482422,131.6999969482422,2312
2024-03-27,131.75999450683594,132.3000030517578,131.55999755859375,132.0,22541
2024-03-28,132.24000549316406,132.82000732421875,131.94000244140625,131.94000244140625,2433
2024-04-02,131.89999389648438,132.39999389648438,130.05999755859375,130.05999755859375,7678
2024-04-03,130.4600067138672,130.74000549316406,130.10000610351562,130.5800018310547,2668
2024-04-04,130.52000427246094,131.16000366210938,130.3800048828125,130.63999938964844,8430
2024-04-05,128.83999633789062,129.0800018310547,128.33999633789062,129.0800018310547,4647
2024-04-08,129.0399932861328,130.05999755859375,129.0399932861328,129.75999450683594,4344
2024-04-09,129.27999877929688,129.47999572753906,128.36000061035156,128.36000061035156,38453
2024-04-10,129.1999969482422,129.24000549316406,127.22000122070312,128.4199981689453,26132
2024-04-11,128.4199981689453,128.83999633789062,127.16000366210938,127.95999908447266,7078
2024-04-12,129.22000122070312,129.33999633789062,127.12000274658203,127.66000366210938,6032
2024-04-15,128.4600067138672,129.4600067138672,127.91999816894531,128.22000122070312,11080
2024-04-16,126.5199966430664,127.13999938964844,126.0999984741211,126.54000091552734,8401
2024-04-17,127.30000305175781,128.6199951171875,127.30000305175781,127.44000244140625,4519
2024-04-18,128.25999450683594,128.5800018310547,127.72000122070312,128.3800048828125,3767
2024-04-19,127.68000030517578,128.67999267578125,127.27999877929688,128.4600067138672,11097
2024-04-22,129.25999450683594,129.47999572753906,128.32000732421875,128.8800048828125,4143
2024-04-23,129.63999938964844,130.25999450683594,129.3000030517578,130.25999450683594,6374
2024-04-24,130.0,130.82000732421875,129.67999267578125,130.0,6941
2024-04-25,130.0800018310547,130.10000610351562,127.91999816894531,128.9199981689453,8654
2024-04-26,129.89999389648438,130.1199951171875,129.0,130.0,3044
2024-04-29,130.60000610351562,130.66000366210938,129.72000122070312,129.74000549316406,5630
2024-04-30,130.22000122070312,130.36000061035156,128.9199981689453,129.3000030517578,4280
2024-05-02,129.5399932861328,129.5399932861328,128.55999755859375,128.75999450683594,11733
2024-05-03,129.39999389648438,130.3800048828125,129.0,129.6199951171875,1621
2024-05-06,129.72000122070312,130.83999633789062,129.72000122070312,130.39999389648438,5865
2024-05-07,130.97999572753906,131.75999450683594,130.63999938964844,131.75999450683594,7556
2024-05-08,132.1199951171875,133.3800048828125,132.0800018310547,132.9199981689453,2396
2024-05-09,132.9199981689453,133.74000549316406,132.52000427246094,133.6199951171875,15145
2024-05-10,134.63999938964844,134.8800048828125,134.24000549316406,134.33999633789062,5004
2024-05-13,134.63999938964844,134.67999267578125,134.0,134.36000061035156,2288
2024-05-14,134.17999267578125,134.82000732421875,134.05999755859375,134.72000122070312,4231
2024-05-15,135.0,135.17999267578125,134.39999389648438,135.16000366210938,2489
2024-05-16,135.17999267578125,135.17999267578125,134.3800048828125,134.4600067138672,4450
2024-05-17,134.1999969482422,134.47999572753906,133.44000244140625,133.77999877929688,756
2024-05-20,134.3000030517578,134.9199981689453,134.13999938964844,134.6199951171875,1165
2024-05-21,134.52000427246094,134.5800018310547,133.52000427246094,134.22000122070312,1679
2024-05-22,134.27999877929688,134.27999877929688,133.5,133.75999450683594,5114
2024-05-23,134.10000610351562,134.25999450683594,133.5,133.83999633789062,16539
2024-05-24,132.82000732421875,133.75999450683594,132.82000732421875,133.6999969482422,4195
2024-05-27,133.6999969482422,134.27999877929688,133.60000610351562,134.27999877929688,1783
2024-05-28,134.66000366210938,134.67999267578125,133.13999938964844,133.4600067138672,2598
2024-05-29,132.94000244140625,132.94000244140625,131.24000549316406,131.47999572753906,7335
2024-05-30,131.44000244140625,132.39999389648438,131.27999877929688,132.33999633789062,7555
2024-05-31,132.32000732421875,132.44000244140625,131.8000030517578,132.27999877929688,3420
2024-06-03,133.4600067138672,133.55999755859375,132.5399932861328,132.63999938964844,5185
2024-06-04,132.52000427246094,132.67999267578125,131.60000610351562,131.9199981689453,7233
2024-06-05,132.77999877929688,133.36000061035156,132.25999450683594,133.05999755859375,5712
2024-06-06,133.5,133.86000061035156,133.16000366210938,133.52000427246094,3768
2024-06-07,133.5399932861328,133.5399932861328,131.67999267578125,132.67999267578125,15367
2024-06-10,129.94000244140625,130.9600067138672,129.52000427246094,130.9600067138672,49290
2024-06-11,131.0800018310547,131.55999755859375,128.8000030517578,129.36000061035156,6971
2024-06-12,129.75999450683594,131.1199951171875,129.6199951171875,130.9600067138672,6684
2024-06-13,130.52000427246094,130.6999969482422,127.95999908447266,128.22000122070312,19993
2024-06-14,127.58000183105469,127.63999938964844,123.94000244140625,124.54000091552734,29153
2024-06-17,125.04000091552734,125.80000305175781,124.18000030517578,125.63999938964844,70752
2024-06-18,126.91999816894531,126.94000244140625,125.63999938964844,126.68000030517578,16437
2024-06-19,126.62000274658203,126.76000213623047,125.73999786376953,125.9000015258789,8664
2024-06-20,125.9800033569336,127.80000305175781,125.9800033569336,127.69999694824219,9179
2024-06-21,127.4000015258789,127.45999908447266,126.5,126.91999816894531,26669
2024-06-24,127.08000183105469,128.5399932861328,127.0,128.27999877929688,5118
2024-06-25,127.08000183105469,127.4000015258789,126.5,127.22000122070312,10546
2024-06-26,128.0,128.0399932861328,125.58000183105469,126.37999725341797,36528
2024-06-27,126.62000274658203,126.69999694824219,125.0,125.13999938964844,2164
2024-06-28,125.0,125.13999938964844,123.77999877929688,124.18000030517578,23251
2024-07-01,127.41999816894531,127.80000305175781,125.62000274658203,125.62000274658203,7407
2024-07-02,124.81999969482422,125.23999786376953,124.0199966430664,125.19999694824219,18864
2024-07-03,125.86000061035156,127.31999969482422,125.58000183105469,126.81999969482422,10152
2024-07-04,127.55999755859375,127.91999816894531,127.4000015258789,127.80000305175781,16588
2024-07-05,128.05999755859375,128.52000427246094,127.0199966430664,127.58000183105469,44903
2024-07-08,126.94000244140625,128.86000061035156,126.91999816894531,126.91999816894531,12030
2024-07-09,126.62000274658203,126.62000274658203,124.5999984741211,124.9800033569336,42024
2024-07-10,125.26000213623047,126.27999877929688,124.66000366210938,126.19999694824219,9154
2024-07-11,126.86000061035156,127.33999633789062,126.26000213623047,127.18000030517578,6193
2024-07-12,127.55999755859375,128.97999572753906,127.55999755859375,128.8000030517578,2403
2024-07-15,127.80000305175781,128.47999572753906,126.86000061035156,127.05999755859375,4316
2024-07-16,126.13999938964844,126.55999755859375,125.91999816894531,126.4800033569336,8176
2024-07-17,126.33999633789062,126.95999908447266,125.68000030517578,126.45999908447266,6680
2024-07-18,126.91999816894531,127.44000244140625,126.0999984741211,126.41999816894531,1562
2024-07-19,125.87999725341797,125.91999816894531,125.0,125.5,28542
2024-07-22,126.18000030517578,127.54000091552734,126.13999938964844,127.18000030517578,9613
2024-07-23,127.27999877929688,127.86000061035156,126.5,127.13999938964844,1873
2024-07-24,125.13999938964844,125.95999908447266,124.80000305175781,125.4000015258789,11552
2024-07-25,124.0999984741211,124.30000305175781,122.95999908447266,124.30000305175781,11639
2024-07-26,124.22000122070312,125.81999969482422,124.0199966430664,125.69999694824219,6824
2024-07-29,126.05999755859375,126.05999755859375,124.19999694824219,124.5,2654
2024-07-30,124.66000366210938,125.4000015258789,124.5,124.94000244140625,35493
2024-07-31,126.41999816894531,126.73999786376953,125.68000030517578,126.0199966430664,11976
2024-08-01,125.0199966430664,125.0199966430664,122.83999633789062,123.0999984741211,15635
2024-08-02,122.66000366210938,122.77999877929688,120.62000274658203,120.95999908447266,4697
2024-08-05,118.27999877929688,119.62000274658203,117.5,119.5,8475
2024-08-06,119.73999786376953,120.13999938964844,118.31999969482422,119.22000122070312,18010
2024-08-07,119.69999694824219,121.73999786376953,119.5999984741211,121.4800033569336,93444
2024-08-08,120.45999908447266,121.26000213623047,119.77999877929688,121.12000274658203,12314
2024-08-09,121.16000366210938,122.27999877929688,121.0999984741211,121.54000091552734,8795
2024-08-12,122.0,122.0,120.81999969482422,121.0199966430664,10724
2024-08-13,121.5999984741211,121.68000030517578,120.81999969482422,121.68000030517578,2107
2024-08-14,122.45999908447266,122.66000366210938,121.94000244140625,122.66000366210938,3801
2024-08-15,122.9000015258789,124.23999786376953,122.30000305175781,124.05999755859375,965
2024-08-16,124.37999725341797,124.76000213623047,124.19999694824219,124.62000274658203,1074
2024-08-19,124.62000274658203,125.62000274658203,124.5199966430664,125.41999816894531,2869
2024-08-20,125.87999725341797,125.91999816894531,125.30000305175781,125.37999725341797,3433
2024-08-21,125.5999984741211,126.0,125.5,126.0,4572
2024-08-22,126.05999755859375,126.72000122070312,126.05999755859375,126.12000274658203,6698
2024-08-23,126.36000061035156,127.05999755859375,126.31999969482422,127.05999755859375,1913
2024-08-26,127.12000274658203,127.31999969482422,126.91999816894531,127.16000366210938,9951
2024-08-27,127.37999725341797,127.66000366210938,126.69999694824219,126.69999694824219,11210
2024-08-28,126.94000244140625,127.5199966430664,126.87999725341797,126.94000244140625,3068
2024-08-29,127.18000030517578,128.02000427246094,127.0199966430664,127.91999816894531,4561
2024-08-30,128.1199951171875,128.75999450683594,127.95999908447266,127.95999908447266,4664
2024-09-02,127.9800033569336,128.16000366210938,126.91999816894531,128.16000366210938,35507
2024-09-03,128.4600067138672,128.55999755859375,127.04000091552734,127.27999877929688,3453
2024-09-04,126.26000213623047,126.4800033569336,125.66000366210938,125.91999816894531,7931
2024-09-05,125.44000244140625,125.95999908447266,124.95999908447266,124.95999908447266,5004
2024-09-06,124.83999633789062,125.36000061035156,123.31999969482422,123.54000091552734,2884
2024-09-09,123.9800033569336,124.86000061035156,123.69999694824219,124.58000183105469,5227
2024-09-10,124.4800033569336,125.44000244140625,124.27999877929688,124.58000183105469,1202
2024-09-11,124.95999908447266,125.27999877929688,123.81999969482422,124.37999725341797,13428
2024-09-12,125.72000122070312,125.72000122070312,124.44000244140625,124.69999694824219,77715
2024-09-13,124.9800033569336,125.68000030517578,124.86000061035156,125.27999877929688,7319
2024-09-16,125.19999694824219,125.5999984741211,124.94000244140625,125.12000274658203,5737
2024-09-17,125.83999633789062,126.5,125.5999984741211,125.9800033569336,4614
2024-09-18,126.0199966430664,126.0199966430664,125.16000366210938,125.22000122070312,5518
2024-09-19,126.94000244140625,127.9800033569336,126.18000030517578,127.9800033569336,15622
2024-09-20,127.73999786376953,127.73999786376953,126.13999938964844,126.13999938964844,7962
2024-09-23,125.72000122070312,126.22000122070312,125.41999816894531,126.22000122070312,16395
2024-09-24,127.80000305175781,128.1999969482422,127.30000305175781,127.76000213623047,11167
2024-09-25,126.91999816894531,127.95999908447266,126.91999816894531,127.54000091552734,9365
2024-09-26,129.4600067138672,131.0,129.44000244140625,131.0,8436
2024-09-27,131.33999633789062,131.89999389648438,130.89999389648438,131.67999267578125,28393
2024-09-30,130.89999389648438,131.25999450683594,129.16000366210938,129.16000366210938,10848
2024-10-01,129.25999450683594,129.44000244140625,127.41999816894531,127.95999908447266,10419
2024-10-02,128.1999969482422,128.3800048828125,127.0999984741211,127.63999938964844,5454
2024-10-03,127.27999877929688,127.27999877929688,125.41999816894531,125.69999694824219,7944
2024-10-04,125.69999694824219,127.18000030517578,125.69999694824219,126.76000213623047,22557
2024-10-07,127.33999633789062,127.37999725341797,126.0999984741211,127.22000122070312,17717
2024-10-08,125.4800033569336,126.5999984741211,125.30000305175781,126.45999908447266,4918
2024-10-09,126.54000091552734,127.36000061035156,126.4000015258789,127.30000305175781,5943
2024-10-10,126.9000015258789,127.36000061035156,126.4800033569336,126.81999969482422,3890
2024-10-11,126.66000366210938,127.69999694824219,126.26000213623047,127.58000183105469,6315
2024-10-14,127.73999786376953,128.0800018310547,127.0,128.0800018310547,9418
2024-10-15,128.32000732421875,128.47999572753906,127.0,127.18000030517578,10730
2024-10-16,125.41999816894531,126.9000015258789,125.0199966430664,126.62000274658203,7016
2024-10-17,127.04000091552734,128.97999572753906,126.9000015258789,128.36000061035156,8017
2024-10-18,128.25999450683594,129.1999969482422,128.25999450683594,128.72000122070312,23526
2024-10-21,128.32000732421875,128.66000366210938,127.19999694824219,127.19999694824219,6635
2024-10-22,126.9800033569336,127.31999969482422,126.0,127.0199966430664,12329
2024-10-23,126.77999877929688,127.18000030517578,125.86000061035156,126.41999816894531,12281
2024-10-24,126.87999725341797,127.36000061035156,126.5,126.5,5960
2024-10-25,126.4800033569336,126.83999633789062,125.80000305175781,126.37999725341797,11278
2024-10-28,127.33999633789062,128.1199951171875,126.72000122070312,127.63999938964844,10511
2024-10-29,128.44000244140625,128.6999969482422,126.81999969482422,126.86000061035156,4832
2024-10-30,126.0,126.13999938964844,124.5999984741211,125.45999908447266,25764
2024-10-31,124.9000015258789,125.0199966430664,123.5999984741211,124.23999786376953,4512
2024-11-01,124.58000183105469,125.54000091552734,124.58000183105469,125.13999938964844,7126
2024-11-04,124.9800033569336,125.5199966430664,124.26000213623047,124.26000213623047,3866
2024-11-05,124.55999755859375,125.12000274658203,123.9800033569336,124.94000244140625,7727
2024-11-06,126.08000183105469,127.69999694824219,123.72000122070312,124.16000366210938,9026
2024-11-07,124.19999694824219,125.44000244140625,123.77999877929688,125.0199966430664,4738
2024-11-08,125.08000183105469,125.22000122070312,123.45999908447266,123.72000122070312,8756
2024-11-11,124.80000305175781,125.73999786376953,124.77999877929688,125.23999786376953,9654
2024-11-12,123.83999633789062,124.0999984741211,121.66000366210938,121.81999969482422,9833
2024-11-13,121.5,122.31999969482422,120.63999938964844,121.76000213623047,21712
2024-11-14,121.73999786376953,123.23999786376953,121.69999694824219,123.12000274658203,2977
2024-11-15,122.23999786376953,123.22000122070312,121.91999816894531,122.33999633789062,3400
2024-11-18,122.4800033569336,122.4800033569336,121.68000030517578,122.37999725341797,1345
2024-11-19,122.77999877929688,122.77999877929688,119.80000305175781,121.33999633789062,5019
2024-11-20,122.0,122.18000030517578,120.68000030517578,120.68000030517578,2956
2024-11-21,120.81999969482422,121.18000030517578,119.81999969482422,121.18000030517578,8484
2024-11-22,121.73999786376953,122.04000091552734,120.08000183105469,121.87999725341797,8391
2024-11-25,123.12000274658203,123.12000274658203,121.69999694824219,122.12000274658203,11184
2024-11-26,121.08000183105469,122.22000122070312,121.0,121.18000030517578,5576
2024-11-27,120.0999984741211,120.68000030517578,119.5199966430664,120.37999725341797,13243
2024-11-28,120.81999969482422,121.5999984741211,120.81999969482422,121.05999755859375,8259
2024-11-29,120.80000305175781,122.12000274658203,120.80000305175781,121.94000244140625,12371
2024-12-02,120.81999969482422,123.0,120.81999969482422,122.5199966430664,7270
2024-12-03,122.9800033569336,123.95999908447266,122.36000061035156,122.76000213623047,10885
2024-12-04,123.22000122070312,123.95999908447266,123.05999755859375,123.66000366210938,8894
2024-12-05,123.5,124.33999633789062,123.41999816894531,124.19999694824219,2232
2024-12-06,124.23999786376953,126.19999694824219,124.23999786376953,125.9000015258789,19127
2024-12-09,126.73999786376953,127.19999694824219,126.13999938964844,126.66000366210938,16008
2024-12-10,126.33999633789062,126.33999633789062,124.95999908447266,125.13999938964844,250613
2024-12-11,124.95999908447266,126.05999755859375,124.95999908447266,125.83999633789062,8089
2024-12-12,126.30000305175781,126.30000305175781,125.4800033569336,125.81999969482422,3117
2024-12-13,125.5199966430664,126.19999694824219,125.22000122070312,125.54000091552734,2810
2024-12-16,125.0199966430664,125.5199966430664,124.4800033569336,124.87999725341797,8058
2024-12-17,124.54000091552734,125.44000244140625,124.27999877929688,125.18000030517578,24406
2024-12-18,125.33999633789062,125.66000366210938,125.13999938964844,125.44000244140625,5428
2024-12-19,123.68000030517578,124.36000061035156,123.27999877929688,123.83999633789062,11586
2024-12-20,122.9800033569336,123.83999633789062,122.23999786376953,123.54000091552734,5357
2024-12-23,123.19999694824219,123.83999633789062,122.83999633789062,123.83999633789062,1288
2024-12-24,123.83999633789062,124.22000122070312,123.62000274658203,123.62000274658203,2074
2024-12-27,123.69999694824219,124.73999786376953,123.5999984741211,124.73999786376953,3823
2024-12-30,124.41999816894531,125.08000183105469,124.0,124.44000244140625,2905
2024-12-31,123.0,125.73999786376953,123.0,125.73999786376953,1541
2025-01-02,125.54000091552734,125.54000091552734,123.58000183105469,125.36000061035156,1262
2025-01-03,125.08000183105469,125.08000183105469,123.23999786376953,123.4800033569336,8713
2025-01-06,124.18000030517578,126.30000305175781,123.87999725341797,126.22000122070312,7611
2025-01-07,126.31999969482422,127.41999816894531,125.81999969482422,126.86000061035156,5476
2025-01-08,126.58000183105469,126.94000244140625,125.30000305175781,126.16000366210938,24465
2025-01-09,125.45999908447266,127.16000366210938,125.45999908447266,126.91999816894531,1239
2025-01-10,126.73999786376953,127.26000213623047,125.5999984741211,125.68000030517578,1800
2025-01-13,125.23999786376953,125.41999816894531,124.33999633789062,125.22000122070312,10672
2025-01-14,126.62000274658203,126.81999969482422,125.5199966430664,125.5199966430664,2701
2025-01-15,125.86000061035156,127.23999786376953,125.5199966430664,126.45999908447266,3314
2025-01-16,128.3800048828125,129.05999755859375,127.87999725341797,129.05999755859375,8759
2025-01-17,129.55999755859375,130.63999938964844,129.55999755859375,130.25999450683594,12662
2025-01-20,130.66000366210938,131.27999877929688,130.25999450683594,130.74000549316406,4547
2025-01-21,130.67999267578125,131.5,130.66000366210938,131.5,2213
2025-01-22,131.6999969482422,133.0800018310547,131.4600067138672,132.66000366210938,5121
2025-01-23,132.72000122070312,133.75999450683594,132.5800018310547,133.75999450683594,6493
2025-01-24,134.8000030517578,135.44000244140625,133.8800048828125,134.3000030517578,6647
2025-01-27,133.36000061035156,134.05999755859375,132.6199951171875,133.6999969482422,5663
2025-01-28,133.52000427246094,134.47999572753906,133.22000122070312,133.4199981689453,2175
2025-01-29,133.16000366210938,133.32000732421875,132.5800018310547,132.94000244140625,11041
2025-01-30,133.47999572753906,134.24000549316406,133.3800048828125,134.16000366210938,3851
2025-01-31,134.47999572753906,135.05999755859375,134.0399932861328,134.24000549316406,7882
2025-02-03,131.6199951171875,132.94000244140625,131.44000244140625,132.67999267578125,4725
2025-02-04,132.9199981689453,133.25999450683594,131.9600067138672,133.16000366210938,5708
2025-02-05,132.66000366210938,132.86000061035156,132.02000427246094,132.63999938964844,2016
2025-02-06,133.1199951171875,134.89999389648438,133.0,134.72000122070312,2936
2025-02-07,134.6199951171875,134.89999389648438,133.8000030517578,134.16000366210938,8405
2025-02-10,134.39999389648438,134.77999877929688,134.0399932861328,134.77999877929688,3937
2025-02-11,134.97999572753906,135.13999938964844,134.55999755859375,135.0399932861328,12956
2025-02-12,135.44000244140625,135.74000549316406,134.44000244140625,135.27999877929688,9455
2025-02-13,136.44000244140625,137.27999877929688,136.0399932861328,136.9600067138672,604427
2025-02-14,137.32000732421875,137.82000732421875,137.17999267578125,137.27999877929688,5461
2025-02-17,137.33999633789062,137.63999938964844,137.13999938964844,137.47999572753906,5609
2025-02-18,137.77999877929688,138.10000610351562,136.97999572753906,137.74000549316406,7234
2025-02-19,137.63999938964844,137.63999938964844,135.86000061035156,136.0800018310547,28219
2025-02-20,136.75999450683594,137.22000122070312,136.0800018310547,136.27999877929688,2453
2025-02-21,136.66000366210938,137.39999389648438,136.60000610351562,137.1199951171875,12490
2025-02-24,136.77999877929688,136.94000244140625,135.5800018310547,135.94000244140625,6111
2025-02-25,135.8000030517578,136.32000732421875,135.32000732421875,135.6199951171875,739
2025-02-26,136.83999633789062,137.83999633789062,136.3000030517578,137.33999633789062,36490
2025-02-27,136.67999267578125,137.1199951171875,135.6999969482422,136.52000427246094,3489
2025-02-28,135.63999938964844,136.75999450683594,135.22000122070312,136.75999450683594,16301
2025-03-03,137.22000122070312,139.25999450683594,136.5399932861328,138.3800048828125,9890
2025-03-04,137.22000122070312,137.4600067138672,135.17999267578125,135.97999572753906,12778
2025-03-05,137.9199981689453,139.5399932861328,137.89999389648438,138.5800018310547,17783
2025-03-06,139.27999877929688,139.5399932861328,137.55999755859375,139.16000366210938,43760
2025-03-07,138.33999633789062,139.5,136.6999969482422,137.77999877929688,5379
2025-03-10,138.25999450683594,138.25999450683594,136.05999755859375,136.17999267578125,13528
2025-03-11,136.63999938964844,137.0,134.1199951171875,134.5,19353
2025-03-12,135.8000030517578,136.8800048828125,134.8000030517578,135.33999633789062,15713
2025-03-13,135.3000030517578,136.0800018310547,134.36000061035156,134.5,23800
2025-03-14,134.10000610351562,136.3800048828125,134.10000610351562,136.1999969482422,10328
2025-03-17,136.1199951171875,137.05999755859375,135.8800048828125,137.05999755859375,4461
2025-03-18,137.47999572753906,138.05999755859375,137.24000549316406,137.8800048828125,23973
2025-03-19,137.72000122070312,138.8800048828125,137.55999755859375,138.67999267578125,23858
2025-03-20,138.36000061035156,138.39999389648438,136.5,137.05999755859375,41119
2025-03-21,136.3800048828125,136.6199951171875,135.66000366210938,136.16000366210938,26010
2025-03-24,137.4600067138672,137.4600067138672,135.55999755859375,135.77999877929688,2630
2025-03-25,136.3000030517578,137.5800018310547,136.13999938964844,136.9600067138672,6852
2025-03-26,136.44000244140625,136.44000244140625,135.27999877929688,135.39999389648438,2673
2025-03-27,134.10000610351562,135.1999969482422,133.60000610351562,134.75999450683594,5693
2025-03-28,134.16000366210938,134.5399932861328,133.36000061035156,133.8000030517578,8285
2025-03-31,132.47999572753906,132.5,130.86000061035156,131.3000030517578,6066
2025-04-01,132.33999633789062,133.10000610351562,131.75999450683594,133.02000427246094,6220
2025-04-02,132.5,132.6199951171875,131.47999572753906,132.6199951171875,1949
2025-04-03,129.8800048828125,130.75999450683594,128.6999969482422,128.86000061035156,16169
2025-04-04,127.9000015258789,128.8000030517578,122.54000091552734,123.5999984741211,35694
2025-04-07,115.83999633789062,124.16000366210938,115.37999725341797,117.91999816894531,19988
2025-04-08,119.95999908447266,122.27999877929688,118.30000305175781,120.9000015258789,24908
2025-04-09,117.95999908447266,119.30000305175781,115.62000274658203,116.95999908447266,8674
2025-04-10,125.5199966430664,125.81999969482422,121.58000183105469,121.58000183105469,21277
2025-04-11,123.22000122070312,123.22000122070312,119.80000305175781,121.5199966430664,12134
2025-04-14,124.08000183105469,124.94000244140625,123.54000091552734,124.27999877929688,3368
2025-04-15,124.16000366210938,125.5199966430664,123.69999694824219,125.37999725341797,9065
2025-04-16,124.62000274658203,125.0999984741211,123.83999633789062,125.0999984741211,8167
2025-04-17,124.68000030517578,125.0,123.9000015258789,124.36000061035156,2412
2025-04-22,124.68000030517578,125.30000305175781,123.5199966430664,125.30000305175781,4339
2025-04-23,127.04000091552734,129.10000610351562,126.86000061035156,128.0800018310547,33840
2025-04-24,127.55999755859375,128.94000244140625,127.16000366210938,128.83999633789062,18976
2025-04-25,130.02000427246094,130.27999877929688,129.4199981689453,129.55999755859375,5681
2025-04-28,130.22000122070312,131.16000366210938,130.1199951171875,130.4600067138672,2423
2025-04-29,130.3000030517578,130.66000366210938,129.63999938964844,130.10000610351562,4129
2025-04-30,131.0,131.39999389648438,129.9600067138672,131.0,8483
2025-05-02,133.05999755859375,134.60000610351562,132.66000366210938,134.22000122070312,4128
2025-05-05,134.6199951171875,134.9600067138672,133.94000244140625,134.36000061035156,5659
2025-05-06,134.4600067138672,134.52000427246094,132.9600067138672,133.83999633789062,9160
2025-05-07,133.52000427246094,133.52000427246094,132.5,132.55999755859375,10934
2025-05-08,133.44000244140625,135.0,133.17999267578125,133.94000244140625,9226
2025-05-09,134.66000366210938,135.13999938964844,134.47999572753906,134.74000549316406,1551
2025-05-12,136.25999450683594,137.13999938964844,135.5,136.77999877929688,7801
2025-05-13,136.94000244140625,137.1999969482422,136.8000030517578,137.1199951171875,2067
2025-05-14,137.05999755859375,137.05999755859375,135.9600067138672,136.52000427246094,3687
2025-05-15,136.33999633789062,136.82000732421875,136.0,136.82000732421875,11579
2025-05-16,137.25999450683594,137.6999969482422,136.66000366210938,137.16000366210938,2788
2025-05-19,137.0800018310547,137.83999633789062,136.72000122070312,137.83999633789062,5877
2025-05-20,138.25999450683594,139.25999450683594,137.89999389648438,139.25999450683594,1431
2025-05-21,138.77999877929688,138.9600067138672,137.9600067138672,138.6199951171875,1867
2025-05-22,138.25999450683594,138.25999450683594,136.97999572753906,137.9600067138672,4600
2025-05-23,138.1999969482422,138.1999969482422,133.74000549316406,135.86000061035156,11782
2025-05-26,137.82000732421875,137.89999389648438,137.13999938964844,137.63999938964844,4253
2025-05-27,137.39999389648438,138.24000549316406,137.39999389648438,137.82000732421875,3133
2025-05-28,137.9199981689453,138.25999450683594,137.17999267578125,137.17999267578125,2169
2025-05-29,138.44000244140625,138.52000427246094,137.17999267578125,137.17999267578125,663
2025-05-30,137.1199951171875,137.6199951171875,136.67999267578125,136.72000122070312,12827
2025-06-02,136.27999877929688,136.32000732421875,135.24000549316406,136.24000549316406,5486
2025-06-03,136.60000610351562,136.74000549316406,135.67999267578125,136.74000549316406,1247
2025-06-04,137.17999267578125,138.24000549316406,137.16000366210938,137.67999267578125,1243
2025-06-05,138.0,138.4199981689453,136.9600067138672,137.52000427246094,2065
2025-06-06,137.60000610351562,137.83999633789062,137.10000610351562,137.60000610351562,1208
2025-06-09,137.67999267578125,137.8000030517578,137.0800018310547,137.39999389648438,2190
2025-06-10,137.36000061035156,137.6199951171875,136.8800048828125,137.27999877929688,2064
2025-06-11,137.5399932861328,137.94000244140625,136.75999450683594,136.75999450683594,5843
2025-06-12,136.0399932861328,136.66000366210938,135.1199951171875,136.32000732421875,5419
2025-06-13,134.39999389648438,135.1999969482422,134.1999969482422,134.8800048828125,6815
2025-06-16,135.33999633789062,136.27999877929688,135.24000549316406,136.0399932861328,2558
2025-06-17,134.94000244140625,135.02000427246094,134.16000366210938,134.75999450683594,2419
2025-06-18,135.02000427246094,135.16000366210938,134.0,134.33999633789062,2523
2025-06-19,133.4600067138672,133.5,132.22000122070312,132.3000030517578,4968
2025-06-20,133.0,133.8800048828125,132.94000244140625,133.0399932861328,19114
2025-06-23,132.05999755859375,133.0,131.5,132.13999938964844,2522
2025-06-24,134.89999389648438,135.10000610351562,133.8800048828125,133.94000244140625,6516
2025-06-25,134.17999267578125,134.52000427246094,132.86000061035156,132.86000061035156,4614
2025-06-26,133.44000244140625,133.5,132.5,132.74000549316406,2735
2025-06-27,133.9199981689453,135.27999877929688,133.9199981689453,135.27999877929688,24030
2025-06-30,135.60000610351562,135.6999969482422,134.89999389648438,134.94000244140625,5070
2025-07-01,135.13999938964844,135.13999938964844,134.0399932861328,135.0399932861328,1954
2025-07-02,135.77999877929688,136.6999969482422,135.22000122070312,136.17999267578125,6761
2025-07-03,136.63999938964844,136.72000122070312,135.83999633789062,136.4199981689453,5610
2025-07-04,135.66000366210938,135.66000366210938,134.8800048828125,135.5,6678
2025-07-07,135.6999969482422,136.13999938964844,135.3800048828125,136.13999938964844,931
2025-07-08,136.1199951171875,136.86000061035156,135.5800018310547,136.77999877929688,2274
2025-07-09,137.24000549316406,138.75999450683594,137.0800018310547,138.66000366210938,10234
2025-07-10,139.1999969482422,139.82000732421875,138.8000030517578,139.16000366210938,12764
2025-07-11,138.6199951171875,138.6199951171875,137.44000244140625,137.66000366210938,3328
2025-07-14,136.47999572753906,137.27999877929688,136.39999389648438,137.27999877929688,4833
2025-07-15,137.5800018310547,137.82000732421875,136.47999572753906,136.5399932861328,6540
2025-07-16,136.05999755859375,136.75999450683594,135.83999633789062,135.83999633789062,3838
2025-07-17,137.25999450683594,137.83999633789062,137.13999938964844,137.8000030517578,3067
2025-07-18,138.5,138.6999969482422,137.5800018310547,137.77999877929688,1779
2025-07-21,137.83999633789062,138.0,136.75999450683594,137.36000061035156,3321
2025-07-22,137.02000427246094,137.02000427246094,136.0800018310547,136.3800048828125,4893
2025-07-23,138.1999969482422,138.60000610351562,137.67999267578125,138.32000732421875,22325
2025-07-24,138.97999572753906,139.22000122070312,137.52000427246094,137.86000061035156,5751
2025-07-25,137.02000427246094,138.39999389648438,136.8000030517578,138.16000366210938,3019
2025-07-28,139.72000122070312,139.8000030517578,137.3000030517578,137.36000061035156,9583
2025-07-29,137.9199981689453,139.55999755859375,137.9199981689453,138.33999633789062,6422
2025-07-30,138.32000732421875,139.63999938964844,138.32000732421875,138.60000610351562,3361
2025-07-31,138.67999267578125,139.16000366210938,136.86000061035156,136.86000061035156,12668
2025-08-01,135.02000427246094,135.33999633789062,132.5,132.86000061035156,10625
2025-08-04,133.36000061035156,134.44000244140625,133.36000061035156,134.44000244140625,3997
2025-08-05,134.9600067138672,134.97999572753906,133.94000244140625,134.10000610351562,4517
2025-08-06,134.5800018310547,134.8800048828125,133.9199981689453,134.10000610351562,2986
2025-08-07,134.5399932861328,136.05999755859375,134.4199981689453,135.6199951171875,6603
2025-08-08,136.1199951171875,136.5,135.5,136.10000610351562,3678
2025-08-11,136.4600067138672,136.4600067138672,135.22000122070312,135.3000030517578,3368
2025-08-12,135.9600067138672,136.1999969482422,135.24000549316406,136.0399932861328,4212
2025-08-13,136.8000030517578,137.4199981689453,136.55999755859375,137.27999877929688,1249
2025-08-14,137.52000427246094,138.36000061035156,137.52000427246094,138.32000732421875,2856
2025-08-15,138.97999572753906,139.44000244140625,138.77999877929688,139.17999267578125,2334
2025-08-18,139.02000427246094,139.10000610351562,138.10000610351562,138.5800018310547,1731
2025-08-19,138.89999389648438,140.39999389648438,138.74000549316406,140.39999389648438,2209
2025-08-20,139.52000427246094,140.66000366210938,139.52000427246094,140.0800018310547,2553
2025-08-21,139.9600067138672,139.97999572753906,138.97999572753906,139.4600067138672,628
2025-08-22,139.10000610351562,140.39999389648438,139.10000610351562,140.0399932861328,772
2025-08-25,139.63999938964844,139.63999938964844,137.66000366210938,137.66000366210938,1936
2025-08-26,135.6199951171875,136.32000732421875,134.67999267578125,135.55999755859375,8194
2025-08-27,135.8800048828125,136.47999572753906,135.44000244140625,136.1999969482422,5805
2025-08-28,137.0399932861328,137.8000030517578,135.9600067138672,136.5800018310547,5288
2025-08-29,136.25999450683594,136.39999389648438,135.32000732421875,135.32000732421875,3378
2025-09-01,135.72000122070312,136.0,135.13999938964844,135.27999877929688,6649
2025-09-02,135.82000732421875,135.89999389648438,134.32000732421875,134.36000061035156,5035
2025-09-03,135.39999389648438,136.0,134.72000122070312,135.82000732421875,2422
2025-09-04,135.3800048828125,135.74000549316406,135.0,135.36000061035156,12325
2025-09-05,135.63999938964844,135.86000061035156,134.72000122070312,135.1199951171875,4819
2025-09-08,135.55999755859375,136.44000244140625,135.1999969482422,136.25999450683594,8046
2025-09-09,136.52000427246094,137.13999938964844,136.0800018310547,136.33999633789062,29840
2025-09-10,137.0,137.6999969482422,136.44000244140625,136.5800018310547,2622
2025-09-11,137.0800018310547,138.22000122070312,136.94000244140625,137.82000732421875,1446
2025-09-12,137.9600067138672,138.1999969482422,137.0399932861328,137.8800048828125,3234
2025-09-15,138.24000549316406,139.75999450683594,138.24000549316406,139.10000610351562,6474
2025-09-16,138.94000244140625,139.4199981689453,137.6199951171875,137.77999877929688,3210
2025-09-17,138.22000122070312,138.22000122070312,137.13999938964844,137.13999938964844,38696
2025-09-18,137.97999572753906,139.13999938964844,137.97999572753906,138.55999755859375,4706
2025-09-19,139.05999755859375,139.97999572753906,138.52000427246094,138.52000427246094,7278
2025-09-22,138.44000244140625,138.44000244140625,137.5,138.1199951171875,18407
2025-09-23,138.8000030517578,139.66000366210938,138.74000549316406,138.74000549316406,1643
2025-09-24,138.66000366210938,138.66000366210938,137.55999755859375,137.75999450683594,3860
2025-09-25,137.1199951171875,137.67999267578125,136.55999755859375,137.22000122070312,8783
2025-09-26,137.94000244140625,138.72000122070312,137.75999450683594,138.6199951171875,2989
2025-09-29,138.77999877929688,139.32000732421875,138.67999267578125,139.0399932861328,2155
2025-09-30,138.83999633789062,139.47999572753906,138.1999969482422,139.47999572753906,2527
2025-10-01,139.60000610351562,141.3000030517578,139.1999969482422,141.02000427246094,1795
2025-10-02,142.10000610351562,143.22000122070312,141.94000244140625,142.6999969482422,5390
2025-10-03,143.22000122070312,143.39999389648438,142.44000244140625,143.1999969482422,5901
2025-10-06,142.25999450683594,142.32000732421875,140.17999267578125,141.13999938964844,7268
2025-10-07,141.22000122070312,141.83999633789062,140.4600067138672,141.1999969482422,4066
2025-10-08,141.52000427246094,142.83999633789062,141.39999389648438,142.6199951171875,49635
2025-10-09,142.94000244140625,143.39999389648438,142.27999877929688,142.27999877929688,1994
2025-10-10,142.77999877929688,143.17999267578125,140.17999267578125,140.17999267578125,12138
2025-10-13,140.94000244140625,141.86000061035156,140.10000610351562,140.74000549316406,7001
2025-10-14,139.44000244140625,140.52000427246094,138.6999969482422,140.27999877929688,3147
2025-10-15,143.5,143.89999389648438,143.0,143.0,7848
2025-10-16,142.89999389648438,144.97999572753906,142.52000427246094,144.97999572753906,6259
2025-10-17,143.3800048828125,145.55999755859375,143.25999450683594,144.83999633789062,18036
2025-10-20,145.63999938964844,145.9199981689453,144.5,145.44000244140625,2684
2025-10-21,145.4600067138672,146.8000030517578,145.4600067138672,146.5800018310547,1837
2025-10-22,145.33999633789062,146.1999969482422,145.1999969482422,145.3800048828125,4008
2025-10-23,145.13999938964844,145.9600067138672,145.13999938964844,145.39999389648438,2504
2025-10-24,145.52589416503906,145.52589416503906,145.52589416503906,145.52589416503906,0
2025-10-27,145.5800018310547,146.0,145.16000366210938,145.86000061035156,1860
2025-10-28,145.75999450683594,146.0,145.3000030517578,145.4600067138672,3102
2025-10-29,145.0,145.60000610351562,144.8800048828125,145.02000427246094,1109
2025-10-30,144.6199951171875,145.22000122070312,143.6999969482422,144.27999877929688,11861
2025-10-31,144.25999450683594,144.32000732421875,143.25999450683594,143.6199951171875,3481
2025-11-03,143.17999267578125,144.0,143.10000610351562,143.1999969482422,2969
2025-11-04,141.3800048828125,142.55999755859375,140.75999450683594,142.55999755859375,2208
2025-11-05,141.55999755859375,143.0399932861328,141.55999755859375,142.75999450683594,23535
2025-11-06,141.77999877929688,142.13999938964844,140.39999389648438,140.39999389648438,28011
2025-11-07,141.0399932861328,141.1199951171875,139.5,140.39999389648438,5579
2025-11-10,141.6199951171875,142.3800048828125,141.52000427246094,142.13999938964844,1409
2025-11-11,142.5399932861328,143.9199981689453,142.5399932861328,143.83999633789062,7180
2025-11-12,144.4600067138672,146.0399932861328,144.4199981689453,145.32000732421875,5151
2025-11-13,146.17999267578125,146.66000366210938,145.0399932861328,145.05999755859375,2747
2025-11-14,144.25999450683594,144.44000244140625,142.4600067138672,143.8800048828125,6426
2025-11-17,143.97999572753906,143.97999572753906,142.83999633789062,142.94000244140625,2788
2025-11-18,141.13999938964844,141.33999633789062,139.55999755859375,140.24000549316406,2516
2025-11-19,140.1199951171875,140.97999572753906,139.3800048828125,139.97999572753906,12425
2025-11-20,141.72000122070312,141.77999877929688,140.16000366210938,140.16000366210938,4486
2025-11-21,139.05999755859375,140.5800018310547,138.97999572753906,140.5,1288
2025-11-24,141.16000366210938,141.4199981689453,140.24000549316406,140.24000549316406,4400
2025-11-25,140.5399932861328,141.4600067138672,139.86000061035156,141.27999877929688,3534
2025-11-26,142.16000366210938,142.4600067138672,141.25999450683594,142.4199981689453,938
2025-11-27,142.5,142.74000549316406,142.10000610351562,142.6199951171875,4087
2025-11-28,142.67999267578125,143.02000427246094,142.25999450683594,142.89999389648438,2556
2025-12-01,142.1199951171875,142.72000122070312,141.66000366210938,142.6199951171875,2453
2025-12-02,142.4600067138672,143.24000549316406,142.13999938964844,142.17999267578125,3175
2025-12-03,142.24000549316406,142.5,141.5800018310547,142.22000122070312,6067
2025-12-04,142.72000122070312,143.24000549316406,142.5800018310547,142.72000122070312,2508
2025-12-05,143.24000549316406,143.72000122070312,142.94000244140625,142.94000244140625,1386
2025-12-08,142.55999755859375,142.89999389648438,142.33999633789062,142.75999450683594,1583
2025-12-09,142.9199981689453,143.02000427246094,141.3800048828125,141.66000366210938,3162
2025-12-10,141.1999969482422,141.4600067138672,140.89999389648438,141.32000732421875,928
2025-12-11,141.55999755859375,142.74000549316406,141.5399932861328,142.6199951171875,1324
2025-12-12,142.8000030517578,143.82000732421875,142.3000030517578,142.3800048828125,1415
2025-12-15,142.72000122070312,143.89999389648438,142.5,143.3800048828125,1746
2025-12-16,143.24000549316406,143.75999450683594,142.74000549316406,143.05999755859375,1411
2025-12-17,143.17999267578125,143.36000061035156,142.3800048828125,142.4600067138672,14945
2025-12-18,142.55999755859375,143.9600067138672,142.44000244140625,143.5399932861328,970
2025-12-19,143.60000610351562,144.0,143.1999969482422,143.6199951171875,2435
2025-12-22,143.25999450683594,143.32000732421875,142.55999755859375,142.89999389648438,986
2025-12-23,142.77999877929688,142.89999389648438,142.33999633789062,142.6199951171875,857
2025-12-24,142.89999389648438,143.0,142.47999572753906,142.66000366210938,1085
2025-12-29,142.66000366210938,143.13999938964844,142.1199951171875,142.9600067138672,6278
2025-12-30,142.66000366210938,144.0,142.44000244140625,143.8800048828125,1276
2025-12-31,143.63999938964844,143.6999969482422,142.8800048828125,143.6999969482422,2768
2026-01-02,143.1999969482422,144.63999938964844,143.1999969482422,144.32000732421875,8505
2026-01-05,144.82000732421875,145.3000030517578,143.9600067138672,144.66000366210938,3210
2026-01-06,144.44000244140625,145.4600067138672,143.44000244140625,144.97999572753906,4759
2026-01-07,145.5800018310547,145.6199951171875,144.9199981689453,145.3000030517578,4944
2026-01-08,145.13999938964844,145.63999938964844,144.75999450683594,145.47999572753906,4305
2026-01-09,146.0800018310547,147.47999572753906,146.0800018310547,147.33999633789062,13690
2026-01-12,147.0800018310547,147.77999877929688,146.5,147.27999877929688,2288
2026-01-13,146.9199981689453,147.17999267578125,146.27999877929688,146.86000061035156,1129
2026-01-14,147.5,147.67999267578125,146.3000030517578,146.3000030517578,4623
2026-01-15,146.63999938964844,146.77999877929688,145.72000122070312,146.02000427246094,5921
2026-01-16,146.0,146.13999938964844,144.60000610351562,145.02000427246094,4091
2026-01-19,142.44000244140625,143.27999877929688,141.89999389648438,142.3000030517578,5726
2026-01-20,141.1199951171875,141.16000366210938,140.10000610351562,141.10000610351562,4708
2026-01-21,141.0399932861328,141.5399932861328,140.1199951171875,141.10000610351562,2410
2026-01-22,142.83999633789062,143.33999633789062,142.52000427246094,142.60000610351562,7108
2026-01-23,142.10000610351562,142.67999267578125,141.60000610351562,142.4199981689453,1790
2026-01-26,142.16000366210938,142.5,141.60000610351562,142.22000122070312,3555
2026-01-27,142.67999267578125,142.75999450683594,141.89999389648438,142.33999633789062,1098
2026-01-28,141.33999633789062,141.33999633789062,139.83999633789062,140.5800018310547,7659
2026-01-29,141.4600067138672,142.0,140.52000427246094,140.5399932861328,1530
2026-01-30,140.82000732421875,141.86000061035156,140.82000732421875,141.66000366210938,1655
2026-02-02,141.0399932861328,143.44000244140625,141.0399932861328,143.1999969482422,9175
2026-02-03,143.55999755859375,143.83999633789062,141.82000732421875,142.8800048828125,2374
2026-02-04,143.1999969482422,144.8800048828125,143.1999969482422,144.39999389648438,25465
2026-02-05,145.05999755859375,145.33999633789062,143.0,143.82000732421875,4924
2026-02-06,143.33999633789062,144.5,142.5800018310547,144.39999389648438,1228
2026-02-09,144.9600067138672,145.24000549316406,144.17999267578125,145.24000549316406,1675
2026-02-10,145.72000122070312,146.24000549316406,145.1999969482422,145.4600067138672,2172
2026-02-11,145.0800018310547,145.44000244140625,144.0800018310547,144.5399932861328,5465
2026-02-12,146.6199951171875,146.67999267578125,145.16000366210938,145.16000366210938,7010
2026-02-13,144.74000549316406,145.0399932861328,144.0,144.02000427246094,13353
2026-02-16,144.33999633789062,144.9600067138672,144.22000122070312,144.27999877929688,3961
2026-02-17,144.39999389648438,145.0800018310547,143.74000549316406,144.9199981689453,26976
2026-02-18,145.25999450683594,146.1999969482422,144.94000244140625,146.10000610351562,16327
2026-02-19,145.6199951171875,145.74000549316406,144.5,145.22000122070312,2339
2026-02-20,146.1199951171875,147.74000549316406,145.8000030517578,147.5,15432
2026-02-23,147.3000030517578,147.72000122070312,146.94000244140625,147.10000610351562,2084
2026-02-24,146.72000122070312,147.94000244140625,146.39999389648438,147.39999389648438,1660
2026-02-25,147.89999389648438,148.0399932861328,147.39999389648438,147.97999572753906,1412
2026-02-26,148.33999633789062,149.66000366210938,148.33999633789062,149.24000549316406,4430
2026-02-27,149.16000366210938,149.52000427246094,148.0800018310547,148.8000030517578,1742
2026-03-02,144.25999450683594,145.77999877929688,144.16000366210938,144.66000366210938,6164
2026-03-03,142.60000610351562,142.60000610351562,139.1199951171875,139.5399932861328,6165
2026-03-04,140.0800018310547,141.63999938964844,139.44000244140625,140.83999633789062,7112
2026-03-05,140.22000122070312,141.75999450683594,138.75999450683594,139.0800018310547,60802
2026-03-06,139.4199981689453,140.02000427246094,136.5399932861328,138.10000610351562,32922
2026-03-09,134.47999572753906,136.47999572753906,133.83999633789062,136.1199951171875,33769
2026-03-10,139.33999633789062,139.72000122070312,137.97999572753906,138.83999633789062,2324
2026-03-11,137.63999938964844,138.6199951171875,136.89999389648438,138.33999633789062,5902
2026-03-12,137.55999755859375,137.9199981689453,136.17999267578125,137.33999633789062,3506
2026-03-13,135.82000732421875,137.55999755859375,135.25999450683594,135.63999938964844,3308
2026-03-16,135.89999389648438,136.6199951171875,134.6199951171875,136.22000122070312,1770
2026-03-17,135.97999572753906,137.4199981689453,135.8800048828125,136.5,3920
2026-03-18,137.33999633789062,137.8800048828125,135.6999969482422,136.1999969482422,2149
2026-03-19,134.17999267578125,134.5800018310547,132.25999450683594,132.5800018310547,8355
2026-03-20,133.94000244140625,134.02000427246094,130.0399932861328,130.0399932861328,33333
