date,open,high,low,close,volume
2010-01-04,3952.2099609375,4013.969970703125,3950.610107421875,4013.969970703125,113396000
2010-01-05,4012.429931640625,4028.340087890625,3993.330078125,4012.909912109375,129518600
2010-01-06,4014.449951171875,4022.93994140625,3996.800048828125,4017.669921875,110087000
2010-01-07,4005.9599609375,4032.239990234375,3983.89990234375,4024.800048828125,118430400
2010-01-08,4042.639892578125,4051.409912109375,4013.340087890625,4045.139892578125,131783200
2010-01-11,4071.39990234375,4088.179931640625,4039.330078125,4043.090087890625,110068800
2010-01-12,4044.18994140625,4049.47998046875,3980.199951171875,4000.050048828125,124775800
2010-01-13,3979.93994140625,4007.860107421875,3979.14990234375,4000.860107421875,117700800
2010-01-14,4029.199951171875,4029.7099609375,3993.5,4015.77001953125,108974600
2010-01-15,4030.93994140625,4044.080078125,3949.89990234375,3954.3798828125,162295200
2010-01-18,3971.169921875,3982.7900390625,3954.280029296875,3977.4599609375,86949800
2010-01-19,3968.72998046875,4019.8798828125,3930.909912109375,4009.669921875,115690200
2010-01-20,3996.360107421875,4013.47998046875,3915.9599609375,3928.949951171875,143524600
2010-01-21,3955.780029296875,3966.199951171875,3862.159912109375,3862.159912109375,112341400
2010-01-22,3840.06005859375,3859.64990234375,3786.2900390625,3820.780029296875,170381000
2010-01-25,3793.6298828125,3833.43994140625,3780.5,3781.85009765625,131374000
2010-01-26,3748.030029296875,3807.47998046875,3741.360107421875,3807.0400390625,141543200
2010-01-27,3769.659912109375,3793.6298828125,3737.2900390625,3759.800048828125,136321600
2010-01-28,3812.18994140625,3812.18994140625,3688.7900390625,3688.7900390625,168079800
2010-01-29,3712.02001953125,3768.389892578125,3696.0,3739.4599609375,149875800
2010-02-01,3713.169921875,3774.360107421875,3702.010009765625,3762.010009765625,119833200
2010-02-02,3766.830078125,3819.070068359375,3737.719970703125,3812.1298828125,134752600
2010-02-03,3819.77001953125,3831.3798828125,3784.320068359375,3793.469970703125,124554600
2010-02-04,3792.419921875,3806.2099609375,3685.570068359375,3689.25,175687000
2010-02-05,3665.909912109375,3673.7099609375,3563.760009765625,3563.760009765625,263299600
2010-02-08,3595.3798828125,3616.669921875,3545.909912109375,3607.27001953125,169862000
2010-02-09,3598.659912109375,3633.590087890625,3583.5400390625,3612.760009765625,147671300
2010-02-10,3638.389892578125,3673.6298828125,3617.719970703125,3635.610107421875,187758600
2010-02-11,3659.949951171875,3675.639892578125,3581.860107421875,3616.75,261448600
2010-02-12,3647.27001953125,3661.0400390625,3579.39990234375,3599.070068359375,186454000
2010-02-15,3621.409912109375,3641.97998046875,3599.6298828125,3609.219970703125,109986800
2010-02-16,3641.419921875,3669.0400390625,3602.31005859375,3669.0400390625,147701400
2010-02-17,3707.179931640625,3748.659912109375,3700.18994140625,3725.2099609375,149233400
2010-02-18,3719.06005859375,3752.050048828125,3711.31005859375,3747.830078125,132533000
2010-02-19,3711.860107421875,3772.669921875,3707.18994140625,3769.5400390625,137178400
2010-02-22,3780.679931640625,3781.97998046875,3752.8798828125,3756.699951171875,147653400
2010-02-23,3780.340087890625,3791.56005859375,3696.489990234375,3707.06005859375,149071400
2010-02-24,3713.43994140625,3727.81005859375,3683.81005859375,3715.679931640625,128846800
2010-02-25,3694.56005859375,3724.68994140625,3633.81005859375,3640.77001953125,171807600
2010-02-26,3680.610107421875,3710.31005859375,3648.340087890625,3708.800048828125,151634000
2010-03-01,3739.56005859375,3771.81005859375,3724.840087890625,3769.5400390625,145259800
2010-03-02,3770.639892578125,3811.919921875,3763.159912109375,3811.919921875,120318200
2010-03-03,3799.330078125,3849.72998046875,3787.9599609375,3842.52001953125,123313800
2010-03-04,3813.39990234375,3850.72998046875,3809.719970703125,3828.409912109375,148795800
2010-03-05,3845.989990234375,3910.419921875,3838.340087890625,3910.419921875,153790200
2010-03-08,3924.219970703125,3924.219970703125,3901.969970703125,3903.5400390625,112178600
2010-03-09,3907.72998046875,3919.52001953125,3876.090087890625,3910.010009765625,125235600
2010-03-10,3908.389892578125,3950.639892578125,3902.110107421875,3943.550048828125,123160400
2010-03-11,3921.260009765625,3946.14990234375,3909.949951171875,3928.949951171875,112501200
2010-03-12,3933.969970703125,3956.419921875,3919.070068359375,3927.39990234375,114568600
2010-03-15,3921.0,3925.860107421875,3889.1298828125,3890.909912109375,94752800
2010-03-16,3914.389892578125,3951.469970703125,3910.81005859375,3938.949951171875,108838800
2010-03-17,3954.300048828125,3967.510009765625,3943.169921875,3957.889892578125,124548900
2010-03-18,3936.93994140625,3964.780029296875,3923.260009765625,3938.179931640625,125638800
2010-03-19,3953.43994140625,3963.530029296875,3906.110107421875,3925.43994140625,184326800
2010-03-22,3908.550048828125,3928.0,3868.02001953125,3928.0,119579800
2010-03-23,3927.6201171875,3962.199951171875,3926.8701171875,3952.550048828125,111188200
2010-03-24,3960.27001953125,3966.9599609375,3907.85009765625,3949.81005859375,132041600
2010-03-25,3951.7099609375,4008.699951171875,3950.949951171875,4000.47998046875,137603800
2010-03-26,3990.989990234375,4002.919921875,3979.8701171875,3988.929931640625,105178200
2010-03-29,4002.1298828125,4017.639892578125,3971.1201171875,4000.659912109375,99561400
2010-03-30,4018.199951171875,4028.639892578125,3978.8701171875,3987.409912109375,117886800
2010-03-31,3982.14990234375,3998.570068359375,3943.030029296875,3974.010009765625,139164200
2010-04-01,3996.530029296875,4041.580078125,3989.830078125,4034.22998046875,111669600
2010-04-06,4048.89990234375,4065.070068359375,4026.739990234375,4053.93994140625,113667400
2010-04-07,4049.25,4052.030029296875,4020.169921875,4026.969970703125,115462800
2010-04-08,4007.3701171875,4012.10009765625,3952.139892578125,3978.4599609375,124318400
2010-04-09,4008.429931640625,4050.5400390625,4008.199951171875,4050.5400390625,104637800
2010-04-12,4078.3798828125,4082.110107421875,4032.0400390625,4050.5,106880000
2010-04-13,4038.72998046875,4058.10009765625,4020.7099609375,4031.989990234375,126779600
2010-04-14,4051.64990234375,4074.2900390625,4046.610107421875,4057.699951171875,136845000
2010-04-15,4069.300048828125,4084.68994140625,4036.89990234375,4065.64990234375,136845000
2010-04-16,4044.889892578125,4086.0,3976.419921875,3986.6298828125,191295400
2010-04-19,3964.530029296875,3987.050048828125,3949.080078125,3970.469970703125,0
2010-04-20,3987.75,4030.0400390625,3970.6298828125,4026.64990234375,119539400
2010-04-21,4037.389892578125,4037.389892578125,3976.949951171875,3977.669921875,138462800
2010-04-22,3969.5,4007.300048828125,3907.429931640625,3924.64990234375,189281900
2010-04-23,3921.8701171875,3968.5,3907.18994140625,3951.300048828125,161657800
2010-04-26,3995.260009765625,4017.530029296875,3978.31005859375,3997.389892578125,129533400
2010-04-27,3988.8701171875,3995.9599609375,3844.60009765625,3844.60009765625,164571600
2010-04-28,3815.389892578125,3848.14990234375,3749.530029296875,3787.0,284113000
2010-04-29,3796.43994140625,3857.639892578125,3775.340087890625,3840.6201171875,180090900
2010-04-30,3829.639892578125,3857.080078125,3783.949951171875,3816.989990234375,179653200
2010-05-03,3796.7900390625,3847.2099609375,3771.9599609375,3828.4599609375,100879200
2010-05-04,3827.050048828125,3836.169921875,3678.889892578125,3689.2900390625,245235200
2010-05-05,3688.14990234375,3705.080078125,3613.570068359375,3636.030029296875,274467800
2010-05-06,3583.75,3667.889892578125,3541.820068359375,3556.110107421875,331062400
2010-05-07,3454.60009765625,3538.860107421875,3349.9599609375,3392.590087890625,438501300
2010-05-10,3605.840087890625,3720.2900390625,3461.9599609375,3720.2900390625,413011200
2010-05-11,3655.239990234375,3700.2900390625,3623.219970703125,3693.199951171875,222168000
2010-05-12,3665.77001953125,3763.070068359375,3639.340087890625,3733.8701171875,207577300
2010-05-13,3774.10009765625,3774.10009765625,3702.739990234375,3731.5400390625,130644800
2010-05-14,3706.77001953125,3711.1201171875,3543.739990234375,3560.360107421875,239780000
2010-05-17,3526.8701171875,3594.93994140625,3515.39990234375,3543.550048828125,167306700
2010-05-18,3601.3798828125,3640.06005859375,3576.27001953125,3617.320068359375,158030000
2010-05-19,3557.35009765625,3576.139892578125,3485.889892578125,3511.669921875,221007000
2010-05-20,3522.4599609375,3555.639892578125,3362.169921875,3432.52001953125,279907600
2010-05-21,3433.18994140625,3458.669921875,3341.760009765625,3430.739990234375,291508000
2010-05-24,3460.489990234375,3477.860107421875,3399.580078125,3430.929931640625,134297800
2010-05-25,3326.5400390625,3348.639892578125,3287.570068359375,3331.2900390625,224325800
2010-05-26,3393.43994140625,3449.570068359375,3374.780029296875,3408.590087890625,220441200
2010-05-27,3433.27001953125,3527.699951171875,3420.780029296875,3525.31005859375,207762200
2010-05-28,3553.169921875,3553.169921875,3501.169921875,3515.06005859375,153896600
2010-05-31,3506.300048828125,3528.780029296875,3498.070068359375,3507.56005859375,64323600
2010-06-01,3481.659912109375,3521.239990234375,3414.5,3503.080078125,187823600
2010-06-02,3471.830078125,3505.72998046875,3432.199951171875,3501.5,143898400
2010-06-03,3572.760009765625,3598.3798828125,3549.8798828125,3557.340087890625,163039000
2010-06-04,3567.989990234375,3593.0,3443.110107421875,3455.610107421875,223099000
2010-06-07,3397.169921875,3455.320068359375,3381.72998046875,3413.719970703125,175973200
2010-06-08,3433.860107421875,3433.860107421875,3343.590087890625,3380.360107421875,177003000
2010-06-09,3411.81005859375,3446.77001953125,3364.840087890625,3446.77001953125,167829200
2010-06-10,3416.5400390625,3538.610107421875,3405.260009765625,3516.639892578125,172744600
2010-06-11,3536.85009765625,3570.389892578125,3507.570068359375,3555.52001953125,177228600
2010-06-14,3583.469970703125,3630.159912109375,3581.969970703125,3626.0400390625,155673600
2010-06-15,3590.830078125,3672.7099609375,3590.830078125,3661.510009765625,152375600
2010-06-16,3689.64990234375,3689.64990234375,3639.280029296875,3675.929931640625,166233600
2010-06-17,3671.9599609375,3716.18994140625,3660.25,3683.080078125,147755800
2010-06-18,3685.35009765625,3704.590087890625,3662.580078125,3687.2099609375,197360200
2010-06-21,3750.699951171875,3759.5400390625,3722.3798828125,3736.14990234375,131633000
2010-06-22,3703.31005859375,3726.0400390625,3671.389892578125,3705.320068359375,136381400
2010-06-23,3665.85009765625,3696.030029296875,3626.5400390625,3641.7900390625,133447000
2010-06-24,3666.419921875,3667.93994140625,3543.469970703125,3555.360107421875,151023400
2010-06-25,3559.1201171875,3577.510009765625,3504.31005859375,3519.72998046875,144737600
2010-06-28,3537.669921875,3577.590087890625,3506.659912109375,3576.449951171875,110519000
2010-06-29,3520.330078125,3532.3798828125,3424.719970703125,3432.989990234375,176011800
2010-06-30,3448.0,3470.68994140625,3408.550048828125,3442.889892578125,169320000
2010-07-01,3386.7900390625,3403.080078125,3321.35009765625,3339.89990234375,188797200
2010-07-02,3371.89990234375,3390.780029296875,3337.409912109375,3348.3701171875,161435300
2010-07-05,3362.719970703125,3364.75,3331.590087890625,3332.4599609375,82880200
2010-07-06,3352.389892578125,3456.429931640625,3349.679931640625,3423.360107421875,139601000
2010-07-07,3386.469970703125,3483.43994140625,3361.179931640625,3483.43994140625,161380200
2010-07-08,3516.1298828125,3553.610107421875,3504.780029296875,3538.25,137177600
2010-07-09,3567.3701171875,3570.889892578125,3540.389892578125,3554.47998046875,102697000
2010-07-12,3562.699951171875,3593.1201171875,3545.570068359375,3567.659912109375,81693200
2010-07-13,3568.389892578125,3642.530029296875,3567.679931640625,3637.760009765625,120330000
2010-07-14,3652.18994140625,3656.760009765625,3596.27001953125,3632.97998046875,104902600
2010-07-15,3617.3701171875,3654.10009765625,3569.409912109375,3581.820068359375,129048000
2010-07-16,3595.02001953125,3614.590087890625,3487.2099609375,3500.159912109375,153679600
2010-07-19,3476.070068359375,3534.489990234375,3476.070068359375,3486.330078125,98873200
2010-07-20,3512.419921875,3514.389892578125,3419.77001953125,3468.02001953125,121121400
2010-07-21,3500.360107421875,3541.590087890625,3488.6201171875,3493.919921875,121735000
2010-07-22,3473.47998046875,3604.89990234375,3469.469970703125,3600.570068359375,152198400
2010-07-23,3595.659912109375,3628.199951171875,3575.320068359375,3607.050048828125,144253200
2010-07-26,3634.760009765625,3636.179931640625,3589.929931640625,3636.179931640625,120159000
2010-07-27,3661.06005859375,3698.02001953125,3654.219970703125,3666.39990234375,189935300
2010-07-28,3680.60009765625,3700.39990234375,3656.18994140625,3670.360107421875,144008200
2010-07-29,3680.06005859375,3720.6298828125,3651.909912109375,3651.909912109375,163107200
2010-07-30,3647.2099609375,3680.070068359375,3600.830078125,3643.139892578125,212444400
2010-08-02,3675.8798828125,3755.719970703125,3671.929931640625,3752.030029296875,128950400
2010-08-03,3744.52001953125,3751.9599609375,3716.0400390625,3747.510009765625,118021400
2010-08-04,3746.56005859375,3779.989990234375,3716.030029296875,3760.719970703125,122176400
2010-08-05,3763.719970703125,3802.93994140625,3758.52001953125,3764.18994140625,111002400
2010-08-06,3780.820068359375,3794.030029296875,3698.14990234375,3716.050048828125,137452400
2010-08-09,3764.25,3781.6298828125,3752.989990234375,3777.3701171875,90481000
2010-08-10,3769.469970703125,3771.669921875,3710.010009765625,3730.580078125,104085000
2010-08-11,3705.43994140625,3708.6201171875,3625.699951171875,3628.2900390625,130808800
2010-08-12,3611.4599609375,3641.85009765625,3584.43994140625,3621.070068359375,142554800
2010-08-13,3650.4599609375,3652.080078125,3577.5400390625,3610.909912109375,112094400
2010-08-16,3622.60009765625,3628.659912109375,3563.8798828125,3597.60009765625,81349400
2010-08-17,3615.35009765625,3664.6201171875,3610.27001953125,3663.1298828125,98604600
2010-08-18,3650.52001953125,3668.5,3625.489990234375,3647.929931640625,84809600
2010-08-19,3666.93994140625,3680.030029296875,3570.35009765625,3572.39990234375,126822600
2010-08-20,3570.39990234375,3596.429931640625,3517.489990234375,3526.1201171875,122422600
2010-08-23,3536.949951171875,3583.449951171875,3524.6298828125,3553.22998046875,84709800
2010-08-24,3523.489990234375,3529.909912109375,3457.1201171875,3491.110107421875,129505800
2010-08-25,3482.530029296875,3500.81005859375,3414.840087890625,3450.18994140625,139057400
2010-08-26,3490.75,3491.85009765625,3455.510009765625,3475.030029296875,117566800
2010-08-27,3460.35009765625,3509.580078125,3435.550048828125,3507.43994140625,124786200
2010-08-30,3518.68994140625,3520.699951171875,3477.27001953125,3487.010009765625,70376000
2010-08-31,3435.050048828125,3490.7900390625,3430.909912109375,3490.7900390625,132464300
2010-09-01,3507.8701171875,3626.260009765625,3478.85009765625,3623.840087890625,168577800
2010-09-02,3610.39990234375,3646.2900390625,3598.179931640625,3631.429931640625,121208000
2010-09-03,3642.10009765625,3706.47998046875,3631.320068359375,3672.199951171875,132819000
2010-09-06,3695.469970703125,3695.469970703125,3674.760009765625,3684.72998046875,74534600
2010-09-07,3669.14990234375,3672.5400390625,3620.360107421875,3643.81005859375,108087700
2010-09-08,3632.6201171875,3686.909912109375,3613.2900390625,3677.2099609375,125221000
2010-09-09,3666.760009765625,3731.06005859375,3655.469970703125,3722.14990234375,123690800
2010-09-10,3703.02001953125,3731.860107421875,3697.179931640625,3725.820068359375,109389800
2010-09-13,3765.239990234375,3781.47998046875,3751.570068359375,3767.14990234375,131294400
2010-09-14,3767.3798828125,3784.1298828125,3746.969970703125,3774.39990234375,118190200
2010-09-15,3776.18994140625,3784.0400390625,3738.43994140625,3755.639892578125,117818000
2010-09-16,3757.909912109375,3766.1298828125,3729.669921875,3736.300048828125,107104400
2010-09-17,3778.239990234375,3795.47998046875,3705.2900390625,3722.02001953125,278399800
2010-09-20,3738.0,3792.3798828125,3737.010009765625,3788.010009765625,142000600
2010-09-21,3781.739990234375,3824.97998046875,3777.6201171875,3784.39990234375,146668200
2010-09-22,3796.75,3796.75,3729.820068359375,3735.050048828125,141261000
2010-09-23,3762.429931640625,3771.68994140625,3666.22998046875,3710.610107421875,133300600
2010-09-24,3687.830078125,3786.35009765625,3686.2900390625,3782.47998046875,191285800
2010-09-27,3796.530029296875,3800.8701171875,3764.1201171875,3766.159912109375,109771000
2010-09-28,3750.530029296875,3780.449951171875,3711.14990234375,3762.35009765625,157413800
2010-09-29,3780.929931640625,3798.47998046875,3725.570068359375,3737.1201171875,143812000
2010-09-30,3711.9599609375,3782.669921875,3693.4599609375,3715.179931640625,160919000
2010-10-01,3722.929931640625,3754.080078125,3672.89990234375,3692.090087890625,135442000
2010-10-04,3689.179931640625,3691.800048828125,3640.47998046875,3649.81005859375,113094000
2010-10-05,3648.9599609375,3742.659912109375,3638.340087890625,3731.929931640625,124876600
2010-10-06,3750.8701171875,3779.7099609375,3746.6298828125,3764.909912109375,145799900
2010-10-07,3769.260009765625,3799.7099609375,3732.449951171875,3770.469970703125,134926800
2010-10-08,3763.35009765625,3774.919921875,3738.56005859375,3763.179931640625,123024800
2010-10-11,3770.030029296875,3782.02001953125,3763.639892578125,3768.489990234375,99536800
2010-10-12,3738.0400390625,3756.25,3700.260009765625,3748.860107421875,127968000
2010-10-13,3768.85009765625,3828.340087890625,3766.929931640625,3828.340087890625,126062800
2010-10-14,3833.419921875,3845.360107421875,3812.409912109375,3819.169921875,153148800
2010-10-15,3829.68994140625,3837.510009765625,3798.929931640625,3827.3701171875,145198400
2010-10-18,3803.4599609375,3842.389892578125,3798.1298828125,3834.5,88536800
2010-10-19,3828.75,3853.9599609375,3794.889892578125,3807.169921875,137790400
2010-10-20,3793.389892578125,3832.8701171875,3786.360107421875,3828.14990234375,115420600
2010-10-21,3820.72998046875,3889.739990234375,3811.43994140625,3878.27001953125,135072000
2010-10-22,3859.330078125,3887.820068359375,3855.909912109375,3868.5400390625,103381200
2010-10-25,3894.909912109375,3894.909912109375,3862.800048828125,3870.0,90223000
2010-10-26,3854.580078125,3866.35009765625,3818.949951171875,3852.659912109375,113039400
2010-10-27,3836.1201171875,3867.889892578125,3811.0,3815.77001953125,125054700
2010-10-28,3838.1298828125,3862.969970703125,3821.8798828125,3834.840087890625,115316500
2010-10-29,3828.7099609375,3857.580078125,3807.800048828125,3833.5,112293600
2010-11-01,3865.0400390625,3873.77001953125,3812.3701171875,3841.110107421875,88108800
2010-11-02,3830.39990234375,3879.35009765625,3830.139892578125,3865.719970703125,96852400
2010-11-03,3880.080078125,3890.89990234375,3834.679931640625,3842.93994140625,116760500
2010-11-04,3885.169921875,3931.760009765625,3885.169921875,3916.780029296875,244575600
2010-11-05,3928.010009765625,3937.639892578125,3893.929931640625,3916.72998046875,156369000
2010-11-08,3915.340087890625,3919.860107421875,3896.699951171875,3913.699951171875,116917100
2010-11-09,3903.85009765625,3961.699951171875,3902.639892578125,3945.7099609375,131200100
2010-11-10,3923.25,3932.669921875,3869.199951171875,3888.449951171875,181527000
2010-11-11,3900.830078125,3903.199951171875,3848.10009765625,3867.35009765625,168785200
2010-11-12,3796.610107421875,3853.31005859375,3769.590087890625,3831.1201171875,171830200
2010-11-15,3810.239990234375,3875.6298828125,3797.75,3864.239990234375,108250800
2010-11-16,3836.72998046875,3842.1201171875,3762.469970703125,3762.469970703125,159943600
2010-11-17,3753.760009765625,3798.72998046875,3753.06005859375,3792.35009765625,114469600
2010-11-18,3823.530029296875,3873.580078125,3822.14990234375,3867.969970703125,149425000
2010-11-19,3871.5,3871.5,3827.030029296875,3860.159912109375,118989600
2010-11-22,3892.64990234375,3896.070068359375,3812.47998046875,3818.889892578125,132362800
2010-11-23,3792.139892578125,3803.860107421875,3724.419921875,3724.419921875,157190800
2010-11-24,3738.469970703125,3760.780029296875,3703.719970703125,3747.610107421875,159483400
2010-11-25,3752.419921875,3767.68994140625,3730.0400390625,3760.419921875,103016400
2010-11-26,3728.989990234375,3743.97998046875,3687.429931640625,3728.64990234375,139703200
2010-11-29,3748.10009765625,3773.89990234375,3636.9599609375,3636.9599609375,176573200
2010-11-30,3643.6298828125,3656.81005859375,3591.780029296875,3610.43994140625,202078200
2010-12-01,3634.610107421875,3674.9599609375,3620.639892578125,3669.2900390625,176499800
2010-12-02,3695.409912109375,3754.820068359375,3650.030029296875,3747.0400390625,186177800
2010-12-03,3744.239990234375,3775.75,3721.3798828125,3750.550048828125,151577200
2010-12-06,3758.580078125,3763.39990234375,3723.159912109375,3749.22998046875,110872600
2010-12-07,3759.590087890625,3835.06005859375,3758.909912109375,3810.5,143962000
2010-12-08,3790.47998046875,3857.860107421875,3784.3798828125,3831.97998046875,123966000
2010-12-09,3857.68994140625,3867.340087890625,3836.830078125,3858.050048828125,147906200
2010-12-10,3870.4599609375,3873.639892578125,3850.68994140625,3857.35009765625,104236200
2010-12-13,3872.830078125,3904.429931640625,3868.780029296875,3892.43994140625,114030000
2010-12-14,3893.9599609375,3902.8701171875,3881.639892578125,3902.8701171875,98932400
2010-12-15,3889.840087890625,3892.929931640625,3865.169921875,3880.18994140625,108015800
2010-12-16,3878.25,3897.14990234375,3861.10009765625,3888.360107421875,102082600
2010-12-17,3901.419921875,3906.090087890625,3865.10009765625,3867.35009765625,152973800
2010-12-20,3873.239990234375,3918.68994140625,3869.199951171875,3885.080078125,100344000
2010-12-21,3903.159912109375,3936.06005859375,3899.219970703125,3927.489990234375,92340000
2010-12-22,3922.9599609375,3932.199951171875,3919.469970703125,3919.7099609375,90292800
2010-12-23,3922.739990234375,3924.300048828125,3889.31005859375,3911.320068359375,56607600
2010-12-27,3893.110107421875,3901.919921875,3836.050048828125,3862.18994140625,45835800
2010-12-28,3872.699951171875,3881.969970703125,3858.719970703125,3858.719970703125,38975400
2010-12-29,3869.89990234375,3904.0400390625,3869.820068359375,3890.64990234375,43576200
2010-12-30,3893.510009765625,3902.0400390625,3839.610107421875,3850.760009765625,47107800
2011-01-03,3847.6298828125,3904.030029296875,3836.7099609375,3900.860107421875,72025000
2011-01-04,3908.25,3945.719970703125,3890.830078125,3916.030029296875,109202000
2011-01-05,3904.469970703125,3905.97998046875,3850.3798828125,3904.610107421875,116335600
2011-01-06,3911.340087890625,3945.340087890625,3895.550048828125,3904.419921875,124397200
2011-01-07,3892.8701171875,3913.919921875,3865.580078125,3865.580078125,113235600
2011-01-10,3850.27001953125,3853.3798828125,3790.9599609375,3802.030029296875,123908000
2011-01-11,3821.989990234375,3866.85009765625,3809.85009765625,3861.919921875,135100800
2011-01-12,3870.7900390625,3946.1201171875,3869.669921875,3945.070068359375,177690200
2011-01-13,3950.909912109375,3975.6298828125,3943.97998046875,3974.830078125,185024800
2011-01-14,3961.0400390625,3992.10009765625,3954.0400390625,3983.280029296875,136628800
2011-01-17,3984.090087890625,3990.35009765625,3965.909912109375,3975.409912109375,79477600
2011-01-18,3991.070068359375,4016.39990234375,3987.02001953125,4012.679931640625,138535800
2011-01-19,4019.7900390625,4022.580078125,3973.239990234375,3976.7099609375,151931600
2011-01-20,3972.830078125,3989.030029296875,3950.300048828125,3964.840087890625,171667200
2011-01-21,3982.489990234375,4057.969970703125,3979.239990234375,4017.449951171875,189639400
2011-01-24,4028.330078125,4037.89990234375,4002.719970703125,4033.2099609375,113053200
2011-01-25,4049.1201171875,4056.68994140625,4016.5,4019.6201171875,149305800
2011-01-26,4043.919921875,4066.409912109375,4039.590087890625,4049.070068359375,159649400
2011-01-27,4040.199951171875,4079.300048828125,4032.110107421875,4059.570068359375,155312400
2011-01-28,4044.56005859375,4072.639892578125,4002.320068359375,4002.320068359375,159516400
2011-01-31,3997.139892578125,4018.510009765625,3953.179931640625,4005.5,149667400
2011-02-01,4037.139892578125,4078.47998046875,4019.340087890625,4072.6201171875,145716600
2011-02-02,4084.75,4089.639892578125,4049.739990234375,4066.530029296875,135369200
2011-02-03,4056.389892578125,4059.25,4009.1201171875,4036.590087890625,132587800
2011-02-04,4049.010009765625,4059.6298828125,4026.919921875,4047.2099609375,125922000
2011-02-07,4055.5,4098.64013671875,4052.610107421875,4090.800048828125,135168800
2011-02-08,4082.43994140625,4109.3798828125,4078.510009765625,4108.27001953125,150037800
2011-02-09,4100.6201171875,4120.43994140625,4090.719970703125,4090.739990234375,148466600
2011-02-10,4078.8701171875,4095.139892578125,4041.6298828125,4095.139892578125,274587200
2011-02-11,4080.739990234375,4121.3798828125,4039.239990234375,4101.31005859375,225951400
2011-02-14,4128.7001953125,4130.39990234375,4089.659912109375,4096.6201171875,179200200
2011-02-15,4091.639892578125,4118.759765625,4085.5,4110.33984375,145990600
2011-02-16,4124.259765625,4169.8701171875,4121.4599609375,4151.259765625,181543800
2011-02-17,4160.77978515625,4163.43994140625,4129.56982421875,4152.31005859375,178321000
2011-02-18,4164.64990234375,4168.56982421875,4136.169921875,4157.14013671875,166152200
2011-02-21,4153.10009765625,4163.990234375,4087.85009765625,4097.41015625,123263600
2011-02-22,4074.6201171875,4078.8701171875,4026.010009765625,4050.27001953125,170506800
2011-02-23,4044.530029296875,4061.0400390625,4007.929931640625,4013.1201171875,160225400
2011-02-24,3985.090087890625,4024.260009765625,3984.360107421875,4009.639892578125,198786200
2011-02-25,4029.070068359375,4084.5400390625,4006.8701171875,4070.3798828125,129429800
2011-02-28,4064.550048828125,4131.72998046875,4053.419921875,4110.35009765625,130304200
2011-03-01,4126.66015625,4145.72998046875,4056.429931640625,4067.14990234375,156607600
2011-03-02,4042.510009765625,4053.639892578125,4009.889892578125,4034.320068359375,168907600
2011-03-03,4057.909912109375,4098.10986328125,4040.429931640625,4060.760009765625,126624400
2011-03-04,4068.68994140625,4091.31005859375,4010.800048828125,4020.2099609375,105091800
2011-03-07,4007.340087890625,4049.97998046875,3990.409912109375,3990.409912109375,76137000
2011-03-08,4006.360107421875,4017.429931640625,3964.989990234375,4015.909912109375,78340200
2011-03-09,4016.449951171875,4035.81005859375,3985.909912109375,3993.81005859375,87044800
2011-03-10,3961.3701171875,3980.85009765625,3940.25,3963.989990234375,56764000
2011-03-11,3926.719970703125,3951.4599609375,3915.2099609375,3928.679931640625,56519600
2011-03-14,3914.030029296875,3939.5,3871.219970703125,3878.0400390625,98051600
2011-03-15,3793.949951171875,3820.7900390625,3713.070068359375,3780.85009765625,140934800
2011-03-16,3800.830078125,3800.830078125,3693.93994140625,3696.56005859375,95758400
2011-03-17,3728.639892578125,3796.6201171875,3708.1298828125,3786.2099609375,132872800
2011-03-18,3807.510009765625,3861.840087890625,3801.469970703125,3810.219970703125,107533200
2011-03-21,3870.719970703125,3904.449951171875,3855.25,3904.449951171875,84480400
2011-03-22,3904.1201171875,3926.659912109375,3876.7099609375,3892.7099609375,97281600
2011-03-23,3875.260009765625,3918.0,3875.260009765625,3913.72998046875,67882600
2011-03-24,3900.239990234375,3973.02001953125,3885.830078125,3968.840087890625,47473600
2011-03-25,3986.56005859375,3986.56005859375,3960.18994140625,3972.3798828125,53107800
2011-03-28,3966.77001953125,3991.320068359375,3959.85009765625,3976.949951171875,121680800
2011-03-29,3984.050048828125,3990.72998046875,3949.199951171875,3987.800048828125,113657600
2011-03-30,4024.02001953125,4031.179931640625,4011.7099609375,4024.43994140625,124535200
2011-03-31,4025.8701171875,4037.39990234375,3989.179931640625,3989.179931640625,127460400
2011-04-01,4014.580078125,4055.8798828125,4002.22998046875,4054.760009765625,150410000
2011-04-04,4051.43994140625,4059.64990234375,4039.60009765625,4042.919921875,100169600
2011-04-05,4039.739990234375,4045.0,4013.669921875,4041.739990234375,116996200
2011-04-06,4046.330078125,4066.75,4015.760009765625,4048.159912109375,134534400
2011-04-07,4048.699951171875,4070.889892578125,4025.02001953125,4028.300048828125,125786200
2011-04-08,4051.919921875,4068.64990234375,4047.550048828125,4061.909912109375,99894800
2011-04-11,4056.93994140625,4057.530029296875,4026.080078125,4038.699951171875,96334600
2011-04-12,4008.340087890625,4018.81005859375,3966.070068359375,3976.60009765625,136738400
2011-04-13,3998.2900390625,4029.340087890625,3984.010009765625,4006.22998046875,125471800
2011-04-14,3986.260009765625,3994.860107421875,3949.010009765625,3970.389892578125,141820400
2011-04-15,3970.64990234375,3977.659912109375,3950.5,3974.47998046875,128157600
2011-04-18,3970.6201171875,3971.2900390625,3862.39990234375,3881.239990234375,177310600
2011-04-19,3899.679931640625,3929.169921875,3895.3798828125,3908.580078125,122201800
2011-04-20,3947.4599609375,4008.739990234375,3947.4599609375,4004.6201171875,145177200
2011-04-21,4021.909912109375,4034.5,4011.3798828125,4021.8798828125,117981600
2011-04-26,4014.2900390625,4048.0,4009.820068359375,4045.2900390625,117611000
2011-04-27,4048.139892578125,4084.320068359375,4036.280029296875,4067.719970703125,136070200
2011-04-28,4095.419921875,4107.89990234375,4080.14990234375,4104.89990234375,132981600
2011-04-29,4093.610107421875,4110.41015625,4084.469970703125,4106.919921875,88112400
2011-05-02,4137.75,4137.97021484375,4108.77001953125,4108.77001953125,73176600
2011-05-03,4105.35009765625,4107.759765625,4070.68994140625,4096.83984375,123666600
2011-05-04,4089.639892578125,4116.66015625,4032.219970703125,4043.1298828125,174613800
2011-05-05,4039.10009765625,4052.22998046875,3981.18994140625,4004.8701171875,158508000
2011-05-06,4008.429931640625,4064.5,3991.530029296875,4058.010009765625,198353200
2011-05-09,4037.909912109375,4058.030029296875,3993.669921875,4007.260009765625,156322200
2011-05-10,4011.330078125,4072.159912109375,4006.93994140625,4052.510009765625,135958000
2011-05-11,4062.429931640625,4076.659912109375,4047.820068359375,4058.080078125,124748200
2011-05-12,4015.800048828125,4025.139892578125,3986.929931640625,4023.2900390625,137773600
2011-05-13,4046.219970703125,4067.590087890625,4011.43994140625,4018.85009765625,131363400
2011-05-16,3975.3798828125,3998.3701171875,3955.929931640625,3989.820068359375,132068800
2011-05-17,3973.1201171875,4003.56005859375,3941.580078125,3941.580078125,147591800
2011-05-18,3976.7900390625,3990.699951171875,3956.219970703125,3978.0,116214600
2011-05-19,4001.320068359375,4046.070068359375,3978.179931640625,4027.739990234375,138843000
2011-05-20,4023.090087890625,4050.570068359375,3983.1298828125,3990.85009765625,142434000
2011-05-23,3934.360107421875,3937.010009765625,3903.89990234375,3906.97998046875,147679000
2011-05-24,3915.110107421875,3934.52001953125,3907.159912109375,3916.8798828125,114450200
2011-05-25,3889.719970703125,3937.5400390625,3884.550048828125,3928.989990234375,125187400
2011-05-26,3937.050048828125,3949.169921875,3904.06005859375,3917.219970703125,118966800
2011-05-27,3958.60009765625,3979.070068359375,3940.860107421875,3950.97998046875,126730400
2011-05-30,3947.159912109375,3963.280029296875,3931.530029296875,3942.530029296875,45500200
2011-05-31,3967.6298828125,4015.25,3959.909912109375,4006.93994140625,158365800
2011-06-01,4014.840087890625,4015.85009765625,3956.070068359375,3964.81005859375,142249400
2011-06-02,3930.590087890625,3937.0,3889.8701171875,3889.8701171875,115807400
2011-06-03,3899.159912109375,3905.590087890625,3845.389892578125,3890.679931640625,121969600
2011-06-06,3875.6298828125,3881.9599609375,3851.830078125,3863.39990234375,109191200
2011-06-07,3863.830078125,3889.969970703125,3855.989990234375,3871.919921875,104114200
2011-06-08,3857.64990234375,3864.3701171875,3826.070068359375,3837.97998046875,134131800
2011-06-09,3835.25,3884.72998046875,3823.14990234375,3878.64990234375,125482600
2011-06-10,3865.739990234375,3876.550048828125,3798.8798828125,3805.090087890625,129841400
2011-06-13,3807.4599609375,3828.22998046875,3796.300048828125,3807.610107421875,71744800
2011-06-14,3830.7900390625,3877.81005859375,3829.909912109375,3864.580078125,116978400
2011-06-15,3851.22998046875,3858.639892578125,3800.320068359375,3806.85009765625,134403400
2011-06-16,3775.3798828125,3795.47998046875,3743.969970703125,3792.31005859375,190407000
2011-06-17,3774.550048828125,3843.449951171875,3742.31005859375,3823.739990234375,234691000
2011-06-20,3758.97998046875,3806.669921875,3755.2900390625,3799.659912109375,111639000
2011-06-21,3820.050048828125,3879.43994140625,3820.050048828125,3877.070068359375,121993800
2011-06-22,3875.110107421875,3885.22998046875,3853.889892578125,3871.3701171875,110901000
2011-06-23,3852.47998046875,3857.889892578125,3774.27001953125,3787.7900390625,149658400
2011-06-24,3838.5,3867.1298828125,3775.35009765625,3784.800048828125,165306200
2011-06-27,3775.75,3803.2900390625,3769.610107421875,3796.550048828125,105267400
2011-06-28,3810.510009765625,3867.89990234375,3806.35009765625,3851.889892578125,141402000
2011-06-29,3875.800048828125,3935.93994140625,3868.919921875,3924.22998046875,149301800
2011-06-30,3937.260009765625,3982.419921875,3926.280029296875,3982.2099609375,135571800
2011-07-01,3981.9599609375,4023.590087890625,3967.4599609375,4007.35009765625,128423200
2011-07-04,4010.3701171875,4010.3701171875,3996.580078125,4003.110107421875,88648000
2011-07-05,3997.47998046875,3998.830078125,3973.679931640625,3978.830078125,224301600
2011-07-06,3981.3798828125,3981.89990234375,3941.64990234375,3961.340087890625,164595400
2011-07-07,3981.7900390625,4020.330078125,3960.239990234375,3979.9599609375,159199800
2011-07-08,3995.429931640625,3999.449951171875,3912.77001953125,3913.550048828125,181067000
2011-07-11,3878.60009765625,3890.070068359375,3789.85009765625,3807.510009765625,202009000
2011-07-12,3742.199951171875,3786.5400390625,3717.580078125,3774.1201171875,253102000
2011-07-13,3755.510009765625,3800.8701171875,3748.47998046875,3793.27001953125,158020800
2011-07-14,3754.570068359375,3782.050048828125,3743.889892578125,3751.22998046875,129300000
2011-07-15,3730.5,3748.050048828125,3706.820068359375,3726.590087890625,154508400
2011-07-18,3697.5400390625,3698.9599609375,3645.7900390625,3650.7099609375,155673600
2011-07-19,3671.1298828125,3705.14990234375,3664.679931640625,3694.949951171875,144050000
2011-07-20,3724.570068359375,3759.47998046875,3709.949951171875,3754.60009765625,159089600
2011-07-21,3769.860107421875,3839.9599609375,3712.2099609375,3816.75,219725600
2011-07-22,3855.429931640625,3866.340087890625,3817.610107421875,3842.699951171875,151585800
2011-07-25,3813.5,3845.06005859375,3808.159912109375,3812.969970703125,122284800
2011-07-26,3819.22998046875,3835.10009765625,3767.530029296875,3787.8798828125,131683400
2011-07-27,3774.5400390625,3776.97998046875,3711.18994140625,3734.070068359375,163482000
2011-07-28,3706.97998046875,3721.3701171875,3669.27001953125,3712.659912109375,247657600
2011-07-29,3661.320068359375,3691.090087890625,3630.75,3672.77001953125,217617000
2011-08-01,3718.110107421875,3722.590087890625,3585.6201171875,3588.050048828125,195464800
2011-08-02,3567.510009765625,3592.300048828125,3522.7900390625,3522.7900390625,187298600
2011-08-03,3472.93994140625,3518.550048828125,3441.389892578125,3454.93994140625,270629800
2011-08-04,3515.110107421875,3515.110107421875,3315.340087890625,3320.35009765625,285921000
2011-08-05,3218.389892578125,3389.8701171875,3218.389892578125,3278.56005859375,373071600
2011-08-08,3254.360107421875,3333.610107421875,3125.18994140625,3125.18994140625,324537000
2011-08-09,3131.840087890625,3201.679931640625,2979.8701171875,3176.18994140625,409099800
2011-08-10,3235.800048828125,3235.800048828125,3001.25,3002.989990234375,396477400
2011-08-11,3101.8701171875,3101.8701171875,2891.110107421875,3089.659912109375,403786200
2011-08-12,3094.840087890625,3216.669921875,3017.18994140625,3213.8798828125,262638400
2011-08-15,3248.139892578125,3259.590087890625,3201.1201171875,3239.06005859375,130932600
2011-08-16,3215.5,3230.89990234375,3162.2099609375,3230.89990234375,140077000
2011-08-17,3211.489990234375,3288.820068359375,3182.27001953125,3254.340087890625,139923000
2011-08-18,3216.77001953125,3224.330078125,3048.409912109375,3076.0400390625,225148200
2011-08-19,3060.830078125,3078.280029296875,2947.909912109375,3016.989990234375,236184000
2011-08-22,2989.60009765625,3114.139892578125,2989.60009765625,3051.360107421875,140543000
2011-08-23,3088.75,3137.3701171875,3051.159912109375,3084.3701171875,144741200
2011-08-24,3114.97998046875,3166.820068359375,3075.47998046875,3139.550048828125,137490200
2011-08-25,3167.659912109375,3189.419921875,3096.5400390625,3119.0,165541000
2011-08-26,3113.840087890625,3122.22998046875,3014.31005859375,3087.639892578125,147228800
2011-08-29,3141.18994140625,3174.429931640625,3117.93994140625,3154.199951171875,88143400
2011-08-30,3186.77001953125,3193.169921875,3129.0400390625,3159.739990234375,116729200
2011-08-31,3179.2099609375,3263.090087890625,3164.510009765625,3256.760009765625,179748000
2011-09-01,3273.050048828125,3295.5400390625,3207.320068359375,3265.830078125,176261000
2011-09-02,3226.93994140625,3226.93994140625,3132.659912109375,3148.530029296875,170000200
2011-09-05,3072.510009765625,3083.22998046875,2977.179931640625,2999.5400390625,210686000
2011-09-06,2998.2900390625,3042.6298828125,2942.780029296875,2965.639892578125,227916000
2011-09-07,3038.570068359375,3073.179931640625,3015.969970703125,3073.179931640625,148162400
2011-09-08,3070.580078125,3116.2099609375,3044.3798828125,3085.830078125,146587000
2011-09-09,3064.93994140625,3077.419921875,2967.169921875,2974.590087890625,220775200
2011-09-12,2880.4599609375,2894.030029296875,2820.760009765625,2854.81005859375,267001600
2011-09-13,2910.43994140625,2910.43994140625,2769.969970703125,2894.929931640625,247813400
2011-09-14,2851.68994140625,2956.739990234375,2849.72998046875,2949.139892578125,234078800
2011-09-15,2969.4599609375,3086.639892578125,2960.68994140625,3045.6201171875,231246600
2011-09-16,3084.159912109375,3084.159912109375,3014.449951171875,3031.080078125,360134400
2011-09-19,2960.929931640625,2978.340087890625,2921.97998046875,2940.0,176380200
2011-09-20,2918.070068359375,2991.2099609375,2909.75,2984.050048828125,202852800
2011-09-21,2982.860107421875,2982.860107421875,2929.969970703125,2935.820068359375,154303600
2011-09-22,2857.860107421875,2863.760009765625,2771.199951171875,2781.679931640625,230090800
2011-09-23,2821.429931640625,2823.969970703125,2693.2099609375,2810.110107421875,226499000
2011-09-26,2754.820068359375,2916.75,2753.27001953125,2859.340087890625,202905000
2011-09-27,2943.320068359375,3023.3798828125,2910.219970703125,3023.3798828125,208513200
2011-09-28,2990.469970703125,3055.669921875,2969.489990234375,2995.6201171875,162366600
2011-09-29,2978.260009765625,3060.429931640625,2974.97998046875,3027.64990234375,164273800
2011-09-30,3009.260009765625,3021.969970703125,2948.239990234375,2981.9599609375,176677200
2011-10-03,2913.070068359375,2946.3798828125,2888.830078125,2926.830078125,161438000
2011-10-04,2884.5400390625,2884.6201171875,2808.219970703125,2850.550048828125,220968200
2011-10-05,2921.300048828125,2973.89990234375,2887.820068359375,2973.89990234375,189958600
2011-10-06,2999.780029296875,3075.3701171875,2995.3798828125,3075.3701171875,211300200
2011-10-07,3073.93994140625,3126.0,3052.4599609375,3095.56005859375,168207000
2011-10-10,3121.409912109375,3162.72998046875,3094.169921875,3161.469970703125,138238600
2011-10-11,3151.8701171875,3156.090087890625,3115.050048828125,3153.52001953125,147086200
2011-10-12,3136.550048828125,3238.070068359375,3121.159912109375,3229.760009765625,195669400
2011-10-13,3212.5400390625,3251.6201171875,3168.3798828125,3186.93994140625,210298800
2011-10-14,3200.52001953125,3250.47998046875,3180.050048828125,3217.889892578125,154156800
2011-10-17,3241.969970703125,3266.570068359375,3149.929931640625,3166.06005859375,155771600
2011-10-18,3125.239990234375,3152.090087890625,3088.320068359375,3141.10009765625,153524600
2011-10-19,3166.239990234375,3184.330078125,3137.050048828125,3157.340087890625,187332800
2011-10-20,3108.360107421875,3148.39990234375,3082.1201171875,3084.070068359375,188070600
2011-10-21,3110.199951171875,3171.340087890625,3092.429931640625,3171.340087890625,158792600
2011-10-24,3190.7099609375,3224.090087890625,3156.3701171875,3220.4599609375,127798000
2011-10-25,3202.06005859375,3228.3798828125,3150.1298828125,3174.2900390625,145688400
2011-10-26,3167.659912109375,3227.969970703125,3146.110107421875,3169.6201171875,139979600
2011-10-27,3300.719970703125,3372.5400390625,3243.7900390625,3368.6201171875,282367000
2011-10-28,3378.580078125,3411.219970703125,3333.2900390625,3348.6298828125,187220400
2011-10-31,3302.780029296875,3310.300048828125,3242.840087890625,3242.840087890625,162597600
2011-11-01,3162.570068359375,3181.659912109375,3057.260009765625,3068.330078125,265743800
2011-11-02,3117.8798828125,3134.830078125,3049.699951171875,3110.590087890625,163604400
2011-11-03,3039.570068359375,3221.93994140625,3029.43994140625,3195.469970703125,227668200
2011-11-04,3219.7099609375,3228.110107421875,3113.43994140625,3123.550048828125,252337800
2011-11-07,3087.97998046875,3144.0400390625,3053.10009765625,3103.60009765625,206315000
2011-11-08,3104.929931640625,3193.6201171875,3102.669921875,3143.300048828125,178067200
2011-11-09,3170.159912109375,3183.409912109375,3046.360107421875,3075.159912109375,206955600
2011-11-10,3011.389892578125,3122.2900390625,3008.72998046875,3064.840087890625,185762800
2011-11-11,3070.330078125,3154.97998046875,3057.0400390625,3149.3798828125,142159800
2011-11-14,3169.429931640625,3174.320068359375,3090.22998046875,3108.949951171875,131608000
2011-11-15,3082.0400390625,3097.97998046875,3030.159912109375,3049.1298828125,145882800
2011-11-16,3038.60009765625,3102.239990234375,3027.43994140625,3064.89990234375,125450600
2011-11-17,3052.93994140625,3064.14990234375,3000.669921875,3010.2900390625,140556200
2011-11-18,2989.969970703125,3026.389892578125,2979.60009765625,2997.010009765625,126345000
2011-11-21,2981.7900390625,2981.7900390625,2894.93994140625,2894.93994140625,140566000
2011-11-22,2925.320068359375,2941.760009765625,2870.679931640625,2870.679931640625,166526600
2011-11-23,2840.2900390625,2881.56005859375,2822.429931640625,2822.429931640625,183383800
2011-11-24,2849.5,2876.31005859375,2807.06005859375,2822.25,165475000
2011-11-25,2822.85009765625,2871.489990234375,2793.219970703125,2856.969970703125,128025400
2011-11-28,2897.47998046875,3012.929931640625,2890.760009765625,3012.929931640625,162111800
2011-11-29,2995.9599609375,3047.8701171875,2972.10009765625,3026.760009765625,129577200
2011-11-30,2992.139892578125,3166.550048828125,2986.280029296875,3154.6201171875,246590000
2011-12-01,3151.35009765625,3168.919921875,3119.739990234375,3129.949951171875,150485200
2011-12-02,3167.31005859375,3201.06005859375,3151.409912109375,3164.949951171875,160039800
2011-12-05,3206.669921875,3215.780029296875,3183.570068359375,3201.280029296875,135224000
2011-12-06,3172.929931640625,3207.89990234375,3167.639892578125,3179.6298828125,141994400
2011-12-07,3225.360107421875,3244.889892578125,3131.989990234375,3175.97998046875,148582400
2011-12-08,3202.330078125,3215.590087890625,3091.22998046875,3095.489990234375,168175800
2011-12-09,3066.4599609375,3175.89990234375,3064.6298828125,3172.35009765625,178013400
2011-12-12,3150.840087890625,3163.699951171875,3089.590087890625,3089.590087890625,128300800
2011-12-13,3096.669921875,3111.10009765625,3059.4599609375,3078.719970703125,144710600
2011-12-14,3057.429931640625,3072.949951171875,2976.169921875,2976.169921875,153957400
2011-12-15,2989.949951171875,3021.639892578125,2975.1201171875,2998.72998046875,141730000
2011-12-16,3010.409912109375,3017.090087890625,2969.39990234375,2972.300048828125,205243400
2011-12-19,2942.340087890625,3009.989990234375,2941.39990234375,2974.199951171875,107024600
2011-12-20,2967.050048828125,3055.389892578125,2957.199951171875,3055.389892578125,151683800
2011-12-21,3080.0,3121.389892578125,3019.719970703125,3030.469970703125,136210400
2011-12-22,3046.830078125,3080.18994140625,3046.830078125,3071.800048828125,97425200
2011-12-23,3101.75,3113.93994140625,3086.10009765625,3102.090087890625,57720200
2011-12-27,3111.139892578125,3131.5,3098.139892578125,3103.110107421875,40091200
2011-12-28,3102.239990234375,3130.820068359375,3071.080078125,3071.080078125,60153000
2011-12-29,3081.169921875,3127.56005859375,3064.68994140625,3127.56005859375,68204400
2011-12-30,3139.909912109375,3159.81005859375,3120.050048828125,3159.81005859375,61300800
2012-01-03,3231.429931640625,3246.739990234375,3193.6298828125,3245.39990234375,123415200
2012-01-04,3227.4599609375,3242.840087890625,3186.47998046875,3193.64990234375,114040800
2012-01-05,3197.159912109375,3200.14990234375,3136.75,3144.909912109375,121161600
2012-01-06,3156.419921875,3184.3798828125,3122.6298828125,3137.360107421875,104492800
2012-01-09,3143.949951171875,3157.31005859375,3114.449951171875,3127.68994140625,96976800
2012-01-10,3154.25,3219.429931640625,3154.25,3210.7900390625,145862400
2012-01-11,3204.0,3236.340087890625,3181.169921875,3204.830078125,160926400
2012-01-12,3210.8798828125,3253.2900390625,3190.1201171875,3199.97998046875,158950800
2012-01-13,3224.159912109375,3243.85009765625,3151.68994140625,3196.489990234375,148237600
2012-01-16,3174.330078125,3231.02001953125,3163.679931640625,3225.0,91678800
2012-01-17,3260.27001953125,3292.590087890625,3243.3701171875,3269.989990234375,138784600
2012-01-18,3276.35009765625,3301.889892578125,3236.489990234375,3264.929931640625,165938400
2012-01-19,3286.110107421875,3328.93994140625,3272.31005859375,3328.93994140625,225110400
2012-01-20,3336.219970703125,3336.6201171875,3304.949951171875,3321.5,192035600
2012-01-23,3325.419921875,3352.320068359375,3313.7099609375,3338.419921875,150082800
2012-01-24,3320.06005859375,3323.969970703125,3292.510009765625,3322.64990234375,155540800
2012-01-25,3336.530029296875,3339.56005859375,3285.6298828125,3312.47998046875,157690800
2012-01-26,3331.820068359375,3368.659912109375,3323.070068359375,3363.22998046875,182746000
2012-01-27,3345.070068359375,3368.219970703125,3318.760009765625,3318.760009765625,140533600
2012-01-30,3295.97998046875,3300.679931640625,3264.02001953125,3265.639892578125,141927600
2012-01-31,3292.010009765625,3325.10009765625,3289.47998046875,3298.550048828125,130102200
2012-02-01,3320.320068359375,3370.280029296875,3320.320068359375,3367.4599609375,160844200
2012-02-02,3386.6298828125,3399.530029296875,3355.840087890625,3376.659912109375,139818800
2012-02-03,3370.6298828125,3427.919921875,3361.179931640625,3427.919921875,172897800
2012-02-06,3412.320068359375,3412.320068359375,3380.93994140625,3405.27001953125,120660200
2012-02-07,3416.0400390625,3421.639892578125,3379.429931640625,3411.5400390625,119911600
2012-02-08,3425.409912109375,3439.090087890625,3410.0,3410.0,152896800
2012-02-09,3419.43994140625,3449.239990234375,3412.580078125,3424.7099609375,174475800
2012-02-10,3394.919921875,3409.760009765625,3365.47998046875,3373.139892578125,264071200
2012-02-13,3406.860107421875,3413.429931640625,3366.320068359375,3384.550048828125,147394200
2012-02-14,3369.75,3399.969970703125,3362.510009765625,3375.639892578125,157063200
2012-02-15,3399.3701171875,3419.070068359375,3377.550048828125,3390.35009765625,161884400
2012-02-16,3366.0,3393.25,3352.6298828125,3393.25,165232800
2012-02-17,3425.830078125,3450.760009765625,3422.2099609375,3439.6201171875,192343600
2012-02-20,3463.56005859375,3472.929931640625,3452.699951171875,3472.5400390625,139267800
2012-02-21,3476.1201171875,3478.010009765625,3440.340087890625,3465.239990234375,143283200
2012-02-22,3472.760009765625,3478.030029296875,3443.590087890625,3447.3701171875,174313200
2012-02-23,3437.77001953125,3468.5400390625,3425.02001953125,3447.31005859375,161449400
2012-02-24,3464.9599609375,3474.550048828125,3451.10009765625,3467.030029296875,131628200
2012-02-27,3452.010009765625,3452.06005859375,3412.169921875,3441.449951171875,122436800
2012-02-28,3455.340087890625,3462.5400390625,3425.72998046875,3453.989990234375,144284000
2012-02-29,3464.8798828125,3489.47998046875,3447.610107421875,3452.449951171875,168217200
2012-03-01,3444.530029296875,3500.010009765625,3431.929931640625,3499.72998046875,199114600
2012-03-02,3504.719970703125,3514.14990234375,3493.7900390625,3501.169921875,140367000
2012-03-05,3485.510009765625,3499.25,3462.659912109375,3487.5400390625,119496400
2012-03-06,3475.429931640625,3475.429931640625,3362.56005859375,3362.56005859375,201021600
2012-03-07,3364.1298828125,3396.449951171875,3363.280029296875,3392.330078125,151405800
2012-03-08,3415.60009765625,3478.360107421875,3410.93994140625,3478.360107421875,167386000
2012-03-09,3484.590087890625,3507.52001953125,3464.739990234375,3487.47998046875,139266200
2012-03-12,3473.3701171875,3493.8701171875,3467.610107421875,3490.06005859375,126652200
2012-03-13,3508.590087890625,3550.580078125,3508.590087890625,3550.159912109375,144632400
2012-03-14,3565.64990234375,3585.97998046875,3561.919921875,3564.510009765625,193729400
2012-03-15,3559.10009765625,3581.3798828125,3554.449951171875,3580.2099609375,166627400
2012-03-16,3581.449951171875,3600.47998046875,3574.919921875,3594.830078125,216965200
2012-03-19,3581.47998046875,3581.47998046875,3563.280029296875,3577.8798828125,118717800
2012-03-20,3563.97998046875,3566.3701171875,3524.02001953125,3530.830078125,130689600
2012-03-21,3546.760009765625,3565.300048828125,3504.0,3527.3701171875,134489800
2012-03-22,3514.610107421875,3518.590087890625,3457.18994140625,3472.4599609375,142925200
2012-03-23,3473.340087890625,3490.89990234375,3432.56005859375,3476.179931640625,121675600
2012-03-26,3495.760009765625,3509.550048828125,3457.800048828125,3501.97998046875,110539600
2012-03-27,3515.72998046875,3535.60009765625,3465.14990234375,3469.590087890625,156349800
2012-03-28,3456.070068359375,3484.64990234375,3430.14990234375,3430.14990234375,145509600
2012-03-29,3426.080078125,3435.409912109375,3374.68994140625,3381.1201171875,158467800
2012-03-30,3407.31005859375,3430.320068359375,3396.2900390625,3423.81005859375,151574200
2012-04-02,3439.169921875,3462.909912109375,3397.97998046875,3462.909912109375,157446000
2012-04-03,3464.320068359375,3473.199951171875,3406.780029296875,3406.780029296875,139988000
2012-04-04,3392.10009765625,3395.340087890625,3310.5,3313.469970703125,225598400
2012-04-05,3326.31005859375,3338.77001953125,3279.31005859375,3319.81005859375,181386200
2012-04-10,3274.85009765625,3292.280029296875,3217.60009765625,3217.60009765625,196653400
2012-04-11,3214.6298828125,3270.909912109375,3205.43994140625,3237.68994140625,200455400
2012-04-12,3248.219970703125,3277.989990234375,3209.830078125,3269.7900390625,202679800
2012-04-13,3264.739990234375,3267.5400390625,3180.18994140625,3189.090087890625,189477800
2012-04-16,3183.18994140625,3246.080078125,3182.52001953125,3205.280029296875,184440000
2012-04-17,3204.739990234375,3292.510009765625,3196.469970703125,3292.510009765625,185359600
2012-04-18,3277.070068359375,3291.510009765625,3226.330078125,3240.2900390625,176188600
2012-04-19,3252.93994140625,3280.239990234375,3174.02001953125,3174.02001953125,230817200
2012-04-20,3177.93994140625,3203.68994140625,3155.360107421875,3188.580078125,215871600
2012-04-23,3157.85009765625,3157.85009765625,3088.360107421875,3098.3701171875,198135600
2012-04-24,3114.7099609375,3176.659912109375,3107.300048828125,3169.320068359375,175301400
2012-04-25,3177.219970703125,3253.56005859375,3174.02001953125,3233.4599609375,202076400
2012-04-26,3240.5400390625,3256.929931640625,3189.8798828125,3229.320068359375,251400200
2012-04-27,3195.409912109375,3282.64990234375,3172.800048828125,3266.27001953125,203374400
2012-04-30,3270.780029296875,3273.06005859375,3209.31005859375,3212.800048828125,149105600
2012-05-02,3265.1201171875,3267.070068359375,3208.419921875,3226.330078125,178449000
2012-05-03,3242.449951171875,3273.719970703125,3207.5400390625,3223.360107421875,185129400
2012-05-04,3210.89990234375,3229.419921875,3153.919921875,3161.969970703125,202082000
2012-05-07,3112.469970703125,3219.409912109375,3104.489990234375,3214.219970703125,172284600
2012-05-08,3190.179931640625,3190.179931640625,3111.110107421875,3124.800048828125,179565000
2012-05-09,3138.010009765625,3146.590087890625,3075.8798828125,3118.64990234375,192860000
2012-05-10,3136.159912109375,3145.06005859375,3073.3798828125,3130.169921875,192713200
2012-05-11,3107.60009765625,3134.6201171875,3077.409912109375,3129.77001953125,168826000
2012-05-14,3093.360107421875,3098.159912109375,3038.969970703125,3057.989990234375,168076400
2012-05-15,3079.830078125,3098.800048828125,3020.81005859375,3039.27001953125,202779800
2012-05-16,3017.419921875,3081.739990234375,2998.030029296875,3048.669921875,216215400
2012-05-17,3054.580078125,3059.22998046875,3002.679931640625,3011.989990234375,147999600
2012-05-18,2980.860107421875,3031.830078125,2970.10009765625,3008.0,201902000
2012-05-21,2997.18994140625,3043.429931640625,2984.719970703125,3027.14990234375,156823200
2012-05-22,3051.610107421875,3093.919921875,3032.0,3084.090087890625,191600800
2012-05-23,3050.199951171875,3053.739990234375,2994.14990234375,3003.27001953125,195900400
2012-05-24,3028.840087890625,3053.110107421875,2987.89990234375,3038.25,165411800
2012-05-25,3044.659912109375,3070.840087890625,3016.27001953125,3047.93994140625,152114600
2012-05-28,3068.340087890625,3087.760009765625,3034.090087890625,3042.969970703125,80145000
2012-05-29,3058.9599609375,3099.840087890625,3036.8798828125,3084.699951171875,144484800
2012-05-30,3051.25,3078.830078125,3006.280029296875,3015.580078125,112349000
2012-05-31,3028.929931640625,3042.75,2986.219970703125,3017.010009765625,122421200
2012-06-01,3028.300048828125,3028.300048828125,2922.260009765625,2950.469970703125,250825600
2012-06-04,2928.909912109375,2987.14990234375,2927.010009765625,2954.489990234375,145514000
2012-06-05,2972.31005859375,2997.739990234375,2957.010009765625,2986.10009765625,138917800
2012-06-06,3006.3798828125,3065.780029296875,3001.56005859375,3058.43994140625,220919200
2012-06-07,3071.409912109375,3104.739990234375,3063.449951171875,3071.159912109375,208263000
2012-06-08,3043.81005859375,3062.77001953125,3017.5,3051.68994140625,201185600
2012-06-11,3110.9599609375,3122.409912109375,3040.110107421875,3042.760009765625,223674000
2012-06-12,3044.10009765625,3069.449951171875,3015.389892578125,3046.909912109375,184617400
2012-06-13,3056.199951171875,3072.929931640625,3014.27001953125,3030.0400390625,180674400
2012-06-14,3022.39990234375,3035.8701171875,2993.7099609375,3032.449951171875,158485200
2012-06-15,3049.840087890625,3095.840087890625,3048.0400390625,3087.6201171875,286583400
2012-06-18,3120.820068359375,3129.2900390625,3054.3798828125,3066.18994140625,207724400
2012-06-19,3064.199951171875,3119.590087890625,3052.64990234375,3117.919921875,169850800
2012-06-20,3126.639892578125,3131.199951171875,3100.510009765625,3126.52001953125,145760000
2012-06-21,3111.030029296875,3153.280029296875,3099.739990234375,3114.219970703125,171797000
2012-06-22,3090.409912109375,3113.760009765625,3075.139892578125,3090.89990234375,139216800
2012-06-25,3072.610107421875,3075.010009765625,3007.090087890625,3021.639892578125,153082200
2012-06-26,3027.139892578125,3035.989990234375,3003.840087890625,3012.7099609375,139410000
2012-06-27,3022.260009765625,3063.1201171875,3010.14990234375,3063.1201171875,143068400
2012-06-28,3065.9599609375,3071.159912109375,3021.070068359375,3051.679931640625,152627000
2012-06-29,3138.550048828125,3196.64990234375,3112.2900390625,3196.64990234375,233703600
2012-07-02,3197.0400390625,3251.860107421875,3191.179931640625,3240.199951171875,214002000
2012-07-03,3243.530029296875,3271.199951171875,3241.929931640625,3271.199951171875,148291200
2012-07-04,3263.570068359375,3267.75,3245.419921875,3267.75,101865600
2012-07-05,3262.639892578125,3288.510009765625,3209.64990234375,3229.360107421875,176320200
2012-07-06,3214.050048828125,3227.06005859375,3168.7900390625,3168.7900390625,159133600
2012-07-09,3167.280029296875,3175.989990234375,3139.050048828125,3156.800048828125,128499200
2012-07-10,3166.590087890625,3204.6201171875,3152.27001953125,3175.409912109375,141532600
2012-07-11,3154.9599609375,3176.830078125,3144.929931640625,3157.25,125155800
2012-07-12,3144.02001953125,3159.47998046875,3118.47998046875,3135.179931640625,150126800
2012-07-13,3148.340087890625,3181.47998046875,3137.050048828125,3180.81005859375,150635200
2012-07-16,3176.27001953125,3183.260009765625,3155.6298828125,3179.89990234375,121651800
2012-07-17,3187.449951171875,3203.389892578125,3166.760009765625,3176.969970703125,237617000
2012-07-18,3195.239990234375,3235.39990234375,3192.429931640625,3235.39990234375,168883200
2012-07-19,3246.68994140625,3267.75,3237.60009765625,3263.639892578125,210156600
2012-07-20,3258.590087890625,3261.780029296875,3192.68994140625,3193.889892578125,219491400
2012-07-23,3159.679931640625,3162.97998046875,3087.360107421875,3101.530029296875,204753200
2012-07-24,3114.090087890625,3119.75,3074.679931640625,3074.679931640625,152292600
2012-07-25,3066.919921875,3113.06005859375,3065.469970703125,3081.739990234375,152737000
2012-07-26,3094.909912109375,3207.1201171875,3071.800048828125,3207.1201171875,271658800
2012-07-27,3224.97998046875,3280.18994140625,3193.719970703125,3280.18994140625,221471800
2012-07-30,3299.31005859375,3330.68994140625,3288.75,3320.7099609375,176840200
2012-07-31,3318.840087890625,3334.820068359375,3291.659912109375,3291.659912109375,166607200
2012-08-01,3298.699951171875,3328.5,3296.6201171875,3321.56005859375,133694800
2012-08-02,3315.75,3374.840087890625,3232.4599609375,3232.4599609375,264425000
2012-08-03,3244.60009765625,3374.18994140625,3238.39990234375,3374.18994140625,178642800
2012-08-06,3365.3701171875,3416.31005859375,3358.199951171875,3401.56005859375,143402200
2012-08-07,3400.3701171875,3453.280029296875,3398.590087890625,3453.280029296875,171331800
2012-08-08,3439.1201171875,3452.489990234375,3420.820068359375,3438.260009765625,131818400
2012-08-09,3454.25,3464.2900390625,3421.60009765625,3456.7099609375,121509600
2012-08-10,3438.030029296875,3442.239990234375,3413.510009765625,3435.6201171875,114694000
2012-08-13,3429.530029296875,3453.570068359375,3410.93994140625,3426.409912109375,88928400
2012-08-14,3444.330078125,3459.260009765625,3432.14990234375,3450.27001953125,90552800
2012-08-15,3436.300048828125,3463.030029296875,3424.340087890625,3449.199951171875,61739600
2012-08-16,3459.780029296875,3480.489990234375,3438.169921875,3480.489990234375,109118400
2012-08-17,3491.60009765625,3501.909912109375,3475.389892578125,3488.3798828125,144554400
2012-08-20,3484.469970703125,3505.60009765625,3458.929931640625,3480.580078125,114608000
2012-08-21,3491.56005859375,3523.85009765625,3491.56005859375,3513.280029296875,107936200
2012-08-22,3484.530029296875,3500.5400390625,3461.64990234375,3461.64990234375,99352000
2012-08-23,3485.949951171875,3495.800048828125,3415.35009765625,3432.56005859375,112876400
2012-08-24,3432.10009765625,3442.330078125,3396.81005859375,3433.2099609375,107574600
2012-08-27,3422.550048828125,3462.830078125,3414.68994140625,3462.830078125,79701800
2012-08-28,3440.0,3455.659912109375,3421.050048828125,3431.550048828125,85575000
2012-08-29,3427.39990234375,3434.1201171875,3403.419921875,3413.889892578125,98265400
2012-08-30,3405.1298828125,3414.0400390625,3372.159912109375,3379.110107421875,121919400
2012-08-31,3377.889892578125,3433.780029296875,3371.739990234375,3413.070068359375,159808000
2012-09-03,3401.9599609375,3453.7099609375,3394.030029296875,3453.7099609375,77359400
2012-09-04,3458.56005859375,3458.56005859375,3397.7900390625,3399.0400390625,90892600
2012-09-05,3399.22998046875,3426.389892578125,3372.800048828125,3405.7900390625,137866600
2012-09-06,3412.8798828125,3509.8798828125,3411.510009765625,3509.8798828125,214895200
2012-09-07,3519.64990234375,3561.909912109375,3515.22998046875,3519.050048828125,242138600
2012-09-10,3513.659912109375,3528.02001953125,3503.47998046875,3506.050048828125,139082000
2012-09-11,3492.1298828125,3537.43994140625,3477.3701171875,3537.300048828125,144834400
2012-09-12,3546.18994140625,3575.409912109375,3525.8798828125,3543.7900390625,212529600
2012-09-13,3540.919921875,3540.929931640625,3494.110107421875,3502.090087890625,155258400
2012-09-14,3573.300048828125,3588.02001953125,3555.669921875,3581.580078125,230404600
2012-09-17,3558.570068359375,3573.97998046875,3552.6298828125,3553.68994140625,142076400
2012-09-18,3533.77001953125,3538.449951171875,3500.340087890625,3512.68994140625,167406800
2012-09-19,3528.669921875,3540.320068359375,3503.72998046875,3531.820068359375,155636400
2012-09-20,3501.010009765625,3520.93994140625,3486.360107421875,3509.919921875,137676200
2012-09-21,3528.4599609375,3540.8798828125,3504.610107421875,3530.719970703125,234806800
2012-09-24,3501.340087890625,3514.070068359375,3483.5400390625,3497.219970703125,106334400
2012-09-25,3490.159912109375,3520.2900390625,3474.090087890625,3513.81005859375,122937000
2012-09-26,3471.739990234375,3472.7099609375,3414.840087890625,3414.840087890625,163388200
2012-09-27,3437.409912109375,3447.4599609375,3421.31005859375,3439.320068359375,114155800
2012-09-28,3457.4599609375,3459.580078125,3354.820068359375,3354.820068359375,157124800
2012-10-01,3348.070068359375,3438.929931640625,3348.070068359375,3434.97998046875,161579200
2012-10-02,3411.25,3450.800048828125,3392.3701171875,3414.22998046875,137533200
2012-10-03,3396.7900390625,3420.739990234375,3387.949951171875,3406.02001953125,118791200
2012-10-04,3422.110107421875,3432.43994140625,3387.47998046875,3401.199951171875,111079600
2012-10-05,3410.39990234375,3461.840087890625,3410.39990234375,3457.0400390625,143091000
2012-10-08,3429.320068359375,3429.860107421875,3404.969970703125,3406.530029296875,123548600
2012-10-09,3420.22998046875,3427.419921875,3377.919921875,3382.780029296875,185969000
2012-10-10,3370.919921875,3387.3798828125,3365.8701171875,3365.8701171875,140022200
2012-10-11,3352.85009765625,3423.97998046875,3351.43994140625,3413.719970703125,141013400
2012-10-12,3401.260009765625,3419.0,3389.080078125,3389.080078125,173790200
2012-10-15,3387.760009765625,3439.52001953125,3387.760009765625,3420.280029296875,125729400
2012-10-16,3443.60009765625,3500.93994140625,3428.969970703125,3500.93994140625,163753600
2012-10-17,3503.820068359375,3530.7900390625,3494.35009765625,3527.5,229314400
2012-10-18,3527.760009765625,3542.580078125,3508.39990234375,3535.179931640625,184827000
2012-10-19,3527.7900390625,3537.919921875,3496.760009765625,3504.56005859375,219409800
2012-10-22,3498.3798828125,3519.050048828125,3475.820068359375,3483.25,134746600
2012-10-23,3485.93994140625,3492.02001953125,3391.300048828125,3406.5,161423000
2012-10-24,3421.830078125,3433.760009765625,3388.7099609375,3426.489990234375,123443600
2012-10-25,3427.830078125,3457.300048828125,3408.929931640625,3411.530029296875,132274000
2012-10-26,3384.679931640625,3446.739990234375,3382.360107421875,3435.090087890625,141176000
2012-10-29,3419.3798828125,3421.340087890625,3394.889892578125,3408.889892578125,101421800
2012-10-30,3414.7099609375,3461.969970703125,3414.7099609375,3459.43994140625,79154400
2012-10-31,3459.340087890625,3484.780029296875,3429.27001953125,3429.27001953125,118320800
2012-11-01,3420.47998046875,3484.169921875,3413.68994140625,3475.39990234375,112130000
2012-11-02,3480.6298828125,3502.639892578125,3457.929931640625,3492.4599609375,164708800
2012-11-05,3469.89990234375,3473.570068359375,3448.5,3448.5,103696800
2012-11-06,3455.830078125,3480.5,3446.7099609375,3478.659912109375,100138600
2012-11-07,3513.419921875,3515.8701171875,3409.590087890625,3409.590087890625,186738000
2012-11-08,3433.800048828125,3440.77001953125,3400.239990234375,3407.679931640625,194507600
2012-11-09,3410.97998046875,3432.93994140625,3374.080078125,3423.570068359375,196468200
2012-11-12,3424.550048828125,3428.5,3403.969970703125,3411.64990234375,105320800
2012-11-13,3391.570068359375,3434.27001953125,3374.10009765625,3430.60009765625,134343200
2012-11-14,3424.679931640625,3436.260009765625,3394.72998046875,3400.02001953125,142418200
2012-11-15,3379.320068359375,3400.52001953125,3374.469970703125,3382.39990234375,137885400
2012-11-16,3379.52001953125,3392.530029296875,3341.52001953125,3341.52001953125,164486000
2012-11-19,3375.419921875,3444.090087890625,3369.530029296875,3439.580078125,124613000
2012-11-20,3424.7099609375,3463.77001953125,3415.659912109375,3462.06005859375,108347200
2012-11-21,3454.010009765625,3483.989990234375,3444.550048828125,3477.360107421875,106637800
2012-11-22,3489.080078125,3499.6201171875,3480.989990234375,3498.219970703125,125237600
2012-11-23,3505.35009765625,3528.800048828125,3481.64990234375,3528.800048828125,187965800
2012-11-26,3513.93994140625,3522.02001953125,3494.27001953125,3500.93994140625,107463200
2012-11-27,3521.169921875,3530.7900390625,3491.06005859375,3502.1298828125,118886400
2012-11-28,3489.530029296875,3519.719970703125,3479.159912109375,3515.18994140625,111925800
2012-11-29,3536.800048828125,3568.93994140625,3532.77001953125,3568.8798828125,136953400
2012-11-30,3568.050048828125,3584.72998046875,3557.280029296875,3557.280029296875,261395000
2012-12-03,3567.89990234375,3603.050048828125,3563.2900390625,3566.590087890625,122978400
2012-12-04,3563.030029296875,3596.89990234375,3563.02001953125,3580.47998046875,148535400
2012-12-05,3602.2099609375,3607.10009765625,3575.10009765625,3590.5,126952800
2012-12-06,3598.1298828125,3621.449951171875,3585.330078125,3601.64990234375,157769800
2012-12-07,3606.760009765625,3622.360107421875,3590.1201171875,3605.610107421875,120629200
2012-12-10,3587.320068359375,3614.4599609375,3575.530029296875,3612.10009765625,106222200
2012-12-11,3618.969970703125,3648.929931640625,3609.0,3646.14990234375,116762600
2012-12-12,3646.419921875,3652.0400390625,3636.02001953125,3646.659912109375,101235800
2012-12-13,3654.219970703125,3659.10009765625,3633.35009765625,3643.1298828125,105850400
2012-12-14,3643.699951171875,3652.9599609375,3631.8798828125,3643.280029296875,182944400
2012-12-17,3633.169921875,3639.8701171875,3611.1201171875,3638.10009765625,136648200
2012-12-18,3650.25,3656.469970703125,3631.610107421875,3648.6298828125,189095600
2012-12-19,3661.6298828125,3670.199951171875,3650.5,3664.590087890625,155859400
2012-12-20,3652.409912109375,3674.570068359375,3652.080078125,3666.72998046875,156365400
2012-12-21,3650.25,3667.02001953125,3637.889892578125,3661.39990234375,274258800
2012-12-27,3652.449951171875,3684.159912109375,3652.449951171875,3674.260009765625,55635000
2012-12-28,3677.0,3680.110107421875,3618.669921875,3620.25,49791000
2013-01-02,3702.659912109375,3733.929931640625,3692.89990234375,3733.929931640625,90342600
2013-01-03,3724.300048828125,3726.969970703125,3703.830078125,3721.169921875,58745000
2013-01-04,3713.320068359375,3731.1298828125,3696.5400390625,3730.02001953125,64316800
2013-01-07,3731.489990234375,3732.64990234375,3696.510009765625,3704.639892578125,82577200
2013-01-08,3694.2099609375,3731.239990234375,3692.89990234375,3705.8798828125,90902400
2013-01-09,3722.090087890625,3730.050048828125,3703.530029296875,3717.449951171875,130148400
2013-01-10,3716.080078125,3727.35009765625,3694.070068359375,3703.1201171875,140769400
2013-01-11,3708.8798828125,3714.449951171875,3683.820068359375,3706.02001953125,83582800
2013-01-14,3721.6298828125,3730.0400390625,3704.169921875,3708.25,29746400
2013-01-15,3697.2099609375,3718.300048828125,3689.340087890625,3697.35009765625,103642200
2013-01-16,3694.429931640625,3715.14990234375,3680.610107421875,3708.489990234375,90940200
2013-01-17,3709.1201171875,3754.169921875,3705.0400390625,3744.110107421875,97595600
2013-01-18,3758.3798828125,3760.949951171875,3735.7099609375,3741.580078125,100071000
2013-01-21,3747.580078125,3763.419921875,3739.449951171875,3763.030029296875,57381200
2013-01-22,3759.0,3762.929931640625,3724.530029296875,3741.010009765625,98266200
2013-01-23,3743.469970703125,3751.909912109375,3714.340087890625,3726.169921875,96342200
2013-01-24,3723.030029296875,3752.419921875,3711.550048828125,3752.169921875,79562200
2013-01-25,3745.81005859375,3782.60009765625,3745.02001953125,3778.159912109375,100132000
2013-01-28,3784.580078125,3789.1201171875,3771.110107421875,3780.889892578125,83043200
2013-01-29,3780.199951171875,3789.919921875,3762.85009765625,3785.820068359375,84269800
2013-01-30,3787.330078125,3793.260009765625,3759.260009765625,3765.52001953125,96926400
2013-01-31,3755.110107421875,3761.219970703125,3725.679931640625,3732.60009765625,121568600
2013-02-01,3734.659912109375,3786.25,3731.719970703125,3773.530029296875,108402400
2013-02-04,3778.360107421875,3778.360107421875,3659.909912109375,3659.909912109375,126058600
2013-02-05,3654.219970703125,3710.81005859375,3654.219970703125,3694.699951171875,90120000
2013-02-06,3695.27001953125,3706.97998046875,3624.030029296875,3642.89990234375,130229600
2013-02-07,3638.93994140625,3659.969970703125,3601.050048828125,3601.050048828125,102633000
2013-02-08,3614.9599609375,3653.56005859375,3608.110107421875,3649.5,98615600
2013-02-11,3660.280029296875,3676.429931640625,3634.820068359375,3650.580078125,69192400
2013-02-12,3645.27001953125,3686.580078125,3639.530029296875,3686.580078125,88558400
2013-02-13,3692.469970703125,3709.389892578125,3673.139892578125,3698.530029296875,89567200
2013-02-14,3691.5,3710.090087890625,3657.659912109375,3669.60009765625,112155000
2013-02-15,3665.780029296875,3694.72998046875,3659.239990234375,3660.3701171875,103652600
2013-02-18,3655.530029296875,3669.35009765625,3640.830078125,3667.0400390625,65821000
2013-02-19,3662.1201171875,3740.489990234375,3661.1298828125,3735.820068359375,100742000
2013-02-20,3734.1298828125,3743.64990234375,3701.75,3709.8798828125,119456600
2013-02-21,3687.280029296875,3688.050048828125,3623.169921875,3624.800048828125,142011800
2013-02-22,3645.719970703125,3706.780029296875,3644.550048828125,3706.280029296875,107975400
2013-02-25,3721.10009765625,3787.530029296875,3704.929931640625,3721.330078125,133442600
2013-02-26,3610.06005859375,3667.6201171875,3600.81005859375,3621.919921875,162457200
2013-02-27,3641.89990234375,3693.169921875,3619.469970703125,3691.489990234375,125396600
2013-02-28,3711.719970703125,3728.1201171875,3685.06005859375,3723.0,124268000
2013-03-01,3712.419921875,3731.699951171875,3661.2099609375,3699.909912109375,106514200
2013-03-04,3680.580078125,3723.679931640625,3673.030029296875,3709.760009765625,98922400
2013-03-05,3737.81005859375,3793.239990234375,3736.909912109375,3787.18994140625,112332600
2013-03-06,3791.5400390625,3809.0,3769.93994140625,3773.760009765625,90551200
2013-03-07,3783.0400390625,3802.179931640625,3779.820068359375,3793.780029296875,88515400
2013-03-08,3813.699951171875,3849.8701171875,3813.080078125,3840.14990234375,110423000
2013-03-11,3830.68994140625,3837.7900390625,3817.919921875,3836.27001953125,73777000
2013-03-12,3824.110107421875,3855.070068359375,3822.949951171875,3839.969970703125,84350200
2013-03-13,3834.43994140625,3839.989990234375,3817.56005859375,3836.0400390625,83695200
2013-03-14,3855.300048828125,3871.580078125,3849.68994140625,3871.580078125,119993400
2013-03-15,3867.090087890625,3869.139892578125,3829.72998046875,3844.030029296875,198658000
2013-03-18,3768.070068359375,3832.02001953125,3761.219970703125,3825.469970703125,122589000
2013-03-19,3813.3701171875,3819.3701171875,3763.989990234375,3775.75,126794800
2013-03-20,3798.1201171875,3834.8798828125,3785.81005859375,3829.56005859375,105949800
2013-03-21,3821.43994140625,3822.64990234375,3756.580078125,3774.85009765625,103805600
2013-03-22,3766.239990234375,3790.919921875,3750.050048828125,3770.2900390625,95914400
2013-03-25,3823.8798828125,3837.02001953125,3719.43994140625,3727.97998046875,131724200
2013-03-26,3735.320068359375,3765.010009765625,3732.139892578125,3748.639892578125,108932200
2013-03-27,3763.02001953125,3765.760009765625,3669.169921875,3711.639892578125,140480800
2013-03-28,3710.919921875,3751.14990234375,3695.090087890625,3731.419921875,109480800
2013-04-02,3729.820068359375,3810.179931640625,3729.280029296875,3805.3701171875,129183200
2013-04-03,3789.580078125,3806.300048828125,3752.7099609375,3754.9599609375,113307000
2013-04-04,3767.8798828125,3794.719970703125,3719.199951171875,3726.159912109375,124703400
2013-04-05,3727.6298828125,3735.679931640625,3638.830078125,3663.47998046875,127796600
2013-04-08,3677.2099609375,3694.27001953125,3663.159912109375,3666.780029296875,79621800
2013-04-09,3688.22998046875,3701.929931640625,3655.919921875,3670.719970703125,97491000
2013-04-10,3685.280029296875,3750.169921875,3685.280029296875,3743.7099609375,125566400
2013-04-11,3739.89990234375,3788.860107421875,3736.530029296875,3775.659912109375,101183000
2013-04-12,3765.64990234375,3773.639892578125,3718.110107421875,3729.300048828125,100063800
2013-04-15,3728.68994140625,3747.669921875,3684.85009765625,3710.47998046875,103653000
2013-04-16,3694.659912109375,3721.9599609375,3676.449951171875,3685.7900390625,107304000
2013-04-17,3707.050048828125,3711.469970703125,3591.320068359375,3599.22998046875,156357600
2013-04-18,3617.030029296875,3636.8798828125,3584.3798828125,3599.360107421875,132881000
2013-04-19,3633.330078125,3657.97998046875,3613.969970703125,3651.9599609375,121170000
2013-04-22,3673.47998046875,3681.949951171875,3631.580078125,3652.1298828125,88581400
2013-04-23,3655.64990234375,3783.050048828125,3655.070068359375,3783.050048828125,151079000
2013-04-24,3786.449951171875,3849.0400390625,3782.56005859375,3842.93994140625,141670400
2013-04-25,3835.25,3854.409912109375,3825.610107421875,3840.469970703125,98405200
2013-04-26,3821.989990234375,3828.139892578125,3788.469970703125,3810.050048828125,92558000
2013-04-29,3828.93994140625,3870.18994140625,3827.929931640625,3868.679931640625,86171400
2013-04-30,3883.0,3886.449951171875,3843.3701171875,3856.75,101008600
2013-05-02,3828.6201171875,3888.97998046875,3819.0400390625,3858.760009765625,118408600
2013-05-03,3873.949951171875,3914.510009765625,3848.330078125,3912.949951171875,109438000
2013-05-06,3909.489990234375,3915.590087890625,3897.72998046875,3907.0400390625,47146400
2013-05-07,3915.3798828125,3940.580078125,3904.89990234375,3921.320068359375,105486400
2013-05-08,3924.0,3957.06005859375,3919.18994140625,3956.280029296875,85164600
2013-05-09,3927.1201171875,3941.81005859375,3909.0,3928.580078125,64145400
2013-05-10,3932.429931640625,3971.919921875,3930.360107421875,3953.830078125,94890400
2013-05-13,3948.330078125,3961.659912109375,3933.320068359375,3945.199951171875,75023600
2013-05-14,3949.89990234375,3966.06005859375,3922.199951171875,3966.06005859375,89435600
2013-05-15,3959.0400390625,3983.050048828125,3950.570068359375,3982.22998046875,93773200
2013-05-16,3967.699951171875,3984.280029296875,3957.77001953125,3979.070068359375,93967400
2013-05-17,3968.409912109375,4018.840087890625,3962.31005859375,4001.27001953125,148916000
2013-05-20,4005.7900390625,4022.85009765625,3993.1201171875,4022.85009765625,61728800
2013-05-21,4009.840087890625,4036.179931640625,3991.3798828125,4036.179931640625,87155000
2013-05-22,4036.489990234375,4058.72998046875,4009.260009765625,4051.110107421875,92980000
2013-05-23,3955.97998046875,3983.719970703125,3940.2900390625,3967.14990234375,127183600
2013-05-24,3982.260009765625,3997.1298828125,3942.06005859375,3956.7900390625,60558800
2013-05-27,3979.14990234375,3998.050048828125,3976.409912109375,3995.159912109375,39186400
2013-05-28,4005.830078125,4072.239990234375,4004.27001953125,4050.56005859375,99488800
2013-05-29,4024.760009765625,4028.77001953125,3970.4599609375,3974.1201171875,91563600
2013-05-30,3964.5,4018.969970703125,3963.68994140625,3996.31005859375,84607200
2013-05-31,3992.35009765625,3995.7900390625,3938.18994140625,3948.590087890625,133511800
2013-06-03,3929.679931640625,3979.530029296875,3889.43994140625,3920.669921875,93646600
2013-06-04,3950.0,3962.419921875,3919.669921875,3925.830078125,75275800
2013-06-05,3903.590087890625,3915.7099609375,3852.43994140625,3852.43994140625,98550400
2013-06-06,3861.239990234375,3877.9599609375,3814.280029296875,3814.280029296875,92674800
2013-06-07,3821.070068359375,3889.550048828125,3800.85009765625,3872.590087890625,102233400
2013-06-10,3864.080078125,3884.639892578125,3853.8798828125,3864.360107421875,67885400
2013-06-11,3847.0,3849.360107421875,3780.389892578125,3810.56005859375,106952600
2013-06-12,3805.14990234375,3835.489990234375,3791.7099609375,3793.699951171875,82900600
2013-06-13,3747.64990234375,3804.25,3731.840087890625,3797.97998046875,104036400
2013-06-14,3823.199951171875,3830.68994140625,3793.5,3805.159912109375,77729800
2013-06-17,3815.43994140625,3882.8798828125,3814.610107421875,3863.659912109375,88895600
2013-06-18,3848.97998046875,3870.8701171875,3837.0400390625,3860.550048828125,75693000
2013-06-19,3866.14990234375,3868.39990234375,3823.64990234375,3839.340087890625,84862200
2013-06-20,3778.330078125,3783.199951171875,3696.449951171875,3698.929931640625,143397400
2013-06-21,3718.929931640625,3744.25,3658.0400390625,3658.0400390625,170441400
2013-06-24,3652.52001953125,3668.110107421875,3575.169921875,3595.6298828125,133725200
2013-06-25,3642.570068359375,3655.6201171875,3618.580078125,3649.820068359375,105236600
2013-06-26,3655.389892578125,3730.68994140625,3637.72998046875,3726.0400390625,109058400
2013-06-27,3722.409912109375,3780.56005859375,3704.179931640625,3762.18994140625,97420600
2013-06-28,3767.489990234375,3775.340087890625,3723.659912109375,3738.909912109375,118744800
2013-07-01,3761.570068359375,3786.409912109375,3724.530029296875,3767.47998046875,88607000
2013-07-02,3776.199951171875,3776.409912109375,3731.030029296875,3742.570068359375,77200400
2013-07-03,3708.2900390625,3708.909912109375,3668.77001953125,3702.010009765625,105048400
2013-07-04,3733.780029296875,3809.820068359375,3722.7900390625,3809.31005859375,111232600
2013-07-05,3811.169921875,3837.389892578125,3753.85009765625,3753.85009765625,98157600
2013-07-08,3782.1201171875,3842.510009765625,3781.510009765625,3823.830078125,76401000
2013-07-09,3840.659912109375,3858.5400390625,3832.159912109375,3843.56005859375,89875000
2013-07-10,3841.0400390625,3855.18994140625,3812.030029296875,3840.530029296875,73308600
2013-07-11,3885.43994140625,3888.18994140625,3855.050048828125,3868.97998046875,92621400
2013-07-12,3878.6201171875,3886.080078125,3844.8798828125,3855.090087890625,72635000
2013-07-15,3867.080078125,3893.260009765625,3862.840087890625,3878.580078125,55995800
2013-07-16,3883.469970703125,3884.639892578125,3846.820068359375,3851.030029296875,65496000
2013-07-17,3858.530029296875,3883.090087890625,3821.550048828125,3872.02001953125,76429400
2013-07-18,3864.06005859375,3927.7900390625,3858.570068359375,3927.7900390625,91194000
2013-07-19,3914.760009765625,3925.320068359375,3900.10009765625,3925.320068359375,89217600
2013-07-22,3929.18994140625,3945.97998046875,3915.81005859375,3939.919921875,67872400
2013-07-23,3952.550048828125,3955.550048828125,3923.090087890625,3923.090087890625,93653800
2013-07-24,3931.239990234375,3976.5,3931.239990234375,3962.75,101852200
2013-07-25,3961.780029296875,3967.580078125,3920.169921875,3956.02001953125,101230000
2013-07-26,3979.949951171875,4002.35009765625,3960.52001953125,3968.840087890625,93854600
2013-07-29,3989.340087890625,3997.860107421875,3962.429931640625,3968.909912109375,89540800
2013-07-30,3983.8798828125,3998.159912109375,3966.030029296875,3986.610107421875,79142900
2013-07-31,3975.419921875,4007.22998046875,3965.030029296875,3992.68994140625,98222000
2013-08-01,3996.81005859375,4044.5,3993.75,4042.72998046875,133956900
2013-08-02,4059.239990234375,4059.6201171875,4027.760009765625,4045.64990234375,90971300
2013-08-05,4049.159912109375,4062.780029296875,4040.340087890625,4049.969970703125,75312500
2013-08-06,4050.969970703125,4064.97998046875,4013.9599609375,4032.570068359375,102019000
2013-08-07,4024.639892578125,4043.550048828125,4010.6298828125,4038.489990234375,84145300
2013-08-08,4046.43994140625,4069.719970703125,4032.989990234375,4064.320068359375,81525100
2013-08-09,4073.77001953125,4087.72998046875,4049.8701171875,4076.550048828125,87489200
2013-08-12,4080.969970703125,4088.639892578125,4048.6201171875,4071.679931640625,71797900
2013-08-13,4081.580078125,4092.5,4075.449951171875,4092.5,73464100
2013-08-14,4099.330078125,4122.16015625,4091.580078125,4114.2001953125,72401700
2013-08-15,4108.93017578125,4111.64013671875,4055.300048828125,4093.199951171875,67105100
2013-08-16,4092.77001953125,4123.89013671875,4077.52001953125,4123.89013671875,81788800
2013-08-19,4122.3798828125,4122.3798828125,4080.659912109375,4083.97998046875,63656900
2013-08-20,4067.2099609375,4067.89990234375,4005.469970703125,4028.929931640625,99059500
2013-08-21,4042.43994140625,4048.300048828125,4015.030029296875,4015.090087890625,67324800
2013-08-22,4018.25,4071.72998046875,4018.25,4059.1201171875,78639800
2013-08-23,4058.699951171875,4073.820068359375,4025.56005859375,4069.469970703125,60975400
2013-08-26,4072.780029296875,4072.780029296875,4037.969970703125,4067.1298828125,36474700
2013-08-27,4049.1298828125,4062.47998046875,3968.72998046875,3968.72998046875,108198400
2013-08-28,3955.419921875,3976.110107421875,3934.7900390625,3960.4599609375,110503100
2013-08-29,3980.60009765625,3990.27001953125,3950.739990234375,3986.35009765625,81767500
2013-08-30,3986.22998046875,3988.929931640625,3933.780029296875,3933.780029296875,93756500
2013-09-02,3974.7900390625,4014.5,3974.7900390625,4006.010009765625,67423200
2013-09-03,4015.0,4015.0,3951.320068359375,3974.070068359375,93598000
2013-09-04,3981.8798828125,3987.8798828125,3927.6298828125,3980.419921875,83843400
2013-09-05,3986.469970703125,4009.590087890625,3968.179931640625,4006.800048828125,103932100
2013-09-06,4000.5400390625,4049.18994140625,3985.77001953125,4049.18994140625,111738400
2013-09-09,4046.260009765625,4047.93994140625,4022.81005859375,4040.330078125,76420300
2013-09-10,4071.030029296875,4119.97998046875,4067.159912109375,4116.64013671875,113480600
2013-09-11,4107.2900390625,4122.52978515625,4100.89013671875,4119.10986328125,94463300
2013-09-12,4117.64013671875,4121.31982421875,4095.2099609375,4106.6298828125,115335800
2013-09-13,4101.669921875,4117.3798828125,4095.72998046875,4114.5,80926400
2013-09-16,4154.18994140625,4162.669921875,4138.33984375,4152.22021484375,92101800
2013-09-17,4142.22998046875,4155.85009765625,4131.22021484375,4145.509765625,79838200
2013-09-18,4147.4599609375,4170.39990234375,4134.43994140625,4170.39990234375,78450600
2013-09-19,4228.0,4228.0,4188.72998046875,4206.0400390625,121735400
2013-09-20,4194.93994140625,4219.89990234375,4193.919921875,4203.66015625,199054700
2013-09-23,4207.18017578125,4216.919921875,4162.83984375,4172.080078125,87034800
2013-09-24,4174.85986328125,4206.2998046875,4174.259765625,4195.60986328125,83359100
2013-09-25,4185.2001953125,4202.5400390625,4171.8798828125,4195.35009765625,82546800
2013-09-26,4199.02001953125,4202.39990234375,4170.669921875,4186.72021484375,84538000
2013-09-27,4193.169921875,4201.2099609375,4163.7001953125,4186.77001953125,74908000
2013-09-30,4141.5498046875,4150.43994140625,4120.240234375,4143.43994140625,90782800
2013-10-01,4151.919921875,4196.60009765625,4150.0400390625,4196.60009765625,81348300
2013-10-02,4177.6201171875,4180.7900390625,4136.7900390625,4158.16015625,86634500
2013-10-03,4158.93017578125,4166.919921875,4124.830078125,4127.97998046875,70162300
2013-10-04,4127.33984375,4176.259765625,4124.669921875,4164.25,73009600
2013-10-07,4145.10986328125,4165.580078125,4105.669921875,4165.580078125,70427600
2013-10-08,4160.8798828125,4172.18017578125,4133.18994140625,4133.52978515625,80755100
2013-10-09,4127.419921875,4162.25,4113.68017578125,4127.0498046875,100956600
2013-10-10,4156.419921875,4220.6201171875,4148.419921875,4218.10986328125,112910700
2013-10-11,4227.31005859375,4227.5400390625,4209.1201171875,4219.97998046875,82964500
2013-10-14,4206.10009765625,4222.9599609375,4192.58984375,4222.9599609375,68353200
2013-10-15,4239.2099609375,4261.740234375,4232.1298828125,4256.02001953125,89147800
2013-10-16,4230.52001953125,4247.5400390625,4213.39990234375,4243.72021484375,103286100
2013-10-17,4233.8798828125,4242.41015625,4204.740234375,4239.64013671875,93448900
2013-10-18,4259.81005859375,4286.02978515625,4246.89013671875,4286.02978515625,97855900
2013-10-21,4285.7099609375,4286.14990234375,4267.5400390625,4276.919921875,76389900
2013-10-22,4266.02001953125,4309.14990234375,4263.22998046875,4295.43017578125,98589500
2013-10-23,4272.25,4274.759765625,4249.60986328125,4260.66015625,111605000
2013-10-24,4271.509765625,4281.02978515625,4259.83984375,4275.68994140625,81353000
2013-10-25,4248.72998046875,4279.77001953125,4242.22021484375,4272.31005859375,85491700
2013-10-28,4287.89013671875,4288.85986328125,4236.02978515625,4251.60986328125,76895900
2013-10-29,4241.81982421875,4281.47021484375,4241.81982421875,4278.08984375,80230900
2013-10-30,4272.5498046875,4309.919921875,4264.580078125,4274.10986328125,79788000
2013-10-31,4260.7998046875,4303.81982421875,4254.89013671875,4299.89013671875,94117200
2013-11-01,4302.02978515625,4305.259765625,4266.97021484375,4273.18994140625,55272500
2013-11-04,4284.830078125,4296.06982421875,4276.81005859375,4288.58984375,60398200
2013-11-05,4296.56005859375,4296.9501953125,4232.9599609375,4253.33984375,103977800
2013-11-06,4265.43017578125,4299.8701171875,4265.43017578125,4286.93017578125,85653100
2013-11-07,4282.97998046875,4356.27978515625,4269.2900390625,4280.990234375,150594700
2013-11-08,4254.2998046875,4267.75,4211.81982421875,4260.43994140625,108454500
2013-11-11,4262.7998046875,4296.02001953125,4253.47021484375,4290.14013671875,56971900
2013-11-12,4289.02001953125,4297.93994140625,4263.77978515625,4263.77978515625,68895500
2013-11-13,4250.85986328125,4266.4501953125,4213.2099609375,4239.93994140625,86448400
2013-11-14,4285.85986328125,4294.14990234375,4257.509765625,4283.91015625,97078200
2013-11-15,4281.52978515625,4299.669921875,4271.5498046875,4292.22998046875,93037300
2013-11-18,4289.22021484375,4336.60986328125,4277.2099609375,4320.68017578125,80574600
2013-11-19,4303.35009765625,4303.35009765625,4264.330078125,4272.2900390625,69371900
2013-11-20,4263.14013671875,4290.81982421875,4248.580078125,4268.3701171875,79458700
2013-11-21,4246.8798828125,4266.06005859375,4222.31005859375,4253.89990234375,77561300
2013-11-22,4264.9599609375,4285.02978515625,4250.77978515625,4278.52978515625,75800200
2013-11-25,4298.009765625,4307.97998046875,4290.77978515625,4301.97021484375,64808400
2013-11-26,4295.990234375,4304.8701171875,4277.56982421875,4277.56982421875,81270800
2013-11-27,4286.740234375,4303.97021484375,4276.7900390625,4293.06005859375,89111400
2013-11-28,4291.56005859375,4311.81005859375,4289.43017578125,4302.419921875,49972600
2013-11-29,4297.14013671875,4310.66015625,4294.39013671875,4295.2099609375,70660600
2013-12-02,4294.64990234375,4309.31005859375,4273.419921875,4285.81005859375,72972900
2013-12-03,4275.9501953125,4277.27001953125,4172.43994140625,4172.43994140625,113870100
2013-12-04,4184.2998046875,4192.52978515625,4120.10009765625,4148.52001953125,99698600
2013-12-05,4140.759765625,4157.0498046875,4099.91015625,4099.91015625,101273400
2013-12-06,4110.85009765625,4140.68017578125,4082.139892578125,4129.3701171875,101580200
2013-12-09,4143.2998046875,4143.2998046875,4109.919921875,4134.10009765625,77073800
2013-12-10,4126.6201171875,4144.7998046875,4091.139892578125,4091.139892578125,78886900
2013-12-11,4094.1201171875,4127.97021484375,4085.6298828125,4086.860107421875,91017900
2013-12-12,4077.97998046875,4090.18994140625,4056.3701171875,4069.1201171875,84997300
2013-12-13,4069.580078125,4085.800048828125,4053.409912109375,4059.7099609375,74611100
2013-12-16,4051.929931640625,4128.97998046875,4051.25,4119.8798828125,93624600
2013-12-17,4100.759765625,4100.759765625,4068.639892578125,4068.639892578125,87590900
2013-12-18,4087.570068359375,4109.509765625,4074.280029296875,4109.509765625,88914200
2013-12-19,4146.43994140625,4184.330078125,4143.60009765625,4154.27001953125,68178600
2013-12-20,4176.89013671875,4200.31005859375,4166.52978515625,4193.77001953125,193420900
2013-12-23,4199.919921875,4215.2900390625,4187.9501953125,4215.2900390625,72498700
2013-12-24,4209.60986328125,4229.68017578125,4209.419921875,4218.41015625,18874800
2013-12-27,4245.64013671875,4279.27978515625,4237.2001953125,4277.64990234375,75689200
2013-12-30,4283.419921875,4289.52978515625,4267.6298828125,4275.7099609375,65865100
2013-12-31,4280.759765625,4297.22998046875,4280.759765625,4295.9501953125,19638000
2014-01-02,4307.39990234375,4312.58984375,4226.66015625,4227.27978515625,86282800
2014-01-03,4238.759765625,4258.89013671875,4228.85009765625,4247.64990234375,59137700
2014-01-06,4242.27001953125,4261.33984375,4221.7099609375,4227.5400390625,68734800
2014-01-07,4231.5,4266.9599609375,4215.58984375,4262.68017578125,102867800
2014-01-08,4269.4599609375,4272.06982421875,4245.56005859375,4260.9599609375,100876000
2014-01-09,4260.22021484375,4278.10986328125,4216.06982421875,4225.14013671875,137083700
2014-01-10,4246.52978515625,4269.3798828125,4233.2900390625,4250.60009765625,128366300
2014-01-13,4261.7001953125,4268.72021484375,4246.72021484375,4263.27001953125,103307900
2014-01-14,4226.68994140625,4274.2001953125,4213.56982421875,4274.2001953125,103190900
2014-01-15,4286.5498046875,4332.06982421875,4283.10986328125,4332.06982421875,116462900
2014-01-16,4333.2998046875,4334.9599609375,4312.830078125,4319.27001953125,113299100
2014-01-17,4324.08984375,4341.85986328125,4312.85986328125,4327.5,132673900
2014-01-20,4320.81005859375,4333.31982421875,4314.0498046875,4322.85986328125,75947500
2014-01-21,4326.91015625,4351.2099609375,4317.0498046875,4323.8701171875,113288700
2014-01-22,4338.41015625,4347.02001953125,4308.06982421875,4324.97998046875,95595000
2014-01-23,4318.89990234375,4339.1298828125,4266.97998046875,4280.9599609375,121891000
2014-01-24,4283.60009765625,4292.14013671875,4154.9501953125,4161.47021484375,181128600
2014-01-27,4166.27978515625,4172.27978515625,4137.9599609375,4144.56005859375,138816400
2014-01-28,4171.47998046875,4198.2001953125,4153.81982421875,4185.2900390625,124485100
2014-01-29,4220.740234375,4245.9599609375,4106.52978515625,4156.97998046875,156697700
2014-01-30,4160.2099609375,4195.5400390625,4123.66015625,4180.02001953125,110023300
2014-01-31,4194.72021484375,4194.72021484375,4098.7099609375,4165.72021484375,144400500
2014-02-03,4160.27978515625,4184.9501953125,4104.66015625,4107.75,119653500
2014-02-04,4092.139892578125,4132.2900390625,4080.60009765625,4117.4501953125,135698700
2014-02-05,4111.669921875,4136.60986328125,4098.68994140625,4117.7900390625,123523300
2014-02-06,4138.97021484375,4200.580078125,4122.75,4188.10009765625,234833600
2014-02-07,4198.77001953125,4228.89990234375,4171.68017578125,4228.18017578125,139519300
2014-02-10,4247.580078125,4251.3798828125,4229.06982421875,4237.1298828125,101803100
2014-02-11,4251.2900390625,4283.31982421875,4247.3701171875,4283.31982421875,137945000
2014-02-12,4295.7900390625,4324.31982421875,4288.009765625,4305.5,118668600
2014-02-13,4292.9599609375,4316.2900390625,4275.240234375,4312.7998046875,111612600
2014-02-14,4320.14990234375,4340.3798828125,4304.990234375,4340.14013671875,97863100
2014-02-17,4345.580078125,4352.5400390625,4330.0,4335.169921875,62954100
2014-02-18,4340.8701171875,4342.41015625,4304.66015625,4330.7099609375,91570300
2014-02-19,4321.64990234375,4352.72021484375,4312.7998046875,4341.10009765625,101227100
2014-02-20,4298.10986328125,4356.64990234375,4290.47021484375,4355.490234375,122837400
2014-02-21,4369.83984375,4383.14990234375,4353.14990234375,4381.06005859375,102371300
2014-02-24,4374.4599609375,4419.1298828125,4373.56982421875,4419.1298828125,95223800
2014-02-25,4406.419921875,4416.16015625,4383.240234375,4414.5498046875,111757500
2014-02-26,4414.35986328125,4420.93994140625,4381.18994140625,4396.91015625,113683200
2014-02-27,4400.66015625,4408.22998046875,4354.9501953125,4396.39013671875,142607100
2014-02-28,4405.2001953125,4413.64990234375,4367.9599609375,4408.080078125,120235300
2014-03-03,4338.7900390625,4346.9501953125,4288.43994140625,4290.8701171875,157761500
2014-03-04,4340.830078125,4399.81005859375,4337.35009765625,4395.89990234375,125890900
2014-03-05,4384.60986328125,4402.1201171875,4377.64990234375,4391.25,106194600
2014-03-06,4408.1298828125,4431.16015625,4402.16015625,4417.0400390625,147376000
2014-03-07,4416.16015625,4432.5,4364.2001953125,4366.419921875,157180000
2014-03-10,4365.490234375,4417.7998046875,4346.830078125,4370.83984375,129388400
2014-03-11,4384.740234375,4386.72998046875,4343.9501953125,4349.72021484375,102575400
2014-03-12,4322.759765625,4327.85009765625,4273.3798828125,4306.259765625,123684500
2014-03-13,4315.39013671875,4319.64013671875,4250.509765625,4250.509765625,112881900
2014-03-14,4220.64990234375,4236.580078125,4183.0,4216.3701171875,184194100
2014-03-17,4216.91015625,4277.06005859375,4211.6201171875,4271.9599609375,105750500
2014-03-18,4264.33984375,4341.83984375,4250.47021484375,4313.259765625,125862400
2014-03-19,4312.8701171875,4329.47998046875,4295.06005859375,4308.06005859375,102362300
2014-03-20,4277.1201171875,4328.18017578125,4261.419921875,4327.91015625,144369900
2014-03-21,4333.4501953125,4353.39013671875,4323.27001953125,4335.27978515625,181677900
2014-03-24,4321.990234375,4332.169921875,4266.97998046875,4276.33984375,130239400
2014-03-25,4286.759765625,4351.60986328125,4286.759765625,4344.1201171875,115775900
2014-03-26,4358.0400390625,4398.47998046875,4353.85986328125,4385.14990234375,100125800
2014-03-27,4374.93994140625,4390.169921875,4359.2900390625,4379.06005859375,135638200
2014-03-28,4391.7099609375,4411.3798828125,4388.16015625,4411.259765625,99527500
2014-03-31,4426.830078125,4430.89990234375,4390.77001953125,4391.5,89922800
2014-04-01,4408.740234375,4440.0400390625,4401.2900390625,4426.72021484375,110908200
2014-04-02,4429.39013671875,4438.6298828125,4421.5,4430.85986328125,103632600
2014-04-03,4430.68017578125,4469.83984375,4417.35009765625,4449.330078125,98980900
2014-04-04,4459.8701171875,4496.5400390625,4447.0,4484.5498046875,113377600
2014-04-07,4453.18994140625,4464.0400390625,4432.2900390625,4436.080078125,127786600
2014-04-08,4443.2099609375,4448.43017578125,4384.66015625,4424.830078125,149398000
2014-04-09,4431.35986328125,4454.740234375,4426.39013671875,4442.68017578125,96745100
2014-04-10,4456.7099609375,4466.18994140625,4408.60986328125,4413.490234375,103990700
2014-04-11,4378.93017578125,4384.02978515625,4333.8701171875,4365.85986328125,138154100
2014-04-14,4345.6201171875,4384.56005859375,4319.27978515625,4384.56005859375,132160900
2014-04-15,4380.5,4404.0400390625,4344.02978515625,4345.35009765625,122058300
2014-04-16,4388.85009765625,4405.66015625,4375.0498046875,4405.66015625,122699300
2014-04-17,4412.41015625,4432.64013671875,4392.06005859375,4431.81005859375,120776700
2014-04-22,4451.91015625,4488.0498046875,4443.89990234375,4484.2099609375,104076000
2014-04-23,4479.7099609375,4480.6201171875,4449.009765625,4451.080078125,116615800
2014-04-24,4474.31982421875,4499.31982421875,4440.6298828125,4479.5400390625,143874900
2014-04-25,4459.169921875,4473.47998046875,4431.3798828125,4443.6298828125,95383500
2014-04-28,4455.0498046875,4477.6201171875,4444.4599609375,4460.52978515625,90359100
2014-04-29,4463.60009765625,4504.14013671875,4449.93994140625,4497.68017578125,119189200
2014-04-30,4473.93994140625,4491.2900390625,4470.75,4487.39013671875,137774800
2014-05-02,4473.830078125,4485.10009765625,4447.43994140625,4458.169921875,117261200
2014-05-05,4453.52001953125,4467.3701171875,4400.91015625,4462.68994140625,83750800
2014-05-06,4474.91015625,4477.85986328125,4420.7099609375,4428.06982421875,125181200
2014-05-07,4414.33984375,4453.22021484375,4402.77978515625,4446.43994140625,134882300
2014-05-08,4455.27978515625,4507.240234375,4440.85986328125,4507.240234375,127264600
2014-05-09,4491.18017578125,4496.669921875,4465.77001953125,4477.27978515625,155409900
2014-05-12,4467.3798828125,4495.72021484375,4463.0498046875,4493.64990234375,124775600
2014-05-13,4504.509765625,4511.35009765625,4492.4599609375,4505.02001953125,126209200
2014-05-14,4505.5400390625,4506.56005859375,4489.41015625,4501.0400390625,97814900
2014-05-15,4497.1298828125,4512.6201171875,4438.490234375,4444.93017578125,144233600
2014-05-16,4446.68017578125,4456.31005859375,4418.58984375,4456.27978515625,139689200
2014-05-19,4447.68017578125,4476.41015625,4418.0498046875,4469.759765625,115554200
2014-05-20,4459.08984375,4473.10009765625,4445.72998046875,4452.35009765625,89702000
2014-05-21,4436.10986328125,4473.27978515625,4424.68994140625,4469.02978515625,110746200
2014-05-22,4473.56005859375,4481.97998046875,4451.77978515625,4478.2099609375,97409600
2014-05-23,4479.58984375,4495.759765625,4468.89013671875,4493.14990234375,84298600
2014-05-26,4504.259765625,4526.93017578125,4496.43017578125,4526.93017578125,53064100
2014-05-27,4516.10986328125,4536.47998046875,4511.4599609375,4529.75,94160200
2014-05-28,4527.1201171875,4536.830078125,4517.8798828125,4531.6298828125,84469400
2014-05-29,4523.41015625,4533.5,4515.4599609375,4530.509765625,67042000
2014-05-30,4512.56982421875,4524.919921875,4495.7900390625,4519.56982421875,133957200
2014-06-02,4523.89990234375,4529.35009765625,4502.1201171875,4515.89013671875,121760600
2014-06-03,4512.8798828125,4516.02001953125,4499.0,4503.68994140625,97730200
2014-06-04,4494.1298828125,4508.259765625,4470.47021484375,4501.0,100369000
2014-06-05,4504.02978515625,4577.7001953125,4487.47998046875,4548.72998046875,148434000
2014-06-06,4553.31005859375,4586.68017578125,4539.52978515625,4581.1201171875,127889500
2014-06-09,4580.93994140625,4590.66015625,4570.41015625,4589.1201171875,66662900
2014-06-10,4589.89990234375,4598.64990234375,4579.06005859375,4595.0,85719200
2014-06-11,4580.72998046875,4583.64013671875,4552.6298828125,4555.10986328125,123035200
2014-06-12,4552.0,4573.97998046875,4545.22021484375,4554.39990234375,97945400
2014-06-13,4550.18994140625,4555.85986328125,4506.93017578125,4543.27978515625,99692700
2014-06-16,4523.52001953125,4540.68017578125,4509.52001953125,4510.0498046875,95236800
2014-06-17,4524.25,4538.240234375,4508.4599609375,4536.06982421875,95996300
2014-06-18,4540.10009765625,4550.93017578125,4529.52978515625,4530.3701171875,99269700
2014-06-19,4565.10986328125,4581.9501953125,4558.06982421875,4563.0400390625,130906800
2014-06-20,4555.509765625,4574.919921875,4541.33984375,4541.33984375,188834000
2014-06-23,4540.52001953125,4540.52001953125,4494.35986328125,4515.56982421875,113645600
2014-06-24,4529.5400390625,4536.10986328125,4513.10009765625,4518.33984375,95139000
2014-06-25,4494.35986328125,4496.669921875,4448.27001953125,4460.60009765625,124298200
2014-06-26,4470.77978515625,4473.43017578125,4412.18017578125,4439.6298828125,105956700
2014-06-27,4447.169921875,4461.47021484375,4426.58984375,4436.990234375,91027500
2014-06-30,4443.02978515625,4457.56982421875,4407.18017578125,4422.83984375,101095200
2014-07-01,4438.77001953125,4462.43017578125,4430.259765625,4461.1201171875,104764000
2014-07-02,4460.6201171875,4467.7900390625,4436.10986328125,4444.72021484375,131935500
2014-07-03,4446.7001953125,4490.72021484375,4437.35986328125,4489.8798828125,110971500
2014-07-04,4482.22021484375,4489.81005859375,4468.97998046875,4468.97998046875,65868000
2014-07-07,4453.759765625,4463.06005859375,4404.240234375,4405.759765625,86253100
2014-07-08,4418.169921875,4423.77978515625,4342.5,4342.52978515625,108090300
2014-07-09,4353.52978515625,4362.56005859375,4329.14013671875,4359.83984375,100385500
2014-07-10,4357.77001953125,4357.77001953125,4277.580078125,4301.259765625,133558400
2014-07-11,4309.64990234375,4330.47998046875,4299.3701171875,4316.5,96055500
2014-07-14,4327.66015625,4355.759765625,4324.06005859375,4350.0400390625,78369700
2014-07-15,4344.5,4352.580078125,4303.47021484375,4305.31005859375,101075800
2014-07-16,4322.9599609375,4374.22021484375,4322.9599609375,4369.06005859375,106369100
2014-07-17,4345.97998046875,4362.27978515625,4311.1201171875,4316.1201171875,102510700
2014-07-18,4296.83984375,4335.31005859375,4284.419921875,4335.31005859375,111179000
2014-07-21,4334.6201171875,4336.7900390625,4295.35986328125,4304.740234375,78393400
2014-07-22,4323.7099609375,4373.7001953125,4315.66015625,4369.52001953125,99480800
2014-07-23,4360.2001953125,4396.7001953125,4356.2998046875,4376.31982421875,84995400
2014-07-24,4376.68994140625,4415.2900390625,4347.759765625,4410.64990234375,109270400
2014-07-25,4390.85009765625,4395.3798828125,4317.490234375,4330.5498046875,96448300
2014-07-28,4352.5,4358.47021484375,4308.259765625,4344.77001953125,80021000
2014-07-29,4349.43017578125,4389.759765625,4332.2998046875,4365.580078125,85744300
2014-07-30,4360.18017578125,4378.7001953125,4303.66015625,4312.2998046875,117320300
2014-07-31,4335.2001953125,4337.740234375,4238.27001953125,4246.14013671875,222485200
2014-08-01,4236.35009765625,4243.06982421875,4182.02001953125,4202.77978515625,224455200
2014-08-04,4222.77978515625,4240.1201171875,4204.66015625,4217.22021484375,127194400
2014-08-05,4240.56982421875,4252.68017578125,4217.6201171875,4232.8798828125,132162200
2014-08-06,4207.2001953125,4222.759765625,4169.7998046875,4207.14013671875,137276800
2014-08-07,4209.60986328125,4209.60986328125,4146.27001953125,4149.830078125,135520200
2014-08-08,4114.08984375,4165.259765625,4109.31005859375,4147.81005859375,124099100
2014-08-11,4182.75,4206.27001953125,4165.35009765625,4197.7001953125,97124600
2014-08-12,4188.0498046875,4193.14990234375,4150.89990234375,4162.16015625,93578700
2014-08-13,4187.4599609375,4204.3798828125,4178.7900390625,4194.7900390625,96498300
2014-08-14,4176.93017578125,4217.39013671875,4166.18017578125,4205.43017578125,88592900
2014-08-15,4216.89990234375,4256.33984375,4168.080078125,4174.35986328125,110744200
2014-08-18,4227.8798828125,4241.85986328125,4211.3798828125,4230.64990234375,73943500
2014-08-19,4243.830078125,4258.830078125,4235.27978515625,4254.4501953125,65903800
2014-08-20,4250.27978515625,4254.83984375,4216.9599609375,4240.7900390625,70065700
2014-08-21,4247.31982421875,4292.93017578125,4231.66015625,4292.93017578125,89019500
2014-08-22,4291.06005859375,4291.169921875,4233.14990234375,4252.7998046875,88085100
2014-08-25,4299.5,4342.10986328125,4286.60986328125,4342.10986328125,66624700
2014-08-26,4336.2900390625,4395.93994140625,4333.1201171875,4393.41015625,102347700
2014-08-27,4384.52978515625,4401.52001953125,4379.7998046875,4395.259765625,88620000
2014-08-28,4385.7099609375,4393.580078125,4352.93017578125,4366.0400390625,110098700
2014-08-29,4380.60986328125,4393.60009765625,4337.1298828125,4381.0400390625,102400900
2014-09-01,4383.6201171875,4391.080078125,4358.259765625,4379.72998046875,71668900
2014-09-02,4389.39990234375,4403.22021484375,4373.31982421875,4378.330078125,88312100
2014-09-03,4394.66015625,4443.52978515625,4394.06982421875,4421.8701171875,119605200
2014-09-04,4409.16015625,4509.580078125,4401.25,4494.93994140625,152520000
2014-09-05,4492.91015625,4498.16015625,4470.2001953125,4486.490234375,105969500
2014-09-08,4484.39990234375,4489.02001953125,4463.7900390625,4474.93017578125,84582900
2014-09-09,4465.10009765625,4482.91015625,4446.0400390625,4452.3701171875,94413900
2014-09-10,4442.68994140625,4459.77978515625,4434.93017578125,4450.7900390625,80385100
2014-09-11,4463.0,4466.14990234375,4411.06982421875,4440.89990234375,90346100
2014-09-12,4449.68017578125,4452.31005859375,4419.43994140625,4441.7001953125,77012200
2014-09-15,4425.6298828125,4440.919921875,4418.72998046875,4428.6298828125,77011900
2014-09-16,4426.14990234375,4426.14990234375,4391.080078125,4409.14990234375,86246100
2014-09-17,4432.64990234375,4444.830078125,4421.93994140625,4431.41015625,103391900
2014-09-18,4440.330078125,4470.47998046875,4435.66015625,4464.7001953125,104375600
2014-09-19,4491.5400390625,4492.39013671875,4451.91015625,4461.22021484375,158927900
2014-09-22,4446.91015625,4464.31005859375,4434.580078125,4442.5498046875,86943400
2014-09-23,4430.2998046875,4430.77978515625,4351.2998046875,4359.35009765625,110550700
2014-09-24,4364.0,4416.6298828125,4347.0498046875,4413.72021484375,98862200
2014-09-25,4413.64013671875,4430.5,4346.7099609375,4355.27978515625,118481600
2014-09-26,4361.3701171875,4411.990234375,4340.6298828125,4394.75,96004000
2014-09-29,4389.830078125,4401.06982421875,4334.009765625,4358.06982421875,84697000
2014-09-30,4375.3798828125,4435.06982421875,4369.259765625,4416.240234375,126214700
2014-10-01,4400.60986328125,4427.759765625,4354.14013671875,4365.27001953125,150171900
2014-10-02,4361.830078125,4371.06005859375,4242.669921875,4242.669921875,168748300
2014-10-03,4280.22021484375,4297.41015625,4260.6298828125,4281.740234375,105832200
2014-10-06,4317.919921875,4319.31005859375,4279.490234375,4286.52001953125,103757200
2014-10-07,4277.41015625,4277.41015625,4208.66015625,4209.14013671875,140455300
2014-10-08,4198.02001953125,4213.10986328125,4153.68017578125,4168.1201171875,145706200
2014-10-09,4222.97998046875,4222.97998046875,4123.18017578125,4141.4501953125,191315500
2014-10-10,4114.52001953125,4125.1298828125,4065.5,4073.7099609375,213912600
2014-10-13,4033.739990234375,4104.0,4030.570068359375,4078.699951171875,136272000
2014-10-14,4053.080078125,4097.89990234375,4012.820068359375,4088.25,157157300
2014-10-15,4090.47998046875,4096.580078125,3933.159912109375,3939.719970703125,225462800
2014-10-16,3968.409912109375,3987.139892578125,3789.110107421875,3918.6201171875,304167300
2014-10-17,3934.18994140625,4040.699951171875,3916.800048828125,4033.179931640625,230358700
2014-10-20,4023.760009765625,4030.14990234375,3962.06005859375,3991.239990234375,143988900
2014-10-21,3968.7900390625,4081.72998046875,3965.4599609375,4081.239990234375,159668100
2014-10-22,4090.93994140625,4110.47998046875,4064.080078125,4105.08984375,142186700
2014-10-23,4086.02001953125,4166.4599609375,4047.320068359375,4157.68017578125,162948200
2014-10-24,4137.919921875,4153.06982421875,4119.27001953125,4128.89990234375,116217700
2014-10-27,4170.83984375,4171.52978515625,4065.929931640625,4096.740234375,126568700
2014-10-28,4107.56982421875,4127.8701171875,4098.740234375,4112.669921875,134538100
2014-10-29,4126.97021484375,4134.830078125,4106.14013671875,4110.64013671875,135705400
2014-10-30,4138.080078125,4151.10986328125,4051.860107421875,4141.240234375,248771100
2014-10-31,4213.47021484375,4246.93017578125,4181.9599609375,4233.08984375,182457000
2014-11-03,4225.81005859375,4238.4599609375,4185.41015625,4194.02978515625,123590300
2014-11-04,4177.2001953125,4208.52001953125,4118.5,4130.18994140625,142148700
2014-11-05,4163.509765625,4214.35009765625,4145.60986328125,4208.419921875,126747900
2014-11-06,4193.47998046875,4275.2998046875,4180.31982421875,4227.68017578125,163811600
2014-11-07,4238.8701171875,4239.56005859375,4161.14990234375,4189.89013671875,144094600
2014-11-10,4184.18017578125,4224.830078125,4174.97998046875,4222.81982421875,123847500
2014-11-11,4227.1201171875,4252.919921875,4223.68017578125,4244.10009765625,99662200
2014-11-12,4232.33984375,4242.6201171875,4175.2900390625,4179.8798828125,122989000
2014-11-13,4203.669921875,4220.740234375,4153.169921875,4187.9501953125,131579800
2014-11-14,4208.10986328125,4208.1298828125,4164.7900390625,4202.4599609375,109621000
2014-11-17,4169.60986328125,4239.10986328125,4166.39990234375,4226.10009765625,95508800
2014-11-18,4230.41015625,4267.66015625,4223.31982421875,4262.3798828125,101914700
2014-11-19,4263.330078125,4289.169921875,4251.0400390625,4266.18994140625,83273700
2014-11-20,4264.60986328125,4264.72998046875,4201.47021484375,4234.2099609375,110207200
2014-11-21,4245.64990234375,4356.10986328125,4240.18994140625,4347.22998046875,197869900
2014-11-24,4355.97021484375,4400.33984375,4348.830078125,4368.43994140625,117173100
2014-11-25,4369.31005859375,4403.5498046875,4361.18017578125,4382.31005859375,122591400
2014-11-26,4382.8798828125,4399.41015625,4364.58984375,4373.419921875,95096700
2014-11-27,4375.419921875,4396.2001953125,4374.580078125,4382.33984375,95289500
2014-11-28,4378.31982421875,4390.18017578125,4353.60009765625,4390.18017578125,104492600
2014-12-01,4354.18994140625,4383.18994140625,4334.81005859375,4377.330078125,95799400
2014-12-02,4396.75,4422.77001953125,4373.02978515625,4388.2998046875,101308700
2014-12-03,4384.0400390625,4405.830078125,4378.8798828125,4391.85986328125,87190000
2014-12-04,4399.93994140625,4427.740234375,4310.68994140625,4323.89013671875,144554000
2014-12-05,4366.22021484375,4422.85009765625,4359.31982421875,4419.47998046875,125876600
2014-12-08,4400.169921875,4407.9501953125,4375.47998046875,4375.47998046875,77425600
2014-12-09,4332.72998046875,4342.1201171875,4260.06982421875,4263.93994140625,149779500
2014-12-10,4280.33984375,4306.72021484375,4216.18017578125,4227.91015625,116124400
2014-12-11,4225.330078125,4249.1201171875,4196.52978515625,4225.85986328125,135257400
2014-12-12,4197.47998046875,4202.52001953125,4103.490234375,4108.93017578125,135838300
2014-12-15,4094.4599609375,4144.31005859375,4000.800048828125,4005.3798828125,149438700
2014-12-16,4027.510009765625,4094.18994140625,3926.340087890625,4093.199951171875,248244700
2014-12-17,4052.22998046875,4131.81005859375,4035.300048828125,4111.91015625,143182000
2014-12-18,4186.259765625,4249.490234375,4159.9501953125,4249.490234375,214450700
2014-12-19,4282.39013671875,4291.2001953125,4202.06982421875,4241.64990234375,214972700
2014-12-22,4255.8798828125,4295.14990234375,4239.35986328125,4254.43017578125,86938900
2014-12-23,4264.5400390625,4314.97021484375,4259.2099609375,4314.97021484375,81670200
2014-12-24,4309.75,4316.39013671875,4295.02001953125,4295.85009765625,14317600
2014-12-29,4301.66015625,4317.93017578125,4249.9501953125,4317.93017578125,74896000
2014-12-30,4293.89990234375,4296.02001953125,4245.5400390625,4245.5400390625,56575600
2014-12-31,4256.169921875,4275.580078125,4255.330078125,4272.75,18497800
2015-01-02,4294.0498046875,4311.0,4224.33984375,4252.2900390625,69809300
2015-01-05,4221.990234375,4276.919921875,4105.4501953125,4111.35986328125,137887700
2015-01-06,4129.89013671875,4151.41015625,4076.159912109375,4083.5,130814400
2015-01-07,4111.72998046875,4144.9501953125,4080.780029296875,4112.72998046875,121316600
2015-01-08,4176.16015625,4270.10986328125,4163.6298828125,4260.18994140625,154417100
2015-01-09,4249.259765625,4272.830078125,4149.14013671875,4179.06982421875,139011800
2015-01-12,4196.77978515625,4252.27001953125,4165.14990234375,4228.240234375,129743900
2015-01-13,4204.77001953125,4310.580078125,4197.81005859375,4290.27978515625,127789000
2015-01-14,4227.4599609375,4302.22021484375,4207.3701171875,4223.240234375,151689400
2015-01-15,4262.93994140625,4338.72998046875,4119.35009765625,4323.2001953125,187411300
2015-01-16,4303.5498046875,4387.22021484375,4294.759765625,4379.6201171875,174122800
2015-01-19,4388.669921875,4423.25,4367.240234375,4394.93017578125,107393400
2015-01-20,4406.9599609375,4463.509765625,4405.93994140625,4446.02001953125,141375600
2015-01-21,4455.009765625,4484.81982421875,4406.72021484375,4484.81982421875,160196600
2015-01-22,4486.759765625,4569.5498046875,4462.169921875,4552.7998046875,208073500
2015-01-23,4588.490234375,4673.2998046875,4585.64013671875,4640.68994140625,222514400
2015-01-26,4620.0,4678.830078125,4616.60986328125,4675.1298828125,127771700
2015-01-27,4671.759765625,4679.259765625,4592.6201171875,4624.2099609375,145807700
2015-01-28,4660.4501953125,4660.8798828125,4582.580078125,4610.93994140625,130618600
2015-01-29,4571.0498046875,4632.3798828125,4571.0498046875,4631.43017578125,117222200
2015-01-30,4655.9501953125,4660.7099609375,4583.68017578125,4604.25,142104300
2015-02-02,4613.31005859375,4646.5498046875,4584.3701171875,4627.669921875,123784000
2015-02-03,4651.06982421875,4701.52001953125,4645.14990234375,4677.89990234375,146301200
2015-02-04,4682.81005859375,4696.2998046875,4651.77978515625,4696.2998046875,130750800
2015-02-05,4654.56005859375,4705.10009765625,4647.85009765625,4703.2998046875,121316800
2015-02-06,4698.83984375,4707.240234375,4675.3701171875,4691.02978515625,154635000
2015-02-09,4652.16015625,4659.259765625,4611.14990234375,4651.080078125,138917900
2015-02-10,4663.4599609375,4716.490234375,4636.080078125,4695.64990234375,127662600
2015-02-11,4687.8701171875,4694.43994140625,4659.4599609375,4679.3798828125,94464200
2015-02-12,4670.080078125,4746.75,4664.02978515625,4726.2001953125,159105400
2015-02-13,4748.0400390625,4779.5400390625,4741.2001953125,4759.35986328125,161376000
2015-02-16,4757.52001953125,4766.47021484375,4747.22021484375,4751.9501953125,99362700
2015-02-17,4720.93017578125,4766.669921875,4683.18994140625,4753.990234375,109444600
2015-02-18,4782.58984375,4806.68017578125,4775.8701171875,4799.02978515625,140858300
2015-02-19,4788.39990234375,4841.68994140625,4770.169921875,4833.27978515625,128577800
2015-02-20,4821.3798828125,4837.93017578125,4780.81005859375,4830.89990234375,140055500
2015-02-23,4872.1298828125,4875.97021484375,4832.35986328125,4862.2998046875,102128000
2015-02-24,4865.68017578125,4899.52001953125,4843.9599609375,4886.43994140625,106329800
2015-02-25,4885.0,4894.60009765625,4863.22021484375,4882.22021484375,117214700
2015-02-26,4884.89013671875,4910.6201171875,4877.240234375,4910.6201171875,105228900
2015-02-27,4905.77001953125,4951.47998046875,4903.08984375,4951.47998046875,120717900
2015-03-02,4937.43017578125,4950.58984375,4900.10986328125,4917.31982421875,149942900
2015-03-03,4922.43017578125,4936.47021484375,4863.919921875,4869.25,116619800
2015-03-04,4882.93994140625,4917.35009765625,4856.14013671875,4917.35009765625,117022000
2015-03-05,4929.0400390625,4974.64013671875,4926.08984375,4963.509765625,108151700
2015-03-06,4953.68017578125,4986.8798828125,4949.8798828125,4964.35009765625,134221500
2015-03-09,4940.64013671875,4950.419921875,4917.4599609375,4937.2001953125,119543200
2015-03-10,4930.06005859375,4941.3798828125,4869.4501953125,4881.9501953125,132780600
2015-03-11,4900.3701171875,5003.580078125,4900.330078125,4997.75,144167500
2015-03-12,4990.9599609375,5000.93994140625,4981.27978515625,4987.330078125,112062500
2015-03-13,4997.93994140625,5010.7998046875,4969.47021484375,5010.4599609375,105602100
2015-03-16,5019.02001953125,5071.68017578125,5019.02001953125,5061.16015625,109124000
2015-03-17,5065.6201171875,5074.830078125,5006.93017578125,5028.93017578125,132932500
2015-03-18,5032.18017578125,5041.31982421875,5001.3701171875,5033.419921875,127395500
2015-03-19,5029.97021484375,5059.68017578125,5006.81982421875,5037.18017578125,122169000
2015-03-20,5044.419921875,5106.0400390625,5036.27001953125,5087.490234375,185669400
2015-03-23,5078.25,5078.25,5036.22998046875,5054.52001953125,112901000
2015-03-24,5040.85986328125,5103.2998046875,5032.77978515625,5088.27978515625,130680800
2015-03-25,5073.27978515625,5087.2998046875,5012.8701171875,5020.990234375,124717600
2015-03-26,4992.5498046875,5006.35009765625,4932.52978515625,5006.35009765625,161978600
2015-03-27,5020.08984375,5048.3701171875,5003.31005859375,5034.06005859375,142337500
2015-03-30,5052.25,5097.58984375,5045.35986328125,5083.52001953125,112697900
2015-03-31,5073.990234375,5098.85986328125,5028.3798828125,5033.64013671875,126492200
2015-04-01,5009.6298828125,5110.7900390625,5007.68017578125,5062.22021484375,121105100
2015-04-02,5068.06005859375,5080.52978515625,5059.419921875,5074.14013671875,77337100
2015-04-07,5106.35986328125,5166.77001953125,5096.0,5151.18994140625,111763000
2015-04-08,5146.77978515625,5168.02978515625,5128.18017578125,5136.85986328125,95958600
2015-04-09,5156.16015625,5208.9501953125,5154.60009765625,5208.9501953125,100086000
2015-04-10,5224.22021484375,5240.64990234375,5210.60986328125,5240.4599609375,120562700
2015-04-13,5236.10986328125,5262.740234375,5222.39990234375,5254.1201171875,116785400
2015-04-14,5252.47998046875,5260.77978515625,5192.89013671875,5218.06005859375,262666600
2015-04-15,5230.97998046875,5269.5,5217.0400390625,5254.35009765625,259448500
2015-04-16,5246.75,5255.240234375,5214.93994140625,5224.490234375,164371600
2015-04-17,5214.330078125,5238.91015625,5132.7099609375,5143.259765625,188551300
2015-04-20,5154.91015625,5187.58984375,5151.1201171875,5187.58984375,116468000
2015-04-21,5205.10009765625,5243.56982421875,5172.759765625,5192.64013671875,139757100
2015-04-22,5210.7001953125,5225.85986328125,5146.27001953125,5211.08984375,126766700
2015-04-23,5217.080078125,5226.169921875,5146.68017578125,5178.91015625,128135000
2015-04-24,5202.6298828125,5225.39013671875,5166.81005859375,5201.4501953125,132942200
2015-04-27,5198.7900390625,5283.7099609375,5135.89013671875,5268.91015625,128430000
2015-04-28,5256.7900390625,5256.7900390625,5138.2998046875,5173.3798828125,146716900
2015-04-29,5176.669921875,5202.56005859375,5034.830078125,5039.39013671875,149347400
2015-04-30,5040.509765625,5069.0400390625,4987.259765625,5046.490234375,207097200
2015-05-04,5060.5,5112.85986328125,5013.52978515625,5081.97021484375,110373300
2015-05-05,5074.419921875,5133.169921875,4969.97021484375,4974.06982421875,158058300
2015-05-06,4968.14013671875,5013.2099609375,4936.33984375,4981.58984375,169169600
2015-05-07,4945.81982421875,4981.990234375,4874.89990234375,4967.22021484375,186569200
2015-05-08,4999.47998046875,5094.009765625,4981.41015625,5090.39013671875,148505400
2015-05-11,5050.919921875,5050.919921875,5008.89013671875,5027.8701171875,105803700
2015-05-12,4988.85009765625,4992.919921875,4922.02001953125,4974.64990234375,130251300
2015-05-13,4996.18994140625,5045.5400390625,4944.39013671875,4961.85986328125,125480600
2015-05-14,4942.490234375,5043.68994140625,4905.7001953125,5029.31005859375,106266300
2015-05-15,5049.56005859375,5066.56982421875,4965.85986328125,4993.81982421875,118689900
2015-05-18,4996.9599609375,5026.27978515625,4932.009765625,5012.31005859375,99355700
2015-05-19,5040.4501953125,5124.5,5040.4501953125,5117.2998046875,131121300
2015-05-20,5106.259765625,5139.06005859375,5089.43017578125,5133.2998046875,92775200
2015-05-21,5120.8798828125,5148.8701171875,5104.2099609375,5146.7001953125,76471600
2015-05-22,5147.41015625,5155.27978515625,5121.68994140625,5142.89013671875,88052800
2015-05-25,5139.64990234375,5139.64990234375,5099.1298828125,5117.169921875,21000700
2015-05-26,5122.8701171875,5146.02978515625,5062.47021484375,5083.5400390625,106516600
2015-05-27,5105.85986328125,5193.77001953125,5086.35986328125,5182.52978515625,121961600
2015-05-28,5157.25,5164.240234375,5096.52978515625,5137.830078125,94177200
2015-05-29,5137.02001953125,5144.72998046875,5006.4599609375,5007.89013671875,161991900
2015-06-01,5029.0498046875,5060.490234375,4989.93994140625,5025.2998046875,97082300
2015-06-02,5051.68017578125,5051.68017578125,4960.72021484375,5004.4599609375,121140700
2015-06-03,5016.3701171875,5088.14013671875,4991.27001953125,5034.169921875,113879500
2015-06-04,5006.18994140625,5044.75,4916.4501953125,4987.1298828125,129401400
2015-06-05,4951.7998046875,4966.4501953125,4894.169921875,4920.740234375,117606600
2015-06-08,4906.169921875,4917.52001953125,4857.66015625,4857.66015625,100424300
2015-06-09,4849.1201171875,4868.419921875,4783.919921875,4850.22021484375,137312600
2015-06-10,4831.02978515625,4956.740234375,4811.5400390625,4934.91015625,125031000
2015-06-11,4926.77001953125,5022.10009765625,4917.919921875,4971.3701171875,133827300
2015-06-12,4962.22021484375,4973.06982421875,4852.35986328125,4901.18994140625,118044300
2015-06-15,4844.9501953125,4871.06982421875,4805.10009765625,4815.35986328125,106993300
2015-06-16,4778.2099609375,4857.6298828125,4748.93017578125,4839.85986328125,122656600
2015-06-17,4845.72998046875,4858.0498046875,4773.18994140625,4790.6201171875,108775800
2015-06-18,4777.91015625,4805.009765625,4712.97021484375,4803.47998046875,135723200
2015-06-19,4807.580078125,4870.52001953125,4799.27001953125,4815.3701171875,183933200
2015-06-22,4926.6298828125,5010.39013671875,4911.85986328125,4998.60986328125,170982500
2015-06-23,5045.56982421875,5078.509765625,5024.259765625,5057.68017578125,129386400
2015-06-24,5060.580078125,5065.740234375,5001.669921875,5045.35009765625,137708100
2015-06-25,4996.6298828125,5087.080078125,4996.6298828125,5041.7099609375,128574400
2015-06-26,5010.22021484375,5095.0400390625,4985.8798828125,5059.169921875,105581800
2015-06-29,4821.4501953125,4946.6201171875,4819.02978515625,4869.81982421875,171663100
2015-06-30,4849.39013671875,4892.47998046875,4789.60986328125,4790.2001953125,167742900
2015-07-01,4849.43017578125,4941.60986328125,4813.68994140625,4883.18994140625,151634100
2015-07-02,4898.5498046875,4903.509765625,4833.14013671875,4835.56005859375,100577600
2015-07-03,4836.4599609375,4847.3798828125,4780.5498046875,4808.22021484375,86776200
2015-07-06,4709.009765625,4775.490234375,4699.169921875,4711.5400390625,136187400
2015-07-07,4712.6298828125,4724.5400390625,4602.16015625,4604.64013671875,163782600
2015-07-08,4611.85986328125,4671.8701171875,4601.89990234375,4639.02001953125,144187300
2015-07-09,4667.2099609375,4777.02978515625,4655.4501953125,4757.22021484375,121520700
2015-07-10,4884.0498046875,4922.6298828125,4850.93994140625,4903.06982421875,139526500
2015-07-13,4985.14013671875,5010.580078125,4959.6201171875,4998.10009765625,124421200
2015-07-14,4995.35986328125,5032.47021484375,4981.02001953125,5032.47021484375,88560800
2015-07-15,5027.91015625,5055.60009765625,5017.830078125,5047.240234375,93627300
2015-07-16,5071.89990234375,5147.39990234375,5067.75,5121.5,123015200
2015-07-17,5138.97998046875,5138.97998046875,5110.47998046875,5124.39013671875,102644300
2015-07-20,5134.16015625,5184.740234375,5130.97021484375,5142.490234375,79072100
2015-07-21,5153.85009765625,5157.240234375,5093.77001953125,5106.56982421875,88546500
2015-07-22,5070.669921875,5101.22021484375,5070.669921875,5082.56982421875,89515800
2015-07-23,5122.85009765625,5122.85009765625,5067.81982421875,5086.740234375,76980800
2015-07-24,5075.25,5120.64013671875,5051.14013671875,5057.35986328125,104074600
2015-07-27,5030.89013671875,5033.91015625,4924.2900390625,4927.60009765625,117642300
2015-07-28,4958.4599609375,4997.14990234375,4937.64990234375,4977.31982421875,111978000
2015-07-29,5006.009765625,5021.43994140625,4970.27978515625,5017.43994140625,118376700
2015-07-30,5049.240234375,5061.52978515625,5000.97021484375,5046.419921875,145978900
2015-07-31,5063.47021484375,5083.64013671875,5035.3798828125,5082.60986328125,121244500
2015-08-03,5076.7998046875,5125.7099609375,5066.14990234375,5120.52001953125,102330900
2015-08-04,5114.6298828125,5114.6298828125,5075.8798828125,5112.14013671875,120699400
2015-08-05,5135.31005859375,5202.759765625,5134.3701171875,5196.72998046875,122479600
2015-08-06,5186.5498046875,5217.7998046875,5177.9501953125,5192.10986328125,85599700
2015-08-07,5187.8701171875,5190.35009765625,5152.89013671875,5154.75,92833800
2015-08-10,5179.83984375,5197.64990234375,5133.6298828125,5195.41015625,75338800
2015-08-11,5184.2099609375,5184.2099609375,5094.47998046875,5099.02978515625,101544800
2015-08-12,5051.490234375,5051.72021484375,4907.330078125,4925.43017578125,148968600
2015-08-13,5006.009765625,5023.93994140625,4972.580078125,4986.85009765625,95687200
2015-08-14,4987.06005859375,5017.22021484375,4940.72998046875,4956.47021484375,75630400
2015-08-17,4996.759765625,5025.7099609375,4923.009765625,4984.830078125,80693900
2015-08-18,4972.7900390625,5000.27978515625,4956.1201171875,4971.25,67103200
2015-08-19,4939.2998046875,4949.1201171875,4884.10009765625,4884.10009765625,91668100
2015-08-20,4867.4501953125,4882.10986328125,4774.8701171875,4783.5498046875,116307600
2015-08-21,4704.27001953125,4775.72021484375,4630.990234375,4630.990234375,156577700
2015-08-24,4465.47998046875,4540.1298828125,4230.490234375,4383.4599609375,323292800
2015-08-25,4458.08984375,4596.240234375,4431.830078125,4564.85986328125,221636500
2015-08-26,4499.22998046875,4582.2099609375,4430.75,4501.0498046875,156232400
2015-08-27,4612.27001953125,4686.669921875,4589.52001953125,4658.18017578125,152983100
2015-08-28,4663.97998046875,4675.1298828125,4624.10986328125,4675.1298828125,102147900
2015-08-31,4636.43994140625,4657.759765625,4608.6201171875,4652.9501953125,90060900
2015-09-01,4586.330078125,4599.22998046875,4499.490234375,4541.16015625,138326600
2015-09-02,4558.0,4599.759765625,4517.81005859375,4554.919921875,103217500
2015-09-03,4601.75,4692.2998046875,4589.97998046875,4653.7900390625,135856000
2015-09-04,4607.91015625,4611.0498046875,4500.9501953125,4523.080078125,133313100
2015-09-07,4563.85009765625,4587.58984375,4524.990234375,4549.64013671875,67094800
2015-09-08,4581.66015625,4655.080078125,4575.60986328125,4598.259765625,99964700
2015-09-09,4707.41015625,4733.0498046875,4662.8798828125,4664.58984375,111082900
2015-09-10,4615.72021484375,4665.830078125,4584.2900390625,4596.52978515625,111380500
2015-09-11,4618.58984375,4618.58984375,4545.14013671875,4548.72021484375,97934200
2015-09-14,4554.7099609375,4596.75,4513.5,4518.14990234375,100294700
2015-09-15,4529.9599609375,4591.47021484375,4502.2099609375,4569.3701171875,102194600
2015-09-16,4610.16015625,4653.33984375,4604.080078125,4645.83984375,99264400
2015-09-17,4660.169921875,4665.990234375,4629.2001953125,4655.14013671875,92433200
2015-09-18,4623.10009765625,4623.10009765625,4495.0498046875,4535.85009765625,248859900
2015-09-21,4526.27978515625,4605.259765625,4526.27978515625,4585.5,103003700
2015-09-22,4582.919921875,4582.919921875,4415.97021484375,4428.509765625,158626000
2015-09-23,4427.7900390625,4488.27001953125,4400.419921875,4432.830078125,143884400
2015-09-24,4434.7001953125,4455.0498046875,4309.419921875,4347.240234375,172337200
2015-09-25,4423.1201171875,4514.419921875,4413.7099609375,4480.66015625,134147500
2015-09-28,4452.240234375,4470.06982421875,4337.27978515625,4357.0498046875,134411100
2015-09-29,4297.18994140625,4377.22021484375,4278.56982421875,4343.72998046875,148574600
2015-09-30,4433.759765625,4474.72021484375,4413.080078125,4455.2900390625,160356000
2015-10-01,4518.02978515625,4528.16015625,4408.1201171875,4426.5400390625,149269600
2015-10-02,4472.5,4518.39013671875,4386.10009765625,4458.8798828125,143984300
2015-10-05,4543.06982421875,4631.83984375,4528.02001953125,4616.89990234375,142138000
2015-10-06,4610.43017578125,4684.7900390625,4589.2900390625,4660.64013671875,137140900
2015-10-07,4680.85009765625,4730.2998046875,4654.27978515625,4667.33984375,154754500
2015-10-08,4657.240234375,4687.18994140625,4643.919921875,4675.91015625,109749100
2015-10-09,4723.27978515625,4737.68994140625,4693.25,4701.39013671875,129585900
2015-10-12,4705.22021484375,4713.41015625,4663.33984375,4688.7001953125,96002100
2015-10-13,4667.509765625,4667.509765625,4598.10986328125,4643.3798828125,116870400
2015-10-14,4608.419921875,4660.43017578125,4580.83984375,4609.02978515625,117314200
2015-10-15,4651.77001953125,4683.75,4622.4501953125,4675.2900390625,113311300
2015-10-16,4702.56005859375,4718.91015625,4680.22021484375,4702.7900390625,108928800
2015-10-19,4697.52001953125,4744.97021484375,4684.52001953125,4704.06982421875,88461400
2015-10-20,4708.18994140625,4711.9501953125,4649.97998046875,4673.81005859375,93237900
2015-10-21,4691.3701171875,4716.56982421875,4642.93994140625,4695.10009765625,104452800
2015-10-22,4675.14990234375,4816.990234375,4670.10009765625,4802.18017578125,154484900
2015-10-23,4840.31982421875,4947.02001953125,4840.31982421875,4923.64013671875,168459100
2015-10-26,4908.330078125,4924.240234375,4881.0498046875,4897.1298828125,98118000
2015-10-27,4885.08984375,4896.4599609375,4847.06982421875,4847.06982421875,110995600
2015-10-28,4857.85009765625,4907.83984375,4848.5,4890.580078125,110846300
2015-10-29,4892.8798828125,4899.83984375,4841.39013671875,4885.81982421875,188704100
2015-10-30,4895.02978515625,4909.16015625,4865.16015625,4897.66015625,122869800
2015-11-02,4848.85986328125,4936.85009765625,4845.1201171875,4916.2099609375,113864200
2015-11-03,4920.02001953125,4936.18017578125,4895.83984375,4936.18017578125,106982700
2015-11-04,4951.18994140625,4992.97021484375,4942.080078125,4948.2900390625,141136400
2015-11-05,4967.93994140625,5008.06005859375,4935.22021484375,4980.0400390625,174743800
2015-11-06,4964.8798828125,5011.64990234375,4930.919921875,4984.14990234375,150861200
2015-11-09,4978.83984375,4983.77001953125,4906.47998046875,4911.169921875,101330800
2015-11-10,4937.3701171875,4942.6201171875,4873.4501953125,4912.16015625,112797400
2015-11-11,4919.10009765625,4973.89990234375,4917.08984375,4952.509765625,116077400
2015-11-12,4941.259765625,4963.3798828125,4851.0400390625,4856.64990234375,122599900
2015-11-13,4835.68994140625,4860.52978515625,4762.330078125,4807.9501953125,114037800
2015-11-16,4756.919921875,4824.02001953125,4751.02978515625,4804.31005859375,108609700
2015-11-17,4850.2900390625,4937.31005859375,4840.75,4937.31005859375,119347400
2015-11-18,4901.1201171875,4918.14013671875,4879.35986328125,4906.72021484375,97351700
2015-11-19,4943.89990234375,4962.4501953125,4901.06982421875,4915.10009765625,103597200
2015-11-20,4929.33984375,4934.2900390625,4879.490234375,4910.97021484375,114731300
2015-11-23,4901.68017578125,4905.330078125,4860.72998046875,4889.1201171875,96366200
2015-11-24,4863.81005859375,4865.419921875,4773.97998046875,4820.27978515625,115225800
2015-11-25,4830.22021484375,4911.830078125,4821.509765625,4892.990234375,116198900
2015-11-26,4884.35009765625,4956.080078125,4883.27001953125,4946.02001953125,93265600
2015-11-27,4919.009765625,4961.4501953125,4908.89990234375,4930.14013671875,73739100
2015-11-30,4917.14990234375,4974.35986328125,4901.2900390625,4957.60009765625,113125600
2015-12-01,4960.3798828125,4968.31005859375,4897.8701171875,4914.52978515625,127971100
2015-12-02,4925.240234375,4942.1201171875,4886.85986328125,4905.759765625,135040300
2015-12-03,4895.64013671875,4975.7099609375,4730.2099609375,4730.2099609375,204118500
2015-12-04,4715.68994140625,4740.47021484375,4670.990234375,4714.7900390625,158222700
2015-12-07,4746.259765625,4803.47998046875,4733.33984375,4756.41015625,103508000
2015-12-08,4750.419921875,4757.2001953125,4656.56005859375,4681.85986328125,145488000
2015-12-09,4695.89990234375,4714.64013671875,4619.490234375,4637.4501953125,171226800
2015-12-10,4617.5400390625,4661.0400390625,4596.33984375,4635.06005859375,139944600
2015-12-11,4617.18017578125,4630.27001953125,4527.259765625,4549.56005859375,151768100
2015-12-14,4572.3701171875,4623.16015625,4472.64990234375,4473.06982421875,154702400
2015-12-15,4522.47021484375,4626.759765625,4519.9599609375,4614.39990234375,165804900
2015-12-16,4621.47021484375,4664.2001953125,4593.919921875,4624.669921875,132766800
2015-12-17,4729.39990234375,4748.759765625,4674.580078125,4677.5400390625,148504100
2015-12-18,4629.56005859375,4672.35009765625,4601.39013671875,4625.259765625,221520200
2015-12-21,4617.2001953125,4666.490234375,4565.169921875,4565.169921875,114513000
2015-12-22,4596.5498046875,4604.7900390625,4526.85986328125,4567.60009765625,85380100
2015-12-23,4614.25,4686.08984375,4614.25,4674.52978515625,101333700
2015-12-24,4670.85986328125,4671.68017578125,4651.43994140625,4663.18017578125,16313800
2015-12-28,4667.02978515625,4669.83984375,4613.77978515625,4617.9501953125,44645300
2015-12-29,4648.7900390625,4701.35986328125,4648.7900390625,4701.35986328125,62749700
2015-12-30,4690.31005859375,4708.31982421875,4672.259765625,4677.14013671875,56083400
2016-01-04,4582.0498046875,4586.10986328125,4490.2998046875,4522.4501953125,130633900
2016-01-05,4573.5400390625,4575.4501953125,4481.7001953125,4537.6298828125,104182900
2016-01-06,4528.1201171875,4533.240234375,4440.77001953125,4480.47021484375,104877300
2016-01-07,4346.10009765625,4424.14013671875,4323.5498046875,4403.580078125,137701000
2016-01-08,4404.18017578125,4437.02001953125,4333.740234375,4333.759765625,124197200
2016-01-11,4333.2099609375,4383.919921875,4312.740234375,4312.740234375,107025000
2016-01-12,4317.490234375,4429.0400390625,4305.77001953125,4378.75,123293200
2016-01-13,4426.759765625,4465.56005859375,4374.02001953125,4391.93994140625,111469800
2016-01-14,4341.35986328125,4352.14990234375,4234.83984375,4312.89013671875,166010000
2016-01-15,4305.43994140625,4319.47021484375,4178.8701171875,4210.16015625,176801800
2016-01-18,4211.10986328125,4254.4599609375,4161.3701171875,4189.56982421875,126059700
2016-01-19,4267.77001953125,4308.08984375,4251.52978515625,4272.259765625,130260700
2016-01-20,4171.43017578125,4178.81982421875,4084.679931640625,4124.9501953125,156074200
2016-01-21,4129.7001953125,4234.64990234375,4113.580078125,4206.39990234375,166740100
2016-01-22,4293.259765625,4371.64990234375,4280.9501953125,4336.68994140625,154178800
2016-01-25,4365.14990234375,4365.14990234375,4291.85986328125,4311.330078125,119945600
2016-01-26,4238.85009765625,4366.64990234375,4224.4501953125,4356.81005859375,127614400
2016-01-27,4349.7900390625,4380.35986328125,4319.35986328125,4380.35986328125,113439600
2016-01-28,4362.5498046875,4403.68017578125,4284.3798828125,4322.16015625,145439700
2016-01-29,4386.85009765625,4417.02001953125,4340.18994140625,4417.02001953125,148804300
2016-02-01,4418.14013671875,4422.60986328125,4350.08984375,4392.330078125,106985100
2016-02-02,4368.919921875,4377.56982421875,4253.509765625,4283.990234375,127965300
2016-02-03,4282.41015625,4294.41015625,4177.97021484375,4226.9599609375,152722600
2016-02-04,4276.169921875,4279.1201171875,4176.47998046875,4228.52978515625,158951600
2016-02-05,4236.06982421875,4269.47021484375,4187.97021484375,4200.669921875,179204000
2016-02-08,4217.4501953125,4220.85009765625,4046.639892578125,4066.31005859375,165143900
2016-02-09,4072.320068359375,4091.8798828125,3951.2900390625,3997.5400390625,192219900
2016-02-10,4027.080078125,4115.169921875,3987.489990234375,4061.199951171875,154266800
2016-02-11,3990.330078125,3998.10009765625,3892.4599609375,3896.7099609375,186961400
2016-02-12,3949.159912109375,3995.06005859375,3922.7099609375,3995.06005859375,157391500
2016-02-15,4086.2900390625,4144.81005859375,4076.81005859375,4115.25,123815300
2016-02-16,4157.2998046875,4157.2998046875,4086.830078125,4110.66015625,125207000
2016-02-17,4119.35009765625,4238.330078125,4112.0400390625,4233.47021484375,154374300
2016-02-18,4255.06982421875,4279.18994140625,4212.58984375,4239.759765625,129413300
2016-02-19,4232.22021484375,4255.56982421875,4182.330078125,4223.0400390625,115689200
2016-02-22,4260.6201171875,4303.89990234375,4259.259765625,4298.7001953125,104477100
2016-02-23,4272.22021484375,4301.919921875,4236.9501953125,4238.419921875,100778200
2016-02-24,4232.47998046875,4233.2998046875,4117.490234375,4155.33984375,130494900
2016-02-25,4219.7998046875,4268.66015625,4198.08984375,4248.4501953125,130635500
2016-02-26,4297.8701171875,4352.39013671875,4292.52001953125,4314.56982421875,117629300
2016-02-29,4275.83984375,4354.6201171875,4254.77001953125,4353.5498046875,122273800
2016-03-01,4343.93017578125,4406.9501953125,4328.7998046875,4406.83984375,123159300
2016-03-02,4428.9501953125,4448.2998046875,4387.2099609375,4424.89013671875,120925400
2016-03-03,4430.89990234375,4430.89990234375,4392.580078125,4416.080078125,116721600
2016-03-04,4437.81982421875,4480.2099609375,4413.93017578125,4456.6201171875,132614700
2016-03-07,4436.3701171875,4458.81982421875,4406.89990234375,4442.2900390625,121147100
2016-03-08,4405.16015625,4437.169921875,4363.5498046875,4404.02001953125,109238900
2016-03-09,4405.9501953125,4458.77001953125,4397.97998046875,4425.64990234375,116109800
2016-03-10,4432.56005859375,4580.97021484375,4350.35009765625,4350.35009765625,175255300
2016-03-11,4430.240234375,4492.7900390625,4421.9501953125,4492.7900390625,149823700
2016-03-14,4501.81005859375,4535.91015625,4494.60009765625,4506.58984375,125097000
2016-03-15,4474.259765625,4488.77978515625,4450.16015625,4472.6298828125,115811100
2016-03-16,4486.7001953125,4502.9599609375,4446.990234375,4463.0,105409600
2016-03-17,4501.68017578125,4501.68017578125,4367.43994140625,4442.89013671875,149291500
2016-03-18,4452.0400390625,4472.72998046875,4418.490234375,4462.509765625,259017000
2016-03-21,4425.83984375,4481.10986328125,4415.93017578125,4427.7998046875,90434900
2016-03-22,4396.8701171875,4431.97021484375,4358.56982421875,4431.97021484375,113288300
2016-03-23,4442.58984375,4467.85986328125,4396.10009765625,4423.97998046875,97919500
2016-03-24,4390.10986328125,4392.81005859375,4323.18017578125,4329.68017578125,109844400
2016-03-29,4354.02978515625,4382.97998046875,4333.330078125,4366.669921875,80842200
2016-03-30,4387.35986328125,4466.5,4387.35986328125,4444.419921875,100793300
2016-03-31,4416.83984375,4419.6201171875,4378.77001953125,4385.06005859375,110982200
2016-04-01,4331.27978515625,4331.27978515625,4261.25,4322.240234375,139045500
2016-04-04,4311.18994140625,4378.0498046875,4280.89990234375,4345.22021484375,106194400
2016-04-05,4283.14013671875,4285.72998046875,4241.60986328125,4250.27978515625,131198900
2016-04-06,4262.2998046875,4284.64013671875,4243.02001953125,4284.64013671875,106043100
2016-04-07,4288.7099609375,4316.77978515625,4229.1201171875,4245.91015625,98335800
2016-04-08,4259.10009765625,4315.58984375,4258.509765625,4303.1201171875,100861900
2016-04-11,4294.1201171875,4338.81005859375,4263.080078125,4312.6298828125,103360100
2016-04-12,4317.5,4348.39990234375,4269.10009765625,4345.91015625,121266000
2016-04-13,4407.02978515625,4490.31005859375,4404.580078125,4490.31005859375,154790600
2016-04-14,4487.22021484375,4515.0,4473.35009765625,4511.509765625,125164800
2016-04-15,4502.16015625,4508.16015625,4482.330078125,4495.169921875,110271800
2016-04-18,4425.25,4517.080078125,4424.759765625,4506.83984375,92413600
2016-04-19,4521.60009765625,4577.8701171875,4521.60009765625,4566.47998046875,115227500
2016-04-20,4546.35009765625,4596.330078125,4538.43017578125,4591.919921875,115806900
2016-04-21,4607.68994140625,4607.68994140625,4551.330078125,4582.830078125,124963900
2016-04-22,4578.81982421875,4580.52001953125,4553.58984375,4569.66015625,100028400
2016-04-25,4561.919921875,4574.4599609375,4522.22998046875,4546.1201171875,87927900
2016-04-26,4557.0,4579.1201171875,4515.39990234375,4533.18017578125,100430500
2016-04-27,4534.990234375,4564.7001953125,4525.7900390625,4559.39990234375,106492200
2016-04-28,4520.25,4557.35986328125,4482.3701171875,4557.35986328125,111361900
2016-04-29,4500.43017578125,4508.830078125,4428.58984375,4428.9599609375,128212700
2016-05-02,4455.759765625,4458.740234375,4429.47021484375,4442.75,63246300
2016-05-03,4435.0,4437.64990234375,4364.009765625,4371.97998046875,107768800
2016-05-04,4365.2001953125,4387.75,4317.27978515625,4324.22998046875,116952000
2016-05-05,4321.35986328125,4346.2001953125,4303.25,4319.4599609375,79774300
2016-05-06,4290.41015625,4311.490234375,4245.169921875,4301.240234375,111464700
2016-05-09,4322.68994140625,4363.56005859375,4302.9599609375,4322.81005859375,112215100
2016-05-10,4338.0498046875,4374.75,4320.2900390625,4338.2099609375,104155500
2016-05-11,4335.14013671875,4340.580078125,4289.3798828125,4316.669921875,93288200
2016-05-12,4295.740234375,4361.8798828125,4266.9599609375,4293.27001953125,103302300
2016-05-13,4264.77001953125,4335.14990234375,4253.1298828125,4319.990234375,99597300
2016-05-16,4290.64990234375,4316.27978515625,4269.6298828125,4312.27978515625,48829700
2016-05-17,4325.10986328125,4362.330078125,4273.85986328125,4297.56982421875,101426100
2016-05-18,4275.39013671875,4322.22998046875,4267.7099609375,4319.2998046875,87238900
2016-05-19,4292.25,4314.22998046875,4274.56982421875,4282.5400390625,101435500
2016-05-20,4323.6201171875,4353.89990234375,4312.5,4353.89990234375,109632000
2016-05-23,4344.89013671875,4357.080078125,4300.18017578125,4325.10009765625,78807700
2016-05-24,4309.2998046875,4440.64990234375,4300.419921875,4431.52001953125,104153000
2016-05-25,4457.85009765625,4490.169921875,4445.7900390625,4481.64013671875,107680300
2016-05-26,4478.169921875,4513.77001953125,4477.02001953125,4512.64013671875,103885200
2016-05-27,4498.43017578125,4518.22021484375,4493.06005859375,4514.740234375,85290900
2016-05-30,4507.08984375,4531.18017578125,4503.52001953125,4529.39990234375,39995000
2016-05-31,4532.31982421875,4536.6298828125,4496.85986328125,4505.6201171875,122220900
2016-06-01,4502.83984375,4507.22021484375,4458.2998046875,4475.39013671875,92411400
2016-06-02,4468.83984375,4486.56005859375,4447.6201171875,4466.0,93613500
2016-06-03,4477.830078125,4492.2001953125,4396.6298828125,4421.77978515625,111642400
2016-06-06,4407.009765625,4435.6298828125,4407.009765625,4423.3798828125,73061400
2016-06-07,4443.41015625,4486.47021484375,4441.2099609375,4475.85986328125,96308900
2016-06-08,4461.27978515625,4473.2900390625,4435.35009765625,4448.72998046875,93531800
2016-06-09,4437.02001953125,4438.3798828125,4394.52001953125,4405.60986328125,95370600
2016-06-10,4390.81005859375,4390.81005859375,4301.10009765625,4306.72021484375,119451700
2016-06-13,4253.97998046875,4275.97021484375,4227.02001953125,4227.02001953125,115884600
2016-06-14,4175.2099609375,4199.5400390625,4127.8701171875,4130.330078125,136119700
2016-06-15,4172.72998046875,4204.009765625,4162.02001953125,4171.580078125,122586800
2016-06-16,4116.5,4162.3701171875,4109.81982421875,4153.009765625,117520700
2016-06-17,4179.43994140625,4218.52978515625,4170.169921875,4193.830078125,196645100
2016-06-20,4301.18994140625,4351.2099609375,4292.919921875,4340.759765625,114524100
2016-06-21,4335.89013671875,4382.91015625,4321.4599609375,4367.240234375,99917600
2016-06-22,4398.39990234375,4416.97998046875,4372.35009765625,4380.02978515625,92072300
2016-06-23,4404.68017578125,4490.5498046875,4392.52001953125,4465.89990234375,124533400
2016-06-24,4114.580078125,4198.89990234375,4007.969970703125,4106.72998046875,415775700
2016-06-27,4073.719970703125,4115.47021484375,4012.199951171875,4030.300048828125,130042900
2016-06-28,4074.360107421875,4119.080078125,4059.89990234375,4088.85009765625,179309200
2016-06-29,4139.3701171875,4206.35009765625,4128.080078125,4195.31982421875,142748500
2016-06-30,4182.10986328125,4249.52978515625,4155.4501953125,4237.47998046875,146298700
2016-07-01,4261.08984375,4288.72021484375,4218.10009765625,4273.9599609375,116072800
2016-07-04,4288.5,4288.66015625,4233.0,4234.85986328125,74903000
2016-07-05,4203.97021484375,4216.06005859375,4148.7900390625,4163.419921875,111925400
2016-07-06,4127.2001953125,4153.41015625,4062.070068359375,4085.300048828125,138773700
2016-07-07,4115.5,4167.8798828125,4110.240234375,4117.85009765625,99510400
2016-07-08,4106.64990234375,4210.33984375,4102.68017578125,4190.68017578125,112231900
2016-07-11,4221.22021484375,4271.7099609375,4207.3701171875,4264.52978515625,93378500
2016-07-12,4272.4501953125,4342.669921875,4270.990234375,4331.3798828125,129060400
2016-07-13,4329.52978515625,4358.669921875,4321.89990234375,4335.259765625,116377200
2016-07-14,4375.669921875,4402.22998046875,4345.43994140625,4385.52001953125,93281800
2016-07-15,4367.43017578125,4383.68994140625,4342.77001953125,4372.509765625,85684600
2016-07-18,4375.08984375,4408.1298828125,4334.35986328125,4357.740234375,70379900
2016-07-19,4345.39990234375,4357.33984375,4304.2001953125,4330.1298828125,84731100
2016-07-20,4354.56982421875,4391.56982421875,4333.35986328125,4379.759765625,84591000
2016-07-21,4382.16015625,4389.89990234375,4340.93994140625,4376.25,89183000
2016-07-22,4365.3798828125,4398.27001953125,4345.22998046875,4381.10009765625,71605600
2016-07-25,4381.6298828125,4419.77001953125,4368.06005859375,4388.0,77833000
2016-07-26,4385.31982421875,4405.66015625,4353.6201171875,4394.77001953125,88135600
2016-07-27,4424.60009765625,4469.89990234375,4424.60009765625,4446.9599609375,109101100
2016-07-28,4447.2099609375,4474.669921875,4420.580078125,4420.580078125,107115100
2016-07-29,4429.490234375,4439.81005859375,4408.3798828125,4439.81005859375,124920500
2016-08-01,4469.990234375,4477.43994140625,4395.330078125,4409.169921875,86698300
2016-08-02,4395.85986328125,4398.2001953125,4320.89013671875,4327.990234375,105645700
2016-08-03,4346.31005859375,4347.93994140625,4293.33984375,4321.080078125,101785300
2016-08-04,4344.18017578125,4359.7900390625,4324.81005859375,4345.6298828125,85093300
2016-08-05,4362.93994140625,4416.66015625,4361.580078125,4410.5498046875,90951100
2016-08-08,4419.02001953125,4441.16015625,4407.31982421875,4415.4599609375,70007000
2016-08-09,4412.85986328125,4468.33984375,4410.72021484375,4468.06982421875,77065400
2016-08-10,4443.3798828125,4465.89013671875,4440.56005859375,4452.009765625,68145500
2016-08-11,4471.2998046875,4503.9501953125,4446.4599609375,4503.9501953125,68621600
2016-08-12,4501.06005859375,4510.06005859375,4490.4501953125,4500.18994140625,62472700
2016-08-15,4503.64990234375,4528.0,4494.490234375,4497.85986328125,43395900
2016-08-16,4476.06982421875,4499.58984375,4457.25,4460.43994140625,75577600
2016-08-17,4475.1298828125,4478.580078125,4415.330078125,4417.68017578125,66460000
2016-08-18,4441.2001953125,4447.25,4413.06005859375,4437.06005859375,62662600
2016-08-19,4436.08984375,4436.8701171875,4373.75,4400.52001953125,74256600
2016-08-22,4397.39013671875,4443.06982421875,4377.7001953125,4389.93994140625,65669900
2016-08-23,4406.33984375,4436.14990234375,4404.0,4421.4501953125,67974600
2016-08-24,4389.169921875,4453.72998046875,4382.7099609375,4435.47021484375,66667600
2016-08-25,4414.41015625,4415.31005859375,4377.7900390625,4406.60986328125,64056700
2016-08-26,4399.4599609375,4455.60986328125,4387.7099609375,4441.8701171875,71774700
2016-08-29,4421.4599609375,4437.81982421875,4390.0400390625,4424.25,48533900
2016-08-30,4439.68017578125,4475.02001953125,4438.419921875,4457.490234375,75965200
2016-08-31,4451.39990234375,4486.83984375,4438.22021484375,4438.22021484375,112516300
2016-09-01,4448.02978515625,4490.91015625,4421.97021484375,4439.669921875,107456600
2016-09-02,4461.2900390625,4548.0400390625,4446.5,4542.169921875,105485900
2016-09-05,4550.81982421875,4566.5498046875,4541.080078125,4541.080078125,75716900
2016-09-06,4556.35009765625,4557.9501953125,4523.43994140625,4529.9599609375,71272600
2016-09-07,4536.9501953125,4561.35986328125,4520.2099609375,4557.66015625,75442800
2016-09-08,4554.14990234375,4569.6201171875,4485.47021484375,4542.2001953125,94568300
2016-09-09,4531.419921875,4541.759765625,4481.08984375,4491.39990234375,90844400
2016-09-12,4415.22998046875,4439.7998046875,4386.10986328125,4439.7998046875,98367100
2016-09-13,4463.259765625,4470.259765625,4387.18017578125,4387.18017578125,91945600
2016-09-14,4407.4501953125,4407.47998046875,4360.9501953125,4370.259765625,107154600
2016-09-15,4357.2900390625,4381.5400390625,4341.0400390625,4373.22021484375,102309100
2016-09-16,4359.8701171875,4380.1298828125,4310.8798828125,4332.4501953125,208077200
2016-09-19,4368.85009765625,4398.97021484375,4368.85009765625,4394.18994140625,80744000
2016-09-20,4383.31005859375,4419.89990234375,4375.56982421875,4388.60009765625,72813000
2016-09-21,4439.7001953125,4451.31982421875,4408.2998046875,4409.5498046875,82277500
2016-09-22,4444.5,4528.89013671875,4443.669921875,4509.81982421875,112714500
2016-09-23,4494.5,4498.35009765625,4476.85986328125,4488.68994140625,84998800
2016-09-26,4455.58984375,4455.58984375,4402.1298828125,4407.85009765625,86235100
2016-09-27,4436.0,4438.58984375,4362.93017578125,4398.68017578125,91773800
2016-09-28,4413.1201171875,4460.830078125,4413.1201171875,4432.4501953125,78464100
2016-09-29,4490.5498046875,4505.2998046875,4434.08984375,4443.83984375,80427600
2016-09-30,4383.7001953125,4463.39013671875,4342.64013671875,4448.259765625,123077700
2016-10-03,4447.5400390625,4465.2900390625,4432.77001953125,4453.56005859375,61707600
2016-10-04,4458.669921875,4521.35986328125,4453.669921875,4503.08984375,95873900
2016-10-05,4462.72021484375,4499.3798828125,4441.25,4489.9501953125,98277700
2016-10-06,4500.35986328125,4511.8798828125,4470.1201171875,4480.10009765625,102183900
2016-10-07,4480.52978515625,4487.18017578125,4444.31982421875,4449.91015625,117429400
2016-10-10,4458.06982421875,4500.4599609375,4428.72998046875,4497.259765625,87470600
2016-10-11,4490.830078125,4520.18017578125,4469.2998046875,4471.740234375,98600200
2016-10-12,4467.08984375,4474.2001953125,4442.02001953125,4452.240234375,99238700
2016-10-13,4421.81005859375,4421.81005859375,4370.64990234375,4405.169921875,106795500
2016-10-14,4424.25,4497.64990234375,4424.25,4470.919921875,92119400
2016-10-17,4452.72021484375,4474.330078125,4439.91015625,4450.22998046875,69410300
2016-10-18,4479.68017578125,4515.60986328125,4474.83984375,4508.91015625,90352900
2016-10-19,4513.490234375,4528.97021484375,4495.93994140625,4520.2998046875,83323600
2016-10-20,4528.66015625,4552.240234375,4500.64990234375,4540.1201171875,96874000
2016-10-21,4546.64990234375,4555.10986328125,4517.7998046875,4536.06982421875,104200100
2016-10-24,4551.72998046875,4579.27978515625,4551.72998046875,4552.580078125,83826400
2016-10-25,4560.4599609375,4570.6298828125,4528.02978515625,4540.83984375,91091900
2016-10-26,4523.9599609375,4539.06982421875,4496.97021484375,4534.58984375,89958800
2016-10-27,4526.33984375,4556.740234375,4502.5498046875,4533.56982421875,99701500
2016-10-28,4515.25,4554.35009765625,4504.5,4548.580078125,96304300
2016-10-31,4525.60009765625,4540.259765625,4500.18994140625,4509.259765625,88366600
2016-11-01,4532.33984375,4537.990234375,4460.5400390625,4470.27978515625,79346900
2016-11-02,4437.990234375,4449.43994140625,4414.669921875,4414.669921875,96987600
2016-11-03,4402.7900390625,4456.2099609375,4399.2900390625,4411.68017578125,101390600
2016-11-04,4403.16015625,4403.64013671875,4355.81005859375,4377.4599609375,101731700
2016-11-07,4440.10986328125,4464.22998046875,4430.1298828125,4461.2099609375,89701700
2016-11-08,4454.580078125,4482.58984375,4446.39013671875,4476.89013671875,112800500
2016-11-09,4350.06982421875,4543.47998046875,4344.8798828125,4543.47998046875,204613400
2016-11-10,4577.009765625,4606.66015625,4502.740234375,4530.9501953125,225207100
2016-11-11,4545.0498046875,4553.7900390625,4473.35009765625,4489.27001953125,121053300
2016-11-14,4528.0498046875,4560.8798828125,4492.02978515625,4508.5498046875,132886300
2016-11-15,4524.97998046875,4541.4599609375,4504.35009765625,4536.52978515625,112077800
2016-11-16,4545.89013671875,4548.830078125,4479.93994140625,4501.14013671875,102195100
2016-11-17,4494.52978515625,4527.77001953125,4482.580078125,4527.77001953125,88436200
2016-11-18,4547.0498046875,4551.6298828125,4496.740234375,4504.35009765625,106645000
2016-11-21,4525.4599609375,4540.89990234375,4479.68994140625,4529.580078125,84146400
2016-11-22,4561.7001953125,4571.7900390625,4541.580078125,4548.35009765625,125792600
2016-11-23,4557.93017578125,4559.2099609375,4509.02001953125,4529.2099609375,102199800
2016-11-24,4537.27001953125,4552.0400390625,4520.490234375,4542.56005859375,57005200
2016-11-25,4548.85009765625,4555.47021484375,4524.33984375,4550.27001953125,64855700
2016-11-28,4544.08984375,4545.14013671875,4499.2001953125,4510.39013671875,82981500
2016-11-29,4506.91015625,4551.4599609375,4494.3701171875,4551.4599609375,89267600
2016-11-30,4548.97998046875,4597.5400390625,4547.580078125,4578.33984375,143644100
2016-12-01,4571.2001953125,4582.830078125,4541.02001953125,4560.60986328125,111644600
2016-12-02,4527.83984375,4545.25,4490.14990234375,4528.81982421875,102067200
2016-12-05,4506.66015625,4605.56005859375,4502.2001953125,4574.31982421875,111540300
2016-12-06,4576.8701171875,4639.91015625,4558.89990234375,4631.93994140625,122977200
2016-12-07,4676.60986328125,4694.72021484375,4658.72998046875,4694.72021484375,141483500
2016-12-08,4709.89013671875,4748.509765625,4688.580078125,4735.47998046875,149634900
2016-12-09,4741.10009765625,4780.52001953125,4737.3798828125,4764.06982421875,121620200
2016-12-12,4769.83984375,4780.9501953125,4754.14990234375,4760.77001953125,98372500
2016-12-13,4754.22021484375,4807.8798828125,4746.5498046875,4803.8701171875,110469000
2016-12-14,4778.9599609375,4790.6298828125,4765.009765625,4769.240234375,109393800
2016-12-15,4776.830078125,4830.2998046875,4776.330078125,4819.22998046875,141188300
2016-12-16,4815.35009765625,4856.9599609375,4804.7001953125,4833.27001953125,206338400
2016-12-19,4820.490234375,4829.5498046875,4812.080078125,4822.77001953125,94842000
2016-12-20,4822.2998046875,4852.580078125,4815.22998046875,4849.89013671875,87772700
2016-12-21,4831.56005859375,4851.52001953125,4821.240234375,4833.81982421875,66626600
2016-12-22,4825.14990234375,4841.64990234375,4818.81005859375,4834.6298828125,65716200
2016-12-23,4837.41015625,4844.7998046875,4825.93017578125,4839.68017578125,48362600
2016-12-27,4840.169921875,4852.5498046875,4837.0,4848.27978515625,35125700
2016-12-28,4846.14013671875,4851.509765625,4840.14013671875,4848.009765625,49371200
2016-12-29,4824.75,4845.669921875,4822.2900390625,4838.47021484375,45150100
2016-12-30,4837.68017578125,4864.2900390625,4825.14013671875,4862.31005859375,53055000
2017-01-02,4845.9599609375,4896.009765625,4843.93017578125,4882.3798828125,34310400
2017-01-03,4904.77001953125,4929.60009765625,4896.10986328125,4899.330078125,82609500
2017-01-04,4912.9501953125,4913.93994140625,4879.22998046875,4899.39990234375,77276800
2017-01-05,4881.72021484375,4905.83984375,4874.7900390625,4900.64013671875,88092000
2017-01-06,4885.18994140625,4911.490234375,4874.419921875,4909.83984375,73709000
2017-01-09,4915.35009765625,4915.60009765625,4867.830078125,4887.56982421875,72709600
2017-01-10,4894.4501953125,4906.14990234375,4868.5,4888.22998046875,92809300
2017-01-11,4890.0400390625,4916.47998046875,4856.5,4888.7099609375,99652700
2017-01-12,4873.009765625,4889.2099609375,4857.43994140625,4863.97021484375,99417200
2017-01-13,4889.4501953125,4924.580078125,4883.06005859375,4922.490234375,106285900
2017-01-16,4883.43017578125,4911.39013671875,4879.7998046875,4882.18017578125,71928500
2017-01-17,4865.18994140625,4889.16015625,4841.68017578125,4859.68994140625,87737000
2017-01-18,4874.31005859375,4875.740234375,4827.10986328125,4853.39990234375,88911500
2017-01-19,4859.759765625,4867.580078125,4829.81982421875,4841.14013671875,95638900
2017-01-20,4834.2998046875,4869.3798828125,4818.8798828125,4850.669921875,117756800
2017-01-23,4816.97998046875,4842.97021484375,4800.39013671875,4821.41015625,78546600
2017-01-24,4831.9501953125,4840.5,4816.72998046875,4830.02978515625,87954000
2017-01-25,4865.08984375,4890.16015625,4854.5498046875,4877.669921875,114294300
2017-01-26,4891.85986328125,4901.06982421875,4855.759765625,4867.240234375,94017900
2017-01-27,4867.31005859375,4867.31005859375,4829.7001953125,4839.97998046875,79429000
2017-01-30,4823.5,4830.68994140625,4771.97998046875,4784.64013671875,83384600
2017-01-31,4790.27978515625,4812.5498046875,4748.89990234375,4748.89990234375,98487800
2017-02-01,4786.85009765625,4823.81005859375,4782.60986328125,4794.580078125,97905700
2017-02-02,4785.14013671875,4812.31005859375,4774.18017578125,4794.2900390625,98607300
2017-02-03,4808.4599609375,4847.47021484375,4803.91015625,4825.419921875,80815700
2017-02-06,4829.68017578125,4841.169921875,4773.35009765625,4778.080078125,76878800
2017-02-07,4762.169921875,4787.93994140625,4750.02978515625,4754.47021484375,83945400
2017-02-08,4768.0,4790.2900390625,4733.81982421875,4766.60009765625,102120800
2017-02-09,4793.009765625,4831.31005859375,4769.85986328125,4826.240234375,100798200
2017-02-10,4842.91015625,4845.4501953125,4815.669921875,4828.31982421875,122653200
2017-02-13,4844.22021484375,4906.7099609375,4841.60009765625,4888.18994140625,102000800
2017-02-14,4887.22998046875,4897.89013671875,4878.7900390625,4895.81982421875,95785900
2017-02-15,4910.56982421875,4932.35009765625,4902.16015625,4924.85986328125,96447600
2017-02-16,4925.5400390625,4928.25,4890.47998046875,4899.4599609375,91475500
2017-02-17,4896.97021484375,4903.16015625,4843.009765625,4867.580078125,102966800
2017-02-20,4894.25,4901.41015625,4856.1201171875,4864.990234375,68415900
2017-02-21,4865.89013671875,4900.3798828125,4849.91015625,4888.759765625,83739300
2017-02-22,4899.64990234375,4922.64013671875,4866.1201171875,4895.8798828125,99237500
2017-02-23,4900.7998046875,4916.43994140625,4880.490234375,4891.2900390625,107821600
2017-02-24,4886.509765625,4890.10986328125,4806.490234375,4845.240234375,117178100
2017-02-27,4864.1298828125,4869.509765625,4833.77001953125,4845.18017578125,89282400
2017-02-28,4862.64990234375,4865.9501953125,4836.52978515625,4858.580078125,96712700
2017-03-01,4897.47998046875,4970.64013671875,4897.47998046875,4960.830078125,120246400
2017-03-02,4965.27001953125,4972.8798828125,4955.41015625,4963.7998046875,106837200
2017-03-03,4953.2998046875,5002.31982421875,4948.72021484375,4995.1298828125,105338700
2017-03-06,4983.9599609375,4985.240234375,4960.259765625,4972.18994140625,90426900
2017-03-07,4974.7900390625,4974.7900390625,4941.259765625,4955.0,79830000
2017-03-08,4941.18017578125,4976.0400390625,4933.77001953125,4960.47998046875,82332500
2017-03-09,4950.52978515625,4988.6298828125,4939.8701171875,4981.509765625,114473500
2017-03-10,4994.0,5022.10009765625,4990.14990234375,4993.31982421875,103802900
2017-03-13,4997.8798828125,5013.080078125,4986.06005859375,4999.60009765625,84024800
2017-03-14,5006.0498046875,5006.0498046875,4958.8798828125,4974.259765625,91792700
2017-03-15,4980.0498046875,4989.2998046875,4966.0498046875,4985.47998046875,81890200
2017-03-16,5027.10009765625,5031.56982421875,5004.6201171875,5013.3798828125,113121800
2017-03-17,5006.7099609375,5037.85009765625,5001.39013671875,5029.240234375,160166500
2017-03-20,5008.080078125,5030.06005859375,5004.080078125,5012.16015625,64225900
2017-03-21,5030.2001953125,5054.91015625,4990.64013671875,5002.43017578125,93549600
2017-03-22,4969.10986328125,5005.06005859375,4953.56982421875,4994.7001953125,99409000
2017-03-23,4996.6201171875,5032.93994140625,4980.56005859375,5032.759765625,89305600
2017-03-24,5027.18994140625,5027.18994140625,5003.580078125,5020.89990234375,68967900
2017-03-27,4975.08984375,5017.8798828125,4971.06982421875,5017.43017578125,94079200
2017-03-28,5027.1298828125,5048.10986328125,5008.669921875,5046.2001953125,85350200
2017-03-29,5063.7001953125,5073.22998046875,5044.419921875,5069.0400390625,86407300
2017-03-30,5075.60986328125,5090.919921875,5063.06982421875,5089.64013671875,73882900
2017-03-31,5077.2998046875,5122.509765625,5067.740234375,5122.509765625,103369500
2017-04-03,5130.18017578125,5132.93017578125,5083.14013671875,5085.91015625,81634900
2017-04-04,5087.60009765625,5101.1298828125,5076.35009765625,5101.1298828125,84044500
2017-04-05,5104.7099609375,5123.77978515625,5087.68017578125,5091.85009765625,84135600
2017-04-06,5063.6201171875,5126.740234375,5051.60986328125,5121.43994140625,88623600
2017-04-07,5104.72998046875,5135.27978515625,5098.0498046875,5135.27978515625,84781300
2017-04-10,5127.35986328125,5127.35986328125,5097.56005859375,5107.4501953125,70156500
2017-04-11,5086.60986328125,5119.18017578125,5068.25,5101.85986328125,93608500
2017-04-12,5114.5,5142.81005859375,5093.97998046875,5101.10986328125,100135100
2017-04-13,5090.47998046875,5090.47998046875,5062.31982421875,5071.10009765625,97291600
2017-04-18,5078.25,5080.02978515625,4990.25,4990.25,140164900
2017-04-19,4987.2900390625,5011.330078125,4980.41015625,5003.72998046875,112517100
2017-04-20,4992.47021484375,5093.60009765625,4989.259765625,5077.91015625,134681300
2017-04-21,5063.35986328125,5081.60986328125,5029.06005859375,5059.2001953125,165386200
2017-04-24,5267.8798828125,5295.47021484375,5228.5400390625,5268.85009765625,228792800
2017-04-25,5274.35986328125,5293.39013671875,5259.6298828125,5277.8798828125,115584900
2017-04-26,5272.85986328125,5296.52001953125,5270.31982421875,5287.8798828125,120017900
2017-04-27,5276.97021484375,5278.9599609375,5261.72998046875,5271.7001953125,113942900
2017-04-28,5267.66015625,5287.85009765625,5265.35986328125,5267.330078125,122645300
2017-05-02,5284.8798828125,5305.9501953125,5274.2900390625,5304.14990234375,104617800
2017-05-03,5299.740234375,5301.60986328125,5282.4501953125,5301.0,97848100
2017-05-04,5309.39013671875,5372.419921875,5304.4599609375,5372.419921875,152534000
2017-05-05,5344.919921875,5432.39990234375,5343.02001953125,5432.39990234375,138533800
2017-05-08,5442.10009765625,5442.10009765625,5374.2001953125,5382.9501953125,116136600
2017-05-09,5404.14013671875,5413.60009765625,5394.1298828125,5398.009765625,103174700
2017-05-10,5398.81005859375,5402.33984375,5377.75,5400.4599609375,100058200
2017-05-11,5409.89990234375,5409.990234375,5356.41015625,5383.419921875,124960400
2017-05-12,5386.7900390625,5405.419921875,5375.47998046875,5405.419921875,158409000
2017-05-15,5411.27001953125,5417.39990234375,5384.5400390625,5417.39990234375,97533000
2017-05-16,5398.14990234375,5417.169921875,5389.8701171875,5406.10009765625,95519900
2017-05-17,5375.83984375,5394.8798828125,5297.43017578125,5317.89013671875,118949500
2017-05-18,5309.91015625,5322.7001953125,5238.509765625,5289.72998046875,124719100
2017-05-19,5299.39990234375,5334.4501953125,5292.1201171875,5324.39990234375,108705400
2017-05-22,5335.1201171875,5339.41015625,5315.22998046875,5322.8798828125,73526700
2017-05-23,5317.1201171875,5368.8798828125,5314.47998046875,5348.16015625,85536300
2017-05-24,5336.97998046875,5353.009765625,5326.58984375,5341.33984375,79667800
2017-05-25,5360.97021484375,5366.7001953125,5323.10986328125,5337.16015625,66254500
2017-05-26,5328.85986328125,5336.759765625,5282.419921875,5336.64013671875,76926600
2017-05-29,5327.72998046875,5335.77978515625,5316.68994140625,5332.47021484375,43001700
2017-05-30,5291.080078125,5309.35986328125,5273.56005859375,5305.93994140625,78126400
2017-05-31,5306.2099609375,5334.56982421875,5283.6298828125,5283.6298828125,143676300
2017-06-01,5290.83984375,5327.60009765625,5287.990234375,5318.669921875,84194600
2017-06-02,5347.85986328125,5372.97021484375,5328.18994140625,5343.41015625,95624300
2017-06-05,5337.10986328125,5343.7900390625,5299.759765625,5307.89013671875,48932000
2017-06-06,5280.2001953125,5296.419921875,5260.9501953125,5269.22021484375,79880200
2017-06-07,5261.419921875,5320.0400390625,5254.02978515625,5265.52978515625,94213100
2017-06-08,5264.68994140625,5290.5,5250.68017578125,5264.240234375,85052500
2017-06-09,5275.990234375,5320.169921875,5266.830078125,5299.7099609375,79889400
2017-06-12,5282.580078125,5286.10009765625,5233.68994140625,5240.58984375,85538800
2017-06-13,5254.14013671875,5273.8701171875,5248.2900390625,5261.740234375,72390200
2017-06-14,5283.60009765625,5314.9599609375,5243.2900390625,5243.2900390625,97019900
2017-06-15,5235.35986328125,5235.8798828125,5176.669921875,5216.8798828125,118313500
2017-06-16,5243.52978515625,5273.68017578125,5236.0,5263.31005859375,164098100
2017-06-19,5305.22021484375,5331.31982421875,5302.0498046875,5310.72021484375,77527800
2017-06-20,5330.580078125,5339.5498046875,5293.64990234375,5293.64990234375,81245800
2017-06-21,5273.0,5286.06005859375,5224.0498046875,5274.259765625,83179900
2017-06-22,5258.68017578125,5286.4599609375,5237.330078125,5281.93017578125,80688900
2017-06-23,5273.240234375,5283.8798828125,5247.52001953125,5266.1201171875,66693700
2017-06-26,5295.0400390625,5323.72998046875,5289.56005859375,5295.75,67071900
2017-06-27,5282.8701171875,5284.9599609375,5237.669921875,5258.580078125,90277800
2017-06-28,5235.830078125,5273.9501953125,5203.89990234375,5252.89990234375,96381000
2017-06-29,5268.22998046875,5272.93994140625,5143.81982421875,5154.35009765625,114605600
2017-06-30,5157.58984375,5192.39013671875,5117.22998046875,5120.68017578125,97126700
2017-07-03,5151.18994140625,5200.72998046875,5151.18994140625,5195.72021484375,76373400
2017-07-04,5170.5400390625,5197.81005859375,5165.85986328125,5174.89990234375,56279100
2017-07-05,5174.7900390625,5192.509765625,5160.85986328125,5180.10009765625,85258200
2017-07-06,5177.2099609375,5177.6201171875,5111.16015625,5152.39990234375,91164900
2017-07-07,5149.7900390625,5155.419921875,5125.990234375,5145.16015625,74708800
2017-07-10,5160.7001953125,5179.33984375,5147.669921875,5165.64013671875,60989800
2017-07-11,5172.02978515625,5186.43994140625,5135.9501953125,5140.60009765625,64875700
2017-07-12,5158.22998046875,5239.02001953125,5157.83984375,5222.1298828125,83513800
2017-07-13,5228.93017578125,5259.47021484375,5221.580078125,5235.39990234375,75719800
2017-07-14,5246.2001953125,5246.77978515625,5215.97998046875,5235.31005859375,60089700
2017-07-17,5238.41015625,5246.22998046875,5214.31005859375,5230.169921875,53978000
2017-07-18,5219.669921875,5233.14990234375,5164.6298828125,5173.27001953125,75790200
2017-07-19,5196.1298828125,5218.990234375,5174.2900390625,5216.06982421875,69296400
2017-07-20,5239.4599609375,5251.25,5177.72998046875,5199.22021484375,78772300
2017-07-21,5188.919921875,5208.85009765625,5095.1201171875,5117.66015625,106403800
2017-07-24,5133.68017578125,5143.47998046875,5094.35986328125,5127.7001953125,72053200
2017-07-25,5130.52978515625,5193.18994140625,5130.52978515625,5161.080078125,91159700
2017-07-26,5162.240234375,5208.330078125,5158.7900390625,5190.169921875,79110400
2017-07-27,5181.14990234375,5218.56005859375,5172.77978515625,5186.9501953125,99460800
2017-07-28,5144.02978515625,5144.02978515625,5105.72021484375,5131.39013671875,99859600
2017-07-31,5127.6298828125,5148.14990234375,5092.14013671875,5093.77001953125,87612000
2017-08-01,5116.89990234375,5148.490234375,5087.3798828125,5127.02978515625,75327900
2017-08-02,5122.3798828125,5135.14013671875,5094.64013671875,5107.25,82005400
2017-08-03,5097.14013671875,5142.91015625,5084.2001953125,5130.490234375,71167300
2017-08-04,5122.39990234375,5216.39990234375,5118.60986328125,5203.43994140625,78567600
2017-08-07,5210.72998046875,5220.58984375,5195.259765625,5207.89013671875,63788300
2017-08-08,5200.2001953125,5231.64990234375,5191.3798828125,5218.89013671875,62058600
2017-08-09,5182.0498046875,5183.3701171875,5122.5,5145.7001953125,84579800
2017-08-10,5140.990234375,5148.47021484375,5096.18994140625,5115.22998046875,71793700
2017-08-11,5081.919921875,5086.06005859375,5046.75,5060.919921875,86172400
2017-08-14,5082.8701171875,5136.18994140625,5080.009765625,5121.669921875,57283400
2017-08-15,5141.02001953125,5158.5,5123.97021484375,5140.25,48077600
2017-08-16,5159.10009765625,5200.16015625,5159.10009765625,5176.60986328125,55940500
2017-08-17,5164.5400390625,5180.259765625,5137.419921875,5146.85009765625,64545000
2017-08-18,5103.47021484375,5117.0400390625,5074.4501953125,5114.14990234375,73461700
2017-08-21,5091.31005859375,5105.93994140625,5066.18994140625,5087.58984375,59101700
2017-08-22,5112.1298828125,5137.5400390625,5101.68017578125,5131.85986328125,57269900
2017-08-23,5125.02978515625,5149.080078125,5105.5498046875,5115.39013671875,58660400
2017-08-24,5127.7099609375,5136.2998046875,5111.85986328125,5113.1298828125,55558700
2017-08-25,5121.47998046875,5141.0498046875,5098.509765625,5104.330078125,57203600
2017-08-28,5076.47021484375,5106.25,5066.009765625,5079.75,37172200
2017-08-29,5035.3798828125,5041.89013671875,4995.06982421875,5031.919921875,83662800
2017-08-30,5063.240234375,5069.1201171875,5046.06982421875,5056.33984375,61690100
2017-08-31,5083.1201171875,5104.77978515625,5068.43994140625,5085.58984375,108192000
2017-09-01,5117.18994140625,5138.419921875,5115.9501953125,5123.259765625,75774600
2017-09-04,5088.27978515625,5114.7001953125,5088.27978515625,5103.97021484375,44171300
2017-09-05,5107.18994140625,5125.7998046875,5081.080078125,5086.56005859375,72150200
2017-09-06,5054.31982421875,5114.2900390625,5050.08984375,5101.41015625,173147800
2017-09-07,5118.83984375,5148.06005859375,5103.14990234375,5114.6201171875,84862300
2017-09-08,5099.31005859375,5117.89013671875,5086.509765625,5113.490234375,84096300
2017-09-11,5145.77978515625,5180.25,5145.77978515625,5176.7099609375,76915100
2017-09-12,5192.75,5219.080078125,5184.47021484375,5209.009765625,79355100
2017-09-13,5205.2099609375,5227.0,5200.2099609375,5217.58984375,86353100
2017-09-14,5205.18017578125,5233.5400390625,5201.64990234375,5225.2001953125,79396000
2017-09-15,5220.89013671875,5237.169921875,5201.97021484375,5213.91015625,259691200
2017-09-18,5231.990234375,5239.8798828125,5221.56005859375,5229.31982421875,61537100
2017-09-19,5223.2900390625,5238.2900390625,5219.7099609375,5237.43994140625,66921900
2017-09-20,5230.509765625,5248.7900390625,5230.02001953125,5241.66015625,65750000
2017-09-21,5259.02001953125,5275.419921875,5257.43994140625,5267.2900390625,84829300
2017-09-22,5277.39013671875,5295.93017578125,5271.8798828125,5281.2900390625,71447900
2017-09-25,5267.990234375,5286.830078125,5260.4599609375,5267.1298828125,64221800
2017-09-26,5263.9501953125,5274.580078125,5255.10986328125,5268.759765625,70839200
2017-09-27,5281.2998046875,5289.89013671875,5272.31982421875,5281.9599609375,74049900
2017-09-28,5286.0498046875,5295.27001953125,5279.10009765625,5293.77001953125,67809900
2017-09-29,5297.419921875,5329.81005859375,5284.740234375,5329.81005859375,85230900
2017-10-02,5332.919921875,5350.43994140625,5326.66015625,5350.43994140625,68575600
2017-10-03,5362.75,5370.89013671875,5355.2998046875,5367.41015625,58748500
2017-10-04,5369.240234375,5369.4501953125,5345.2001953125,5363.22998046875,80019900
2017-10-05,5355.91015625,5381.740234375,5355.91015625,5379.2099609375,70314300
2017-10-06,5378.06982421875,5378.06982421875,5350.259765625,5359.89990234375,66128500
2017-10-09,5364.81005859375,5378.509765625,5351.68017578125,5365.830078125,55296900
2017-10-10,5364.16015625,5372.27001953125,5351.7900390625,5363.64990234375,59718000
2017-10-11,5367.3798828125,5367.3798828125,5338.14013671875,5362.41015625,71441700
2017-10-12,5358.419921875,5361.919921875,5342.68994140625,5360.81005859375,56447100
2017-10-13,5362.72998046875,5371.64990234375,5344.9599609375,5351.740234375,73942000
2017-10-16,5362.52978515625,5371.6201171875,5347.60986328125,5362.8798828125,63076900
2017-10-17,5372.64990234375,5376.68994140625,5347.5498046875,5361.3701171875,64933200
2017-10-18,5368.08984375,5394.22998046875,5359.68017578125,5383.81005859375,64165900
2017-10-19,5371.0,5377.81005859375,5343.0,5368.2900390625,86686600
2017-10-20,5389.47998046875,5392.08984375,5368.2099609375,5372.3798828125,92307000
2017-10-23,5377.4501953125,5408.740234375,5367.64990234375,5386.81005859375,63702000
2017-10-24,5377.85986328125,5413.02978515625,5377.85986328125,5394.7998046875,74560600
2017-10-25,5399.60986328125,5416.5400390625,5364.16015625,5374.89013671875,80466800
2017-10-26,5383.43994140625,5459.60986328125,5375.259765625,5455.39990234375,90950700
2017-10-27,5470.33984375,5513.52978515625,5470.240234375,5494.1298828125,95585200
2017-10-30,5488.330078125,5507.56005859375,5487.2900390625,5493.6298828125,67428800
2017-10-31,5492.6298828125,5511.25,5489.41015625,5503.2900390625,75164700
2017-11-01,5524.3798828125,5536.39990234375,5514.2900390625,5514.2900390625,75303700
2017-11-02,5510.9599609375,5520.81005859375,5486.240234375,5510.5,70253200
2017-11-03,5513.47021484375,5521.919921875,5498.2900390625,5517.97021484375,75125000
2017-11-06,5507.06982421875,5513.31005859375,5492.89990234375,5507.25,70213800
2017-11-07,5521.75,5525.5498046875,5475.919921875,5480.64013671875,78339100
2017-11-08,5487.52978515625,5496.080078125,5452.2001953125,5471.43017578125,92596200
2017-11-09,5470.18017578125,5479.7001953125,5401.43017578125,5407.75,98897900
2017-11-10,5405.5498046875,5415.8798828125,5375.1201171875,5380.72021484375,84901400
2017-11-13,5382.64990234375,5384.759765625,5301.02001953125,5341.6298828125,84572600
2017-11-14,5345.2998046875,5365.64013671875,5301.56982421875,5315.580078125,90263700
2017-11-15,5301.14013671875,5312.39013671875,5267.22021484375,5301.25,94175400
2017-11-16,5325.41015625,5345.22998046875,5312.8701171875,5336.39013671875,74296300
2017-11-17,5335.85009765625,5350.25,5304.35009765625,5319.169921875,88650100
2017-11-20,5311.27978515625,5348.14990234375,5302.85009765625,5340.4501953125,66757000
2017-11-21,5335.83984375,5385.85986328125,5326.85986328125,5366.14990234375,74777300
2017-11-22,5364.60986328125,5391.009765625,5352.759765625,5352.759765625,67526600
2017-11-23,5339.759765625,5391.89013671875,5330.31982421875,5379.5400390625,55368500
2017-11-24,5374.39990234375,5419.8798828125,5374.39990234375,5390.4599609375,54357200
2017-11-27,5378.9599609375,5408.47021484375,5359.39013671875,5360.08984375,62120700
2017-11-28,5366.3798828125,5398.18994140625,5357.27978515625,5390.47998046875,65960000
2017-11-29,5416.490234375,5441.68994140625,5394.89013671875,5398.0498046875,92621500
2017-11-30,5402.66015625,5429.64990234375,5372.58984375,5372.7900390625,128032500
2017-12-01,5374.1298828125,5378.31982421875,5299.06005859375,5316.89013671875,99908800
2017-12-04,5363.2900390625,5400.10009765625,5350.58984375,5389.2900390625,81907500
2017-12-05,5382.22998046875,5392.47998046875,5349.7900390625,5375.52978515625,77844600
2017-12-06,5333.31982421875,5385.52978515625,5316.5498046875,5374.35009765625,78019500
2017-12-07,5374.56982421875,5396.31005859375,5365.75,5383.85986328125,81173900
2017-12-08,5411.91015625,5425.75,5393.56005859375,5399.08984375,90629200
2017-12-11,5411.7099609375,5411.7099609375,5382.5,5386.830078125,68771400
2017-12-12,5394.93017578125,5427.18994140625,5359.759765625,5427.18994140625,80840200
2017-12-13,5415.31982421875,5429.02978515625,5393.97998046875,5399.4501953125,87609600
2017-12-14,5392.0,5400.27978515625,5357.14013671875,5357.14013671875,78206300
2017-12-15,5340.33984375,5360.8701171875,5330.10009765625,5349.2998046875,157439000
2017-12-18,5386.39990234375,5427.8701171875,5386.39990234375,5420.580078125,81891400
2017-12-19,5409.64990234375,5420.64013671875,5380.14990234375,5382.91015625,63736200
2017-12-20,5377.919921875,5382.3701171875,5338.02978515625,5352.77001953125,68688100
2017-12-21,5332.39013671875,5389.7998046875,5323.5400390625,5385.97021484375,70387200
2017-12-22,5371.0,5385.9599609375,5355.43994140625,5364.72021484375,46753800
2017-12-27,5359.81982421875,5388.14013671875,5352.52978515625,5368.83984375,41098800
2017-12-28,5367.7001953125,5370.43017578125,5331.16015625,5339.419921875,42420600
2017-12-29,5336.14990234375,5344.0498046875,5312.56005859375,5312.56005859375,46218500
2018-01-02,5318.740234375,5318.740234375,5258.66015625,5288.60009765625,66802600
2018-01-03,5295.31005859375,5347.6298828125,5291.89013671875,5331.27978515625,75371700
2018-01-04,5360.009765625,5430.72021484375,5360.009765625,5413.68994140625,92583500
2018-01-05,5424.16015625,5470.75,5422.77978515625,5470.75,76275800
2018-01-08,5483.47021484375,5499.14990234375,5478.919921875,5487.419921875,72318000
2018-01-09,5491.91015625,5525.669921875,5491.91015625,5523.93994140625,78844900
2018-01-10,5518.31982421875,5529.2998046875,5487.56005859375,5504.68017578125,96478300
2018-01-11,5514.08984375,5516.58984375,5478.97021484375,5488.5498046875,83544400
2018-01-12,5502.6298828125,5520.18017578125,5486.08984375,5517.06005859375,80659900
2018-01-15,5515.5498046875,5525.009765625,5501.27978515625,5509.68994140625,56215000
2018-01-16,5513.7001953125,5535.9501953125,5500.22021484375,5513.81982421875,69422000
2018-01-17,5496.259765625,5518.39013671875,5485.02001953125,5493.990234375,72741600
2018-01-18,5511.2998046875,5515.16015625,5474.10986328125,5494.830078125,82084500
2018-01-19,5493.990234375,5528.89013671875,5490.31982421875,5526.509765625,78466200
2018-01-22,5520.2099609375,5543.06005859375,5512.27001953125,5541.990234375,77421200
2018-01-23,5563.56005859375,5567.02978515625,5521.830078125,5535.259765625,85807600
2018-01-24,5532.85009765625,5538.580078125,5495.16015625,5495.16015625,85219400
2018-01-25,5493.81005859375,5525.759765625,5456.0498046875,5481.2099609375,84803300
2018-01-26,5496.830078125,5539.77001953125,5493.66015625,5529.14990234375,65388300
2018-01-29,5534.14013671875,5537.52978515625,5517.669921875,5521.58984375,60112400
2018-01-30,5493.93017578125,5518.93994140625,5464.85009765625,5473.77978515625,80083100
2018-01-31,5483.509765625,5496.77978515625,5471.18017578125,5481.93017578125,83562500
2018-02-01,5510.58984375,5529.39990234375,5432.58984375,5454.5498046875,87026200
2018-02-02,5433.83984375,5437.259765625,5364.97998046875,5364.97998046875,99312300
2018-02-05,5322.93994140625,5332.77001953125,5283.27001953125,5285.830078125,96711900
2018-02-06,5104.27978515625,5226.1298828125,5101.14990234375,5161.81005859375,175358700
2018-02-07,5208.10986328125,5267.8798828125,5169.39990234375,5255.89990234375,117755000
2018-02-08,5229.77978515625,5248.43994140625,5129.52001953125,5151.68017578125,123977500
2018-02-09,5133.4599609375,5155.8701171875,5051.2099609375,5079.2099609375,143039900
2018-02-12,5130.39990234375,5165.75,5113.81982421875,5140.06005859375,93467100
2018-02-13,5136.08984375,5155.22021484375,5109.240234375,5109.240234375,78507900
2018-02-14,5137.56982421875,5188.14013671875,5081.6201171875,5165.259765625,109723700
2018-02-15,5211.7099609375,5255.080078125,5204.43994140625,5222.52001953125,97295500
2018-02-16,5249.419921875,5291.47998046875,5245.7998046875,5281.580078125,101183700
2018-02-19,5295.330078125,5297.3701171875,5249.89013671875,5256.18017578125,51447900
2018-02-20,5257.43017578125,5291.81005859375,5249.85009765625,5289.85986328125,75702000
2018-02-21,5278.47998046875,5303.81005859375,5255.77001953125,5302.169921875,72945400
2018-02-22,5272.43017578125,5321.18994140625,5253.2001953125,5309.22998046875,87528200
2018-02-23,5312.2998046875,5322.35009765625,5292.7001953125,5317.3701171875,68488500
2018-02-26,5343.56982421875,5357.35986328125,5329.509765625,5344.259765625,67882600
2018-02-27,5358.56982421875,5363.52001953125,5329.7900390625,5343.93017578125,76239100
2018-02-28,5321.5,5357.06005859375,5312.6201171875,5320.490234375,84387800
2018-03-01,5304.81005859375,5315.77001953125,5242.8701171875,5262.56005859375,112757700
2018-03-02,5223.14013671875,5226.10986328125,5121.240234375,5136.580078125,117629800
2018-03-05,5116.39013671875,5176.52001953125,5115.93994140625,5167.22998046875,120940100
2018-03-06,5203.10986328125,5216.60009765625,5170.14013671875,5170.22998046875,90489200
2018-03-07,5151.68994140625,5203.06005859375,5134.509765625,5187.830078125,93450600
2018-03-08,5189.14013671875,5264.35986328125,5186.27978515625,5254.10009765625,92799400
2018-03-09,5243.08984375,5293.080078125,5241.509765625,5274.39990234375,75500400
2018-03-12,5298.22021484375,5302.419921875,5258.10986328125,5276.7099609375,64074300
2018-03-13,5284.83984375,5311.66015625,5225.27001953125,5242.7900390625,87014000
2018-03-14,5237.75,5272.72021484375,5224.31005859375,5233.35986328125,73618000
2018-03-15,5252.22021484375,5274.93994140625,5235.93994140625,5267.259765625,82441300
2018-03-16,5259.35986328125,5299.22998046875,5258.509765625,5282.75,150258600
2018-03-19,5263.39013671875,5265.43994140625,5210.06982421875,5222.83984375,76919000
2018-03-20,5232.1201171875,5255.10009765625,5208.509765625,5252.43017578125,66443200
2018-03-21,5252.77978515625,5257.240234375,5220.259765625,5239.740234375,69220400
2018-03-22,5205.169921875,5231.169921875,5119.2900390625,5167.2099609375,104323700
2018-03-23,5115.81982421875,5128.7099609375,5059.669921875,5095.22021484375,102365000
2018-03-26,5106.33984375,5126.990234375,5043.27001953125,5066.27978515625,83600900
2018-03-27,5141.39990234375,5149.0498046875,5100.2099609375,5115.740234375,84280000
2018-03-28,5073.419921875,5130.43994140625,5038.1201171875,5130.43994140625,102195900
2018-03-29,5152.02978515625,5194.97998046875,5134.75,5167.2998046875,92382200
2018-04-03,5144.6298828125,5171.6201171875,5118.68994140625,5152.1201171875,81857300
2018-04-04,5155.47021484375,5163.6298828125,5094.68994140625,5141.7998046875,91113200
2018-04-05,5216.68017578125,5280.60986328125,5213.6298828125,5276.669921875,94689000
2018-04-06,5256.25,5282.72021484375,5243.02001953125,5258.240234375,68854400
2018-04-09,5271.0,5289.72021484375,5247.56982421875,5263.39013671875,60670000
2018-04-10,5299.580078125,5312.8798828125,5281.580078125,5307.56005859375,78090500
2018-04-11,5301.43994140625,5303.31982421875,5264.27001953125,5277.93994140625,68231500
2018-04-12,5280.66015625,5309.97021484375,5266.35986328125,5309.22021484375,82203700
2018-04-13,5318.1298828125,5339.0498046875,5303.3798828125,5315.02001953125,68375700
2018-04-16,5322.41015625,5322.41015625,5298.93994140625,5312.9599609375,60319200
2018-04-17,5325.6298828125,5370.22998046875,5317.1201171875,5353.5400390625,81726700
2018-04-18,5360.4501953125,5381.740234375,5359.6298828125,5380.169921875,82529900
2018-04-19,5389.81982421875,5397.83984375,5377.10986328125,5391.64013671875,74094100
2018-04-20,5395.1298828125,5425.7900390625,5381.10986328125,5412.830078125,87342700
2018-04-23,5404.72021484375,5440.83984375,5392.580078125,5438.5498046875,65848500
2018-04-24,5428.18017578125,5446.7001953125,5414.39990234375,5444.16015625,90205000
2018-04-25,5414.14990234375,5442.31982421875,5388.669921875,5413.2998046875,78056400
2018-04-26,5416.75,5460.009765625,5407.580078125,5453.580078125,83179000
2018-04-27,5454.25,5483.18994140625,5453.97021484375,5483.18994140625,71130200
2018-04-30,5477.43994140625,5521.43994140625,5474.47998046875,5520.5,73369100
2018-05-02,5511.4599609375,5538.72998046875,5509.080078125,5529.22021484375,93979100
2018-05-03,5515.35986328125,5523.77978515625,5489.6298828125,5501.66015625,79259400
2018-05-04,5495.7099609375,5516.0498046875,5485.990234375,5516.0498046875,85333000
2018-05-07,5511.93994140625,5532.1201171875,5503.7001953125,5531.419921875,45591900
2018-05-08,5523.91015625,5529.14990234375,5496.39013671875,5521.93017578125,70214400
2018-05-09,5520.64990234375,5535.240234375,5511.580078125,5534.6298828125,72894200
2018-05-10,5532.3701171875,5547.2001953125,5522.91015625,5545.9501953125,48972800
2018-05-11,5533.41015625,5544.740234375,5521.33984375,5541.93994140625,61288900
2018-05-14,5539.0498046875,5542.2099609375,5524.43994140625,5540.68017578125,59725700
2018-05-15,5529.39013671875,5563.35986328125,5527.64013671875,5553.16015625,88419600
2018-05-16,5546.39013671875,5570.9599609375,5540.669921875,5567.5400390625,76258900
2018-05-17,5570.39013671875,5621.919921875,5570.0400390625,5621.919921875,80318200
2018-05-18,5610.14013671875,5643.14990234375,5603.35009765625,5614.509765625,115184600
2018-05-21,5626.7001953125,5657.43994140625,5626.18017578125,5637.509765625,49392900
2018-05-22,5637.93994140625,5653.08984375,5628.93017578125,5640.10009765625,82627400
2018-05-23,5626.02001953125,5626.02001953125,5544.41015625,5565.85009765625,100736000
2018-05-24,5576.64990234375,5598.64990234375,5523.22021484375,5548.4501953125,85231200
2018-05-25,5570.72998046875,5592.16015625,5519.77978515625,5542.5498046875,87810500
2018-05-28,5565.66015625,5577.3798828125,5492.2998046875,5508.93017578125,58701500
2018-05-29,5466.47998046875,5480.18017578125,5389.60986328125,5438.06005859375,141981600
2018-05-30,5420.14990234375,5434.240234375,5386.14990234375,5427.35009765625,116950900
2018-05-31,5440.9501953125,5453.009765625,5381.3798828125,5398.39990234375,144487200
2018-06-01,5440.419921875,5482.56005859375,5438.31005859375,5465.52978515625,99399200
2018-06-04,5497.740234375,5501.47998046875,5468.919921875,5472.91015625,79269000
2018-06-05,5464.8798828125,5512.81982421875,5460.9501953125,5460.9501953125,84084300
2018-06-06,5470.580078125,5480.31005859375,5419.93994140625,5457.56005859375,88256900
2018-06-07,5482.60986328125,5500.31982421875,5440.66015625,5448.35986328125,80269600
2018-06-08,5419.7099609375,5458.85009765625,5405.35986328125,5450.22021484375,79611800
2018-06-11,5459.81005859375,5480.419921875,5451.1298828125,5473.91015625,87500400
2018-06-12,5494.830078125,5496.47021484375,5448.7001953125,5453.3701171875,78558400
2018-06-13,5457.31005859375,5474.009765625,5447.89990234375,5452.72998046875,82724700
2018-06-14,5420.39013671875,5543.2900390625,5408.2998046875,5528.4599609375,99909400
2018-06-15,5542.81982421875,5560.6201171875,5501.8798828125,5501.8798828125,189560900
2018-06-18,5487.7001953125,5491.83984375,5418.47998046875,5450.47998046875,84643700
2018-06-19,5387.81005859375,5398.0400390625,5366.0498046875,5390.6298828125,87760800
2018-06-20,5418.2001953125,5418.2001953125,5372.0400390625,5372.31005859375,83444100
2018-06-21,5386.8798828125,5396.47021484375,5302.08984375,5316.009765625,92471200
2018-06-22,5330.0498046875,5389.31982421875,5327.02978515625,5387.3798828125,74045400
2018-06-25,5350.9599609375,5362.330078125,5283.85986328125,5283.85986328125,61986900
2018-06-26,5308.8798828125,5315.56005859375,5281.2900390625,5281.2900390625,66678000
2018-06-27,5284.4599609375,5371.580078125,5246.41015625,5327.2001953125,91539300
2018-06-28,5308.43994140625,5341.08984375,5250.22021484375,5275.64013671875,91384400
2018-06-29,5335.240234375,5357.9501953125,5318.47021484375,5323.52978515625,96281300
2018-07-02,5264.39990234375,5293.39990234375,5242.64013671875,5276.759765625,84519600
2018-07-03,5302.35986328125,5336.2001953125,5284.1298828125,5316.77001953125,79762300
2018-07-04,5313.9599609375,5333.22021484375,5307.2001953125,5320.5,63961500
2018-07-05,5326.02001953125,5391.56982421875,5324.52001953125,5366.31982421875,95493300
2018-07-06,5387.18017578125,5393.4599609375,5345.4599609375,5375.77001953125,72631100
2018-07-09,5403.0400390625,5418.9501953125,5384.60009765625,5398.10986328125,68001100
2018-07-10,5410.18994140625,5437.0498046875,5404.89990234375,5434.35986328125,73970700
2018-07-11,5393.41015625,5396.7001953125,5353.93017578125,5353.93017578125,87179200
2018-07-12,5369.18994140625,5406.47998046875,5349.47998046875,5405.89990234375,77442500
2018-07-13,5428.0400390625,5439.56005859375,5418.169921875,5429.2001953125,66789800
2018-07-16,5429.43017578125,5439.66015625,5404.52001953125,5409.43017578125,56645300
2018-07-17,5405.60986328125,5426.77978515625,5383.0,5422.5400390625,63232400
2018-07-18,5441.5400390625,5459.72021484375,5438.31005859375,5447.43994140625,72157000
2018-07-19,5437.7099609375,5444.18994140625,5409.77001953125,5417.06982421875,73346300
2018-07-20,5409.669921875,5424.3701171875,5342.2998046875,5398.31982421875,93503600
2018-07-23,5382.85986328125,5385.830078125,5358.81982421875,5378.25,58933900
2018-07-24,5399.18994140625,5453.0498046875,5389.77001953125,5434.18994140625,96565100
2018-07-25,5445.240234375,5452.25,5413.66015625,5426.41015625,81395300
2018-07-26,5463.2900390625,5480.5498046875,5435.27001953125,5480.5498046875,98897800
2018-07-27,5477.52978515625,5514.39990234375,5475.77001953125,5511.759765625,104519100
2018-07-30,5490.2001953125,5507.47998046875,5482.240234375,5491.22021484375,68998200
2018-07-31,5505.52001953125,5529.02978515625,5496.41015625,5511.2998046875,97712800
2018-08-01,5520.330078125,5531.580078125,5495.7900390625,5498.3701171875,81015200
2018-08-02,5477.6298828125,5483.740234375,5445.91015625,5460.97998046875,95127100
2018-08-03,5475.81982421875,5491.77978515625,5459.27001953125,5478.97998046875,72256600
2018-08-06,5487.27978515625,5501.5400390625,5456.509765625,5477.18017578125,61262700
2018-08-07,5490.91015625,5539.41015625,5490.080078125,5521.31005859375,65874000
2018-08-08,5518.490234375,5530.02001953125,5497.10009765625,5501.89990234375,57616100
2018-08-09,5487.919921875,5502.419921875,5468.64013671875,5502.25,55242100
2018-08-10,5455.9599609375,5466.669921875,5391.009765625,5414.68017578125,103117500
2018-08-13,5402.41015625,5428.91015625,5385.18994140625,5412.31982421875,66875100
2018-08-14,5437.43017578125,5447.93017578125,5392.39013671875,5403.41015625,68465700
2018-08-15,5414.75,5417.18994140625,5287.18017578125,5305.22021484375,87832500
2018-08-16,5326.169921875,5354.9501953125,5307.16015625,5349.02001953125,64762100
2018-08-17,5356.490234375,5366.56005859375,5313.990234375,5344.93017578125,64188500
2018-08-20,5362.3701171875,5397.77978515625,5356.31982421875,5379.64990234375,48284100
2018-08-21,5372.02001953125,5427.259765625,5367.3798828125,5408.60009765625,56477500
2018-08-22,5401.43017578125,5431.52001953125,5401.43017578125,5420.60986328125,71435300
2018-08-23,5422.39013671875,5436.72021484375,5415.43017578125,5419.330078125,52041400
2018-08-24,5422.77978515625,5449.75,5421.2099609375,5432.5,52056700
2018-08-27,5455.39990234375,5487.4501953125,5448.490234375,5479.10009765625,43768100
2018-08-28,5489.509765625,5506.759765625,5477.35009765625,5484.990234375,62817700
2018-08-29,5495.9501953125,5504.31982421875,5476.27001953125,5501.330078125,52978800
2018-08-30,5494.02001953125,5498.77001953125,5467.1201171875,5478.06005859375,64286100
2018-08-31,5470.7998046875,5471.0498046875,5403.16015625,5406.85009765625,89131200
2018-09-03,5400.7001953125,5417.4599609375,5387.2099609375,5413.7998046875,48627400
2018-09-04,5423.669921875,5428.22021484375,5322.77001953125,5342.7001953125,79249300
2018-09-05,5322.080078125,5324.0,5259.97998046875,5260.22021484375,103548700
2018-09-06,5254.7001953125,5292.43017578125,5243.81005859375,5243.83984375,79501100
2018-09-07,5252.97998046875,5266.6298828125,5226.31005859375,5252.22021484375,83620300
2018-09-10,5250.759765625,5291.2099609375,5241.18017578125,5269.6298828125,71394000
2018-09-11,5284.240234375,5285.02001953125,5240.0400390625,5283.7900390625,74742700
2018-09-12,5294.580078125,5338.6298828125,5293.6201171875,5332.1298828125,75458800
2018-09-13,5327.93994140625,5366.33984375,5325.2998046875,5328.1201171875,75754300
2018-09-14,5353.580078125,5362.2001953125,5338.25,5352.56982421875,66793100
2018-09-17,5344.5498046875,5358.18017578125,5329.97021484375,5348.8701171875,66172300
2018-09-18,5348.490234375,5389.759765625,5339.6201171875,5363.7900390625,80228500
2018-09-19,5362.93994140625,5406.06005859375,5361.330078125,5393.740234375,85324800
2018-09-20,5398.2001953125,5461.10986328125,5398.2001953125,5451.58984375,108602600
2018-09-21,5463.66015625,5499.02978515625,5463.66015625,5494.169921875,222510800
2018-09-24,5480.64013671875,5488.18017578125,5463.43994140625,5476.169921875,73646100
2018-09-25,5468.91015625,5497.14990234375,5468.77978515625,5479.10009765625,74313200
2018-09-26,5482.990234375,5512.75,5471.56982421875,5512.72998046875,77971500
2018-09-27,5500.25,5546.7998046875,5485.830078125,5540.41015625,74700600
2018-09-28,5514.5498046875,5527.240234375,5458.2099609375,5493.490234375,112190100
2018-10-01,5494.93017578125,5519.93994140625,5491.169921875,5506.81982421875,75188000
2018-10-02,5473.7900390625,5480.240234375,5440.77978515625,5467.89013671875,83460200
2018-10-03,5485.02001953125,5509.080078125,5468.47021484375,5491.39990234375,65565700
2018-10-04,5471.8798828125,5477.919921875,5404.83984375,5410.85009765625,94188600
2018-10-05,5407.580078125,5412.31005859375,5354.7900390625,5359.35986328125,84127700
2018-10-08,5339.490234375,5349.31005859375,5291.740234375,5300.25,69434100
2018-10-09,5304.10986328125,5328.3701171875,5260.52978515625,5318.5498046875,78857600
2018-10-10,5319.27001953125,5319.8798828125,5200.10986328125,5206.22021484375,104816300
2018-10-11,5128.22021484375,5175.35986328125,5101.89990234375,5106.3701171875,141209700
2018-10-12,5160.22998046875,5164.02978515625,5095.740234375,5095.97998046875,98283100
2018-10-15,5095.1201171875,5105.93017578125,5058.0498046875,5095.06982421875,79093900
2018-10-16,5094.43994140625,5176.7998046875,5082.41015625,5173.0498046875,88042700
2018-10-17,5187.10986328125,5205.3798828125,5117.22998046875,5144.9501953125,90604000
2018-10-18,5150.22998046875,5175.58984375,5115.31005859375,5116.7900390625,99240000
2018-10-19,5119.64013671875,5133.58984375,5057.4501953125,5084.66015625,130238900
2018-10-22,5130.2900390625,5135.68994140625,5052.240234375,5053.31005859375,74610400
2018-10-23,4991.91015625,5009.43017578125,4955.669921875,4967.68994140625,114932000
2018-10-24,4995.77001953125,5043.3701171875,4951.16015625,4953.08984375,116382700
2018-10-25,4933.9501953125,5033.52001953125,4925.56005859375,5032.2998046875,125445400
2018-10-26,4978.39013671875,4978.39013671875,4896.7998046875,4967.3701171875,131619600
2018-10-29,4958.509765625,5030.02001953125,4958.509765625,4989.35009765625,83255000
2018-10-30,4996.919921875,5010.43994140625,4929.93994140625,4978.52978515625,96430500
2018-10-31,5049.740234375,5106.759765625,5047.35009765625,5093.43994140625,130251200
2018-11-01,5076.5498046875,5119.68017578125,5060.759765625,5085.77978515625,86117000
2018-11-02,5147.02001953125,5162.18017578125,5101.27978515625,5102.1298828125,94431400
2018-11-05,5101.8701171875,5124.18994140625,5092.35986328125,5101.39013671875,68302600
2018-11-06,5110.7998046875,5110.7998046875,5066.39013671875,5075.18994140625,67159700
2018-11-07,5100.080078125,5150.64013671875,5098.89990234375,5137.93994140625,88816200
2018-11-08,5147.18994140625,5168.10986328125,5120.14013671875,5131.4501953125,87240200
2018-11-09,5103.43017578125,5112.56982421875,5072.2099609375,5106.75,84712400
2018-11-12,5130.3798828125,5140.4501953125,5058.490234375,5059.08984375,77068100
2018-11-13,5077.56982421875,5106.77001953125,5054.89990234375,5101.85009765625,78747800
2018-11-14,5062.43994140625,5131.0400390625,5026.22021484375,5068.85009765625,88350000
2018-11-15,5097.08984375,5106.56005859375,4993.47998046875,5033.6201171875,99859900
2018-11-16,5068.64013671875,5081.0,4986.18994140625,5025.2001953125,99615100
2018-11-19,5040.68017578125,5062.75,4979.97998046875,4985.4501953125,75776800
2018-11-20,4962.85009765625,4967.97998046875,4894.2998046875,4924.89013671875,97368100
2018-11-21,4949.72021484375,4978.919921875,4930.25,4975.5,82217400
2018-11-22,4958.89013671875,4961.35009765625,4923.7998046875,4938.14013671875,60539000
2018-11-23,4939.7900390625,4968.5,4913.72021484375,4946.9501953125,61973700
2018-11-26,4982.5400390625,5023.77978515625,4973.7099609375,4994.97998046875,94237200
2018-11-27,4992.52978515625,5013.68994140625,4958.7099609375,4983.14990234375,85316600
2018-11-28,4998.14013671875,5007.47021484375,4977.93017578125,4983.240234375,84265900
2018-11-29,5026.66015625,5036.81005859375,4995.9501953125,5006.25,82130300
2018-11-30,5016.4501953125,5016.85986328125,4974.990234375,5003.919921875,107965900
2018-12-03,5112.580078125,5115.1298828125,5043.2001953125,5053.97998046875,101898900
2018-12-04,5036.9501953125,5043.259765625,5012.47998046875,5012.66015625,84238000
2018-12-05,4963.18017578125,4976.6298828125,4941.4501953125,4944.3701171875,78499500
2018-12-06,4898.35009765625,4898.35009765625,4760.97998046875,4780.4599609375,140516600
2018-12-07,4813.6201171875,4877.1298828125,4812.3798828125,4813.1298828125,95511500
2018-12-10,4797.919921875,4809.97998046875,4732.02001953125,4742.3798828125,108458800
2018-12-11,4781.93994140625,4853.919921875,4770.06982421875,4806.2001953125,101943600
2018-12-12,4834.240234375,4924.66015625,4829.1201171875,4909.4501953125,106795300
2018-12-13,4926.85986328125,4935.47998046875,4890.43994140625,4896.919921875,88192400
2018-12-14,4853.1201171875,4873.16015625,4822.89013671875,4853.7001953125,89679200
2018-12-17,4840.1201171875,4847.5,4788.8798828125,4799.8701171875,83817900
2018-12-18,4773.18994140625,4804.97998046875,4754.080078125,4754.080078125,109281600
2018-12-19,4766.72998046875,4794.009765625,4761.6298828125,4777.4501953125,96198400
2018-12-20,4709.75,4719.60986328125,4685.60986328125,4692.4599609375,120847000
2018-12-21,4672.77001953125,4696.18017578125,4628.240234375,4694.3798828125,187129800
2018-12-24,4650.419921875,4664.2001953125,4622.02978515625,4626.39013671875,24595900
2018-12-27,4689.2001953125,4692.43017578125,4555.990234375,4598.60986328125,89451800
2018-12-28,4641.0498046875,4700.490234375,4623.97021484375,4678.740234375,67583000
2018-12-31,4708.740234375,4731.490234375,4696.1201171875,4730.68994140625,23249900
2019-01-02,4642.18017578125,4699.97998046875,4606.2001953125,4689.39013671875,76980400
2019-01-03,4641.7998046875,4671.27978515625,4607.68017578125,4611.490234375,78741500
2019-01-04,4649.6298828125,4750.509765625,4636.7900390625,4737.1201171875,95967400
2019-01-07,4757.009765625,4760.27001953125,4690.22021484375,4719.169921875,73900700
2019-01-08,4722.16015625,4810.27001953125,4719.22998046875,4773.27001953125,98114900
2019-01-09,4811.18017578125,4843.47998046875,4801.830078125,4813.580078125,94180800
2019-01-10,4788.759765625,4805.66015625,4759.759765625,4805.66015625,76138500
2019-01-11,4814.66015625,4821.27978515625,4760.83984375,4781.33984375,77037500
2019-01-14,4740.31005859375,4773.14990234375,4730.5498046875,4762.75,69500100
2019-01-15,4799.580078125,4816.72998046875,4754.68994140625,4786.169921875,83421600
2019-01-16,4811.58984375,4816.490234375,4784.7900390625,4810.740234375,81097500
2019-01-17,4782.6298828125,4801.669921875,4772.64013671875,4794.3701171875,82674400
2019-01-18,4825.97021484375,4881.56982421875,4824.259765625,4875.93017578125,106129400
2019-01-21,4865.7900390625,4872.6201171875,4859.759765625,4867.77978515625,49416900
2019-01-22,4841.18017578125,4863.2998046875,4824.06005859375,4847.52978515625,67998400
2019-01-23,4831.919921875,4875.41015625,4820.14013671875,4840.3798828125,78599700
2019-01-24,4839.58984375,4883.89990234375,4832.39990234375,4871.9599609375,82884500
2019-01-25,4895.58984375,4931.7998046875,4890.89990234375,4925.81982421875,82965000
2019-01-28,4903.9501953125,4912.10009765625,4878.6201171875,4888.580078125,64841000
2019-01-29,4889.33984375,4949.4501953125,4879.66015625,4928.18017578125,66407300
2019-01-30,4943.68017578125,4974.759765625,4942.64013671875,4974.759765625,68861600
2019-01-31,4993.08984375,5016.27978515625,4955.5,4992.72021484375,102641200
2019-02-01,5004.64990234375,5023.3701171875,4980.5,5019.259765625,79792300
2019-02-04,5014.31005859375,5019.39990234375,4970.7001953125,5000.18994140625,70664200
2019-02-05,5009.830078125,5083.33984375,4997.52978515625,5083.33984375,87212600
2019-02-06,5060.64990234375,5083.81005859375,5058.0400390625,5079.0498046875,85303500
2019-02-07,5075.75,5083.89013671875,4985.56005859375,4985.56005859375,111261700
2019-02-08,4980.81005859375,5005.64013671875,4946.14013671875,4961.64013671875,100191000
2019-02-11,4988.08984375,5023.2900390625,4986.2998046875,5014.47021484375,70045200
2019-02-12,5052.330078125,5073.7900390625,5039.990234375,5056.35009765625,81414900
2019-02-13,5071.5400390625,5092.18994140625,5061.60009765625,5074.27001953125,84733400
2019-02-14,5117.7900390625,5117.7900390625,5062.52001953125,5062.52001953125,90012000
2019-02-15,5061.5400390625,5164.580078125,5059.5,5153.18994140625,110465200
2019-02-18,5149.06005859375,5170.9599609375,5147.81005859375,5168.5400390625,60816200
2019-02-19,5162.31005859375,5176.41015625,5137.169921875,5160.52001953125,67491900
2019-02-20,5168.58984375,5202.89990234375,5159.06005859375,5195.9501953125,74722600
2019-02-21,5200.1201171875,5206.3798828125,5180.6201171875,5196.10986328125,95156300
2019-02-22,5190.93994140625,5226.7998046875,5190.27978515625,5215.85009765625,75215100
2019-02-25,5228.25,5242.22021484375,5219.39013671875,5231.85009765625,72266600
2019-02-26,5212.85986328125,5248.5,5197.2900390625,5238.72021484375,74612300
2019-02-27,5218.1201171875,5236.830078125,5211.5400390625,5225.35009765625,86877000
2019-02-28,5204.77001953125,5247.5498046875,5204.77001953125,5240.52978515625,110811900
2019-03-01,5267.14013671875,5286.68994140625,5262.47021484375,5265.18994140625,88315600
2019-03-04,5291.1298828125,5310.64013671875,5283.35009765625,5286.56982421875,63344600
2019-03-05,5288.5498046875,5297.990234375,5267.56982421875,5297.52001953125,74259300
2019-03-06,5288.39990234375,5314.97021484375,5281.9501953125,5288.81005859375,18519200
2019-03-07,5282.14013671875,5306.08984375,5249.31982421875,5267.919921875,100441400
2019-03-08,5233.97021484375,5252.35009765625,5221.02978515625,5231.22021484375,99881400
2019-03-11,5253.490234375,5268.58984375,5230.16015625,5265.9599609375,71957700
2019-03-12,5290.93994140625,5294.830078125,5245.759765625,5270.25,79641900
2019-03-13,5263.009765625,5309.77001953125,5261.89013671875,5306.3798828125,72032100
2019-03-14,5308.75,5358.41015625,5308.75,5349.77978515625,80679300
2019-03-15,5352.8798828125,5421.509765625,5351.8798828125,5405.31982421875,213640300
2019-03-18,5403.5400390625,5416.490234375,5401.47021484375,5412.830078125,71187100
2019-03-19,5406.22998046875,5443.10009765625,5403.580078125,5425.89990234375,70707600
2019-03-20,5417.2099609375,5429.43994140625,5382.66015625,5382.66015625,80810600
2019-03-21,5378.41015625,5393.330078125,5349.0,5378.85009765625,75608100
2019-03-22,5394.4599609375,5398.47021484375,5264.1298828125,5269.919921875,109347500
2019-03-25,5211.759765625,5276.740234375,5211.759765625,5260.64013671875,77602300
2019-03-26,5271.14013671875,5315.2900390625,5257.7900390625,5307.3798828125,64772700
2019-03-27,5312.7001953125,5340.0498046875,5279.64990234375,5301.240234375,92888500
2019-03-28,5299.02978515625,5327.72998046875,5291.64013671875,5296.5400390625,74378700
2019-03-29,5334.56005859375,5356.06982421875,5315.10986328125,5350.52978515625,79046600
2019-04-01,5394.5,5414.52978515625,5376.18017578125,5405.52978515625,77183600
2019-04-02,5409.68017578125,5433.509765625,5403.43994140625,5423.47021484375,67149200
2019-04-03,5458.02001953125,5473.919921875,5451.43994140625,5468.91015625,87758700
2019-04-04,5460.830078125,5474.41015625,5448.39990234375,5463.7998046875,69798300
2019-04-05,5469.33984375,5486.0,5464.85009765625,5476.2001953125,77567000
2019-04-08,5471.740234375,5486.6298828125,5462.3798828125,5471.77978515625,58463400
2019-04-09,5453.0,5491.85009765625,5436.419921875,5436.419921875,68930800
2019-04-10,5442.68017578125,5461.33984375,5440.31982421875,5449.8798828125,70801100
2019-04-11,5474.330078125,5498.89013671875,5446.2001953125,5485.72021484375,75234800
2019-04-12,5478.9501953125,5510.990234375,5474.35986328125,5502.7001953125,81746200
2019-04-15,5501.509765625,5518.3701171875,5497.52978515625,5508.72998046875,67400500
2019-04-16,5510.72021484375,5532.31005859375,5503.35009765625,5528.669921875,76025200
2019-04-17,5528.009765625,5569.27978515625,5522.60986328125,5563.08984375,86734600
2019-04-18,5548.66015625,5601.3798828125,5527.93994140625,5580.3798828125,105619800
2019-04-23,5577.52001953125,5596.2099609375,5564.93994140625,5591.68994140625,87060900
2019-04-24,5581.16015625,5597.60009765625,5557.2099609375,5576.06005859375,84201400
2019-04-25,5569.2099609375,5571.85986328125,5538.2998046875,5557.669921875,75881200
2019-04-26,5570.06982421875,5575.25,5546.81982421875,5569.35986328125,75422900
2019-04-29,5567.08984375,5593.60009765625,5547.1201171875,5580.97998046875,67208000
2019-04-30,5570.43017578125,5586.41015625,5553.10009765625,5586.41015625,92198400
2019-05-02,5568.2001953125,5573.16015625,5537.990234375,5538.85986328125,92443600
2019-05-03,5537.4599609375,5563.1201171875,5535.580078125,5548.83984375,67538000
2019-05-06,5450.830078125,5489.5400390625,5422.58984375,5483.52001953125,77234200
2019-05-07,5478.5498046875,5490.330078125,5387.990234375,5395.75,93789000
2019-05-08,5388.72021484375,5426.31982421875,5378.18017578125,5417.58984375,76182500
2019-05-09,5358.10009765625,5363.77001953125,5307.06005859375,5313.16015625,96336000
2019-05-10,5353.5,5372.25,5312.009765625,5327.43994140625,82554800
2019-05-13,5332.2998046875,5334.06005859375,5247.66015625,5262.56982421875,87610900
2019-05-14,5292.080078125,5341.35009765625,5288.919921875,5341.35009765625,86384000
2019-05-15,5348.33984375,5374.259765625,5297.2998046875,5374.259765625,103541000
2019-05-16,5365.3701171875,5448.10986328125,5346.5400390625,5448.10986328125,89653900
2019-05-17,5428.169921875,5450.64990234375,5401.66015625,5438.22998046875,96770400
2019-05-20,5425.2998046875,5438.60009765625,5333.31005859375,5358.58984375,88787600
2019-05-21,5373.009765625,5394.91015625,5350.1298828125,5385.4599609375,79280900
2019-05-22,5381.68994140625,5399.72021484375,5345.27978515625,5378.97998046875,69422500
2019-05-23,5335.1201171875,5340.3798828125,5272.77978515625,5281.3701171875,95282100
2019-05-24,5307.7998046875,5337.66015625,5302.52001953125,5316.509765625,86386600
2019-05-27,5341.39013671875,5364.22021484375,5323.169921875,5336.18994140625,55120600
2019-05-28,5343.2998046875,5351.08984375,5300.7998046875,5312.68994140625,123522700
2019-05-29,5249.27001953125,5252.52001953125,5203.81005859375,5222.1201171875,96891600
2019-05-30,5241.9501953125,5258.0498046875,5229.740234375,5248.91015625,53926800
2019-05-31,5198.759765625,5208.06982421875,5160.91015625,5207.6298828125,92675600
2019-06-03,5171.60986328125,5241.4599609375,5152.2998046875,5241.4599609375,82486400
2019-06-04,5204.22021484375,5278.91015625,5191.60986328125,5268.259765625,100999600
2019-06-05,5271.259765625,5306.830078125,5265.60009765625,5292.0,82999200
2019-06-06,5293.72021484375,5332.68994140625,5264.6201171875,5278.43017578125,97740400
2019-06-07,5299.7099609375,5389.9501953125,5299.7099609375,5364.0498046875,85504600
2019-06-10,5382.2900390625,5397.35009765625,5369.81982421875,5382.5,44478400
2019-06-11,5382.8798828125,5431.5400390625,5381.31005859375,5408.4501953125,82532500
2019-06-12,5379.14990234375,5394.85009765625,5358.81005859375,5374.919921875,71298300
2019-06-13,5361.60009765625,5392.509765625,5353.10986328125,5375.6298828125,69304200
2019-06-14,5367.10009765625,5369.3798828125,5342.14990234375,5367.6201171875,65531100
2019-06-17,5370.759765625,5408.75,5368.06982421875,5390.9501953125,60116200
2019-06-18,5386.3798828125,5516.06005859375,5376.1201171875,5509.72998046875,112114700
2019-06-19,5513.31982421875,5521.81005859375,5496.5400390625,5518.4501953125,94042300
2019-06-20,5551.02978515625,5564.1298828125,5535.56982421875,5535.56982421875,91520000
2019-06-21,5534.43017578125,5582.240234375,5518.39013671875,5528.330078125,180857100
2019-06-24,5534.35009765625,5547.10986328125,5514.14013671875,5521.7099609375,69081000
2019-06-25,5499.81982421875,5523.56982421875,5499.64990234375,5514.56982421875,67601900
2019-06-26,5504.669921875,5531.4501953125,5497.22021484375,5500.72021484375,72145100
2019-06-27,5508.3798828125,5511.22021484375,5465.6201171875,5493.60986328125,68458200
2019-06-28,5491.169921875,5545.06005859375,5486.27978515625,5538.97021484375,77991000
2019-07-01,5584.1298828125,5611.27978515625,5567.91015625,5567.91015625,70651600
2019-07-02,5578.3798828125,5582.91015625,5556.759765625,5576.81982421875,67572900
2019-07-03,5579.240234375,5618.81005859375,5579.0400390625,5618.81005859375,63296400
2019-07-04,5622.7998046875,5629.7900390625,5613.02978515625,5620.72998046875,46168300
2019-07-05,5613.919921875,5616.6298828125,5573.35009765625,5593.72021484375,63896500
2019-07-08,5580.259765625,5598.97021484375,5572.77001953125,5589.18994140625,54984500
2019-07-09,5578.33984375,5582.77001953125,5544.6201171875,5572.10009765625,62346600
2019-07-10,5562.43994140625,5606.18017578125,5557.66015625,5567.58984375,60776200
2019-07-11,5589.68017578125,5592.2998046875,5548.9501953125,5551.9501953125,57476600
2019-07-12,5559.16015625,5587.83984375,5552.580078125,5572.85986328125,60414500
2019-07-15,5581.10986328125,5606.47998046875,5550.85986328125,5578.2099609375,53770000
2019-07-16,5574.18017578125,5626.7900390625,5573.35986328125,5614.3798828125,66028700
2019-07-17,5602.25,5621.2099609375,5567.85009765625,5571.7099609375,63754200
2019-07-18,5538.02978515625,5585.81005859375,5533.47021484375,5550.5498046875,63265600
2019-07-19,5580.990234375,5598.0,5534.25,5552.33984375,65514600
2019-07-22,5550.2998046875,5575.740234375,5545.60986328125,5567.02001953125,58118200
2019-07-23,5590.60009765625,5638.66015625,5580.52001953125,5618.16015625,77856100
2019-07-24,5617.85986328125,5627.080078125,5583.14013671875,5605.8701171875,68914100
2019-07-25,5646.72998046875,5672.77001953125,5549.66015625,5578.0498046875,106354900
2019-07-26,5572.72021484375,5614.25,5568.830078125,5610.0498046875,71726800
2019-07-29,5598.64990234375,5624.33984375,5590.81982421875,5601.10009765625,59297700
2019-07-30,5610.72998046875,5611.0,5496.77001953125,5511.06982421875,87362100
2019-07-31,5511.509765625,5538.58984375,5503.1298828125,5518.89990234375,84213800
2019-08-01,5500.91015625,5563.64990234375,5499.8798828125,5557.41015625,81383400
2019-08-02,5427.5498046875,5455.1298828125,5350.759765625,5359.0,130992200
2019-08-05,5296.080078125,5315.60009765625,5230.4599609375,5241.5498046875,105517800
2019-08-06,5245.52001953125,5297.4501953125,5234.64990234375,5234.64990234375,88253800
2019-08-07,5252.72998046875,5312.31005859375,5226.39013671875,5266.509765625,89433100
2019-08-08,5333.18017578125,5387.9599609375,5305.85986328125,5387.9599609375,79249600
2019-08-09,5368.83984375,5374.89990234375,5317.91015625,5327.919921875,71097900
2019-08-12,5362.39013671875,5386.4599609375,5293.759765625,5310.31005859375,60267400
2019-08-13,5292.93994140625,5402.990234375,5268.47021484375,5363.06982421875,99386900
2019-08-14,5367.5400390625,5367.5400390625,5233.85986328125,5251.2998046875,97168500
2019-08-15,5274.89990234375,5278.06982421875,5170.77001953125,5236.93017578125,88556700
2019-08-16,5254.6201171875,5306.06982421875,5249.330078125,5300.7900390625,99103700
2019-08-19,5333.1298828125,5378.740234375,5325.72021484375,5371.56005859375,71538300
2019-08-20,5363.58984375,5391.22998046875,5328.93994140625,5344.64013671875,65790300
2019-08-21,5360.02978515625,5441.35009765625,5360.02978515625,5435.47998046875,57209100
2019-08-22,5414.81005859375,5439.64013671875,5378.25,5388.25,70434200
2019-08-23,5413.41015625,5421.27978515625,5326.8701171875,5326.8701171875,70292400
2019-08-26,5310.16015625,5377.02001953125,5300.990234375,5351.02001953125,49092000
2019-08-27,5349.85009765625,5399.18017578125,5321.8798828125,5387.08984375,70020000
2019-08-28,5372.080078125,5375.0400390625,5322.990234375,5368.7998046875,62433900
2019-08-29,5359.0,5452.89990234375,5354.5498046875,5449.97021484375,69419100
2019-08-30,5451.60009765625,5504.009765625,5446.580078125,5480.47998046875,78422900
2019-09-02,5483.43017578125,5502.580078125,5479.81982421875,5493.0400390625,42347400
2019-09-03,5484.35986328125,5484.5400390625,5441.18017578125,5466.06982421875,57453400
2019-09-04,5518.919921875,5537.10009765625,5508.5,5532.06982421875,60939800
2019-09-05,5569.58984375,5605.8798828125,5559.81982421875,5593.3701171875,84379600
2019-09-06,5592.06982421875,5610.7001953125,5581.5400390625,5603.990234375,71138100
2019-09-09,5606.35986328125,5611.58984375,5579.93017578125,5588.9501953125,73880200
2019-09-10,5586.8798828125,5596.93994140625,5555.509765625,5593.2099609375,106338200
2019-09-11,5606.43017578125,5626.0498046875,5606.43017578125,5618.06005859375,92098300
2019-09-12,5633.9501953125,5667.4599609375,5596.3701171875,5642.85986328125,110360200
2019-09-13,5649.22998046875,5672.06982421875,5638.169921875,5655.4599609375,85595400
2019-09-16,5626.60986328125,5632.740234375,5602.22998046875,5602.22998046875,76134900
2019-09-17,5602.9599609375,5619.4501953125,5587.740234375,5615.509765625,82367800
2019-09-18,5609.919921875,5634.7900390625,5601.64990234375,5620.64990234375,68987800
2019-09-19,5617.7001953125,5662.85986328125,5616.91015625,5659.080078125,78682000
2019-09-20,5655.3701171875,5696.25,5647.52978515625,5690.77978515625,188623500
2019-09-23,5679.31005859375,5683.93017578125,5619.2900390625,5630.759765625,81625000
2019-09-24,5644.4599609375,5648.4599609375,5625.240234375,5628.330078125,67257400
2019-09-25,5598.5,5600.759765625,5531.6201171875,5583.7998046875,80836400
2019-09-26,5573.6298828125,5632.14990234375,5572.41015625,5620.56982421875,71044800
2019-09-27,5627.43994140625,5645.35986328125,5621.580078125,5640.580078125,69249200
2019-09-30,5636.14990234375,5678.2001953125,5624.93994140625,5677.7900390625,77126700
2019-10-01,5696.2001953125,5704.93017578125,5594.93017578125,5597.6298828125,75964100
2019-10-02,5587.14013671875,5589.2001953125,5422.77001953125,5422.77001953125,104451600
2019-10-03,5432.009765625,5472.6201171875,5393.490234375,5438.77001953125,83768700
2019-10-04,5456.830078125,5488.31982421875,5426.0,5488.31982421875,76196900
2019-10-07,5476.77001953125,5524.18994140625,5461.58984375,5521.60986328125,60954000
2019-10-08,5526.009765625,5531.2900390625,5451.72021484375,5456.6201171875,72687700
2019-10-09,5458.16015625,5515.64013671875,5447.009765625,5499.14013671875,69267500
2019-10-10,5520.97998046875,5581.06982421875,5487.169921875,5569.0498046875,87261800
2019-10-11,5576.9501953125,5667.39990234375,5574.259765625,5665.47998046875,115452700
2019-10-14,5646.330078125,5649.669921875,5600.10986328125,5643.080078125,65357900
2019-10-15,5676.740234375,5724.31005859375,5659.68994140625,5702.0498046875,88007900
2019-10-16,5703.39013671875,5708.91015625,5677.9599609375,5696.89990234375,83929000
2019-10-17,5679.919921875,5737.14990234375,5673.06982421875,5673.06982421875,88695900
2019-10-18,5653.080078125,5667.58984375,5621.8701171875,5636.25,95316900
2019-10-21,5633.0400390625,5664.580078125,5625.10009765625,5648.35009765625,77639300
2019-10-22,5644.97998046875,5658.64990234375,5612.85986328125,5657.68994140625,67301500
2019-10-23,5617.2998046875,5657.64990234375,5616.02001953125,5653.43994140625,75280000
2019-10-24,5678.259765625,5691.5,5659.9501953125,5684.330078125,83627900
2019-10-25,5694.89990234375,5722.64013671875,5671.81982421875,5722.14990234375,71714000
2019-10-28,5720.72998046875,5747.10009765625,5711.10009765625,5730.56982421875,69809000
2019-10-29,5728.10009765625,5742.080078125,5715.259765625,5740.14013671875,74571800
2019-10-30,5749.68994140625,5765.8701171875,5720.27001953125,5765.8701171875,90959100
2019-10-31,5770.259765625,5778.240234375,5718.6298828125,5729.85986328125,112062300
2019-11-01,5749.47998046875,5778.2900390625,5739.7001953125,5761.89013671875,65867300
2019-11-04,5788.35986328125,5833.68994140625,5784.85009765625,5824.2998046875,86434000
2019-11-05,5825.60009765625,5850.009765625,5818.93994140625,5846.89013671875,78408500
2019-11-06,5847.60986328125,5876.27001953125,5838.39990234375,5866.740234375,86948200
2019-11-07,5888.83984375,5894.8701171875,5871.18017578125,5890.990234375,105688900
2019-11-08,5867.419921875,5889.7001953125,5861.60986328125,5889.7001953125,94387100
2019-11-11,5873.740234375,5906.330078125,5871.7099609375,5893.81982421875,60606400
2019-11-12,5904.27001953125,5931.18994140625,5897.2998046875,5919.75,72093200
2019-11-13,5908.16015625,5917.56982421875,5874.06005859375,5907.08984375,76988600
2019-11-14,5902.39990234375,5916.89990234375,5894.06982421875,5901.080078125,67172300
2019-11-15,5933.06982421875,5947.6201171875,5907.9501953125,5939.27001953125,74070300
2019-11-18,5939.64013671875,5942.47021484375,5900.35009765625,5929.7900390625,70805300
2019-11-19,5936.990234375,5966.7900390625,5895.91015625,5909.0498046875,72290900
2019-11-20,5880.68994140625,5902.9501953125,5859.580078125,5894.02978515625,74180900
2019-11-21,5860.5498046875,5895.56982421875,5834.259765625,5881.2099609375,76235300
2019-11-22,5885.60986328125,5930.4599609375,5885.60986328125,5893.1298828125,75146000
2019-11-25,5917.83984375,5933.75,5908.2900390625,5924.85986328125,62132600
2019-11-26,5927.41015625,5941.509765625,5909.93017578125,5929.6201171875,112044300
2019-11-27,5943.4501953125,5947.2998046875,5921.919921875,5926.83984375,68032200
2019-11-28,5909.9501953125,5919.1298828125,5900.2099609375,5912.72021484375,42729800
2019-11-29,5895.89013671875,5929.7900390625,5885.66015625,5905.169921875,61639300
2019-12-02,5910.1201171875,5947.68017578125,5781.02978515625,5786.740234375,99392100
2019-12-03,5787.14013671875,5800.93017578125,5697.06005859375,5727.22021484375,86293300
2019-12-04,5725.97021484375,5812.7099609375,5725.97021484375,5799.68017578125,89688600
2019-12-05,5808.259765625,5849.77978515625,5801.4599609375,5801.5498046875,73424300
2019-12-06,5815.75,5871.91015625,5811.2900390625,5871.91015625,75933300
2019-12-09,5865.72998046875,5870.7900390625,5836.14013671875,5837.25,56245200
2019-12-10,5833.47998046875,5851.10986328125,5776.669921875,5848.02978515625,73070100
2019-12-11,5844.02001953125,5865.8798828125,5825.419921875,5860.8798828125,62940400
2019-12-12,5871.2001953125,5915.64990234375,5845.0,5884.259765625,91513000
2019-12-13,5968.85986328125,5972.169921875,5907.22021484375,5919.02001953125,113199500
2019-12-16,5946.64990234375,6003.3798828125,5942.2998046875,5991.66015625,77242800
2019-12-17,5989.47998046875,5989.47998046875,5955.35986328125,5968.259765625,84477400
2019-12-18,5971.39990234375,5983.02001953125,5959.60009765625,5959.60009765625,80799300
2019-12-19,5963.8701171875,5972.27978515625,5942.8798828125,5972.27978515625,72322800
2019-12-20,5979.52978515625,6024.169921875,5966.8798828125,6021.52978515625,151362500
2019-12-23,6013.56005859375,6035.9501953125,6005.9599609375,6029.3701171875,46603900
2019-12-24,6027.18994140625,6033.990234375,6025.6201171875,6029.5498046875,12440900
2019-12-27,6039.9501953125,6065.0,6027.72021484375,6037.39013671875,47289800
2019-12-30,6028.9599609375,6037.7001953125,5982.22021484375,5982.22021484375,40318700
2019-12-31,5970.58984375,5987.22021484375,5958.25,5978.06005859375,20670000
2020-01-02,6016.60986328125,6062.919921875,6011.2099609375,6041.5,63958300
2020-01-03,6007.9599609375,6044.16015625,5994.58984375,6044.16015625,60488000
2020-01-06,6001.2099609375,6017.97021484375,5955.25,6013.58984375,69063700
2020-01-07,6033.22021484375,6065.740234375,6000.0,6012.35009765625,69593800
2020-01-08,5986.81005859375,6031.0,5972.77001953125,6031.0,71431600
2020-01-09,6066.75,6071.66015625,6034.14990234375,6042.5498046875,67961100
2020-01-10,6056.740234375,6057.830078125,6028.2900390625,6037.10986328125,64393300
2020-01-13,6040.91015625,6058.68994140625,6018.330078125,6036.14013671875,65192400
2020-01-14,6037.4501953125,6046.1201171875,5980.0498046875,6040.89013671875,75439500
2020-01-15,6042.72021484375,6053.009765625,6011.27978515625,6032.60986328125,79851500
2020-01-16,6039.6201171875,6058.97021484375,6021.02978515625,6039.02978515625,76032900
2020-01-17,6066.2900390625,6109.81005859375,6066.2900390625,6100.72021484375,79316600
2020-01-20,6092.97021484375,6094.08984375,6071.169921875,6078.5400390625,41270000
2020-01-21,6034.240234375,6045.990234375,5994.169921875,6045.990234375,63922800
2020-01-22,6053.85009765625,6069.259765625,6005.77001953125,6010.97998046875,69408800
2020-01-23,5992.47021484375,6024.31982421875,5961.8701171875,5971.7900390625,90037200
2020-01-24,6019.60009765625,6064.5498046875,6016.77001953125,6024.259765625,82330600
2020-01-27,5924.06005859375,5942.830078125,5851.0,5863.02001953125,104036300
2020-01-28,5886.81005859375,5933.72021484375,5857.22998046875,5925.81982421875,84491600
2020-01-29,5921.97021484375,5969.72998046875,5916.22998046875,5954.89013671875,74107000
2020-01-30,5886.02001953125,5904.080078125,5846.4501953125,5871.77001953125,89992200
2020-01-31,5891.7099609375,5894.68994140625,5799.0400390625,5806.33984375,101862600
2020-02-03,5822.0400390625,5857.39990234375,5804.14013671875,5832.509765625,75677800
2020-02-04,5863.35986328125,5935.0498046875,5862.81982421875,5935.0498046875,85595000
2020-02-05,5919.06005859375,6004.330078125,5912.490234375,5985.39990234375,107839000
2020-02-06,6045.0400390625,6050.93994140625,6008.5498046875,6038.18017578125,106153100
2020-02-07,6027.5400390625,6044.97021484375,5999.9501953125,6029.75,82348500
2020-02-10,6008.47998046875,6018.31005859375,5993.91015625,6015.669921875,65703100
2020-02-11,6047.9599609375,6060.97021484375,6032.7900390625,6054.759765625,81568400
2020-02-12,6064.25,6104.72998046875,6062.97021484375,6104.72998046875,92681200
2020-02-13,6076.919921875,6098.259765625,6028.27978515625,6093.14013671875,92665700
2020-02-14,6096.06982421875,6096.06982421875,6067.14013671875,6069.35009765625,77985500
2020-02-17,6079.52978515625,6088.60009765625,6064.919921875,6085.9501953125,58001900
2020-02-18,6042.3798828125,6079.5,6039.93994140625,6056.81982421875,89930300
2020-02-19,6086.10986328125,6111.41015625,6072.66015625,6111.240234375,80156900
2020-02-20,6105.169921875,6110.9501953125,6062.2998046875,6062.2998046875,91055800
2020-02-21,6035.02978515625,6067.2900390625,5995.14013671875,6029.72021484375,97327600
2020-02-24,5875.85986328125,5884.85986328125,5765.169921875,5791.8701171875,175269600
2020-02-25,5825.3701171875,5828.4599609375,5670.7099609375,5679.68017578125,143623800
2020-02-26,5646.14013671875,5707.31005859375,5526.14013671875,5684.5498046875,161976300
2020-02-27,5571.72021484375,5613.72021484375,5421.31005859375,5495.60009765625,216328100
2020-02-28,5310.81982421875,5376.0498046875,5229.56005859375,5309.89990234375,268468000
2020-03-02,5416.02001953125,5430.0498046875,5197.56982421875,5333.52001953125,201844000
2020-03-03,5408.14990234375,5509.27978515625,5371.66015625,5393.169921875,186265500
2020-03-04,5400.43017578125,5493.25,5357.35009765625,5464.89013671875,152463500
2020-03-05,5490.52001953125,5494.16015625,5329.240234375,5361.10009765625,155475900
2020-03-06,5253.81982421875,5284.080078125,5117.56982421875,5139.10986328125,198425500
2020-03-09,4845.27001953125,4863.33984375,4691.2001953125,4707.91015625,329160800
2020-03-10,4770.6201171875,4924.83984375,4615.16015625,4636.60986328125,280309600
2020-03-11,4716.22021484375,4766.0,4603.0498046875,4610.25,206895800
2020-03-12,4374.669921875,4404.259765625,4025.889892578125,4044.260009765625,371403200
2020-03-13,4234.3701171875,4438.509765625,4055.18994140625,4118.35986328125,326461800
2020-03-16,3886.820068359375,3962.010009765625,3632.06005859375,3881.4599609375,311603900
2020-03-17,4041.330078125,4042.4599609375,3759.0,3991.780029296875,225787000
2020-03-18,3905.530029296875,3908.719970703125,3726.449951171875,3754.840087890625,214274700
2020-03-19,3833.989990234375,3909.14990234375,3691.080078125,3855.5,199534100
2020-03-20,4066.7900390625,4109.10986328125,3984.300048828125,4048.800048828125,271872900
2020-03-23,3869.010009765625,4097.81982421875,3851.169921875,3914.31005859375,195845200
2020-03-24,4087.610107421875,4242.7001953125,4038.06005859375,4242.7001953125,185439800
2020-03-25,4339.7099609375,4453.009765625,4221.31982421875,4432.2998046875,176942500
2020-03-26,4332.7900390625,4543.580078125,4296.06005859375,4543.580078125,150657300
2020-03-27,4433.9501953125,4471.3701171875,4288.66015625,4351.490234375,144021100
2020-03-30,4362.08984375,4379.14990234375,4216.41015625,4378.509765625,119404100
2020-03-31,4437.77978515625,4468.52001953125,4309.72021484375,4396.1201171875,151397700
2020-04-01,4259.93994140625,4266.68994140625,4186.4501953125,4207.240234375,141856100
2020-04-02,4243.83984375,4265.56005859375,4143.16015625,4220.9599609375,135203200
2020-04-03,4204.81005859375,4214.58984375,4142.27978515625,4154.580078125,124037700
2020-04-06,4298.5,4353.2099609375,4268.52001953125,4346.14013671875,141469800
2020-04-07,4489.39990234375,4527.60009765625,4379.27001953125,4438.27001953125,146543100
2020-04-08,4397.35986328125,4442.75,4333.08984375,4442.75,96256500
2020-04-09,4512.2998046875,4543.68994140625,4409.0400390625,4506.85009765625,126589000
2020-04-14,4553.5498046875,4577.83984375,4497.56005859375,4523.91015625,104764600
2020-04-15,4511.8701171875,4525.5,4335.58984375,4353.72021484375,119358000
2020-04-16,4402.3798828125,4418.64990234375,4318.89990234375,4350.16015625,107745200
2020-04-17,4470.919921875,4550.77978515625,4464.08984375,4499.009765625,134393000
2020-04-20,4531.33984375,4531.33984375,4426.240234375,4528.2998046875,79833400
2020-04-21,4467.490234375,4477.31005859375,4357.4599609375,4357.4599609375,98896700
2020-04-22,4382.2001953125,4417.56982421875,4361.43994140625,4411.7998046875,84195800
2020-04-23,4450.18994140625,4495.89990234375,4395.75,4451.0,90083500
2020-04-24,4387.02978515625,4448.72998046875,4366.08984375,4393.31982421875,81295300
2020-04-27,4479.85986328125,4505.259765625,4448.0498046875,4505.259765625,75900400
2020-04-28,4507.419921875,4601.93994140625,4493.509765625,4569.7900390625,104388900
2020-04-29,4566.2900390625,4678.93017578125,4552.81005859375,4671.10986328125,111685100
2020-04-30,4693.27978515625,4719.740234375,4554.91015625,4572.18017578125,141611100
2020-05-04,4413.14013671875,4427.740234375,4362.1298828125,4378.22998046875,124810600
2020-05-05,4455.740234375,4492.52001953125,4419.9501953125,4483.1298828125,93373300
2020-05-06,4484.16015625,4484.16015625,4425.77978515625,4433.3798828125,83242500
2020-05-07,4456.43994140625,4503.93994140625,4440.97998046875,4501.43994140625,78225400
2020-05-08,4538.08984375,4560.18994140625,4519.58984375,4549.64013671875,49408600
2020-05-11,4561.18994140625,4569.759765625,4460.240234375,4490.22021484375,83493200
2020-05-12,4473.43017578125,4499.39013671875,4453.64990234375,4472.5,99269700
2020-05-13,4420.5,4422.740234375,4336.56005859375,4344.9501953125,103285300
2020-05-14,4294.009765625,4313.259765625,4194.580078125,4273.1298828125,127632000
2020-05-15,4314.97021484375,4335.77001953125,4255.18994140625,4277.6298828125,111236400
2020-05-18,4361.02978515625,4508.9501953125,4354.72998046875,4498.33984375,119506400
2020-05-19,4536.06982421875,4536.06982421875,4421.10986328125,4458.16015625,138767200
2020-05-20,4434.6201171875,4499.7900390625,4396.2001953125,4496.97998046875,107244100
2020-05-21,4443.919921875,4498.080078125,4429.27001953125,4445.4501953125,88243500
2020-05-22,4381.81982421875,4475.35009765625,4368.7998046875,4444.56005859375,99188200
2020-05-25,4482.5400390625,4539.91015625,4451.56005859375,4539.91015625,65971900
2020-05-26,4588.2998046875,4619.83984375,4573.89013671875,4606.240234375,140172500
2020-05-27,4621.77001953125,4711.990234375,4614.41015625,4688.740234375,177960100
2020-05-28,4718.10986328125,4784.08984375,4701.52001953125,4771.39013671875,127442900
2020-05-29,4733.97998046875,4768.85009765625,4695.35986328125,4695.43994140625,167179700
2020-06-01,4776.72021484375,4782.02978515625,4721.6298828125,4762.77978515625,75978000
2020-06-02,4799.8798828125,4880.14990234375,4795.27978515625,4858.97021484375,126839400
2020-06-03,4911.4501953125,5026.4501953125,4909.990234375,5022.3798828125,160112800
2020-06-04,4994.18017578125,5052.75,4966.81982421875,5011.97998046875,138794600
2020-06-05,5060.919921875,5199.64990234375,5060.919921875,5197.7900390625,186841500
2020-06-08,5159.2998046875,5213.669921875,5137.2001953125,5175.52001953125,152914400
2020-06-09,5187.08984375,5203.419921875,5053.2099609375,5095.10986328125,160534800
2020-06-10,5119.85986328125,5152.4501953125,5043.56982421875,5053.419921875,121335100
2020-06-11,4925.9501953125,4956.2998046875,4815.60009765625,4815.60009765625,161274600
2020-06-12,4774.10986328125,4940.7900390625,4759.169921875,4839.259765625,133164300
2020-06-15,4716.97998046875,4841.52978515625,4691.81005859375,4815.72021484375,111889900
2020-06-16,4922.7900390625,5006.7900390625,4887.56005859375,4952.4599609375,144445800
2020-06-17,4952.56982421875,5026.83984375,4952.56982421875,4995.97021484375,107060900
2020-06-18,4978.2998046875,5017.18017578125,4908.60009765625,4958.75,101195000
2020-06-19,4997.52978515625,5040.47021484375,4979.4501953125,4979.4501953125,219575400
2020-06-22,4928.009765625,5006.39990234375,4902.06005859375,4948.7001953125,84695500
2020-06-23,4972.8798828125,5046.31005859375,4962.60009765625,5017.68017578125,101534900
2020-06-24,4985.6298828125,5004.0400390625,4871.35986328125,4871.35986328125,97104300
2020-06-25,4860.16015625,4941.9599609375,4795.0498046875,4918.580078125,99381800
2020-06-26,4965.72021484375,5014.830078125,4908.14990234375,4909.64013671875,83954200
2020-06-29,4887.22998046875,4977.6298828125,4867.330078125,4945.4599609375,94421100
2020-06-30,4958.93994140625,4967.35009765625,4901.9599609375,4935.990234375,102399800
2020-07-01,4939.7998046875,4963.3701171875,4851.3701171875,4926.93994140625,94498400
2020-07-02,4963.1298828125,5072.7099609375,4956.66015625,5049.3798828125,115448500
2020-07-03,5056.669921875,5062.509765625,4982.240234375,5007.14013671875,61984900
2020-07-06,5112.5,5121.72021484375,5059.06982421875,5081.509765625,88519700
2020-07-07,5054.0400390625,5056.52001953125,5009.02978515625,5043.72998046875,75993100
2020-07-08,5004.81982421875,5040.52001953125,4969.830078125,4981.1298828125,79877900
2020-07-09,5006.52001953125,5014.85009765625,4911.56005859375,4921.009765625,83118100
2020-07-10,4891.60986328125,4974.3701171875,4882.5,4970.47998046875,82357100
2020-07-13,5026.2001953125,5060.43017578125,4980.1201171875,5056.22998046875,75191300
2020-07-14,4990.47998046875,5007.4599609375,4941.72998046875,5007.4599609375,83503800
2020-07-15,5045.919921875,5145.330078125,5039.18994140625,5108.97998046875,97819900
2020-07-16,5076.52001953125,5105.1201171875,5048.31982421875,5085.27978515625,69535800
2020-07-17,5088.0,5091.1298828125,5045.06982421875,5069.419921875,82550600
2020-07-20,5058.47998046875,5100.7900390625,5015.10986328125,5093.18017578125,65186800
2020-07-21,5129.77978515625,5172.97998046875,5097.419921875,5104.27978515625,85782100
2020-07-22,5098.47998046875,5099.2900390625,5028.47998046875,5037.1201171875,75799200
2020-07-23,5064.72021484375,5083.97021484375,5019.2099609375,5033.759765625,79473700
2020-07-24,4973.72998046875,4982.1201171875,4925.41015625,4956.43017578125,76465000
2020-07-27,4944.2998046875,4957.77001953125,4923.18994140625,4939.6201171875,74167000
2020-07-28,4930.10009765625,4950.009765625,4893.6298828125,4928.93994140625,78674500
2020-07-29,4948.47998046875,4978.5,4945.580078125,4958.740234375,75517100
2020-07-30,4952.080078125,4952.3798828125,4801.02001953125,4852.93994140625,137065700
2020-07-31,4866.240234375,4902.89990234375,4783.68994140625,4783.68994140625,129676300
2020-08-03,4797.06005859375,4899.52001953125,4763.60009765625,4875.93017578125,104619900
2020-08-04,4905.66015625,4920.7998046875,4856.64990234375,4889.52001953125,86945300
2020-08-05,4916.9599609375,4954.60009765625,4907.41015625,4933.33984375,74970100
2020-08-06,4919.41015625,4951.85986328125,4860.97998046875,4885.1298828125,80015300
2020-08-07,4873.10009765625,4896.2099609375,4843.89990234375,4889.52001953125,62365400
2020-08-10,4905.27001953125,4937.6298828125,4878.580078125,4909.509765625,62044500
2020-08-11,4952.41015625,5052.1201171875,4949.0498046875,5027.990234375,97809400
2020-08-12,5017.72998046875,5096.52978515625,5010.7998046875,5073.31005859375,76792800
2020-08-13,5055.419921875,5079.02001953125,5037.5498046875,5042.3798828125,57693500
2020-08-14,5018.9501953125,5018.9501953125,4921.580078125,4962.93017578125,66383400
2020-08-17,4972.58984375,4995.5498046875,4937.72021484375,4971.93994140625,51855600
2020-08-18,4951.97998046875,5001.2900390625,4924.14990234375,4938.06005859375,60466700
2020-08-19,4934.7900390625,4977.22998046875,4917.52978515625,4977.22998046875,53103600
2020-08-20,4914.68994140625,4937.9501953125,4888.14990234375,4911.240234375,66410900
2020-08-21,4927.60986328125,4939.25,4839.080078125,4896.330078125,72886800
2020-08-24,4948.7099609375,5013.7001953125,4948.7099609375,5007.89013671875,68837200
2020-08-25,5023.06005859375,5073.60986328125,5008.27001953125,5008.27001953125,64060000
2020-08-26,4991.6298828125,5050.10009765625,4977.93994140625,5048.43017578125,49317700
2020-08-27,5052.259765625,5052.259765625,5005.4599609375,5015.97021484375,67454700
2020-08-28,5031.31005859375,5031.52978515625,4970.64013671875,5002.93994140625,71208000
2020-08-31,5041.33984375,5067.5498046875,4942.18017578125,4947.22021484375,97432500
2020-09-01,4974.419921875,4993.56005859375,4892.830078125,4938.10009765625,91322100
2020-09-02,4969.6201171875,5062.009765625,4959.64013671875,5031.740234375,86998900
2020-09-03,5074.64013671875,5131.39013671875,4982.33984375,5009.52001953125,93616800
2020-09-04,4974.68994140625,5068.8798828125,4928.7900390625,4965.06982421875,108586000
2020-09-07,4979.8701171875,5064.64013671875,4979.8701171875,5053.72021484375,61686000
2020-09-08,5052.8798828125,5061.60009765625,4935.3798828125,4973.52001953125,85589800
2020-09-09,4980.4599609375,5058.35009765625,4973.35986328125,5042.97998046875,86318500
2020-09-10,5039.47998046875,5062.89013671875,5005.83984375,5023.93017578125,70699400
2020-09-11,5014.97021484375,5053.6298828125,4997.85986328125,5034.14013671875,70572900
2020-09-14,5071.8701171875,5087.52001953125,5034.91015625,5051.8798828125,57540800
2020-09-15,5056.89990234375,5087.990234375,5035.10009765625,5067.93017578125,79316700
2020-09-16,5065.75,5091.52001953125,5029.56005859375,5074.419921875,81456400
2020-09-17,5005.89013671875,5053.31982421875,4995.64990234375,5039.5,85821100
2020-09-18,5035.93994140625,5041.330078125,4978.18017578125,4978.18017578125,279158000
2020-09-21,4949.759765625,4949.759765625,4779.2099609375,4792.0400390625,128894100
2020-09-22,4809.56982421875,4827.0,4772.83984375,4772.83984375,92909500
2020-09-23,4824.169921875,4871.4501953125,4802.259765625,4802.259765625,86947200
2020-09-24,4746.10009765625,4806.830078125,4744.0400390625,4762.6201171875,97836800
2020-09-25,4754.81005859375,4758.0498046875,4666.259765625,4729.66015625,96957900
2020-09-28,4806.14013671875,4849.97021484375,4788.18017578125,4843.27001953125,96864500
2020-09-29,4832.8701171875,4846.6298828125,4806.4501953125,4832.06982421875,73788000
2020-09-30,4793.18994140625,4854.02001953125,4782.68994140625,4803.43994140625,98788900
2020-10-01,4850.2001953125,4871.830078125,4804.77001953125,4824.0400390625,90319600
2020-10-02,4769.43017578125,4824.8798828125,4757.22021484375,4824.8798828125,78027700
2020-10-05,4863.6298828125,4876.85986328125,4842.259765625,4871.8701171875,73984600
2020-10-06,4881.7998046875,4925.7099609375,4850.35986328125,4895.4599609375,88768400
2020-10-07,4888.490234375,4915.6298828125,4865.259765625,4882.0,90531200
2020-10-08,4910.490234375,4936.0400390625,4877.10009765625,4911.93994140625,76900000
2020-10-09,4925.41015625,4954.02001953125,4918.06005859375,4946.81005859375,82326900
2020-10-12,4952.47021484375,4998.509765625,4944.0,4979.2900390625,74090900
2020-10-13,4976.27978515625,4976.580078125,4928.64013671875,4947.60986328125,81146200
2020-10-14,4956.68994140625,4965.31982421875,4928.43017578125,4941.66015625,71558400
2020-10-15,4873.02978515625,4881.31005859375,4808.580078125,4837.419921875,106038500
2020-10-16,4904.10009765625,4957.60009765625,4875.759765625,4935.85986328125,103413300
2020-10-19,4955.39013671875,4993.39013671875,4881.4599609375,4942.6201171875,44905900
2020-10-20,4932.8701171875,4968.60986328125,4914.490234375,4929.27978515625,89484700
2020-10-21,4945.330078125,4945.330078125,4849.009765625,4853.9501953125,77277800
2020-10-22,4830.43994140625,4873.89990234375,4783.64990234375,4851.3798828125,89673900
2020-10-23,4843.27978515625,4934.7099609375,4843.14013671875,4909.64013671875,80388100
2020-10-26,4844.64013671875,4896.47021484375,4814.990234375,4816.1201171875,0
2020-10-27,4818.97998046875,4818.97998046875,4723.7001953125,4730.66015625,0
2020-10-28,4635.18994140625,4640.6298828125,4521.60986328125,4571.1201171875,0
2020-10-29,4571.1298828125,4606.72021484375,4512.56982421875,4569.669921875,0
2020-10-30,4519.3701171875,4601.740234375,4519.3701171875,4594.240234375,0
2020-11-02,4614.9501953125,4705.10986328125,4581.85986328125,4691.14013671875,0
2020-11-03,4743.85986328125,4812.2900390625,4730.22998046875,4805.60986328125,0
2020-11-04,4736.4599609375,4926.56005859375,4730.31005859375,4922.85009765625,0
2020-11-05,4956.02001953125,4998.18994140625,4942.18017578125,4983.990234375,0
2020-11-06,4964.259765625,4997.740234375,4915.240234375,4960.8798828125,0
2020-11-09,5036.919921875,5387.490234375,5021.330078125,5336.31982421875,0
2020-11-10,5351.31005859375,5439.080078125,5327.22021484375,5418.97021484375,0
2020-11-11,5433.66015625,5462.9501953125,5408.669921875,5445.2099609375,0
2020-11-12,5394.3701171875,5421.39990234375,5348.6298828125,5362.56982421875,0
2020-11-13,5343.31982421875,5411.1201171875,5343.25,5380.16015625,0
2020-11-16,5430.56982421875,5518.91015625,5402.31005859375,5471.47998046875,0
2020-11-17,5468.2900390625,5487.31005859375,5441.259765625,5483.0,0
2020-11-18,5468.169921875,5521.009765625,5452.1201171875,5511.4501953125,0
2020-11-19,5458.02001953125,5490.18017578125,5449.4501953125,5474.66015625,0
2020-11-20,5463.990234375,5524.25,5461.39013671875,5495.89013671875,0
2020-11-23,5543.830078125,5555.830078125,5492.14990234375,5492.14990234375,95986700
2020-11-24,5546.06982421875,5574.68994140625,5536.10986328125,5558.419921875,0
2020-11-25,5577.97021484375,5589.77978515625,5545.009765625,5571.2900390625,0
2020-11-26,5589.3798828125,5592.77978515625,5559.72021484375,5566.7900390625,65753800
2020-11-27,5563.0400390625,5612.759765625,5556.6201171875,5598.18017578125,84633600
2020-11-30,5564.16015625,5599.93994140625,5518.5498046875,5518.5498046875,0
2020-12-01,5542.4599609375,5589.68017578125,5529.25,5581.64013671875,0
2020-12-02,5563.0498046875,5585.8701171875,5549.7900390625,5583.009765625,0
2020-12-03,5581.52978515625,5584.10009765625,5546.2900390625,5574.35986328125,0
2020-12-04,5574.1201171875,5616.6201171875,5574.1201171875,5609.14990234375,0
2020-12-07,5594.5,5595.830078125,5535.419921875,5573.3798828125,86156600
2020-12-08,5553.7900390625,5574.56982421875,5521.8701171875,5560.669921875,0
2020-12-09,5590.18994140625,5599.41015625,5545.93994140625,5546.81982421875,90861600
2020-12-10,5558.9599609375,5572.7998046875,5511.47998046875,5549.64990234375,0
2020-12-11,5528.14013671875,5532.81005859375,5466.56005859375,5507.5498046875,96872800
2020-12-14,5547.2998046875,5577.18017578125,5527.83984375,5527.83984375,0
2020-12-15,5521.7900390625,5565.52001953125,5517.06005859375,5530.31005859375,0
2020-12-16,5551.4501953125,5589.759765625,5515.5,5547.68017578125,0
2020-12-17,5578.7900390625,5585.509765625,5547.58984375,5549.4599609375,0
2020-12-18,5533.77978515625,5581.9599609375,5519.169921875,5527.83984375,173234900
2020-12-21,5392.5498046875,5422.10009765625,5306.580078125,5393.33984375,122849400
2020-12-22,5411.14990234375,5477.8701171875,5411.14990234375,5466.85986328125,0
2020-12-23,5472.14013671875,5539.16015625,5472.02978515625,5527.58984375,59208500
2020-12-24,5542.490234375,5545.7099609375,5517.009765625,5522.009765625,0
2020-12-28,5562.0400390625,5601.0,5547.89990234375,5588.3798828125,44706900
2020-12-29,5610.1298828125,5625.52001953125,5603.740234375,5611.7900390625,0
2020-12-30,5603.72021484375,5625.60009765625,5594.10986328125,5599.41015625,35280300
2020-12-31,5573.2001953125,5598.93017578125,5551.41015625,5551.41015625,0
2021-01-04,5614.0400390625,5656.419921875,5567.97021484375,5588.9599609375,82741000
2021-01-05,5561.60009765625,5603.66015625,5530.47998046875,5564.60009765625,79263400
2021-01-06,5601.009765625,5648.419921875,5553.39013671875,5630.60009765625,116286300
2021-01-07,5651.0400390625,5689.27978515625,5629.490234375,5669.85009765625,91729600
2021-01-08,5711.580078125,5721.89013671875,5676.14990234375,5706.8798828125,87558400
2021-01-11,5684.66015625,5704.08984375,5629.4599609375,5662.43017578125,76382800
2021-01-12,5672.2001953125,5679.06005859375,5636.75,5650.97021484375,73935200
2021-01-13,5648.9599609375,5679.06982421875,5643.75,5662.669921875,109764000
2021-01-14,5662.169921875,5690.490234375,5656.75,5681.14013671875,104615600
2021-01-15,5648.7001953125,5656.4501953125,5563.740234375,5611.68994140625,127619000
2021-01-18,5584.85009765625,5618.419921875,5584.58984375,5617.27001953125,62122300
2021-01-19,5647.75,5655.22021484375,5592.2001953125,5598.60986328125,89498100
2021-01-20,5615.41015625,5646.06005859375,5602.490234375,5628.43994140625,78552400
2021-01-21,5660.27001953125,5665.97998046875,5589.7998046875,5590.7900390625,87605000
2021-01-22,5568.8798828125,5573.7099609375,5511.43994140625,5559.56982421875,89454700
2021-01-25,5579.72998046875,5584.39990234375,5453.240234375,5472.35986328125,103153900
2021-01-26,5473.25,5555.27978515625,5471.08984375,5523.52001953125,84017800
2021-01-27,5517.52978515625,5545.4501953125,5401.43017578125,5459.6201171875,123358200
2021-01-28,5407.740234375,5525.9501953125,5379.22021484375,5510.52001953125,113180800
2021-01-29,5421.52978515625,5474.7998046875,5399.2099609375,5399.2099609375,109393800
2021-02-01,5441.43017578125,5481.669921875,5429.77978515625,5461.68017578125,75051100
2021-02-02,5510.6201171875,5574.77001953125,5509.240234375,5563.10986328125,92321700
2021-02-03,5610.58984375,5626.41015625,5554.08984375,5563.0498046875,81321400
2021-02-04,5568.39013671875,5613.9501953125,5566.580078125,5608.5400390625,84653400
2021-02-05,5638.740234375,5673.02978515625,5627.83984375,5659.259765625,90026000
2021-02-08,5688.68017578125,5714.27978515625,5673.6298828125,5686.02978515625,75598300
2021-02-09,5703.52978515625,5703.52978515625,5674.43017578125,5691.5400390625,74734600
2021-02-10,5719.31982421875,5719.31982421875,5647.27978515625,5670.7998046875,80605800
2021-02-11,5684.93994140625,5692.0,5656.7998046875,5669.81982421875,85822100
2021-02-12,5651.669921875,5705.02001953125,5627.990234375,5703.669921875,74872400
2021-02-15,5732.2998046875,5801.3798828125,5722.16015625,5786.25,95598000
2021-02-16,5796.43017578125,5797.919921875,5768.9599609375,5786.52978515625,69738200
2021-02-17,5762.009765625,5790.27001953125,5752.85009765625,5765.83984375,89772300
2021-02-18,5757.75,5779.009765625,5720.580078125,5728.330078125,95205800
2021-02-19,5737.18994140625,5784.89990234375,5733.83984375,5773.5498046875,95515600
2021-02-22,5737.47021484375,5776.64013671875,5703.47998046875,5767.43994140625,83870900
2021-02-23,5781.240234375,5804.89990234375,5721.919921875,5779.83984375,0
2021-02-24,5769.2099609375,5804.14013671875,5758.2998046875,5797.97998046875,83298700
2021-02-25,5824.72021484375,5834.35986328125,5783.89013671875,5783.89013671875,99039600
2021-02-26,5715.68994140625,5768.02978515625,5688.259765625,5703.22021484375,126426700
2021-03-01,5770.89013671875,5804.35009765625,5765.7998046875,5792.7900390625,83783600
2021-03-02,5774.6201171875,5835.740234375,5773.52001953125,5809.72998046875,78464500
2021-03-03,5841.2001953125,5871.43017578125,5788.66015625,5830.06005859375,91437400
2021-03-04,5800.72998046875,5844.68994140625,5797.669921875,5830.64990234375,96687500
2021-03-05,5794.47998046875,5837.5498046875,5755.60009765625,5782.64990234375,99553700
2021-03-08,5822.919921875,5912.5,5799.0498046875,5902.990234375,0
2021-03-09,5903.259765625,5937.81005859375,5895.330078125,5924.97021484375,98009300
2021-03-10,5915.169921875,5993.6298828125,5912.35009765625,5990.5498046875,84108900
2021-03-11,6004.16015625,6033.759765625,5995.41015625,6033.759765625,85660900
2021-03-12,6030.6298828125,6046.5498046875,6017.41015625,6046.5498046875,72235700
2021-03-15,6069.08984375,6089.2001953125,6018.5498046875,6035.97021484375,78751000
2021-03-16,6050.39990234375,6061.18994140625,6034.759765625,6055.43017578125,846600
2021-03-17,6048.31005859375,6062.35986328125,6037.25,6054.81982421875,806600
2021-03-18,6076.2099609375,6082.919921875,6044.31982421875,6062.7900390625,91171900
2021-03-19,6021.1298828125,6047.64990234375,5983.60986328125,5997.9599609375,212881400
2021-03-22,5960.85009765625,5987.22998046875,5943.7099609375,5968.47998046875,76067200
2021-03-23,5943.31005859375,5968.56005859375,5921.830078125,5945.2998046875,75656900
2021-03-24,5901.64013671875,5948.669921875,5890.5498046875,5947.2900390625,80552800
2021-03-25,5911.0400390625,5952.41015625,5886.0,5952.41015625,73423600
2021-03-26,5979.22998046875,6002.9501953125,5962.4599609375,5988.81005859375,80680200
2021-03-29,5995.0,6029.58984375,5985.35986328125,6015.509765625,67745900
2021-03-30,6044.5400390625,6095.080078125,6041.39013671875,6088.0400390625,76904000
2021-03-31,6085.02001953125,6097.740234375,6060.240234375,6067.22998046875,85387300
2021-04-01,6079.669921875,6106.1201171875,6063.85986328125,6102.9599609375,75221700
2021-04-06,6155.22021484375,6159.10009765625,6125.740234375,6131.33984375,73632700
2021-04-07,6137.6298828125,6154.3798828125,6118.91015625,6130.66015625,0
2021-04-08,6153.35986328125,6171.4501953125,6146.22021484375,6165.72021484375,66071200
2021-04-09,6171.60009765625,6188.47998046875,6161.419921875,6169.41015625,65261400
2021-04-12,6167.31982421875,6183.02001953125,6151.52001953125,6161.68017578125,0
2021-04-13,6171.8798828125,6193.240234375,6156.490234375,6184.10009765625,74722300
2021-04-14,6214.490234375,6217.740234375,6194.5498046875,6208.580078125,0
2021-04-15,6219.0400390625,6244.22998046875,6209.58984375,6234.14013671875,66204600
2021-04-16,6229.64990234375,6299.56005859375,6229.2998046875,6287.06982421875,86378000
2021-04-19,6294.740234375,6319.080078125,6293.169921875,6296.68994140625,58527600
2021-04-20,6281.10009765625,6285.2900390625,6154.02978515625,6165.10986328125,0
2021-04-21,6180.68994140625,6227.0400390625,6178.66015625,6210.5498046875,77394900
2021-04-22,6230.2099609375,6274.18994140625,6225.58984375,6267.27978515625,67091000
2021-04-23,6259.6298828125,6280.81005859375,6227.18994140625,6257.93994140625,61769900
2021-04-26,6256.0400390625,6288.7900390625,6240.990234375,6275.52001953125,64366500
2021-04-27,6273.35986328125,6282.52001953125,6255.41015625,6273.759765625,66019200
2021-04-28,6293.2099609375,6320.10986328125,6283.6201171875,6306.97998046875,69450200
2021-04-29,6341.1201171875,6352.35986328125,6287.43994140625,6302.56982421875,78833300
2021-04-30,6316.31982421875,6320.14013671875,6268.85986328125,6269.47998046875,80057800
2021-05-03,6285.509765625,6314.919921875,6252.66015625,6307.89990234375,49980000
2021-05-04,6319.490234375,6355.8701171875,6238.7900390625,6251.75,85369200
2021-05-05,6284.5400390625,6339.47021484375,6275.14013671875,6339.47021484375,83862000
2021-05-06,6348.89990234375,6377.580078125,6321.72021484375,6357.08984375,86375500
2021-05-07,6388.919921875,6390.0400390625,6342.3701171875,6385.509765625,78606600
2021-05-10,6395.3798828125,6395.60009765625,6367.0400390625,6385.990234375,76551300
2021-05-11,6314.27001953125,6324.31005859375,6226.10986328125,6267.39013671875,100699500
2021-05-12,6259.6298828125,6299.240234375,6233.9599609375,6279.35009765625,80897700
2021-05-13,6219.72998046875,6303.7001953125,6150.43017578125,6288.330078125,64872900
2021-05-14,6335.81982421875,6385.669921875,6301.18994140625,6385.14013671875,66935700
2021-05-17,6397.22021484375,6410.2099609375,6349.330078125,6367.35009765625,62538700
2021-05-18,6406.18017578125,6412.91015625,6343.5498046875,6353.669921875,74129300
2021-05-19,6292.0498046875,6310.490234375,6192.330078125,6262.5498046875,92757600
2021-05-20,6296.25,6343.580078125,6267.5498046875,6343.580078125,68528400
2021-05-21,6360.8798828125,6402.10009765625,6351.9501953125,6386.41015625,75862000
2021-05-24,6395.9599609375,6408.490234375,6382.7099609375,6408.490234375,34996500
2021-05-25,6416.60986328125,6422.830078125,6390.27001953125,6390.27001953125,59097400
2021-05-26,6403.9501953125,6413.72021484375,6375.14013671875,6391.60009765625,58338700
2021-05-27,6379.830078125,6467.72021484375,6379.830078125,6435.7099609375,0
2021-05-28,6453.1201171875,6493.72021484375,6448.8701171875,6484.10986328125,64752500
2021-05-31,6483.31982421875,6496.31982421875,6441.759765625,6447.169921875,41777500
2021-06-01,6470.419921875,6521.56982421875,6464.7099609375,6489.39990234375,61099200
2021-06-02,6489.89990234375,6521.81982421875,6482.10009765625,6521.52001953125,55390700
2021-06-03,6518.580078125,6522.22998046875,6473.669921875,6507.919921875,55257300
2021-06-04,6514.27001953125,6517.93017578125,6497.39013671875,6515.66015625,51796200
2021-06-07,6509.97998046875,6560.39013671875,6485.7998046875,6543.56005859375,57848800
2021-06-08,6545.68994140625,6574.2099609375,6540.7099609375,6551.009765625,65450600
2021-06-09,6561.93017578125,6570.81982421875,6533.3701171875,6563.4501953125,61452400
2021-06-10,6574.58984375,6574.58984375,6526.22998046875,6546.490234375,75224400
2021-06-11,6550.2998046875,6607.60986328125,6549.830078125,6600.66015625,68896800
2021-06-14,6625.5498046875,6650.16015625,6599.27001953125,6616.35009765625,64515600
2021-06-15,6643.419921875,6655.66015625,6634.4501953125,6639.52001953125,67447800
2021-06-16,6657.52001953125,6659.3798828125,6632.35986328125,6652.64990234375,69886300
2021-06-17,6636.7001953125,6674.3701171875,6631.6298828125,6666.259765625,70681800
2021-06-18,6657.22998046875,6687.2900390625,6560.1201171875,6569.16015625,170613700
2021-06-21,6525.02978515625,6607.990234375,6511.93017578125,6602.5400390625,78939300
2021-06-22,6609.97998046875,6622.2001953125,6583.5,6611.5,65102500
2021-06-23,6616.72998046875,6619.02001953125,6551.06982421875,6551.06982421875,70376800
2021-06-24,6576.06982421875,6639.830078125,6572.81005859375,6631.14990234375,74425300
2021-06-25,6637.68017578125,6641.89990234375,6604.85986328125,6622.8701171875,0
2021-06-28,6611.990234375,6633.72998046875,6556.8798828125,6558.02001953125,63796100
2021-06-29,6564.06982421875,6599.8798828125,6561.08984375,6567.43017578125,61812500
2021-06-30,6562.169921875,6575.83984375,6474.43017578125,6507.830078125,88781800
2021-07-01,6549.81982421875,6588.14013671875,6502.0498046875,6553.81982421875,69789700
2021-07-02,6572.0,6582.7900390625,6540.1201171875,6552.85986328125,57451500
2021-07-05,6545.97998046875,6582.8701171875,6520.3798828125,6567.5400390625,45905300
2021-07-06,6551.0,6561.509765625,6483.2001953125,6507.47998046875,72349800
2021-07-07,6529.490234375,6550.9501953125,6497.75,6527.72021484375,82080600
2021-07-08,6479.39990234375,6483.31982421875,6348.64013671875,6396.72998046875,110791300
2021-07-09,6435.2900390625,6532.56005859375,6429.669921875,6529.419921875,84934900
2021-07-12,6525.10986328125,6567.97998046875,6479.5400390625,6559.25,61855900
2021-07-13,6561.740234375,6569.3701171875,6536.4501953125,6558.47021484375,62056500
2021-07-14,6533.7998046875,6565.2001953125,6530.91015625,6558.3798828125,0
2021-07-15,6538.41015625,6554.7900390625,6471.06982421875,6493.35986328125,0
2021-07-16,6524.9501953125,6526.759765625,6418.25,6460.080078125,0
2021-07-19,6398.83984375,6403.509765625,6253.25,6295.97021484375,0
2021-07-20,6325.16015625,6386.4599609375,6304.85009765625,6346.85009765625,82160100
2021-07-21,6382.35986328125,6471.64990234375,6381.93994140625,6464.47998046875,82556600
2021-07-22,6498.31005859375,6525.2099609375,6474.0498046875,6481.58984375,58412300
2021-07-23,6518.60009765625,6574.85986328125,6510.27001953125,6568.81982421875,56119000
2021-07-26,6532.009765625,6588.08984375,6517.0498046875,6578.60009765625,0
2021-07-27,6565.18994140625,6578.0400390625,6516.56982421875,6531.919921875,60870400
2021-07-28,6547.47021484375,6609.31005859375,6530.740234375,6609.31005859375,55290600
2021-07-29,6647.080078125,6671.1201171875,6633.77001953125,6633.77001953125,94988900
2021-07-30,6608.16015625,6648.2001953125,6596.990234375,6612.759765625,97436800
2021-08-02,6657.9501953125,6690.7998046875,6639.31005859375,6675.89990234375,72373600
2021-08-03,6692.60009765625,6749.8798828125,6688.1201171875,6723.81005859375,76009700
2021-08-04,6751.14990234375,6766.60986328125,6730.60009765625,6746.22998046875,68209400
2021-08-05,6750.85986328125,6788.68994140625,6750.85986328125,6781.18994140625,62368500
2021-08-06,6772.490234375,6832.93994140625,6763.009765625,6816.9599609375,67227300
2021-08-09,6818.5400390625,6832.77001953125,6806.97998046875,6813.18017578125,47885100
2021-08-10,6817.6298828125,6833.1201171875,6811.77001953125,6820.2099609375,48652800
2021-08-11,6840.27978515625,6867.10986328125,6821.2099609375,6857.990234375,54453800
2021-08-12,6861.43994140625,6891.2900390625,6854.990234375,6882.47021484375,53045300
2021-08-13,6888.47998046875,6913.669921875,6885.64013671875,6896.0400390625,49869700
2021-08-16,6849.68017578125,6863.740234375,6817.43017578125,6838.77001953125,49720100
2021-08-17,6812.419921875,6827.490234375,6789.10986328125,6819.83984375,56251300
2021-08-18,6824.64013671875,6828.330078125,6759.740234375,6770.10986328125,55662800
2021-08-19,6665.1201171875,6671.169921875,6560.740234375,6605.89013671875,96566200
2021-08-20,6602.9501953125,6633.18994140625,6567.93017578125,6626.10986328125,66755800
2021-08-23,6699.31982421875,6699.31982421875,6657.14013671875,6683.10009765625,56007000
2021-08-24,6717.77001953125,6717.77001953125,6634.68994140625,6664.31005859375,48958200
2021-08-25,6683.18017578125,6684.2099609375,6667.25,6676.47998046875,48823600
2021-08-26,6646.3701171875,6673.93994140625,6618.68994140625,6666.02978515625,50801600
2021-08-27,6658.27001953125,6682.14990234375,6644.68017578125,6681.919921875,43959300
2021-08-30,6690.27978515625,6697.52001953125,6675.31982421875,6687.2998046875,37296500
2021-08-31,6692.85009765625,6708.14013671875,6650.89990234375,6680.18017578125,96775900
2021-09-01,6736.43994140625,6784.66015625,6730.169921875,6758.68994140625,75866000
2021-09-02,6753.18017578125,6778.330078125,6747.169921875,6763.080078125,56090600
2021-09-03,6758.3798828125,6758.3798828125,6667.39013671875,6689.990234375,63290200
2021-09-06,6704.35009765625,6756.39990234375,6700.4501953125,6743.5,41892000
2021-09-07,6731.35986328125,6749.14013671875,6721.35009765625,6726.06982421875,48024800
2021-09-08,6688.83984375,6712.0498046875,6628.97998046875,6668.89013671875,68566500
2021-09-09,6618.81982421875,6708.330078125,6605.08984375,6684.72021484375,63555000
2021-09-10,6707.330078125,6722.72998046875,6651.06005859375,6663.77001953125,70636600
2021-09-13,6688.77001953125,6722.0,6670.85009765625,6676.93017578125,61573900
2021-09-14,6672.18994140625,6677.06982421875,6613.52001953125,6652.97021484375,63626300
2021-09-15,6654.830078125,6659.27001953125,6577.02001953125,6583.6201171875,81904200
2021-09-16,6613.7099609375,6663.41015625,6612.16015625,6622.58984375,79574500
2021-09-17,6679.4501953125,6697.080078125,6551.6201171875,6570.18994140625,214025500
2021-09-20,6450.39013671875,6471.08984375,6389.6201171875,6455.81005859375,120069400
2021-09-21,6513.75,6570.1298828125,6513.75,6552.72998046875,136740400
2021-09-22,6612.10009765625,6642.31005859375,6595.93017578125,6637.0,91076800
2021-09-23,6691.080078125,6718.7998046875,6667.35986328125,6701.97998046875,82926000
2021-09-24,6675.72998046875,6678.64990234375,6625.43017578125,6638.4599609375,70090500
2021-09-27,6683.85009765625,6688.759765625,6647.080078125,6650.91015625,89455000
2021-09-28,6634.72021484375,6643.580078125,6491.419921875,6506.5,117799600
2021-09-29,6549.41015625,6590.81005859375,6538.10986328125,6560.7998046875,86064200
2021-09-30,6615.990234375,6621.75,6509.22998046875,6520.009765625,112651000
2021-10-01,6421.10009765625,6535.4599609375,6412.7001953125,6517.68994140625,94022900
2021-10-04,6484.89990234375,6540.9599609375,6452.77978515625,6477.66015625,73993600
2021-10-05,6481.72021484375,6577.2900390625,6481.72021484375,6576.27978515625,86146000
2021-10-06,6509.60009765625,6510.47021484375,6421.64013671875,6493.1201171875,98813600
2021-10-07,6563.240234375,6616.52978515625,6545.740234375,6600.18994140625,91000400
2021-10-08,6609.509765625,6617.33984375,6559.990234375,6559.990234375,70183900
2021-10-11,6546.06982421875,6574.22021484375,6522.5498046875,6570.5400390625,68968500
2021-10-12,6495.14990234375,6548.10986328125,6491.580078125,6548.10986328125,69996000
2021-10-13,6539.60986328125,6606.35986328125,6510.27001953125,6597.3798828125,75938000
2021-10-14,6651.18017578125,6692.93994140625,6618.7900390625,6685.2099609375,71368900
2021-10-15,6714.259765625,6746.81005859375,6703.259765625,6727.52001953125,84105700
2021-10-18,6697.2900390625,6697.60009765625,6642.16015625,6673.10009765625,64526000
2021-10-19,6690.9501953125,6692.14013671875,6650.83984375,6669.85009765625,63597900
2021-10-20,6636.60986328125,6715.52001953125,6636.60986328125,6705.60986328125,65963400
2021-10-21,6673.14013671875,6699.2099609375,6658.9501953125,6686.169921875,63926300
2021-10-22,6720.919921875,6765.4599609375,6716.14990234375,6733.68994140625,65949700
2021-10-25,6752.97998046875,6752.97998046875,6707.31982421875,6712.8701171875,58586000
2021-10-26,6723.06005859375,6775.81982421875,6711.2099609375,6766.509765625,79339600
2021-10-27,6755.6298828125,6771.18994140625,6731.85986328125,6753.52001953125,68739200
2021-10-28,6750.77978515625,6804.22021484375,6750.77978515625,6804.22021484375,75981000
2021-10-29,6778.7900390625,6830.33984375,6748.52978515625,6830.33984375,89550100
2021-11-01,6870.27978515625,6908.64990234375,6859.43994140625,6893.2900390625,67294100
2021-11-02,6883.06005859375,6933.35009765625,6879.68994140625,6927.02978515625,64187800
2021-11-03,6919.47021484375,6955.10009765625,6917.75,6950.64990234375,65516400
2021-11-04,6977.6201171875,6993.009765625,6962.009765625,6987.7900390625,76559800
2021-11-05,6983.7998046875,7063.39990234375,6983.7998046875,7040.7900390625,79993700
2021-11-08,7041.60009765625,7067.10009765625,7037.669921875,7047.47998046875,66513600
2021-11-09,7023.580078125,7079.580078125,7016.72998046875,7043.27001953125,71276900
2021-11-10,7046.169921875,7053.27001953125,7014.93994140625,7045.16015625,85630200
2021-11-11,7038.83984375,7072.6298828125,7032.35009765625,7059.5498046875,74342900
2021-11-12,7062.5400390625,7097.4599609375,7056.93017578125,7091.39990234375,64249000
2021-11-15,7090.9599609375,7136.1298828125,7088.7099609375,7128.6298828125,64255100
2021-11-16,7146.3701171875,7164.27001953125,7136.2998046875,7152.60009765625,69021700
2021-11-17,7149.2998046875,7167.7998046875,7147.009765625,7156.85009765625,68243500
2021-11-18,7155.0498046875,7181.5498046875,7136.85986328125,7141.97998046875,75845600
2021-11-19,7172.72021484375,7183.080078125,7068.43017578125,7112.2900390625,117988000
2021-11-22,7130.240234375,7143.60009765625,7087.669921875,7105.0,85214100
2021-11-23,7064.3798828125,7112.490234375,7002.56005859375,7044.6201171875,73747800
2021-11-24,7052.18017578125,7089.10986328125,6983.97998046875,7042.22998046875,75264400
2021-11-25,7067.60986328125,7079.490234375,7047.85986328125,7075.8701171875,57485800
2021-11-26,6814.89990234375,6861.14990234375,6725.080078125,6739.72998046875,159605400
2021-11-29,6831.41015625,6841.7900390625,6760.31005859375,6776.25,108062500
2021-11-30,6679.02978515625,6780.8798828125,6655.85986328125,6721.16015625,182689600
2021-12-01,6774.7998046875,6902.4599609375,6750.64990234375,6881.8701171875,101765800
2021-12-02,6794.77001953125,6850.3701171875,6762.740234375,6795.75,101894500
2021-12-03,6860.72998046875,6872.7900390625,6730.6298828125,6765.52001953125,83342600
2021-12-06,6810.93017578125,6888.06982421875,6776.169921875,6865.77978515625,84991100
2021-12-07,6934.68017578125,7066.9501953125,6934.68017578125,7065.39013671875,96223300
2021-12-08,7064.1201171875,7104.06005859375,7014.56982421875,7014.56982421875,80200900
2021-12-09,7035.93017578125,7044.990234375,6983.330078125,7008.22998046875,64070600
2021-12-10,6960.39013671875,7025.8798828125,6960.39013671875,6991.68017578125,63499000
2021-12-13,7004.759765625,7029.3798828125,6929.1298828125,6942.91015625,75947300
2021-12-14,6978.77001953125,6993.2998046875,6891.33984375,6895.31005859375,88567300
2021-12-15,6923.52001953125,6949.919921875,6904.93994140625,6927.6298828125,74220800
2021-12-16,7054.919921875,7054.919921875,6987.9501953125,7005.06982421875,101536900
2021-12-17,6982.06982421875,7011.60986328125,6884.91015625,6926.6298828125,148484800
2021-12-20,6783.830078125,6872.75,6747.68994140625,6870.10009765625,86311700
2021-12-21,6935.66015625,6967.93017578125,6888.52001953125,6964.990234375,75487700
2021-12-22,6982.52978515625,7051.669921875,6963.7099609375,7051.669921875,55611500
2021-12-23,7071.93017578125,7119.8701171875,7049.919921875,7106.14990234375,54434100
2021-12-24,7091.60009765625,7116.8798828125,7086.580078125,7086.580078125,11954300
2021-12-27,7070.14013671875,7149.14013671875,7062.39990234375,7140.39013671875,34917800
2021-12-28,7141.85009765625,7187.759765625,7141.669921875,7181.10986328125,36149600
2021-12-29,7179.10986328125,7201.64990234375,7137.35009765625,7161.52001953125,37481200
2021-12-30,7167.52978515625,7189.83984375,7156.7900390625,7173.22998046875,35427000
2021-12-31,7153.66015625,7163.72998046875,7139.60009765625,7153.02978515625,18788700
2022-01-03,7197.39990234375,7245.66015625,7195.81982421875,7217.22021484375,54644700
2022-01-04,7273.56982421875,7332.2099609375,7250.240234375,7317.41015625,77540000
2022-01-05,7320.47998046875,7384.85986328125,7313.52978515625,7376.3701171875,0
2022-01-06,7264.0,7316.06005859375,7240.8798828125,7249.66015625,89793800
2022-01-07,7250.7900390625,7269.64990234375,7178.18017578125,7219.47998046875,78597800
2022-01-10,7245.2099609375,7250.240234375,7105.5498046875,7115.77001953125,80610700
2022-01-11,7185.2099609375,7227.7099609375,7160.43994140625,7183.3798828125,71633500
2022-01-12,7235.47021484375,7249.8798828125,7183.3798828125,7237.18994140625,85271800
2022-01-13,7215.47998046875,7227.35009765625,7166.93994140625,7201.14013671875,81834900
2022-01-14,7132.58984375,7171.39990234375,7119.009765625,7143.0,79772300
2022-01-17,7167.52978515625,7213.7001953125,7148.97998046875,7201.64013671875,53465300
2022-01-18,7172.43017578125,7175.4599609375,7098.18994140625,7133.830078125,78561500
2022-01-19,7104.10986328125,7211.240234375,7104.10986328125,7172.97998046875,84173800
2022-01-20,7190.02001953125,7199.97021484375,7123.6201171875,7194.16015625,76932800
2022-01-21,7088.43994140625,7122.06005859375,7013.490234375,7068.58984375,110697300
2022-01-24,7014.83984375,7070.919921875,6754.240234375,6787.7900390625,0
2022-01-25,6870.27001953125,6890.5400390625,6776.7998046875,6837.9599609375,98212900
2022-01-26,6901.740234375,7024.14013671875,6901.740234375,6981.9599609375,0
2022-01-27,6879.64013671875,7053.4501953125,6873.60009765625,7023.7998046875,100076500
2022-01-28,7043.43017578125,7053.0,6846.22021484375,6965.8798828125,106663500
2022-01-31,7039.7099609375,7043.22021484375,6937.10009765625,6999.2001953125,90912900
2022-02-01,7052.2998046875,7105.22998046875,7035.91015625,7099.490234375,81607500
2022-02-02,7117.4501953125,7150.5400390625,7109.2998046875,7115.27001953125,0
2022-02-03,7115.2998046875,7125.580078125,6995.41015625,7005.6298828125,88710000
2022-02-04,7049.7998046875,7066.43994140625,6914.77001953125,6951.3798828125,0
2022-02-07,6987.169921875,7025.58984375,6929.7099609375,7009.25,72651700
2022-02-08,7008.2001953125,7085.64013671875,6994.14990234375,7028.41015625,95664200
2022-02-09,7086.33984375,7146.31005859375,7086.33984375,7130.8798828125,86888200
2022-02-10,7141.68994140625,7169.6298828125,7051.60009765625,7101.5498046875,86508200
2022-02-11,7025.5,7071.009765625,6992.08984375,7011.60009765625,82859100
2022-02-14,6868.06982421875,6875.31005859375,6757.330078125,6852.2001953125,117972900
2022-02-15,6830.740234375,6983.14013671875,6823.4501953125,6979.97021484375,92474100
2022-02-16,7009.68994140625,7031.93017578125,6931.08984375,6964.97998046875,74789000
2022-02-17,6999.1298828125,7017.06982421875,6905.68994140625,6946.81982421875,90183200
2022-02-18,6951.830078125,6995.6201171875,6895.08984375,6929.6298828125,87348900
2022-02-21,6984.31005859375,6986.830078125,6744.1298828125,6788.33984375,0
2022-02-22,6633.740234375,6834.77001953125,6633.740234375,6787.60009765625,101457400
2022-02-23,6801.66015625,6904.81005859375,6768.3798828125,6780.669921875,86393600
2022-02-24,6496.25,6617.08984375,6432.89013671875,6521.0498046875,207949400
2022-02-25,6571.9501953125,6762.77978515625,6521.56005859375,6752.43017578125,152427400
2022-02-28,6620.47998046875,6684.5400390625,6516.16015625,6658.830078125,171929700
2022-03-01,6646.16015625,6662.25,6396.490234375,6396.490234375,171611200
2022-03-02,6359.97998046875,6544.14990234375,6312.2998046875,6498.02001953125,169994900
2022-03-03,6488.25,6543.77001953125,6361.60009765625,6378.3701171875,132457000
2022-03-04,6308.33984375,6321.08984375,6061.66015625,6061.66015625,180586100
2022-03-07,5887.830078125,6115.22998046875,5756.3798828125,5982.27001953125,243010200
2022-03-08,5906.6201171875,6169.60009765625,5903.10009765625,5962.9599609375,168209400
2022-03-09,6131.27978515625,6387.830078125,6122.7998046875,6387.830078125,189777300
2022-03-10,6376.56982421875,6380.77001953125,6166.10986328125,6207.2001953125,148747200
2022-03-11,6233.1201171875,6466.1201171875,6165.41015625,6260.25,136389500
2022-03-14,6298.9599609375,6421.080078125,6271.81982421875,6369.93994140625,113227400
2022-03-15,6294.72021484375,6383.75,6206.0498046875,6355.0,102702800
2022-03-16,6484.330078125,6680.0,6481.7001953125,6588.64013671875,145251100
2022-03-17,6617.22998046875,6635.31005859375,6530.7900390625,6612.52001953125,100583800
2022-03-18,6613.9501953125,6620.240234375,6499.58984375,6620.240234375,191790200
2022-03-21,6608.7900390625,6642.4599609375,6574.06982421875,6582.330078125,78342900
2022-03-22,6586.64990234375,6666.83984375,6578.91015625,6659.41015625,79017900
2022-03-23,6674.68017578125,6684.7001953125,6559.31005859375,6581.43017578125,76824400
2022-03-24,6593.14990234375,6636.580078125,6541.31982421875,6555.77001953125,82199900
2022-03-25,6569.4501953125,6615.89990234375,6538.7998046875,6553.68017578125,73936900
2022-03-28,6578.72021484375,6683.7001953125,6572.009765625,6589.10986328125,78385700
2022-03-29,6675.14990234375,6829.39990234375,6658.77978515625,6792.16015625,110146300
2022-03-30,6771.08984375,6771.08984375,6705.68994140625,6741.58984375,80090300
2022-03-31,6759.419921875,6776.1298828125,6658.740234375,6659.8701171875,81436400
2022-04-01,6672.97998046875,6708.56005859375,6635.27001953125,6684.31005859375,65149500
2022-04-04,6709.60009765625,6745.22021484375,6641.60986328125,6731.3701171875,65186300
2022-04-05,6731.33984375,6743.6201171875,6603.43994140625,6645.509765625,103817600
2022-04-06,6634.830078125,6643.75,6442.43994140625,6498.830078125,104806100
2022-04-07,6530.81982421875,6582.33984375,6451.10009765625,6461.68017578125,94476400
2022-04-08,6540.2001953125,6581.56005859375,6494.6298828125,6548.22021484375,91669300
2022-04-11,6558.52978515625,6614.9599609375,6502.14013671875,6555.81005859375,87321100
2022-04-12,6454.25,6570.75,6424.97021484375,6537.41015625,84720600
2022-04-13,6519.16015625,6563.9599609375,6478.4501953125,6542.14013671875,72469400
2022-04-14,6557.66015625,6607.5498046875,6541.89990234375,6589.35009765625,79048700
2022-04-19,6545.97021484375,6566.7998046875,6494.330078125,6534.7900390625,0
2022-04-20,6557.9599609375,6636.5498046875,6542.2099609375,6624.91015625,87010800
2022-04-21,6642.7099609375,6757.75,6636.7900390625,6715.10009765625,88762200
2022-04-22,6618.68994140625,6654.64013671875,6572.8701171875,6581.419921875,83469100
2022-04-25,6450.89990234375,6512.259765625,6408.7099609375,6449.3798828125,94933200
2022-04-26,6520.009765625,6535.919921875,6412.490234375,6414.56982421875,95230800
2022-04-27,6427.39990234375,6474.9599609375,6338.60986328125,6445.259765625,92040000
2022-04-28,6520.52978515625,6575.9501953125,6435.75,6508.14013671875,76048900
2022-04-29,6557.66015625,6601.14990234375,6514.10009765625,6533.77001953125,83799400
2022-05-02,6469.31005859375,6474.81005859375,6308.47021484375,6425.60986328125,87523700
2022-05-03,6463.72998046875,6507.1298828125,6423.02978515625,6476.18017578125,83360000
2022-05-04,6482.259765625,6494.990234375,6395.68017578125,6395.68017578125,72296900
2022-05-05,6549.490234375,6558.91015625,6350.66015625,6368.39990234375,96424000
2022-05-06,6318.66015625,6322.43017578125,6213.64013671875,6258.35986328125,113118300
2022-05-09,6207.14990234375,6260.85009765625,6086.02001953125,6086.02001953125,91595000
2022-05-10,6151.52001953125,6206.56005859375,6116.91015625,6116.91015625,90242000
2022-05-11,6173.10009765625,6269.72998046875,6137.240234375,6269.72998046875,106223700
2022-05-12,6130.68994140625,6238.25,6098.22021484375,6206.259765625,105839000
2022-05-13,6250.16015625,6363.240234375,6238.7900390625,6362.68017578125,85955800
2022-05-16,6315.68017578125,6369.0498046875,6286.02001953125,6347.77001953125,75092100
2022-05-17,6379.33984375,6448.330078125,6373.72998046875,6430.18994140625,86952900
2022-05-18,6440.2998046875,6455.7998046875,6342.669921875,6352.93994140625,80314700
2022-05-19,6279.68994140625,6288.990234375,6196.18994140625,6272.7099609375,86227400
2022-05-20,6305.4599609375,6377.580078125,6264.83984375,6285.240234375,92863400
2022-05-23,6350.8798828125,6358.740234375,6263.9599609375,6358.740234375,82641900
2022-05-24,6282.31982421875,6322.740234375,6243.83984375,6253.14013671875,72012900
2022-05-25,6296.27978515625,6319.2900390625,6229.83984375,6298.64013671875,75143000
2022-05-26,6301.490234375,6424.8798828125,6298.4501953125,6410.580078125,66120600
2022-05-27,6445.25,6519.72998046875,6424.85009765625,6515.75,70892100
2022-05-30,6547.85986328125,6582.0498046875,6536.77001953125,6562.39013671875,69803300
2022-05-31,6539.85986328125,6543.419921875,6457.52978515625,6468.7998046875,162340000
2022-06-01,6509.18994140625,6510.259765625,6414.22021484375,6418.89013671875,74750900
2022-06-02,6447.3701171875,6506.60009765625,6447.2998046875,6500.43994140625,57959900
2022-06-03,6545.0,6547.81982421875,6473.740234375,6485.2998046875,48236300
2022-06-06,6533.81982421875,6593.14990234375,6533.81982421875,6548.77978515625,60142400
2022-06-07,6523.16015625,6523.60009765625,6459.919921875,6500.35009765625,66096000
2022-06-08,6517.5498046875,6517.5498046875,6413.8701171875,6448.6298828125,73239600
2022-06-09,6412.580078125,6456.91015625,6342.990234375,6358.4599609375,72804300
2022-06-10,6316.41015625,6325.89013671875,6177.31005859375,6187.22998046875,103756400
2022-06-13,6088.0498046875,6122.259765625,6006.27978515625,6022.31982421875,106541000
2022-06-14,6063.7998046875,6075.3701171875,5934.1201171875,5949.83984375,85949300
2022-06-15,6022.83984375,6062.6201171875,5972.31005859375,6030.1298828125,93774600
2022-06-16,6003.66015625,6018.10009765625,5872.2001953125,5886.240234375,99480100
2022-06-17,5906.85986328125,5974.06005859375,5870.64013671875,5882.64990234375,181205900
2022-06-20,5901.580078125,5920.08984375,5855.93017578125,5920.08984375,65998500
2022-06-21,5943.52001953125,6032.240234375,5943.080078125,5964.66015625,63109500
2022-06-22,5879.08984375,5938.4599609375,5834.4599609375,5916.6298828125,87617200
2022-06-23,5880.2998046875,5957.1298828125,5830.8701171875,5883.330078125,89899600
2022-06-24,5918.259765625,6085.990234375,5914.669921875,6073.35009765625,85414200
2022-06-27,6105.2001953125,6156.60009765625,6030.60986328125,6047.31005859375,66242800
2022-06-28,6099.14990234375,6141.93994140625,6077.9501953125,6086.02001953125,64300400
2022-06-29,6021.68994140625,6071.91015625,5995.75,6031.47998046875,0
2022-06-30,5926.740234375,5931.5498046875,5852.2998046875,5922.85986328125,115328200
2022-07-01,5875.60009765625,5975.830078125,5857.33984375,5931.06005859375,72811500
2022-07-04,5983.97998046875,6002.06982421875,5943.91015625,5954.64990234375,54436800
2022-07-05,5979.2001953125,5981.509765625,5786.5,5794.9599609375,104293700
2022-07-06,5872.27001953125,5927.5,5846.10009765625,5912.3798828125,89619400
2022-07-07,5985.08984375,6024.31005859375,5967.97998046875,6006.7001953125,94857900
2022-07-08,6007.64013671875,6053.169921875,5952.89013671875,6033.1298828125,76855400
2022-07-11,5923.830078125,6004.52001953125,5909.72998046875,5996.2998046875,59496400
2022-07-12,5960.08984375,6053.330078125,5930.97998046875,6044.2001953125,71122100
2022-07-13,6015.52978515625,6025.72998046875,5922.93994140625,6000.240234375,70802000
2022-07-14,5979.990234375,5997.31005859375,5874.68017578125,5915.41015625,72944000
2022-07-15,5935.27978515625,6043.7998046875,5901.3798828125,6036.0,76205700
2022-07-18,6070.2099609375,6136.02001953125,6059.8701171875,6091.91015625,59881400
2022-07-19,6031.60009765625,6213.8798828125,6028.7900390625,6201.22021484375,74716500
2022-07-20,6229.7900390625,6245.47021484375,6151.35986328125,6184.66015625,76814600
2022-07-21,6160.3701171875,6233.97998046875,6143.06005859375,6201.10986328125,78627800
2022-07-22,6174.2900390625,6247.35009765625,6168.77001953125,6216.81982421875,68727100
2022-07-25,6198.830078125,6260.1298828125,6177.14013671875,6237.5498046875,60387200
2022-07-26,6225.169921875,6243.85986328125,6194.9599609375,6211.4501953125,60556300
2022-07-27,6206.25,6267.7998046875,6199.93017578125,6257.93994140625,69640600
2022-07-28,6304.1298828125,6339.2099609375,6236.56982421875,6339.2099609375,92169500
2022-07-29,6413.10009765625,6472.27001953125,6397.91015625,6448.5,103116600
2022-08-01,6447.18017578125,6484.080078125,6434.1201171875,6436.85986328125,64439900
2022-08-02,6424.68017578125,6429.0498046875,6381.43017578125,6409.7998046875,66079400
2022-08-03,6404.10009765625,6475.5400390625,6398.990234375,6472.06005859375,78438000
2022-08-04,6476.72021484375,6555.7099609375,6475.0498046875,6513.39013671875,75071500
2022-08-05,6512.6201171875,6523.02978515625,6449.72021484375,6472.35009765625,71657900
2022-08-08,6510.4501953125,6564.240234375,6503.27001953125,6524.43994140625,57501500
2022-08-09,6514.52001953125,6530.35009765625,6480.06005859375,6490.0,60132500
2022-08-10,6467.10009765625,6545.64013671875,6453.7900390625,6523.43994140625,67978700
2022-08-11,6560.2099609375,6562.31982421875,6499.6298828125,6544.669921875,63494500
2022-08-12,6553.240234375,6587.83984375,6539.75,6553.85986328125,59404000
2022-08-15,6582.6298828125,6586.9599609375,6532.47998046875,6569.9501953125,41045400
2022-08-16,6580.990234375,6608.830078125,6568.580078125,6592.580078125,56347800
2022-08-17,6608.64013671875,6608.64013671875,6517.990234375,6528.31982421875,62910000
2022-08-18,6530.580078125,6576.3701171875,6519.56982421875,6557.39990234375,52233900
2022-08-19,6520.43994140625,6549.1298828125,6488.0,6495.830078125,65894600
2022-08-22,6448.81005859375,6459.35986328125,6352.97021484375,6378.740234375,78589600
2022-08-23,6331.169921875,6402.22021484375,6331.169921875,6362.02001953125,60089800
2022-08-24,6332.43017578125,6396.6298828125,6319.7001953125,6386.759765625,52703400
2022-08-25,6432.16015625,6440.68994140625,6361.52978515625,6381.56005859375,49495300
2022-08-26,6420.75,6429.7900390625,6252.58984375,6274.259765625,67384400
2022-08-29,6199.10986328125,6232.25,6153.43994140625,6222.27978515625,54873600
2022-08-30,6243.080078125,6303.66015625,6182.6298828125,6210.22021484375,65574600
2022-08-31,6226.990234375,6230.89990234375,6125.10009765625,6125.10009765625,109610300
2022-09-01,6068.33984375,6072.93017578125,6009.08984375,6034.31005859375,74056000
2022-09-02,6075.72998046875,6178.2900390625,6051.02001953125,6167.509765625,76451600
2022-09-05,6048.22021484375,6105.58984375,6018.02001953125,6093.22021484375,65693400
2022-09-06,6083.02001953125,6138.22021484375,6060.43994140625,6104.60986328125,54762700
2022-09-07,6059.64013671875,6119.9501953125,6045.27001953125,6105.919921875,71611100
2022-09-08,6136.93017578125,6143.2900390625,6034.7900390625,6125.89990234375,75081400
2022-09-09,6140.8701171875,6239.10986328125,6138.8798828125,6212.330078125,72211000
2022-09-12,6242.4599609375,6352.4501953125,6224.509765625,6333.58984375,77476100
2022-09-13,6360.31005859375,6394.18017578125,6245.68994140625,6245.68994140625,79001400
2022-09-14,6210.77001953125,6249.2900390625,6183.5498046875,6222.41015625,75468700
2022-09-15,6212.2099609375,6249.52001953125,6143.35986328125,6157.83984375,74835300
2022-09-16,6100.7900390625,6114.35986328125,6052.419921875,6077.2998046875,153174600
2022-09-19,6049.0,6093.39990234375,5974.72021484375,6061.58984375,51601200
2022-09-20,6084.41015625,6118.25,5970.22998046875,5979.47021484375,77470600
2022-09-21,5928.5,6034.27001953125,5915.56982421875,6031.330078125,70185800
2022-09-22,5928.5400390625,6022.39013671875,5918.5,5918.5,72756700
2022-09-23,5906.18017578125,5913.7099609375,5765.64990234375,5783.41015625,92468500
2022-09-26,5744.490234375,5828.0498046875,5736.0,5769.39013671875,78603600
2022-09-27,5809.81982421875,5852.60986328125,5753.81982421875,5753.81982421875,85032200
2022-09-28,5692.5400390625,5773.080078125,5651.490234375,5765.009765625,106668700
2022-09-29,5746.2900390625,5746.2900390625,5628.419921875,5676.8701171875,102422800
2022-09-30,5712.2001953125,5770.77978515625,5688.33984375,5762.33984375,102731500
2022-10-03,5697.47021484375,5804.27001953125,5654.43994140625,5794.14990234375,80848100
2022-10-04,5859.4501953125,6039.68994140625,5852.919921875,6039.68994140625,95391900
2022-10-05,6006.1201171875,6034.93017578125,5953.5498046875,5985.4599609375,75121600
2022-10-06,6004.10986328125,6018.47021484375,5917.27001953125,5936.419921875,63735200
2022-10-07,5911.9599609375,5956.9501953125,5855.66015625,5866.93994140625,65700300
2022-10-10,5806.56982421875,5883.85009765625,5796.31005859375,5840.5498046875,64916700
2022-10-11,5796.830078125,5849.580078125,5770.47998046875,5833.2001953125,66016800
2022-10-12,5842.10009765625,5872.490234375,5788.66015625,5818.47021484375,70096900
2022-10-13,5792.5400390625,5899.81982421875,5704.8701171875,5879.18994140625,86713000
2022-10-14,5965.7998046875,6044.75,5921.14990234375,5931.919921875,80215500
2022-10-17,5949.64990234375,6068.3701171875,5910.39013671875,6040.66015625,63825900
2022-10-18,6098.60009765625,6139.77978515625,6057.3798828125,6067.0,66543800
2022-10-19,6092.77001953125,6109.97021484375,6040.72021484375,6040.72021484375,66384700
2022-10-20,6046.81005859375,6103.5,6029.52978515625,6086.89990234375,62634500
2022-10-21,6021.580078125,6056.0400390625,5952.8798828125,6035.39013671875,72699400
2022-10-24,6076.2001953125,6175.6201171875,6041.14013671875,6131.35986328125,78770900
2022-10-25,6172.64990234375,6253.1201171875,6135.3798828125,6250.5498046875,78255100
2022-10-26,6244.64013671875,6282.75,6219.330078125,6276.31005859375,68833800
2022-10-27,6253.85009765625,6272.2001953125,6194.330078125,6244.02978515625,85178900
2022-10-28,6192.18017578125,6278.77001953125,6183.41015625,6273.0498046875,72520200
2022-10-31,6279.7001953125,6293.14990234375,6244.080078125,6266.77001953125,66506100
2022-11-01,6329.759765625,6383.7001953125,6306.0498046875,6328.25,60553400
2022-11-02,6351.31005859375,6376.2900390625,6273.5498046875,6276.8798828125,68322300
2022-11-03,6209.6298828125,6245.68994140625,6191.72998046875,6243.27978515625,70824300
2022-11-04,6291.39013671875,6466.31982421875,6289.06982421875,6416.43994140625,99100700
2022-11-07,6379.490234375,6442.41015625,6363.7001953125,6416.60986328125,74724700
2022-11-08,6391.75,6451.16015625,6378.31982421875,6441.5,63537800
2022-11-09,6426.7998046875,6446.5,6405.83984375,6430.56982421875,65301500
2022-11-10,6396.58984375,6573.85009765625,6381.419921875,6556.830078125,115490300
2022-11-11,6612.93017578125,6636.81005859375,6573.8701171875,6594.6201171875,98336500
2022-11-14,6622.419921875,6662.06982421875,6603.56005859375,6609.169921875,78284400
2022-11-15,6626.81982421875,6684.08984375,6621.81982421875,6641.66015625,75504200
2022-11-16,6647.39990234375,6656.330078125,6587.2001953125,6607.22021484375,85200600
2022-11-17,6624.47021484375,6634.72998046875,6522.27978515625,6576.1201171875,70512200
2022-11-18,6620.580078125,6667.2001953125,6601.56005859375,6644.4599609375,83554600
2022-11-21,6625.10009765625,6649.759765625,6613.919921875,6634.4501953125,65020100
2022-11-22,6643.7001953125,6669.169921875,6615.580078125,6657.52978515625,63964600
2022-11-23,6677.97021484375,6681.41015625,6642.02978515625,6679.08984375,55283400
2022-11-24,6683.43994140625,6730.16015625,6679.7998046875,6707.31982421875,53784900
2022-11-25,6710.35986328125,6725.0,6686.6298828125,6712.47998046875,47928700
2022-11-28,6678.10986328125,6693.919921875,6641.2998046875,6665.2001953125,66210300
2022-11-29,6686.9599609375,6695.85986328125,6649.8798828125,6668.97021484375,64658900
2022-11-30,6706.669921875,6743.60009765625,6678.75,6738.5498046875,137628600
2022-12-01,6784.60009765625,6791.31005859375,6730.5498046875,6753.97021484375,76833000
2022-12-02,6728.85986328125,6767.72021484375,6689.759765625,6742.25,73971700
2022-12-05,6728.7099609375,6738.97021484375,6685.52001953125,6696.9599609375,64996300
2022-12-06,6677.490234375,6704.740234375,6656.93017578125,6687.7900390625,68966200
2022-12-07,6687.33984375,6696.64990234375,6642.43994140625,6660.58984375,70960500
2022-12-08,6677.0,6679.56982421875,6629.35986328125,6647.31005859375,67338600
2022-12-09,6671.77978515625,6680.08984375,6618.27001953125,6677.64013671875,73547100
2022-12-12,6647.89990234375,6681.2998046875,6634.97021484375,6650.5498046875,62590500
2022-12-13,6672.22021484375,6823.10009765625,6642.08984375,6744.97998046875,86739300
2022-12-14,6727.75,6733.85009765625,6694.330078125,6730.7900390625,76945400
2022-12-15,6674.2900390625,6680.22021484375,6503.0,6522.77001953125,103759900
2022-12-16,6505.6298828125,6515.7001953125,6418.9501953125,6452.6298828125,156200000
2022-12-19,6470.93017578125,6510.4599609375,6470.93017578125,6473.2900390625,64477300
2022-12-20,6418.68994140625,6468.93994140625,6388.22998046875,6450.43017578125,74259100
2022-12-21,6469.10986328125,6586.47998046875,6467.56982421875,6580.240234375,70962400
2022-12-22,6587.5,6614.35009765625,6503.8798828125,6517.97021484375,56190600
2022-12-23,6513.2001953125,6533.580078125,6476.0498046875,6504.89990234375,42984900
2022-12-27,6559.6298828125,6579.330078125,6543.259765625,6550.66015625,33013100
2022-12-28,6561.5,6572.1201171875,6505.669921875,6510.490234375,40109400
2022-12-29,6486.64990234375,6577.080078125,6474.72998046875,6573.47021484375,41261600
2022-12-30,6533.1201171875,6540.509765625,6470.64013671875,6473.759765625,42838300
2023-01-02,6521.06982421875,6601.10986328125,6518.2099609375,6594.56982421875,47388200
2023-01-03,6580.08984375,6696.10009765625,6580.08984375,6623.89013671875,73986700
2023-01-04,6660.60009765625,6780.830078125,6659.830078125,6776.43017578125,94387100
2023-01-05,6744.5,6792.08984375,6732.0400390625,6761.5,71666600
2023-01-06,6772.93994140625,6860.9501953125,6757.4599609375,6860.9501953125,0
2023-01-09,6861.58984375,6928.43017578125,6851.66015625,6907.35986328125,78531000
2023-01-10,6882.009765625,6885.43994140625,6845.81005859375,6869.14013671875,64470300
2023-01-11,6879.10009765625,6946.669921875,6874.7099609375,6924.18994140625,76436500
2023-01-12,6947.33984375,7015.7001953125,6946.2998046875,6975.68017578125,82168400
2023-01-13,6989.58984375,7035.81982421875,6977.85986328125,7023.5,76364900
2023-01-16,7036.47998046875,7052.52001953125,7016.31982421875,7043.31005859375,56440600
2023-01-17,7036.91015625,7104.89990234375,7020.81982421875,7077.16015625,82336900
2023-01-18,7073.6201171875,7115.2001953125,7072.4501953125,7083.39013671875,68097000
2023-01-19,7047.64013671875,7056.14013671875,6946.740234375,6951.8701171875,80486000
2023-01-20,6996.22021484375,7015.9599609375,6965.4501953125,6995.990234375,64034900
2023-01-23,7014.91015625,7044.509765625,6988.509765625,7032.02001953125,51105500
2023-01-24,7053.0400390625,7064.68994140625,7011.39990234375,7050.47998046875,57820900
2023-01-25,7057.81982421875,7070.83984375,6999.93017578125,7043.8798828125,55620400
2023-01-26,7095.10986328125,7117.52978515625,7078.02001953125,7095.990234375,68505600
2023-01-27,7085.47021484375,7117.47998046875,7062.68994140625,7097.2099609375,68167800
2023-01-30,7054.240234375,7103.66015625,7030.9501953125,7082.009765625,60633400
2023-01-31,7075.08984375,7088.97021484375,7025.52978515625,7082.419921875,78055900
2023-02-01,7087.2001953125,7110.2099609375,7059.60986328125,7077.10986328125,63651600
2023-02-02,7110.02978515625,7184.68994140625,7079.41015625,7166.27001953125,95949900
2023-02-03,7136.39990234375,7233.93994140625,7113.419921875,7233.93994140625,89988400
2023-02-06,7181.97021484375,7187.27001953125,7104.52001953125,7137.10009765625,68293300
2023-02-07,7145.83984375,7154.509765625,7108.4599609375,7132.35009765625,73508000
2023-02-08,7181.580078125,7190.85986328125,7119.830078125,7119.830078125,84748800
2023-02-09,7179.64013671875,7225.8798828125,7179.64013671875,7188.35986328125,81784900
2023-02-10,7165.41015625,7182.919921875,7074.6298828125,7129.72998046875,79146100
2023-02-13,7147.47998046875,7213.93994140625,7138.91015625,7208.58984375,57944800
2023-02-14,7225.2998046875,7271.47998046875,7204.509765625,7213.81005859375,73276800
2023-02-15,7206.830078125,7318.77978515625,7200.72998046875,7300.85986328125,75504300
2023-02-16,7346.2998046875,7387.2900390625,7325.75,7366.16015625,91730300
2023-02-17,7311.14013671875,7368.0,7267.77001953125,7347.72021484375,80226800
2023-02-20,7361.2099609375,7363.41015625,7318.72998046875,7335.60986328125,48622700
2023-02-21,7319.93017578125,7342.68017578125,7241.2099609375,7308.64990234375,68754800
2023-02-22,7282.490234375,7307.81982421875,7231.6298828125,7299.259765625,83809200
2023-02-23,7309.02978515625,7357.68017578125,7301.419921875,7317.43017578125,79939200
2023-02-24,7359.759765625,7366.06982421875,7187.27001953125,7187.27001953125,94517800
2023-02-27,7243.02978515625,7324.02978515625,7243.02978515625,7295.5498046875,69314300
2023-02-28,7253.5400390625,7317.97998046875,7249.47021484375,7267.93017578125,102729300
2023-03-01,7279.33984375,7327.2900390625,7219.39990234375,7234.25,79246600
2023-03-02,7176.41015625,7286.240234375,7169.66015625,7284.22021484375,70461500
2023-03-03,7313.47998046875,7358.0400390625,7308.14990234375,7348.1201171875,0
2023-03-06,7385.75,7401.14990234375,7349.97998046875,7373.2099609375,68683500
2023-03-07,7355.8701171875,7398.02978515625,7336.2001953125,7339.27001953125,64092400
2023-03-08,7305.919921875,7346.6201171875,7305.919921875,7324.759765625,56907200
2023-03-09,7317.43017578125,7333.22021484375,7274.0498046875,7315.8798828125,64735900
2023-03-10,7193.3701171875,7256.47998046875,7166.89013671875,7220.669921875,99781300
2023-03-13,7211.43994140625,7211.43994140625,6979.5498046875,7011.5,141250200
2023-03-14,7029.22021484375,7162.56982421875,6989.9599609375,7141.56982421875,100862300
2023-03-15,7123.2001953125,7123.2001953125,6861.6298828125,6885.7099609375,174797900
2023-03-16,6987.6298828125,7063.31005859375,6876.60986328125,7025.72021484375,132832700
2023-03-17,7086.10009765625,7104.75,6895.72998046875,6925.39990234375,203828600
2023-03-20,6900.89990234375,7049.759765625,6796.2099609375,7013.14013671875,0
2023-03-21,7089.009765625,7150.330078125,7083.81005859375,7112.91015625,94861700
2023-03-22,7105.31982421875,7157.72998046875,7080.18017578125,7131.1201171875,65186100
2023-03-23,7118.14013671875,7149.919921875,7073.5,7139.25,0
2023-03-24,7108.16015625,7108.66015625,6953.580078125,7015.10009765625,0
2023-03-27,7103.52978515625,7119.58984375,7039.08984375,7078.27001953125,80202400
2023-03-28,7145.66015625,7154.56005859375,7066.27001953125,7088.33984375,71634200
2023-03-29,7141.0498046875,7201.25,7125.1201171875,7186.990234375,78047700
2023-03-30,7222.68994140625,7292.39013671875,7222.68994140625,7263.3701171875,73846100
2023-03-31,7271.18994140625,7341.7900390625,7264.81982421875,7322.39013671875,84335300
2023-04-03,7341.68994140625,7362.39013671875,7332.64013671875,7345.9599609375,64074600
2023-04-04,7375.7900390625,7399.58984375,7344.33984375,7344.9599609375,66324100
2023-04-05,7350.02978515625,7359.39990234375,7300.330078125,7316.2998046875,76911000
2023-04-06,7328.56982421875,7344.33984375,7312.60986328125,7324.75,67271300
2023-04-11,7381.77001953125,7403.669921875,7370.08984375,7390.27978515625,73186100
2023-04-12,7396.81005859375,7463.669921875,7379.7900390625,7396.93994140625,63577700
2023-04-13,7450.759765625,7485.58984375,7450.759765625,7480.830078125,59146200
2023-04-14,7500.77001953125,7533.41015625,7491.43017578125,7519.60986328125,71857700
2023-04-17,7535.39013671875,7552.0,7498.06982421875,7498.18017578125,67745800
2023-04-18,7509.0,7559.35009765625,7509.0,7533.6298828125,67638400
2023-04-19,7530.5400390625,7558.9501953125,7513.77001953125,7549.43994140625,0
2023-04-20,7541.68017578125,7546.06982421875,7506.919921875,7538.7099609375,72892900
2023-04-21,7551.5,7577.0,7518.31982421875,7577.0,73188400
2023-04-24,7545.60009765625,7581.259765625,7545.60009765625,7573.85986328125,63568000
2023-04-25,7528.14990234375,7541.72021484375,7504.259765625,7531.60986328125,73945200
2023-04-26,7496.47998046875,7508.1298828125,7427.52978515625,7466.66015625,91913500
2023-04-27,7450.10009765625,7507.259765625,7446.66015625,7483.83984375,78104400
2023-04-28,7498.6201171875,7505.0498046875,7403.2001953125,7491.5,87006000
2023-05-02,7466.81982421875,7505.919921875,7374.06005859375,7383.2001953125,83037300
2023-05-03,7410.56005859375,7445.9501953125,7395.81982421875,7403.830078125,61108100
2023-05-04,7381.39990234375,7393.02001953125,7316.14013671875,7340.77001953125,79974300
2023-05-05,7388.009765625,7437.60009765625,7354.60009765625,7432.93017578125,70692800
2023-05-08,7427.9599609375,7456.4599609375,7416.22021484375,7440.91015625,46786900
2023-05-09,7415.009765625,7419.89990234375,7358.4501953125,7397.169921875,63457500
2023-05-10,7403.6201171875,7416.31982421875,7337.66015625,7361.2001953125,75389600
2023-05-11,7383.580078125,7436.93994140625,7333.919921875,7381.77978515625,0
2023-05-12,7420.41015625,7463.7001953125,7395.60009765625,7414.85009765625,58340400
2023-05-15,7443.3798828125,7455.6298828125,7397.85986328125,7418.2099609375,48638700
2023-05-16,7394.85009765625,7427.56982421875,7377.81005859375,7406.009765625,61261800
2023-05-17,7378.830078125,7422.580078125,7354.5400390625,7399.43994140625,57783800
2023-05-18,7440.75,7481.77978515625,7426.39013671875,7446.89013671875,59991600
2023-05-19,7469.77978515625,7523.56005859375,7463.9599609375,7491.9599609375,67973200
2023-05-22,7467.93017578125,7493.3798828125,7452.68994140625,7478.16015625,57439200
2023-05-23,7457.18017578125,7459.3701171875,7378.7099609375,7378.7099609375,65786700
2023-05-24,7306.14013671875,7308.58984375,7223.580078125,7253.4599609375,77511200
2023-05-25,7261.0498046875,7261.0498046875,7197.39990234375,7229.27001953125,59437600
2023-05-26,7256.5,7334.31005859375,7208.43994140625,7319.18017578125,58221500
2023-05-29,7352.93017578125,7356.56982421875,7292.10986328125,7303.81005859375,33459400
2023-05-30,7279.8798828125,7296.3798828125,7195.3798828125,7209.75,69222900
2023-05-31,7136.169921875,7185.1298828125,7083.60009765625,7098.7001953125,214675800
2023-06-01,7139.39013671875,7171.60009765625,7090.4599609375,7137.43017578125,58144900
2023-06-02,7181.7998046875,7278.0,7179.31005859375,7270.68994140625,71138500
2023-06-05,7294.81005859375,7294.81005859375,7193.3701171875,7200.91015625,54498100
2023-06-06,7189.6298828125,7219.3701171875,7175.60009765625,7209.0,53479000
2023-06-07,7198.240234375,7227.58984375,7170.93994140625,7202.7900390625,50824500
2023-06-08,7196.22021484375,7236.14990234375,7184.18994140625,7222.14990234375,51059700
2023-06-09,7230.9501953125,7239.52001953125,7185.259765625,7213.14013671875,57292200
2023-06-12,7250.14990234375,7283.330078125,7237.85009765625,7250.35009765625,56911400
2023-06-13,7290.31005859375,7308.0,7244.419921875,7290.7998046875,65501800
2023-06-14,7290.93994140625,7358.990234375,7288.4599609375,7328.52978515625,66153600
2023-06-15,7304.97021484375,7313.47021484375,7246.330078125,7290.91015625,60422800
2023-06-16,7312.06982421875,7403.8798828125,7297.72998046875,7388.64990234375,170731900
2023-06-19,7353.31005859375,7362.43994140625,7302.6298828125,7314.0498046875,0
2023-06-20,7303.240234375,7322.56982421875,7281.1201171875,7294.169921875,55853400
2023-06-21,7273.89013671875,7297.85009765625,7246.85986328125,7260.97021484375,48414000
2023-06-22,7194.259765625,7206.89013671875,7145.06005859375,7203.27978515625,53704500
2023-06-23,7165.3798828125,7193.77978515625,7128.64013671875,7163.419921875,51938700
2023-06-26,7175.8798828125,7203.4599609375,7105.72021484375,7184.35009765625,52606600
2023-06-27,7212.830078125,7236.2099609375,7161.72021484375,7215.580078125,49886400
2023-06-28,7250.68017578125,7292.89013671875,7250.68017578125,7286.31982421875,53588400
2023-06-29,7295.759765625,7349.18017578125,7288.64990234375,7312.72998046875,60930900
2023-06-30,7339.89013671875,7419.35986328125,7337.27978515625,7400.06005859375,84279200
2023-07-03,7415.169921875,7426.60009765625,7386.7001953125,7386.7001953125,46756600
2023-07-04,7390.91015625,7401.4599609375,7368.97021484375,7369.93017578125,38120100
2023-07-05,7327.77978515625,7352.1201171875,7294.60009765625,7310.81005859375,60271900
2023-07-06,7239.89990234375,7240.2001953125,7065.259765625,7082.2900390625,83220200
2023-07-07,7098.75,7151.06982421875,7052.77001953125,7111.8798828125,55691900
2023-07-10,7082.4599609375,7173.64990234375,7082.4599609375,7143.68994140625,41303800
2023-07-11,7176.18017578125,7244.9599609375,7172.14013671875,7220.009765625,43936800
2023-07-12,7241.06005859375,7348.06005859375,7231.330078125,7333.009765625,60353600
2023-07-13,7346.56005859375,7409.009765625,7335.60986328125,7369.7998046875,53762900
2023-07-14,7353.919921875,7403.14990234375,7353.919921875,7374.5400390625,38957900
2023-07-17,7314.169921875,7332.5,7268.72998046875,7291.66015625,35648100
2023-07-18,7280.18994140625,7326.72021484375,7275.52001953125,7319.18017578125,36847300
2023-07-19,7369.7998046875,7382.89013671875,7317.5400390625,7326.93994140625,44834900
2023-07-20,7302.22021484375,7391.4501953125,7301.1201171875,7384.91015625,52025800
2023-07-21,7389.509765625,7433.31005859375,7379.6201171875,7432.77001953125,50212100
2023-07-24,7405.66015625,7435.93017578125,7390.81982421875,7427.31005859375,0
2023-07-25,7449.93994140625,7450.3701171875,7401.830078125,7415.4501953125,46585200
2023-07-26,7363.5400390625,7369.06982421875,7251.02001953125,7315.06982421875,61674900
2023-07-27,7358.66015625,7477.10986328125,7340.02978515625,7465.240234375,81038100
2023-07-28,7449.2001953125,7498.93994140625,7416.2001953125,7476.47021484375,68278600
2023-07-31,7473.1201171875,7526.0498046875,7464.64990234375,7497.77978515625,60786100
2023-08-01,7478.10009765625,7499.52978515625,7403.16015625,7406.080078125,53827600
2023-08-02,7312.91015625,7377.009765625,7287.0400390625,7312.83984375,66100000
2023-08-03,7256.06005859375,7271.830078125,7213.8701171875,7260.52978515625,70017100
2023-08-04,7286.97998046875,7323.18994140625,7244.18994140625,7315.06982421875,67381300
2023-08-07,7290.3701171875,7330.240234375,7269.47998046875,7319.759765625,40392600
2023-08-08,7271.0498046875,7325.72998046875,7219.1201171875,7269.47021484375,59934000
2023-08-09,7351.02001953125,7381.3798828125,7317.3798828125,7322.0400390625,49539900
2023-08-10,7373.5498046875,7464.7900390625,7368.9501953125,7433.6201171875,55462200
2023-08-11,7391.25,7406.89013671875,7317.759765625,7340.18994140625,45994600
2023-08-14,7326.77978515625,7371.93017578125,7309.93994140625,7348.83984375,37852500
2023-08-15,7355.080078125,7357.7099609375,7236.56005859375,7267.7001953125,36007600
2023-08-16,7246.72998046875,7301.10986328125,7241.10009765625,7260.25,35669800
2023-08-17,7229.06005859375,7261.89990234375,7183.5,7191.740234375,44487100
2023-08-18,7163.2099609375,7172.990234375,7092.72021484375,7164.10986328125,49419000
2023-08-21,7165.06982421875,7259.31982421875,7165.06982421875,7198.06005859375,39845700
2023-08-22,7227.10009765625,7293.6298828125,7223.06982421875,7240.8798828125,0
2023-08-23,7265.97998046875,7295.35986328125,7224.06982421875,7246.6201171875,39128000
2023-08-24,7309.60986328125,7343.77001953125,7210.0,7214.4599609375,37453800
2023-08-25,7199.58984375,7287.56005859375,7196.83984375,7229.60009765625,32957800
2023-08-28,7294.33984375,7340.35009765625,7261.5,7324.7099609375,35231600
2023-08-29,7345.56982421875,7378.0498046875,7322.4501953125,7373.43017578125,47511000
2023-08-30,7396.14013671875,7405.4501953125,7321.35009765625,7364.39990234375,37841600
2023-08-31,7372.64990234375,7386.9501953125,7316.7001953125,7316.7001953125,97985800
2023-09-01,7310.68017578125,7358.52978515625,7294.490234375,7296.77001953125,45903600
2023-09-04,7332.2001953125,7358.89013671875,7267.25,7279.509765625,34351600
2023-09-05,7241.2001953125,7288.35009765625,7183.7998046875,7254.72021484375,51494100
2023-09-06,7217.43994140625,7221.43994140625,7168.83984375,7194.08984375,50998000
2023-09-07,7165.97998046875,7240.72021484375,7165.97998046875,7196.10009765625,50965400
2023-09-08,7219.91015625,7246.740234375,7136.56005859375,7240.77001953125,45098500
2023-09-11,7275.3701171875,7316.5,7253.64990234375,7278.27001953125,45367500
2023-09-12,7290.6201171875,7297.8701171875,7241.990234375,7252.8798828125,49023200
2023-09-13,7224.6201171875,7249.33984375,7184.56005859375,7222.56982421875,53756100
2023-09-14,7216.080078125,7323.68017578125,7184.25,7308.669921875,68698900
2023-09-15,7381.31982421875,7435.35986328125,7366.2099609375,7378.81982421875,154925000
2023-09-18,7353.5498046875,7353.5498046875,7255.02978515625,7276.14013671875,73474400
2023-09-19,7250.0498046875,7306.02001953125,7247.02001953125,7282.1201171875,53260300
2023-09-20,7278.919921875,7351.2900390625,7272.68017578125,7330.7900390625,58755900
2023-09-21,7252.41015625,7270.06005859375,7199.10986328125,7213.89990234375,60321000
2023-09-22,7157.39013671875,7203.97021484375,7133.64990234375,7184.81982421875,53604800
2023-09-25,7157.22998046875,7199.9501953125,7087.6298828125,7123.8798828125,50383800
2023-09-26,7083.85986328125,7095.4599609375,7033.830078125,7074.02001953125,49374400
2023-09-27,7070.39013671875,7106.3701171875,7053.10986328125,7071.7900390625,52633000
2023-09-28,7068.02978515625,7117.330078125,7042.740234375,7116.240234375,53878800
2023-09-29,7152.2998046875,7204.9599609375,7135.06005859375,7135.06005859375,62306100
2023-10-02,7164.0498046875,7197.0,7035.64990234375,7068.16015625,0
2023-10-03,7031.58984375,7075.490234375,6989.77001953125,6997.0498046875,60270400
2023-10-04,6959.52001953125,7050.68994140625,6948.02978515625,6996.72998046875,53552300
2023-10-05,7009.81982421875,7025.5,6970.58984375,6998.25,62848100
2023-10-06,7022.06982421875,7064.43994140625,6981.490234375,7060.14990234375,60655400
2023-10-09,7041.3798828125,7057.81005859375,6980.330078125,7021.39990234375,52188000
2023-10-10,7086.72021484375,7170.31982421875,7085.1298828125,7162.43017578125,62230600
2023-10-11,7090.18017578125,7166.5,7080.009765625,7131.2099609375,59889100
2023-10-12,7175.77001953125,7182.2998046875,7097.52978515625,7104.52978515625,51297700
2023-10-13,7097.14990234375,7108.759765625,6997.47998046875,7003.52978515625,67408900
2023-10-16,7029.75,7048.33984375,6963.02001953125,7022.18994140625,51422100
2023-10-17,7016.25,7051.18017578125,6969.06982421875,7029.7001953125,44928500
2023-10-18,7021.1298828125,7045.18017578125,6954.10009765625,6965.990234375,49961000
2023-10-19,6918.080078125,6938.31005859375,6875.77001953125,6921.3701171875,62442600
2023-10-20,6850.1298828125,6880.64013671875,6816.169921875,6816.22021484375,79130900
2023-10-23,6820.25,6855.93017578125,6773.81982421875,6850.47021484375,53038700
2023-10-24,6865.10009765625,6909.080078125,6833.91015625,6893.64990234375,58807000
2023-10-25,6859.68994140625,6927.27001953125,6846.509765625,6915.06982421875,69113800
2023-10-26,6835.52978515625,6915.240234375,6825.58984375,6888.9599609375,71582200
2023-10-27,6898.97998046875,6898.97998046875,6784.6201171875,6795.3798828125,68755200
2023-10-30,6826.9501953125,6854.60009765625,6809.83984375,6825.06982421875,59561000
2023-10-31,6840.72998046875,6903.2001953125,6831.669921875,6885.64990234375,66344100
2023-11-01,6914.31982421875,6954.83984375,6873.5498046875,6932.6298828125,50434500
2023-11-02,6991.4501953125,7097.39013671875,6982.0400390625,7060.68994140625,67508200
2023-11-03,7084.509765625,7086.7099609375,7046.85986328125,7047.5,67586800
2023-11-06,7066.18017578125,7069.66015625,7006.52978515625,7013.72998046875,49088200
2023-11-07,6970.66015625,7011.7900390625,6963.8798828125,6986.22998046875,55272500
2023-11-08,6951.47998046875,7068.0400390625,6950.9501953125,7034.16015625,52404100
2023-11-09,7043.8798828125,7122.509765625,7025.60986328125,7113.66015625,54999000
2023-11-10,7079.39990234375,7083.1201171875,7006.08984375,7045.0400390625,0
2023-11-13,7069.8798828125,7103.669921875,7056.08984375,7087.06005859375,48080100
2023-11-14,7098.72021484375,7207.77001953125,7083.22998046875,7185.68017578125,65725700
2023-11-15,7214.68994140625,7245.3701171875,7198.91015625,7209.60986328125,73269900
2023-11-16,7203.9599609375,7210.009765625,7168.39990234375,7168.39990234375,53810200
2023-11-17,7196.68994140625,7246.72021484375,7196.68994140625,7233.91015625,63665900
2023-11-20,7242.39990234375,7267.0400390625,7236.02001953125,7246.93017578125,41813900
2023-11-21,7231.0400390625,7248.06005859375,7214.39013671875,7229.4501953125,39932500
2023-11-22,7252.009765625,7274.77001953125,7243.830078125,7260.72998046875,40263400
2023-11-23,7274.25,7285.2900390625,7263.669921875,7277.93017578125,31465600
2023-11-24,7275.0,7298.91015625,7268.580078125,7292.7998046875,37987800
2023-11-27,7292.91015625,7307.669921875,7265.490234375,7265.490234375,38503700
2023-11-28,7230.740234375,7253.419921875,7213.740234375,7250.1298828125,42470600
2023-11-29,7241.41015625,7296.39990234375,7241.41015625,7267.64013671875,53866700
2023-11-30,7276.8701171875,7321.47021484375,7255.0400390625,7310.77001953125,126882100
2023-12-01,7336.5498046875,7360.10009765625,7313.18994140625,7346.14990234375,53497400
2023-12-04,7331.7998046875,7354.31982421875,7313.7099609375,7332.58984375,46578000
2023-12-05,7320.490234375,7392.64013671875,7320.490234375,7386.990234375,57280900
2023-12-06,7400.2099609375,7455.0,7384.990234375,7435.990234375,60289800
2023-12-07,7424.81982421875,7436.9501953125,7415.66015625,7428.52001953125,52251300
2023-12-08,7441.0,7545.68017578125,7437.97021484375,7526.5498046875,59298200
2023-12-11,7534.22998046875,7559.9501953125,7527.580078125,7551.52978515625,50140300
2023-12-12,7557.31982421875,7582.47021484375,7542.52978515625,7543.5498046875,51465600
2023-12-13,7542.10009765625,7579.25,7529.10986328125,7531.22021484375,62227400
2023-12-14,7626.5400390625,7653.990234375,7547.0,7575.85009765625,91147700
2023-12-15,7607.919921875,7641.91015625,7587.68017578125,7596.91015625,134492900
2023-12-18,7563.31005859375,7580.64013671875,7548.18017578125,7568.85986328125,53706600
2023-12-19,7560.56982421875,7579.85986328125,7553.080078125,7574.669921875,48691300
2023-12-20,7595.25,7604.9599609375,7552.2900390625,7583.43017578125,43864700
2023-12-21,7557.16015625,7574.7099609375,7537.81005859375,7571.39990234375,36202800
2023-12-22,7560.97021484375,7589.0,7557.580078125,7568.81982421875,31755700
2023-12-27,7580.97021484375,7603.27001953125,7560.5400390625,7571.81982421875,31599200
2023-12-28,7591.85009765625,7593.9599609375,7531.7099609375,7535.16015625,31277400
2023-12-29,7547.52978515625,7569.919921875,7530.93017578125,7543.18017578125,27796000
2024-01-02,7577.330078125,7610.10009765625,7482.06005859375,7530.85986328125,43443100
2024-01-03,7522.81005859375,7532.60009765625,7380.06005859375,7411.85986328125,63685500
2024-01-04,7419.85009765625,7455.3701171875,7410.18017578125,7450.6298828125,51878000
2024-01-05,7398.39990234375,7441.10009765625,7350.2998046875,7420.68994140625,43819900
2024-01-08,7406.240234375,7451.169921875,7376.2001953125,7450.240234375,37426500
2024-01-09,7457.259765625,7460.18017578125,7400.6201171875,7426.6201171875,45159400
2024-01-10,7428.259765625,7454.31982421875,7409.52978515625,7426.080078125,43697000
2024-01-11,7466.10986328125,7479.419921875,7382.8798828125,7387.6201171875,57821000
2024-01-12,7412.68017578125,7478.66015625,7408.4599609375,7465.14013671875,50299100
2024-01-15,7467.7998046875,7479.27001953125,7401.06982421875,7411.68017578125,40568900
2024-01-16,7364.10986328125,7399.2900390625,7343.52001953125,7398.0,49822800
2024-01-17,7313.259765625,7323.25,7281.10009765625,7318.68994140625,59431200
2024-01-18,7346.7099609375,7409.64013671875,7326.4501953125,7401.35009765625,51151100
2024-01-19,7446.81982421875,7446.81982421875,7350.68017578125,7371.64013671875,51572100
2024-01-22,7436.60986328125,7453.2099609375,7390.68017578125,7413.25,47900000
2024-01-23,7449.3798828125,7449.3798828125,7373.22021484375,7388.0400390625,50061200
2024-01-24,7414.759765625,7466.919921875,7403.8701171875,7455.64013671875,58529300
2024-01-25,7448.0498046875,7466.27001953125,7410.89013671875,7464.2001953125,48432800
2024-01-26,7555.0498046875,7645.740234375,7553.64990234375,7634.14013671875,67454400
2024-01-29,7643.0400390625,7649.18994140625,7620.52978515625,7640.81005859375,55590300
2024-01-30,7660.64990234375,7686.02978515625,7644.72998046875,7677.47021484375,49655300
2024-01-31,7691.66015625,7702.9501953125,7653.4501953125,7656.75,66991100
2024-02-01,7590.14990234375,7620.93017578125,7570.06982421875,7588.75,73997400
2024-02-02,7624.4501953125,7644.1298828125,7588.5,7592.259765625,54022500
2024-02-05,7591.77001953125,7606.1201171875,7558.22998046875,7589.9599609375,51727200
2024-02-06,7634.18994140625,7641.6298828125,7592.08984375,7638.97021484375,56890100
2024-02-07,7632.83984375,7652.85009765625,7610.18017578125,7611.259765625,62951100
2024-02-08,7628.60009765625,7685.4599609375,7607.4599609375,7665.6298828125,76648600
2024-02-09,7652.4501953125,7668.18994140625,7617.740234375,7647.52001953125,65846200
2024-02-12,7674.14013671875,7693.080078125,7663.3798828125,7689.7998046875,54098400
2024-02-13,7689.0498046875,7691.18994140625,7598.02001953125,7625.31005859375,61423400
2024-02-14,7610.06005859375,7681.02978515625,7610.06005859375,7677.35009765625,53510400
2024-02-15,7724.490234375,7752.35009765625,7724.490234375,7743.419921875,70689400
2024-02-16,7774.39013671875,7800.91015625,7756.580078125,7768.18017578125,62292000
2024-02-19,7742.8701171875,7769.1298828125,7727.9599609375,7768.5498046875,40789600
2024-02-20,7764.5,7804.5400390625,7757.490234375,7795.22021484375,58213500
2024-02-21,7802.0400390625,7821.93017578125,7788.68017578125,7812.08984375,56413900
2024-02-22,7875.8798828125,7923.9599609375,7855.009765625,7911.60009765625,69989500
2024-02-23,7921.9501953125,7976.39990234375,7907.83984375,7966.68017578125,56243600
2024-02-26,7950.14990234375,7953.14990234375,7922.89013671875,7929.81982421875,50915600
2024-02-27,7926.68017578125,7955.47998046875,7917.080078125,7948.39990234375,50397300
2024-02-28,7947.22998046875,7956.72998046875,7931.669921875,7954.39013671875,52757500
2024-02-29,7972.85986328125,7977.68017578125,7927.43017578125,7927.43017578125,108526900
2024-03-01,7950.66015625,7964.77978515625,7900.47998046875,7934.169921875,51109100
2024-03-04,7934.35009765625,7956.41015625,7916.7099609375,7956.41015625,44552100
2024-03-05,7946.89013671875,7963.9599609375,7923.7099609375,7932.81982421875,49947000
2024-03-06,7925.7900390625,7969.4501953125,7919.3701171875,7954.740234375,53369000
2024-03-07,7925.41015625,8029.3701171875,7905.41015625,8016.22021484375,63194300
2024-03-08,8018.10009765625,8048.08984375,8008.0400390625,8028.009765625,50762700
2024-03-11,7985.3701171875,8025.41015625,7984.06005859375,8019.72998046875,50594200
2024-03-12,8052.16015625,8094.06982421875,8000.22998046875,8087.47998046875,68922600
2024-03-13,8104.33984375,8156.64013671875,8090.31005859375,8137.580078125,63153200
2024-03-14,8158.27001953125,8218.0703125,8153.68994140625,8161.419921875,62287100
2024-03-15,8163.18994140625,8212.6904296875,8155.68994140625,8164.35009765625,151117200
2024-03-18,8175.97998046875,8184.33984375,8134.14013671875,8148.14013671875,44608500
2024-03-19,8145.5,8202.3603515625,8140.60009765625,8201.0498046875,51448700
2024-03-20,8149.7099609375,8168.22998046875,8125.64990234375,8161.41015625,44956100
2024-03-21,8228.7099609375,8229.25,8139.52001953125,8179.72021484375,60104600
2024-03-22,8149.22998046875,8179.31982421875,8129.169921875,8151.919921875,50219300
2024-03-25,8147.7998046875,8165.9501953125,8101.830078125,8151.60009765625,45329300
2024-03-26,8160.64013671875,8188.52978515625,8136.64013671875,8184.75,54983800
2024-03-27,8186.06982421875,8230.3798828125,8174.259765625,8204.8095703125,49550700
2024-03-28,8216.76953125,8253.58984375,8205.8095703125,8205.8095703125,63579600
2024-04-02,8195.650390625,8253.0498046875,8121.39013671875,8130.0498046875,71702800
2024-04-03,8144.9599609375,8160.0400390625,8120.9501953125,8153.22998046875,63544700
2024-04-04,8154.41015625,8189.66015625,8137.97998046875,8151.5498046875,49450700
2024-04-05,8050.25,8062.009765625,8019.2900390625,8061.31005859375,65166400
2024-04-08,8050.02001953125,8145.22021484375,8049.509765625,8119.2998046875,49226900
2024-04-09,8090.47021484375,8103.2001953125,8032.27001953125,8049.169921875,52222200
2024-04-10,8101.0400390625,8101.47021484375,7976.009765625,8045.3798828125,56907100
2024-04-11,8048.16015625,8092.81982421875,7974.06005859375,8023.740234375,62259400
2024-04-12,8092.4501953125,8118.02001953125,7980.39013671875,8010.830078125,59193000
2024-04-15,8051.259765625,8126.3798828125,8028.83984375,8045.10986328125,53987200
2024-04-16,7899.35986328125,7975.9599609375,7899.35986328125,7932.60986328125,73138700
2024-04-17,7958.52001953125,8060.990234375,7958.0,7981.509765625,59951900
2024-04-18,8013.91015625,8039.18994140625,7976.39990234375,8023.259765625,57583000
2024-04-19,7971.68017578125,8039.47998046875,7946.83984375,8022.41015625,65692000
2024-04-22,8068.14013671875,8071.81005859375,8007.4501953125,8040.35986328125,56900500
2024-04-23,8064.31982421875,8111.169921875,8052.56982421875,8105.77978515625,64048300
2024-04-24,8105.22021484375,8146.9599609375,8078.77001953125,8091.85986328125,69590900
2024-04-25,8094.5498046875,8095.43017578125,7955.509765625,8016.64990234375,70130400
2024-04-26,8072.22998046875,8114.6298828125,8024.6201171875,8088.240234375,65898300
2024-04-29,8116.43017578125,8128.0,8065.14990234375,8065.14990234375,55164400
2024-04-30,8073.64013671875,8081.7099609375,7971.7998046875,7984.93017578125,76456900
2024-05-02,7954.009765625,7956.52001953125,7908.6298828125,7914.64990234375,75730100
2024-05-03,7943.8701171875,8003.9501953125,7921.2099609375,7957.56982421875,69643700
2024-05-06,7975.85986328125,8033.22998046875,7961.4501953125,7996.64013671875,43781100
2024-05-07,8036.75,8077.64013671875,8006.31005859375,8075.68017578125,58688300
2024-05-08,8093.6201171875,8157.47998046875,8089.27978515625,8131.41015625,53988400
2024-05-09,8123.919921875,8191.919921875,8114.8798828125,8187.64990234375,39071500
2024-05-10,8232.650390625,8259.1904296875,8211.2001953125,8219.1396484375,57091000
2024-05-13,8211.0703125,8223.8095703125,8186.77001953125,8209.2802734375,48113100
2024-05-14,8213.8095703125,8233.1796875,8187.68994140625,8225.7998046875,51519900
2024-05-15,8241.6796875,8253.099609375,8203.400390625,8239.990234375,54875300
2024-05-16,8239.76953125,8239.76953125,8183.18994140625,8188.490234375,50655300
2024-05-17,8176.7900390625,8192.919921875,8135.7998046875,8167.5,63196600
2024-05-20,8178.6298828125,8221.2998046875,8175.4599609375,8195.9697265625,34697000
2024-05-21,8163.169921875,8167.5,8097.97998046875,8141.4599609375,0
2024-05-22,8128.580078125,8128.580078125,8078.5,8092.10986328125,51869500
2024-05-23,8104.31005859375,8135.81005859375,8082.47998046875,8102.330078125,45130000
2024-05-24,8053.7900390625,8104.06982421875,8042.2998046875,8094.97021484375,39404700
2024-05-27,8088.33984375,8132.490234375,8086.759765625,8132.490234375,31032900
2024-05-28,8134.72021484375,8148.759765625,8041.02001953125,8057.7998046875,45666700
2024-05-29,8033.56005859375,8040.02978515625,7926.419921875,7935.02978515625,62601300
2024-05-30,7914.85009765625,7981.080078125,7914.169921875,7978.509765625,49494400
2024-05-31,7972.5498046875,7996.89013671875,7960.169921875,7992.8701171875,150576300
2024-06-03,8069.6201171875,8072.31005859375,7995.080078125,7998.02001953125,51288400
2024-06-04,7974.43994140625,7984.25,7914.27001953125,7937.89990234375,60129200
2024-06-05,7983.02978515625,8036.39990234375,7957.919921875,8006.56982421875,53117100
2024-06-06,8044.2900390625,8055.52001953125,8015.68994140625,8040.1201171875,51759100
2024-06-07,8046.919921875,8048.58984375,7943.2900390625,8001.7998046875,67501500
2024-06-10,7812.52001953125,7893.97998046875,7812.52001953125,7893.97998046875,105503100
2024-06-11,7921.08984375,7931.72021484375,7759.83984375,7789.2099609375,95660700
2024-06-12,7813.77001953125,7875.18017578125,7802.009765625,7864.7001953125,81844200
2024-06-13,7855.3701171875,7858.31982421875,7692.72021484375,7708.02001953125,96876000
2024-06-14,7685.5,7686.89013671875,7464.83984375,7503.27001953125,158952700
2024-06-17,7539.02978515625,7580.93994140625,7482.3798828125,7571.56982421875,78514600
2024-06-18,7636.68994140625,7641.1201171875,7564.02001953125,7628.7998046875,74421300
2024-06-19,7617.35009765625,7626.1298828125,7566.08984375,7570.2001953125,59199000
2024-06-20,7585.97998046875,7682.64013671875,7577.919921875,7671.33984375,67208700
2024-06-21,7653.14013671875,7673.72998046875,7601.81982421875,7628.56982421875,147594900
2024-06-24,7633.990234375,7725.27978515625,7629.27001953125,7706.89013671875,60676900
2024-06-25,7648.14013671875,7671.06005859375,7617.16015625,7662.2998046875,66819100
2024-06-26,7703.7998046875,7707.14990234375,7559.6298828125,7609.14990234375,66431400
2024-06-27,7619.10009765625,7626.3798828125,7522.16015625,7530.72021484375,63132200
2024-06-28,7544.39990234375,7544.39990234375,7456.47021484375,7479.39990234375,82277400
2024-07-01,7673.47998046875,7688.2001953125,7561.1298828125,7561.1298828125,0
2024-07-02,7517.64990234375,7543.14990234375,7477.27001953125,7538.2900390625,65355700
2024-07-03,7579.64013671875,7662.06005859375,7566.41015625,7632.080078125,68453700
2024-07-04,7677.33984375,7701.35009765625,7667.0498046875,7695.77978515625,50797600
2024-07-05,7720.5400390625,7738.18994140625,7643.68994140625,7675.6201171875,52526100
2024-07-08,7637.89013671875,7746.06005859375,7627.4501953125,7627.4501953125,59228600
2024-07-09,7595.97021484375,7601.85009765625,7484.6201171875,7508.66015625,70427400
2024-07-10,7525.18017578125,7580.1201171875,7487.39013671875,7573.5498046875,54983100
2024-07-11,7613.08984375,7645.97998046875,7577.0,7627.1298828125,56787300
2024-07-12,7664.93994140625,7737.16015625,7659.08984375,7724.31982421875,0
2024-07-15,7682.33984375,7712.85009765625,7618.72998046875,7632.7099609375,50572200
2024-07-16,7583.5,7603.419921875,7556.5498046875,7580.02978515625,41896500
2024-07-17,7556.1298828125,7603.4599609375,7524.8798828125,7570.81005859375,47867600
2024-07-18,7606.240234375,7653.22021484375,7559.10009765625,7586.5498046875,54718600
2024-07-19,7565.8798828125,7570.330078125,7513.66015625,7534.52001953125,62735500
2024-07-22,7573.41015625,7650.93017578125,7566.5400390625,7622.02001953125,50270200
2024-07-23,7628.02001953125,7661.77001953125,7572.97998046875,7598.6298828125,51052600
2024-07-24,7500.669921875,7539.9501953125,7464.10009765625,7513.72998046875,54742100
2024-07-25,7416.7001953125,7430.93994140625,7341.25,7427.02001953125,86626400
2024-07-26,7444.41015625,7526.27001953125,7427.47021484375,7517.68017578125,61161100
2024-07-29,7547.4501953125,7547.64013671875,7429.43017578125,7443.83984375,47280100
2024-07-30,7461.60986328125,7501.56005859375,7450.93017578125,7474.93994140625,44704300
2024-07-31,7565.10009765625,7584.490234375,7518.47021484375,7531.490234375,69658700
2024-08-01,7478.14013671875,7487.1201171875,7358.08984375,7370.4501953125,80103000
2024-08-02,7330.60009765625,7350.2900390625,7227.7900390625,7251.7998046875,104422800
2024-08-05,7099.58984375,7158.60009765625,7029.91015625,7148.990234375,102112900
2024-08-06,7160.06982421875,7184.2900390625,7070.02001953125,7130.0400390625,69660300
2024-08-07,7161.93994140625,7287.85009765625,7145.8798828125,7266.009765625,77887500
2024-08-08,7223.009765625,7262.080078125,7168.990234375,7247.4501953125,48242600
2024-08-09,7259.7001953125,7319.509765625,7233.68994140625,7269.7099609375,43632200
2024-08-12,7296.83984375,7307.4501953125,7234.2001953125,7250.669921875,38393400
2024-08-13,7277.7001953125,7282.85009765625,7222.080078125,7275.8701171875,40391200
2024-08-14,7330.16015625,7333.35986328125,7295.89013671875,7333.35986328125,41049100
2024-08-15,7356.06982421875,7437.33984375,7318.14013671875,7423.3701171875,48261500
2024-08-16,7442.2998046875,7460.330078125,7421.47998046875,7449.7001953125,49398000
2024-08-19,7445.31005859375,7484.419921875,7444.72021484375,7484.169921875,9965800
2024-08-20,7518.7001953125,7531.7001953125,7481.669921875,7485.72998046875,38041400
2024-08-21,7486.91015625,7530.47998046875,7486.91015625,7524.72021484375,36452200
2024-08-22,7527.9599609375,7568.6298828125,7523.52978515625,7524.10986328125,31263100
2024-08-23,7544.72998046875,7583.5,7534.2998046875,7577.0400390625,38259400
2024-08-26,7578.02001953125,7608.31982421875,7577.6298828125,7590.3701171875,28200300
2024-08-27,7601.27001953125,7625.080078125,7565.77978515625,7565.77978515625,35794200
2024-08-28,7587.47021484375,7611.919921875,7577.669921875,7577.669921875,37593000
2024-08-29,7577.169921875,7644.68017578125,7576.35986328125,7640.9501953125,39821600
2024-08-30,7645.52978515625,7693.81982421875,7630.9501953125,7630.9501953125,78196800
2024-09-02,7628.85986328125,7649.10009765625,7572.77001953125,7646.419921875,32455100
2024-09-03,7659.81005859375,7671.52978515625,7564.990234375,7575.10009765625,51982000
2024-09-04,7490.10009765625,7530.830078125,7482.39990234375,7500.97021484375,54004600
2024-09-05,7464.27978515625,7498.080078125,7431.9599609375,7431.9599609375,63444800
2024-09-06,7424.08984375,7466.14013671875,7341.93017578125,7352.2998046875,60963800
2024-09-09,7376.72021484375,7445.0498046875,7369.89990234375,7425.259765625,48487900
2024-09-10,7414.39990234375,7476.5400390625,7386.52978515625,7407.5498046875,0
2024-09-11,7419.0400390625,7452.68017578125,7363.31005859375,7396.830078125,57055800
2024-09-12,7478.91015625,7484.16015625,7391.5400390625,7435.06982421875,53483400
2024-09-13,7441.56005859375,7490.83984375,7438.64990234375,7465.25,51699000
2024-09-16,7432.169921875,7480.60009765625,7430.06005859375,7449.43994140625,39034700
2024-09-17,7485.14013671875,7523.8701171875,7473.89990234375,7487.419921875,54489600
2024-09-18,7489.85009765625,7495.31005859375,7444.18017578125,7444.89990234375,45990000
2024-09-19,7557.0400390625,7615.41015625,7520.080078125,7615.41015625,68585500
2024-09-20,7597.52001953125,7603.2001953125,7500.259765625,7500.259765625,126034400
2024-09-23,7499.919921875,7518.77001953125,7456.43994140625,7508.080078125,63937800
2024-09-24,7608.47021484375,7634.22998046875,7575.35986328125,7604.009765625,60274300
2024-09-25,7549.259765625,7595.77001953125,7546.85986328125,7565.6201171875,58321800
2024-09-26,7663.02978515625,7742.08984375,7652.60986328125,7742.08984375,78593100
2024-09-27,7762.4501953125,7804.64013671875,7743.8798828125,7791.7900390625,72880900
2024-09-30,7748.06982421875,7763.89013671875,7634.81982421875,7635.75,103180100
2024-10-01,7623.330078125,7654.580078125,7547.1201171875,7574.06982421875,68819000
2024-10-02,7594.81005859375,7623.31982421875,7548.97998046875,7577.58984375,58414400
2024-10-03,7555.22998046875,7555.240234375,7458.490234375,7477.77978515625,77402000
2024-10-04,7464.8701171875,7571.759765625,7460.2900390625,7541.35986328125,73424000
2024-10-07,7571.97021484375,7585.330078125,7509.8701171875,7576.02001953125,54781900
2024-10-08,7480.35986328125,7542.0498046875,7475.77978515625,7521.31982421875,54049900
2024-10-09,7527.02978515625,7567.580078125,7504.6298828125,7560.08984375,50003800
2024-10-10,7543.39990234375,7563.35986328125,7515.89990234375,7541.58984375,47654900
2024-10-11,7530.8798828125,7587.52001953125,7504.0400390625,7577.89013671875,52952500
2024-10-14,7583.47998046875,7613.14990234375,7544.5400390625,7602.06005859375,43689100
2024-10-15,7595.06005859375,7601.52978515625,7511.240234375,7521.97021484375,73146200
2024-10-16,7420.85009765625,7511.10009765625,7420.85009765625,7492.0,64497000
2024-10-17,7510.1298828125,7624.22021484375,7507.9501953125,7583.72998046875,60446900
2024-10-18,7566.8701171875,7644.0498046875,7566.8701171875,7613.0498046875,62952600
2024-10-21,7579.080078125,7620.4599609375,7529.68017578125,7536.22998046875,47261500
2024-10-22,7517.02978515625,7545.35986328125,7472.16015625,7535.10009765625,50562200
2024-10-23,7493.25,7544.7001953125,7468.580078125,7497.47998046875,51669200
2024-10-24,7527.64013671875,7565.39013671875,7503.02001953125,7503.27978515625,63318800
2024-10-25,7489.8701171875,7518.75,7459.41015625,7497.5400390625,50453400
2024-10-28,7542.1298828125,7580.68017578125,7494.93017578125,7556.93994140625,53209700
2024-10-29,7593.85986328125,7618.31982421875,7506.52001953125,7511.10986328125,55427600
2024-10-30,7452.10009765625,7470.68994140625,7377.39013671875,7428.35986328125,69878300
2024-10-31,7384.10009765625,7393.25,7315.97021484375,7350.3701171875,103047400
2024-11-01,7364.080078125,7434.259765625,7358.2001953125,7409.10986328125,56971200
2024-11-04,7386.31982421875,7445.9599609375,7371.7099609375,7371.7099609375,45718400
2024-11-05,7377.580078125,7414.81982421875,7350.0,7407.14990234375,47126000
2024-11-06,7444.3701171875,7572.14013671875,7338.35009765625,7369.60986328125,108204000
2024-11-07,7373.18994140625,7450.0,7354.27978515625,7425.60009765625,86926000
2024-11-08,7440.1201171875,7440.9501953125,7330.2099609375,7338.669921875,67218200
2024-11-11,7395.08984375,7452.60009765625,7387.52001953125,7426.8798828125,56318000
2024-11-12,7346.72021484375,7365.27978515625,7217.77978515625,7226.97998046875,78448900
2024-11-13,7217.490234375,7256.47021484375,7158.25,7216.830078125,62925600
2024-11-14,7247.919921875,7319.08984375,7220.0498046875,7311.7998046875,71041000
2024-11-15,7256.580078125,7319.52978515625,7236.47998046875,7269.6298828125,66901200
2024-11-18,7274.39990234375,7289.77978515625,7234.58984375,7278.22998046875,50146900
2024-11-19,7287.4599609375,7301.18994140625,7134.830078125,7229.64013671875,64615700
2024-11-20,7272.72998046875,7280.39013671875,7188.419921875,7198.4501953125,55750600
2024-11-21,7185.2001953125,7223.60009765625,7131.2099609375,7213.31982421875,53383700
2024-11-22,7250.64013671875,7271.06005859375,7156.22998046875,7255.009765625,71958600
2024-11-25,7329.47998046875,7333.22998046875,7239.3798828125,7257.47021484375,122963000
2024-11-26,7201.64990234375,7256.77978515625,7185.490234375,7194.509765625,68773200
2024-11-27,7150.02001953125,7156.419921875,7091.14990234375,7143.02978515625,77023300
2024-11-28,7170.91015625,7207.06982421875,7161.72021484375,7179.25,56381700
2024-11-29,7151.2998046875,7241.06982421875,7147.740234375,7235.10986328125,66530400
2024-12-02,7147.3701171875,7275.97021484375,7146.02001953125,7236.89013671875,98817900
2024-12-03,7244.740234375,7319.8701171875,7228.919921875,7255.419921875,73182500
2024-12-04,7261.72021484375,7322.85986328125,7257.43017578125,7303.27978515625,73097300
2024-12-05,7282.72021484375,7351.0,7282.72021484375,7330.5400390625,82651900
2024-12-06,7334.27001953125,7444.72021484375,7334.14013671875,7426.8798828125,72204700
2024-12-09,7484.5,7511.02001953125,7444.81005859375,7480.14013671875,70243900
2024-12-10,7458.2900390625,7460.22998046875,7384.8798828125,7394.77978515625,62092200
2024-12-11,7372.240234375,7437.580078125,7367.10986328125,7423.39990234375,62203700
2024-12-12,7454.7099609375,7455.2001953125,7410.72998046875,7420.93994140625,61838000
2024-12-13,7408.16015625,7460.60986328125,7388.60009765625,7409.56982421875,82858600
2024-12-16,7382.240234375,7394.33984375,7339.31005859375,7357.080078125,135807000
2024-12-17,7321.93994140625,7381.14013671875,7316.47998046875,7365.7001953125,94104400
2024-12-18,7379.330078125,7397.35009765625,7360.06005859375,7384.6201171875,81504900
2024-12-19,7289.10986328125,7326.81005859375,7261.27978515625,7294.3701171875,86813900
2024-12-20,7244.14990234375,7289.330078125,7194.490234375,7274.47998046875,156262400
2024-12-23,7259.3701171875,7291.68994140625,7233.18994140625,7272.31982421875,46296600
2024-12-24,7296.68994140625,7316.58984375,7282.68994140625,7282.68994140625,20579600
2024-12-27,7289.5400390625,7355.3701171875,7278.419921875,7355.3701171875,46195200
2024-12-30,7325.5,7372.64990234375,7299.39013671875,7313.56005859375,41887400
2024-12-31,7289.7900390625,7381.259765625,7287.14013671875,7380.740234375,23241400
2025-01-02,7374.58984375,7399.25,7285.2998046875,7393.759765625,52769000
2025-01-03,7387.97021484375,7387.97021484375,7270.56982421875,7282.22021484375,61578200
2025-01-06,7313.35986328125,7454.8701171875,7304.47021484375,7445.68994140625,78726100
2025-01-07,7451.33984375,7516.9501953125,7417.419921875,7489.35009765625,68128400
2025-01-08,7489.2001953125,7496.509765625,7396.68017578125,7452.419921875,68013600
2025-01-09,7421.2001953125,7504.10986328125,7413.14990234375,7490.27978515625,46769000
2025-01-10,7495.2099609375,7521.22021484375,7417.58984375,7431.0400390625,65416600
2025-01-13,7409.56005859375,7424.509765625,7353.0498046875,7408.64013671875,61436800
2025-01-14,7481.9501953125,7499.77001953125,7423.490234375,7423.669921875,75439900
2025-01-15,7447.39013671875,7514.91015625,7415.52001953125,7474.58984375,90347900
2025-01-16,7591.35009765625,7634.740234375,7567.669921875,7634.740234375,74666800
2025-01-17,7685.0400390625,7732.31982421875,7667.85009765625,7709.75,93238600
2025-01-20,7722.1201171875,7766.240234375,7707.2900390625,7733.5,66371900
2025-01-21,7724.33984375,7774.759765625,7713.259765625,7770.9501953125,62824400
2025-01-22,7783.2998046875,7873.97998046875,7773.64013671875,7837.39990234375,70350300
2025-01-23,7851.39990234375,7896.97021484375,7829.39990234375,7892.60986328125,67604300
2025-01-24,7958.919921875,7988.85009765625,7904.169921875,7927.6201171875,65431800
2025-01-27,7873.7001953125,7928.41015625,7844.41015625,7906.580078125,87932900
2025-01-28,7899.27978515625,7955.4599609375,7879.330078125,7897.3701171875,73336500
2025-01-29,7874.72021484375,7891.58984375,7848.759765625,7872.47998046875,61912300
2025-01-30,7904.47021484375,7951.85009765625,7889.22021484375,7941.64013671875,71722800
2025-01-31,7954.43017578125,7996.41015625,7928.83984375,7950.169921875,77134700
2025-02-03,7786.31982421875,7875.580078125,7785.8701171875,7854.919921875,85149300
2025-02-04,7870.2900390625,7915.52978515625,7808.10986328125,7906.39990234375,83795000
2025-02-05,7888.60009765625,7900.7099609375,7858.22021484375,7891.68017578125,63874400
2025-02-06,7918.35986328125,8024.8798828125,7906.35986328125,8007.6201171875,104325900
2025-02-07,7998.3798828125,8027.0498046875,7954.89990234375,7973.02978515625,86935500
2025-02-10,7977.759765625,8014.1298828125,7971.14990234375,8006.22021484375,69365400
2025-02-11,8013.009765625,8037.240234375,7995.64990234375,8028.89990234375,63982300
2025-02-12,8039.60986328125,8067.06982421875,7984.72021484375,8042.18994140625,83614200
2025-02-13,8120.81005859375,8176.1201171875,8091.419921875,8164.10986328125,100733100
2025-02-14,8164.6201171875,8212.6396484375,8155.4501953125,8178.5400390625,84064800
2025-02-17,8181.39990234375,8199.0400390625,8165.89990234375,8189.1298828125,57770100
2025-02-18,8205.9404296875,8225.1298828125,8160.60986328125,8206.5595703125,71132800
2025-02-19,8205.4404296875,8208.669921875,8097.14013671875,8110.5400390625,76876600
2025-02-20,8140.77978515625,8172.759765625,8107.31005859375,8122.580078125,80101800
2025-02-21,8138.240234375,8180.72021484375,8126.8701171875,8154.509765625,85167900
2025-02-24,8138.85986328125,8150.64013671875,8064.669921875,8090.990234375,70669300
2025-02-25,8065.35986328125,8107.10986328125,8043.1298828125,8051.06982421875,84120800
2025-02-26,8103.72998046875,8169.35009765625,8084.0498046875,8143.919921875,89949900
2025-02-27,8104.22998046875,8136.85986328125,8048.27001953125,8102.52001953125,93870400
2025-02-28,8047.0400390625,8111.6298828125,8031.47998046875,8111.6298828125,132221800
2025-03-03,8139.1298828125,8257.8798828125,8087.31005859375,8199.7099609375,91389800
2025-03-04,8112.1298828125,8136.27001953125,8001.14990234375,8047.919921875,109307000
2025-03-05,8174.080078125,8245.240234375,8151.47021484375,8173.75,114727300
2025-03-06,8226.1904296875,8229.4404296875,8103.5400390625,8197.669921875,111802200
2025-03-07,8163.2998046875,8177.85009765625,8066.14990234375,8120.7998046875,103415600
2025-03-10,8161.52978515625,8174.58984375,8039.35986328125,8047.60009765625,104956400
2025-03-11,8092.02001953125,8111.22021484375,7921.0498046875,7941.91015625,102843400
2025-03-12,8006.0400390625,8072.4501953125,7938.85009765625,7988.9599609375,89409700
2025-03-13,7983.56982421875,8032.64990234375,7927.830078125,7938.2099609375,82347100
2025-03-14,7924.22021484375,8044.43994140625,7916.580078125,8028.27978515625,80007200
2025-03-17,8034.22998046875,8087.60009765625,8010.7099609375,8073.97998046875,68242800
2025-03-18,8100.89013671875,8140.08984375,8090.6298828125,8114.56982421875,78614400
2025-03-19,8104.66015625,8181.85009765625,8096.5,8171.47021484375,67187300
2025-03-20,8164.08984375,8167.47998046875,8062.14013671875,8094.2001953125,71330200
2025-03-21,8062.27001953125,8075.43994140625,8010.259765625,8042.9501953125,145105800
2025-03-24,8104.7099609375,8114.4501953125,8002.33984375,8022.330078125,61431800
2025-03-25,8042.72998046875,8142.509765625,8042.72998046875,8108.58984375,66802100
2025-03-26,8121.990234375,8127.91015625,8025.2099609375,8030.68017578125,68178000
2025-03-27,7968.7998046875,8015.89013671875,7926.93017578125,7990.10986328125,71336700
2025-03-28,7949.22998046875,7975.5498046875,7894.6201171875,7916.080078125,74145700
2025-03-31,7849.31982421875,7853.2099609375,7753.740234375,7790.7099609375,93214500
2025-04-01,7837.4501953125,7884.35009765625,7814.72998046875,7876.35986328125,73679000
2025-04-02,7850.8798828125,7859.41015625,7792.97998046875,7858.830078125,66242600
2025-04-03,7689.60986328125,7740.91015625,7585.0,7598.97998046875,115848900
2025-04-04,7546.43017578125,7552.52001953125,7215.759765625,7274.9501953125,177451600
2025-04-07,6804.83984375,7285.72998046875,6763.759765625,6927.1201171875,197563800
2025-04-08,7036.169921875,7179.490234375,6952.1201171875,7100.419921875,118583500
2025-04-09,6902.419921875,6999.35009765625,6792.56982421875,6863.02001953125,122317100
2025-04-10,7296.5,7384.47021484375,7126.02001953125,7126.02001953125,125588200
2025-04-11,7191.47998046875,7204.60009765625,7007.6298828125,7104.7998046875,89406900
2025-04-14,7238.009765625,7308.759765625,7222.85986328125,7273.1201171875,77135600
2025-04-15,7255.06005859375,7344.2001953125,7239.72998046875,7335.39990234375,76652500
2025-04-16,7276.39013671875,7332.14013671875,7243.77001953125,7329.97021484375,69618700
2025-04-17,7311.91015625,7331.64013671875,7257.77001953125,7285.85986328125,60437800
2025-04-22,7284.7099609375,7326.47021484375,7218.2998046875,7326.47021484375,75618400
2025-04-23,7403.93017578125,7555.169921875,7403.93017578125,7482.35986328125,94945000
2025-04-24,7448.4599609375,7507.2998046875,7411.02978515625,7502.77978515625,70597400
2025-04-25,7565.35009765625,7574.25,7525.1298828125,7536.259765625,71766900
2025-04-28,7564.259765625,7618.5498046875,7564.259765625,7573.759765625,67007800
2025-04-29,7572.22998046875,7588.43017578125,7533.56982421875,7555.8701171875,69142800
2025-04-30,7586.64990234375,7609.31982421875,7512.22998046875,7593.8701171875,111554900
2025-05-02,7710.080078125,7779.7001953125,7679.009765625,7770.47998046875,80868800
2025-05-05,7735.58984375,7747.490234375,7713.16015625,7727.93017578125,46759300
2025-05-06,7743.06982421875,7746.27978515625,7647.77978515625,7696.919921875,60335900
2025-05-07,7668.18017578125,7678.9501953125,7613.2001953125,7626.83984375,61695900
2025-05-08,7657.02978515625,7719.830078125,7646.009765625,7694.43994140625,62217600
2025-05-09,7732.02001953125,7767.06982421875,7723.14013671875,7743.75,55902300
2025-05-12,7800.18017578125,7880.2900390625,7783.68994140625,7850.10009765625,86218100
2025-05-13,7842.7900390625,7879.39013671875,7840.85986328125,7873.830078125,57046800
2025-05-14,7875.39013671875,7877.740234375,7805.7001953125,7836.7900390625,66229500
2025-05-15,7806.1201171875,7853.47021484375,7800.3701171875,7853.47021484375,62402300
2025-05-16,7874.93017578125,7915.43017578125,7855.72021484375,7886.68994140625,67204200
2025-05-19,7854.10986328125,7883.6298828125,7824.419921875,7883.6298828125,56011100
2025-05-20,7899.85986328125,7955.52978515625,7878.56982421875,7942.419921875,65943600
2025-05-21,7913.740234375,7930.60986328125,7873.169921875,7910.490234375,57998400
2025-05-22,7870.56982421875,7887.10009765625,7807.0498046875,7864.43994140625,61205200
2025-05-23,7876.8701171875,7888.97021484375,7620.39990234375,7734.39990234375,79976100
2025-05-26,7833.1298828125,7840.2998046875,7799.81005859375,7828.1298828125,45804600
2025-05-27,7816.509765625,7856.39990234375,7808.1201171875,7826.7900390625,51608000
2025-05-28,7825.419921875,7853.66015625,7787.580078125,7788.10009765625,59924500
2025-05-29,7866.77001953125,7869.919921875,7779.72021484375,7779.72021484375,38396900
2025-05-30,7776.0400390625,7811.490234375,7747.89990234375,7751.89013671875,126162300
2025-06-02,7714.91015625,7744.27978515625,7668.89990234375,7737.2001953125,59191900
2025-06-03,7752.27978515625,7765.4599609375,7699.240234375,7763.83984375,58270900
2025-06-04,7795.06005859375,7843.2099609375,7779.35986328125,7804.669921875,60842600
2025-06-05,7811.18017578125,7848.08984375,7761.5400390625,7790.27001953125,53717400
2025-06-06,7794.8798828125,7815.0,7769.83984375,7804.8701171875,43299700
2025-06-09,7796.259765625,7812.72998046875,7772.08984375,7791.47021484375,39647500
2025-06-10,7784.580078125,7815.43994140625,7769.509765625,7804.330078125,61379600
2025-06-11,7810.83984375,7840.02001953125,7775.89990234375,7775.89990234375,58253000
2025-06-12,7741.0400390625,7783.64013671875,7698.22998046875,7765.10986328125,57177200
2025-06-13,7670.0400390625,7713.68017578125,7659.1298828125,7684.68017578125,74634100
2025-06-16,7706.83984375,7769.31982421875,7705.27978515625,7742.240234375,66005300
2025-06-17,7687.169921875,7702.75,7646.759765625,7683.72998046875,63015300
2025-06-18,7687.419921875,7710.14013671875,7641.1298828125,7656.1201171875,56555500
2025-06-19,7605.8798828125,7618.759765625,7553.4501953125,7553.4501953125,54333600
2025-06-20,7597.18017578125,7636.830078125,7575.990234375,7589.66015625,150191600
2025-06-23,7549.919921875,7597.93994140625,7505.27001953125,7537.56982421875,53135000
2025-06-24,7656.5400390625,7678.77978515625,7606.31982421875,7615.990234375,69697400
2025-06-25,7630.33984375,7658.5,7557.240234375,7558.16015625,53189500
2025-06-26,7587.240234375,7594.89990234375,7532.25,7557.31005859375,70187900
2025-06-27,7613.35009765625,7691.5498046875,7609.9599609375,7691.5498046875,60467400
2025-06-30,7714.56005859375,7714.56005859375,7660.77978515625,7665.91015625,63121500
2025-07-01,7674.5400390625,7675.68994140625,7612.39013671875,7662.58984375,56189700
2025-07-02,7710.72021484375,7770.4501953125,7674.22998046875,7738.419921875,64521800
2025-07-03,7763.25,7766.919921875,7717.06982421875,7754.5498046875,51421200
2025-07-04,7713.5400390625,7713.5400390625,7656.68994140625,7696.27001953125,39006400
2025-07-07,7704.2099609375,7730.97998046875,7682.1201171875,7723.47021484375,49271000
2025-07-08,7743.56982421875,7771.6201171875,7696.3798828125,7766.7099609375,54942400
2025-07-09,7799.330078125,7886.7900390625,7790.5498046875,7878.4599609375,59300100
2025-07-10,7909.85986328125,7940.6201171875,7885.8701171875,7902.25,52841500
2025-07-11,7873.43017578125,7881.18994140625,7815.18994140625,7829.2900390625,48937000
2025-07-14,7774.0400390625,7810.5498046875,7764.7998046875,7808.169921875,40409300
2025-07-15,7818.08984375,7836.1298828125,7766.2099609375,7766.2099609375,48694900
2025-07-16,7740.14990234375,7778.1298828125,7722.08984375,7722.08984375,64253700
2025-07-17,7794.419921875,7822.02001953125,7783.64990234375,7822.0,52115700
2025-07-18,7857.68994140625,7873.2998046875,7815.22998046875,7822.669921875,51242500
2025-07-21,7825.72998046875,7838.60986328125,7757.68017578125,7798.22021484375,47487000
2025-07-22,7775.0400390625,7782.66015625,7726.740234375,7744.41015625,47029700
2025-07-23,7839.7099609375,7869.9599609375,7816.27001953125,7850.43017578125,66792400
2025-07-24,7873.5,7898.02978515625,7797.27978515625,7818.27978515625,74863300
2025-07-25,7782.39013671875,7851.4599609375,7759.58984375,7834.580078125,59054700
2025-07-28,7924.52978515625,7931.14990234375,7794.66015625,7800.8798828125,54179100
2025-07-29,7834.83984375,7924.6201171875,7833.02001953125,7857.35986328125,57353300
2025-07-30,7856.009765625,7921.60986328125,7853.5400390625,7861.9599609375,51555900
2025-07-31,7876.58984375,7906.3701171875,7771.97021484375,7771.97021484375,84917700
2025-08-01,7676.39013671875,7691.1201171875,7523.60986328125,7546.16015625,91055600
2025-08-04,7582.77001953125,7632.77001953125,7571.759765625,7632.009765625,57746900
2025-08-05,7670.2001953125,7670.2001953125,7610.56982421875,7621.0400390625,48283700
2025-08-06,7658.919921875,7672.14990234375,7620.97021484375,7635.02978515625,46905700
2025-08-07,7651.39990234375,7737.6298828125,7645.2099609375,7709.31982421875,55875200
2025-08-08,7733.7099609375,7770.89013671875,7710.669921875,7743.0,50735400
2025-08-11,7764.240234375,7764.240234375,7694.33984375,7698.52001953125,41752100
2025-08-12,7730.22021484375,7759.740234375,7702.509765625,7753.419921875,45578600
2025-08-13,7775.22998046875,7819.68994140625,7769.06982421875,7804.97021484375,48809400
2025-08-14,7822.9501953125,7871.39013671875,7818.56982421875,7870.33984375,45938800
2025-08-15,7917.06005859375,7945.27001953125,7896.56005859375,7923.4501953125,45150600
2025-08-18,7929.419921875,7929.419921875,7856.89990234375,7884.0498046875,39333100
2025-08-19,7894.68994140625,7986.81005859375,7892.72021484375,7979.080078125,45661000
2025-08-20,7949.14013671875,8004.33984375,7932.06005859375,7973.02978515625,42249900
2025-08-21,7970.75,7970.75,7910.33984375,7938.2900390625,36764300
2025-08-22,7923.39013671875,7997.35009765625,7923.39013671875,7969.68994140625,40033500
2025-08-25,7943.0,7946.06982421875,7836.9599609375,7843.0400390625,48417900
2025-08-26,7726.240234375,7749.240234375,7668.080078125,7709.81005859375,131793500
2025-08-27,7718.2900390625,7765.169921875,7703.93017578125,7743.93017578125,57293600
2025-08-28,7770.68994140625,7833.0400390625,7734.9599609375,7762.60009765625,51176800
2025-08-29,7743.43994140625,7764.2900390625,7702.2099609375,7703.89990234375,53287000
2025-09-01,7724.9599609375,7744.64013671875,7697.81982421875,7707.89990234375,33581700
2025-09-02,7730.60986328125,7738.18017578125,7648.1298828125,7654.25,64400100
2025-09-03,7699.6201171875,7736.759765625,7671.52978515625,7719.7099609375,58857500
2025-09-04,7701.4599609375,7727.759765625,7676.83984375,7698.919921875,63711400
2025-09-05,7723.97021484375,7732.0400390625,7649.39990234375,7674.77978515625,55619600
2025-09-08,7706.7900390625,7745.0498046875,7682.31005859375,7734.83984375,47203800
2025-09-09,7750.919921875,7791.64990234375,7729.8798828125,7749.39013671875,49086400
2025-09-10,7774.35986328125,7823.33984375,7750.60009765625,7761.31982421875,51828200
2025-09-11,7781.7998046875,7848.3798828125,7773.56982421875,7823.52001953125,54251700
2025-09-12,7830.7001953125,7842.6201171875,7768.91015625,7825.240234375,48520500
2025-09-15,7848.2001953125,7935.31005859375,7843.4599609375,7896.93017578125,49857700
2025-09-16,7890.52978515625,7903.0400390625,7811.1201171875,7818.22021484375,59036100
2025-09-17,7841.5498046875,7846.08984375,7777.9599609375,7786.97998046875,53227000
2025-09-18,7822.56982421875,7887.10986328125,7818.740234375,7854.60986328125,56679400
2025-09-19,7873.3701171875,7934.919921875,7853.58984375,7853.58984375,138907700
2025-09-22,7847.759765625,7850.22021484375,7801.169921875,7830.10986328125,42599900
2025-09-23,7867.68994140625,7919.06982421875,7857.10986328125,7872.02001953125,48991400
2025-09-24,7871.22021484375,7872.56982421875,7810.0498046875,7827.4501953125,52936900
2025-09-25,7797.97021484375,7819.7001953125,7760.06982421875,7795.419921875,51878400
2025-09-26,7822.169921875,7875.0400390625,7821.25,7870.68017578125,52920700
2025-09-29,7899.02001953125,7901.22998046875,7870.47021484375,7880.8701171875,46221000
2025-09-30,7865.43994140625,7895.93994140625,7831.080078125,7895.93994140625,60290200
2025-10-01,7894.2900390625,7984.81982421875,7865.39990234375,7966.9501953125,63080400
2025-10-02,8025.5,8088.52978515625,8023.02001953125,8056.6298828125,64288600
2025-10-03,8093.009765625,8097.240234375,8040.35986328125,8081.5400390625,52963700
2025-10-06,8035.330078125,8035.72021484375,7909.4599609375,7971.77978515625,80272100
2025-10-07,7974.91015625,8005.740234375,7934.1298828125,7974.85009765625,55312500
2025-10-08,7983.3701171875,8070.64013671875,7983.3701171875,8060.1298828125,58212000
2025-10-09,8074.1201171875,8109.77001953125,8041.35986328125,8041.35986328125,50470000
2025-10-10,8049.56982421875,8082.52978515625,7905.830078125,7918.0,61196100
2025-10-13,7959.27001953125,7995.490234375,7902.1201171875,7934.259765625,47157200
2025-10-14,7862.91015625,7932.8798828125,7825.97021484375,7919.6201171875,61249500
2025-10-15,8029.97021484375,8130.72021484375,8024.5400390625,8077.0,72826600
2025-10-16,8093.4599609375,8188.58984375,8053.06982421875,8188.58984375,56494100
2025-10-17,8092.52978515625,8224.5595703125,8080.830078125,8174.2001953125,67602100
2025-10-20,8213.2001953125,8239.669921875,8151.35009765625,8206.0703125,62656300
2025-10-21,8206.349609375,8271.48046875,8198.26953125,8258.8603515625,58317200
2025-10-22,8222.73046875,8248.900390625,8193.349609375,8206.8701171875,61261000
2025-10-23,8225.4501953125,8257.4697265625,8215.5302734375,8225.7802734375,66578600
2025-10-24,8263.91015625,8263.91015625,8169.22998046875,8225.6298828125,55232000
2025-10-27,8237.2001953125,8252.6396484375,8202.7197265625,8239.1796875,46330600
2025-10-28,8219.5302734375,8243.6396484375,8204.009765625,8216.580078125,52319200
2025-10-29,8198.7099609375,8226.3203125,8186.009765625,8200.8798828125,51921600
2025-10-30,8180.35009765625,8206.83984375,8114.740234375,8157.2900390625,74718500
2025-10-31,8150.22021484375,8161.81005859375,8106.9501953125,8121.06982421875,60682000
2025-11-03,8118.83984375,8151.0,8094.41015625,8109.7900390625,47263500
2025-11-04,8014.47021484375,8067.580078125,7963.68994140625,8067.52978515625,54448200
2025-11-05,8008.06005859375,8097.83984375,8005.81982421875,8074.22998046875,49985700
2025-11-06,8016.669921875,8044.85986328125,7950.7998046875,7964.77001953125,62779100
2025-11-07,7986.06982421875,8000.990234375,7908.58984375,7950.18017578125,52404200
2025-11-10,8044.08984375,8077.18017578125,8017.47021484375,8055.509765625,52949300
2025-11-11,8080.60009765625,8169.7998046875,8078.22021484375,8156.22998046875,47538300
2025-11-12,8190.68017578125,8280.9697265625,8185.02978515625,8241.240234375,61916100
2025-11-13,8270.849609375,8314.23046875,8227.8798828125,8232.490234375,54230000
2025-11-14,8186.14013671875,8202.48046875,8084.22998046875,8170.08984375,54654300
2025-11-17,8155.93017578125,8176.10009765625,8109.81982421875,8119.02001953125,42960200
2025-11-18,8017.72998046875,8032.509765625,7925.06005859375,7967.93017578125,68564200
2025-11-19,7964.77001953125,8005.75,7919.35986328125,7953.77001953125,55042800
2025-11-20,8044.85009765625,8057.7001953125,7981.06982421875,7981.06982421875,60357000
2025-11-21,7881.10009765625,7996.4599609375,7875.8701171875,7982.64990234375,64784800
2025-11-24,8030.4599609375,8033.3798828125,7958.60986328125,7959.669921875,112183000
2025-11-25,7981.89013671875,8038.669921875,7942.72021484375,8025.7998046875,60730300
2025-11-26,8075.47021484375,8098.669921875,8027.60986328125,8096.43017578125,53500500
2025-11-27,8098.68017578125,8115.4599609375,8080.83984375,8099.47021484375,31913000
2025-11-28,8105.009765625,8132.169921875,8084.22998046875,8122.7099609375,42475900
2025-12-01,8078.39990234375,8114.14013671875,8043.81005859375,8097.0,53441200
2025-12-02,8084.77001953125,8135.7998046875,8072.06005859375,8074.60986328125,49999600
2025-12-03,8071.77978515625,8103.14013671875,8051.4501953125,8087.419921875,60034900
2025-12-04,8115.169921875,8137.64990234375,8098.08984375,8122.02978515625,60726200
2025-12-05,8148.06982421875,8160.81005859375,8114.740234375,8114.740234375,49530600
2025-12-08,8098.9599609375,8110.759765625,8080.85009765625,8108.43017578125,45305200
2025-12-09,8117.43017578125,8135.97998046875,8044.990234375,8052.509765625,50232800
2025-12-10,8035.08984375,8045.22021484375,8005.10986328125,8022.68994140625,50663900
2025-12-11,8046.169921875,8104.759765625,8009.0400390625,8085.759765625,57698900
2025-12-12,8100.52978515625,8155.39013671875,8068.6201171875,8068.6201171875,56113400
2025-12-15,8087.06982421875,8161.02978515625,8086.06982421875,8124.8798828125,57678300
2025-12-16,8114.39013671875,8150.22021484375,8086.7001953125,8106.16015625,61766000
2025-12-17,8116.259765625,8136.06982421875,8074.0400390625,8086.0498046875,54621500
2025-12-18,8087.43017578125,8166.72021484375,8086.58984375,8150.64013671875,62013200
2025-12-19,8131.240234375,8177.75,8131.06005859375,8151.3798828125,124305200
2025-12-22,8135.52001953125,8143.3798828125,8099.4501953125,8121.06982421875,36792900
2025-12-23,8120.080078125,8127.06982421875,8088.41015625,8103.85009765625,32689700
2025-12-24,8109.2998046875,8135.7099609375,8103.580078125,8103.580078125,8940000
2025-12-29,8127.58984375,8132.58984375,8087.47998046875,8112.02001953125,34001400
2025-12-30,8097.43994140625,8184.02978515625,8095.02001953125,8168.14990234375,28781500
2025-12-31,8147.0498046875,8149.5,8118.47998046875,8149.5,16721000
2026-01-02,8127.27001953125,8221.7802734375,8113.33984375,8195.2099609375,44149100
2026-01-05,8247.16015625,8253.8701171875,8174.43994140625,8211.5,51835400
2026-01-06,8216.580078125,8255.76953125,8158.08984375,8237.4296875,60302300
2026-01-07,8251.4404296875,8257.330078125,8211.6201171875,8233.919921875,58547000
2026-01-08,8210.900390625,8255.51953125,8203.7099609375,8243.4697265625,52767100
2026-01-09,8271.650390625,8362.08984375,8271.650390625,8362.08984375,60143000
2026-01-12,8342.3798828125,8378.08984375,8313.3095703125,8358.759765625,48217000
2026-01-13,8346.8095703125,8352.7998046875,8308.669921875,8347.2001953125,57006000
2026-01-14,8368.990234375,8396.7197265625,8327.2197265625,8330.9697265625,56945700
2026-01-15,8366.2998046875,8366.2998046875,8290.6103515625,8313.1201171875,50823000
2026-01-16,8304.4599609375,8313.6396484375,8234.26953125,8258.9404296875,59759000
2026-01-19,8125.509765625,8165.4599609375,8092.0498046875,8112.02001953125,48166100
2026-01-20,8054.240234375,8062.580078125,7996.58984375,8062.580078125,56758100
2026-01-21,8050.77001953125,8090.490234375,8014.14013671875,8069.169921875,61605600
2026-01-22,8163.56005859375,8190.080078125,8142.43994140625,8148.89013671875,63848100
2026-01-23,8116.81005859375,8156.0498046875,8095.0,8143.0498046875,51901000
2026-01-26,8130.5498046875,8159.2900390625,8106.06005859375,8131.14990234375,49897300
2026-01-27,8142.72998046875,8173.56982421875,8117.580078125,8152.81982421875,60299800
2026-01-28,8096.43017578125,8112.5,8020.75,8066.68017578125,58105900
2026-01-29,8127.9501953125,8145.43994140625,8068.93017578125,8071.35986328125,64808400
2026-01-30,8070.85986328125,8143.31982421875,8070.85986328125,8126.52978515625,63740300
2026-02-02,8084.91015625,8201.8798828125,8080.66015625,8181.169921875,57400400
2026-02-03,8219.259765625,8234.5,8129.330078125,8179.5,66506400
2026-02-04,8219.9599609375,8298.41015625,8203.26953125,8262.16015625,83480800
2026-02-05,8288.4697265625,8312.6796875,8193.2001953125,8238.169921875,72419400
2026-02-06,8214.849609375,8287.919921875,8175.08984375,8273.83984375,104872600
2026-02-09,8294.830078125,8323.2802734375,8258.75,8323.2802734375,65503700
2026-02-10,8348.8203125,8369.7099609375,8316.6103515625,8327.8798828125,67132400
2026-02-11,8344.25,8358.23046875,8277.9599609375,8313.240234375,83638500
2026-02-12,8432.150390625,8437.349609375,8332.73046875,8340.5595703125,84767100
2026-02-13,8315.5,8331.9599609375,8275.0400390625,8311.740234375,80704400
2026-02-16,8322.849609375,8354.75,8313.9404296875,8316.5,50019300
2026-02-17,8310.8896484375,8368.25,8292.1298828125,8361.4599609375,58135600
2026-02-18,8370.48046875,8438.51953125,8365.6298828125,8429.0302734375,68796900
2026-02-19,8412.25,8415.8798828125,8350.3603515625,8398.7802734375,72333000
2026-02-20,8442.1796875,8529.0,8421.1103515625,8515.490234375,72160200
2026-02-23,8496.33984375,8532.9501953125,8485.23046875,8497.169921875,58801900
2026-02-24,8471.4404296875,8548.2900390625,8461.8798828125,8519.2099609375,59104100
2026-02-25,8539.6201171875,8560.91015625,8528.6298828125,8559.0703125,61295000
2026-02-26,8568.759765625,8642.23046875,8562.8603515625,8620.9296875,75205600
2026-02-27,8609.4599609375,8638.9296875,8553.9404296875,8580.75,109240900
2026-03-02,8404.9501953125,8461.75,8378.1796875,8394.3203125,97231700
2026-03-03,8292.419921875,8298.3095703125,8086.68017578125,8103.83984375,111030800
2026-03-04,8122.60009765625,8210.41015625,8089.81005859375,8167.72998046875,80568200
2026-03-05,8135.06982421875,8215.01953125,8028.1298828125,8045.7998046875,80365500
2026-03-06,8083.669921875,8104.77001953125,7913.02001953125,7993.490234375,82534400
2026-03-09,7809.740234375,7929.52978515625,7768.10986328125,7915.35986328125,80316200
2026-03-10,8064.81982421875,8107.18994140625,7995.81005859375,8057.35986328125,81753500
2026-03-11,7992.66015625,8057.22021484375,7961.31982421875,8041.81005859375,61992200
2026-03-12,8006.72998046875,8037.830078125,7916.5,7984.43994140625,78924200
2026-03-13,7907.81982421875,8016.43017578125,7872.72998046875,7911.52978515625,70483500
2026-03-16,7921.02001953125,7968.64990234375,7856.60986328125,7935.97021484375,60060700
2026-03-17,7919.8701171875,8022.27001953125,7919.8701171875,7974.490234375,58874400
2026-03-18,8008.93017578125,8066.6201171875,7944.33984375,7969.8798828125,76335300
2026-03-19,7871.759765625,7887.9501953125,7774.43994140625,7807.8701171875,95463500
2026-03-20,7869.68017578125,7883.27001953125,7660.47021484375,7665.6201171875,0
