date,open,high,low,close,volume
2010-01-04,9.579999923706055,9.836999893188477,9.579999923706055,9.836999893188477,2435990
2010-01-05,9.795000076293945,9.904000282287598,9.734000205993652,9.829999923706055,1513688
2010-01-06,9.878999710083008,9.878999710083008,9.758000373840332,9.864999771118164,1334622
2010-01-07,9.774999618530273,9.914999961853027,9.6899995803833,9.869999885559082,1561600
2010-01-08,9.989999771118164,10.015999794006348,9.833000183105469,9.956999778747559,1556434
2010-01-11,10.100000381469727,10.1899995803833,9.958999633789062,9.97599983215332,1287460
2010-01-12,10.0,10.005999565124512,9.668999671936035,9.744000434875488,1238904
2010-01-13,9.711000442504883,9.800999641418457,9.668999671936035,9.784000396728516,745786
2010-01-14,9.871000289916992,9.890000343322754,9.739999771118164,9.857999801635742,705350
2010-01-15,9.890000343322754,9.97700023651123,9.520000457763672,9.53600025177002,1017439
2010-01-18,9.649999618530273,9.675000190734863,9.543999671936035,9.656000137329102,638334
2010-01-19,9.586000442504883,9.852999687194824,9.420999526977539,9.795999526977539,1650870
2010-01-20,9.708000183105469,9.8149995803833,9.350000381469727,9.418000221252441,2447247
2010-01-21,9.553999900817871,9.59000015258789,9.071000099182129,9.071000099182129,3771133
2010-01-22,9.003000259399414,9.09000015258789,8.753000259399414,8.885000228881836,5451327
2010-01-25,8.788999557495117,8.968000411987305,8.6850004196167,8.6850004196167,2184461
2010-01-26,8.598999977111816,8.857999801635742,8.550000190734863,8.857999801635742,2426585
2010-01-27,8.638999938964844,8.779999732971191,8.520000457763672,8.619999885559082,2439119
2010-01-28,8.807999610900879,8.833000183105469,8.312999725341797,8.312999725341797,3938757
2010-01-29,8.440999984741211,8.652000427246094,8.34000015258789,8.541999816894531,1991327
2010-02-01,8.399999618530273,8.67199993133545,8.361000061035156,8.63700008392334,3050128
2010-02-02,8.626999855041504,8.876999855041504,8.522000312805176,8.854999542236328,2264344
2010-02-03,8.878999710083008,8.9399995803833,8.720999717712402,8.75100040435791,1488489
2010-02-04,8.75,8.822999954223633,8.279999732971191,8.28600025177002,4828735
2010-02-05,8.237000465393066,8.237000465393066,7.741000175476074,7.741000175476074,10707404
2010-02-08,7.895999908447266,7.96999979019165,7.665999889373779,7.9079999923706055,3455171
2010-02-09,7.843999862670898,8.032999992370605,7.828000068664551,8.015999794006348,1733738
2010-02-10,8.050000190734863,8.222999572753906,7.959000110626221,8.027999877929688,3115698
2010-02-11,8.125,8.220000267028809,7.809999942779541,7.998000144958496,3575138
2010-02-12,8.107000350952148,8.15999984741211,7.800000190734863,7.89300012588501,2183667
2010-02-15,8.012999534606934,8.07800006866455,7.889999866485596,7.940999984741211,718274
2010-02-16,8.090999603271484,8.199000358581543,7.896999835968018,8.199000358581543,2335973
2010-02-17,8.329000473022461,8.529999732971191,8.329000473022461,8.430999755859375,3604691
2010-02-18,8.40999984741211,8.550000190734863,8.375,8.539999961853027,1196799
2010-02-19,8.37399959564209,8.649999618530273,8.369999885559082,8.623000144958496,1418481
2010-02-22,8.661999702453613,8.6899995803833,8.552000045776367,8.552000045776367,727112
2010-02-23,8.680000305175781,8.734999656677246,8.291000366210938,8.369999885559082,3092844
2010-02-24,8.383999824523926,8.45300006866455,8.253000259399414,8.39900016784668,1012606
2010-02-25,8.255999565124512,8.4350004196167,8.02299976348877,8.032999992370605,3250835
2010-02-26,8.199999809265137,8.36400032043457,8.086999893188477,8.36400032043457,1872216
2010-03-01,8.53600025177002,8.630000114440918,8.418999671936035,8.61400032043457,1418559
2010-03-02,8.619000434875488,8.807000160217285,8.597999572753906,8.807000160217285,2263824
2010-03-03,8.753999710083008,8.979999542236328,8.699999809265137,8.920000076293945,2047091
2010-03-04,8.812000274658203,8.982999801635742,8.79800033569336,8.87600040435791,1283852
2010-03-05,8.96500015258789,9.25,8.930000305175781,9.218999862670898,2381125
2010-03-08,9.267000198364258,9.300000190734863,9.21399974822998,9.22700023651123,3410136
2010-03-09,9.258000373840332,9.300000190734863,9.10099983215332,9.253000259399414,1686139
2010-03-10,9.243000030517578,9.440999984741211,9.22700023651123,9.38700008392334,1821895
2010-03-11,9.300000190734863,9.42199993133545,9.25100040435791,9.321999549865723,1190755
2010-03-12,9.36299991607666,9.470000267028809,9.295999526977539,9.32699966430664,2815320
2010-03-15,9.317000389099121,9.326000213623047,9.154999732971191,9.173999786376953,1100727
2010-03-16,9.284000396728516,9.440999984741211,9.25100040435791,9.380000114440918,1615843
2010-03-17,9.442000389099121,9.519000053405762,9.402000427246094,9.47599983215332,1179754
2010-03-18,9.414999961853027,9.503000259399414,9.309000015258789,9.390000343322754,847542
2010-03-19,9.454999923706055,9.494999885559082,9.232999801635742,9.3100004196167,1004141
2010-03-22,9.270999908447266,9.336000442504883,9.055999755859375,9.336000442504883,1521633
2010-03-23,9.34000015258789,9.494000434875488,9.333999633789062,9.439000129699707,1951083
2010-03-24,9.47599983215332,9.513999938964844,9.234000205993652,9.428000450134277,1527071
2010-03-25,9.473999977111816,9.710000038146973,9.449999809265137,9.67199993133545,1850958
2010-03-26,9.654999732971191,9.6850004196167,9.576000213623047,9.616000175476074,1622480
2010-03-29,9.670999526977539,9.753000259399414,9.529999732971191,9.657999992370605,1308499
2010-03-30,9.753000259399414,9.800000190734863,9.5649995803833,9.605999946594238,1919803
2010-03-31,9.609000205993652,9.66100025177002,9.390000343322754,9.531000137329102,1707566
2010-04-01,9.678999900817871,9.859999656677246,9.67300033569336,9.829999923706055,1619740
2010-04-06,9.904999732971191,9.977999687194824,9.793000221252441,9.930999755859375,805638
2010-04-07,9.902000427246094,9.913000106811523,9.758999824523926,9.779999732971191,1021404
2010-04-08,9.706999778747559,9.722999572753906,9.4350004196167,9.574999809265137,2000838
2010-04-09,9.729000091552734,9.895000457763672,9.729000091552734,9.890999794006348,973521
2010-04-12,10.0,10.050000190734863,9.8149995803833,9.904000282287598,1164934
2010-04-13,9.850000381469727,9.9350004196167,9.758999824523926,9.793999671936035,843732
2010-04-14,9.930999755859375,10.019000053405762,9.880999565124512,9.937000274658203,1214019
2010-04-15,9.972000122070312,10.0600004196167,9.833999633789062,9.991000175476074,983904
2010-04-16,9.843000411987305,10.064000129699707,9.53600025177002,9.623000144958496,2585140
2010-04-19,9.451000213623047,9.588000297546387,9.409000396728516,9.517999649047852,1239804
2010-04-20,9.616000175476074,9.795000076293945,9.520000457763672,9.762999534606934,1217832
2010-04-21,9.807999610900879,9.819999694824219,9.539999961853027,9.545000076293945,1299110
2010-04-22,9.529999732971191,9.678000450134277,9.206000328063965,9.29699993133545,2510161
2010-04-23,9.309000015258789,9.493000030517578,9.21500015258789,9.454999923706055,1793767
2010-04-26,9.663000106811523,9.722999572753906,9.550000190734863,9.621000289916992,1347224
2010-04-27,9.625,9.625,8.960000038146973,8.972999572753906,2840938
2010-04-28,8.82800006866455,8.920000076293945,8.458999633789062,8.6850004196167,7673329
2010-04-29,8.682000160217285,8.960000038146973,8.59000015258789,8.888999938964844,2661186
2010-04-30,8.836000442504883,8.968999862670898,8.619999885559082,8.793999671936035,3342680
2010-05-03,8.687000274658203,8.9399995803833,8.609999656677246,8.869999885559082,2313202
2010-05-04,8.920000076293945,8.9350004196167,8.225000381469727,8.279999732971191,6905041
2010-05-05,8.317000389099121,8.380000114440918,7.96999979019165,8.08899974822998,4829550
2010-05-06,7.946000099182129,8.258999824523926,7.710999965667725,7.8460001945495605,9887604
2010-05-07,7.442999839782715,7.730000019073486,6.979000091552734,7.8460001945495605,10769451
2010-05-10,7.867000102996826,8.390999794006348,7.800000190734863,8.390999794006348,7520784
2010-05-11,8.119999885559082,8.319999694824219,7.982999801635742,8.300000190734863,3996194
2010-05-12,8.081999778747559,8.597999572753906,8.057000160217285,8.449000358581543,5193153
2010-05-13,8.593999862670898,8.600000381469727,8.34000015258789,8.444000244140625,1487957
2010-05-14,8.37399959564209,8.37399959564209,7.679999828338623,7.744999885559082,6029952
2010-05-17,7.577000141143799,7.889999866485596,7.559000015258789,7.678999900817871,2474992
2010-05-18,7.857999801635742,8.069999694824219,7.789999961853027,7.945000171661377,1870449
2010-05-19,7.697000026702881,7.840000152587891,7.46999979019165,7.585999965667725,3701179
2010-05-20,7.704999923706055,7.809999942779541,7.019999980926514,7.294000148773193,4756354
2010-05-21,7.264999866485596,7.433000087738037,6.949999809265137,7.383999824523926,6574827
2010-05-24,7.478000164031982,7.501999855041504,7.182000160217285,7.355000019073486,2322153
2010-05-25,6.927000045776367,6.986999988555908,6.73199987411499,6.89900016784668,4429929
2010-05-26,7.120999813079834,7.369999885559082,7.111000061035156,7.203999996185303,3452156
2010-05-27,7.370999813079834,7.739999771118164,7.321000099182129,7.702000141143799,3230279
2010-05-28,7.789999961853027,7.829999923706055,7.636000156402588,7.698999881744385,4049722
2010-05-31,7.682000160217285,7.755000114440918,7.645999908447266,7.671999931335449,1506094
2010-06-01,7.540999889373779,7.73799991607666,7.295000076293945,7.658999919891357,6382808
2010-06-02,7.5289998054504395,7.675000190734863,7.366000175476074,7.639999866485596,3750836
2010-06-03,7.947999954223633,8.045000076293945,7.843999862670898,7.882999897003174,3313286
2010-06-04,7.9720001220703125,8.027000427246094,7.40500020980835,7.47599983215332,4591714
2010-06-07,7.242000102996826,7.4629998207092285,7.165999889373779,7.316999912261963,2463793
2010-06-08,7.348999977111816,7.374000072479248,7.017000198364258,7.177000045776367,3750593
2010-06-09,7.296999931335449,7.429999828338623,7.110000133514404,7.426000118255615,2804954
2010-06-10,7.317999839782715,7.789999961853027,7.260000228881836,7.691999912261963,3195139
2010-06-11,7.801000118255615,7.929999828338623,7.668000221252441,7.826000213623047,2877986
2010-06-14,8.038000106811523,8.206000328063965,8.003999710083008,8.173999786376953,2998175
2010-06-15,8.105999946594238,8.385000228881836,8.067000389099121,8.333000183105469,4078863
2010-06-16,8.413000106811523,8.449000358581543,8.244000434875488,8.399999618530273,2351791
2010-06-17,8.404000282287598,8.567000389099121,8.333000183105469,8.435999870300293,3134743
2010-06-18,8.440999984741211,8.524999618530273,8.343999862670898,8.446999549865723,1315812
2010-06-21,8.65999984741211,8.753999710083008,8.595999717712402,8.656000137329102,2838477
2010-06-22,8.545999526977539,8.609999656677246,8.373000144958496,8.52299976348877,2972222
2010-06-23,8.347000122070312,8.479999542236328,8.187999725341797,8.253999710083008,2817341
2010-06-24,8.34000015258789,8.355999946594238,7.8429999351501465,7.895999908447266,6016007
2010-06-25,7.949999809265137,7.986999988555908,7.682000160217285,7.760000228881836,3986945
2010-06-28,7.806000232696533,7.984000205993652,7.695000171661377,7.9710001945495605,3554095
2010-06-29,7.739999771118164,7.767000198364258,7.3420000076293945,7.389999866485596,5532393
2010-06-30,7.400000095367432,7.53000020980835,7.285999774932861,7.425000190734863,3318793
2010-07-01,7.214000225067139,7.27400016784668,6.940000057220459,7.026000022888184,6931458
2010-07-02,7.125999927520752,7.239999771118164,7.011000156402588,7.063000202178955,4055612
2010-07-05,7.1020002365112305,7.119999885559082,6.98799991607666,7.007999897003174,1134224
2010-07-06,7.065999984741211,7.4770002365112305,7.061999797821045,7.335000038146973,4342744
2010-07-07,7.163000106811523,7.574999809265137,7.099999904632568,7.565999984741211,4413980
2010-07-08,7.698999881744385,7.860000133514404,7.6570000648498535,7.7820000648498535,4050911
2010-07-09,7.918000221252441,7.932000160217285,7.806000232696533,7.855999946594238,2353087
2010-07-12,7.927000045776367,8.02400016784668,7.821000099182129,7.918000221252441,3166321
2010-07-13,7.934000015258789,8.222999572753906,7.925000190734863,8.194000244140625,4445389
2010-07-14,8.241999626159668,8.286999702453613,8.032999992370605,8.182999610900879,2940742
2010-07-15,8.137999534606934,8.276000022888184,7.9120001792907715,7.973999977111816,3174551
2010-07-16,8.053000450134277,8.100000381469727,7.578000068664551,7.63100004196167,4257140
2010-07-19,7.5929999351501465,7.769000053405762,7.534999847412109,7.577000141143799,2654912
2010-07-20,7.677999973297119,7.681000232696533,7.302000045776367,7.498000144958496,4113678
2010-07-21,7.664000034332275,7.802000045776367,7.579999923706055,7.599999904632568,4468066
2010-07-22,7.525000095367432,8.050000190734863,7.507999897003174,8.043000221252441,5651222
2010-07-23,7.960000038146973,8.14799976348877,7.934999942779541,8.0600004196167,3209086
2010-07-26,8.14799976348877,8.1850004196167,7.989999771118164,8.180999755859375,2470524
2010-07-27,8.298999786376953,8.4399995803833,8.24899959564209,8.305999755859375,5435157
2010-07-28,8.392000198364258,8.449000358581543,8.258999824523926,8.321999549865723,1769095
2010-07-29,8.383999824523926,8.53499984741211,8.234000205993652,8.234000205993652,2842355
2010-07-30,8.25,8.359999656677246,8.029999732971191,8.20199966430664,4315086
2010-08-02,8.369000434875488,8.670999526977539,8.324000358581543,8.657999992370605,2943079
2010-08-03,8.626999855041504,8.661999702453613,8.493000030517578,8.630999565124512,1250343
2010-08-04,8.60200023651123,8.788000106811523,8.505999565124512,8.699999809265137,2397386
2010-08-05,8.744999885559082,8.880000114440918,8.687999725341797,8.718000411987305,3079958
2010-08-06,8.791999816894531,8.84000015258789,8.42199993133545,8.51200008392334,3414082
2010-08-09,8.715999603271484,8.784000396728516,8.696999549865723,8.770999908447266,1161083
2010-08-10,8.722000122070312,8.741999626159668,8.470999717712402,8.565999984741211,2249653
2010-08-11,8.437999725341797,8.454999923706055,8.112000465393066,8.130000114440918,6243306
2010-08-12,8.123000144958496,8.180999755859375,7.945000171661377,8.10200023651123,4621583
2010-08-13,8.211999893188477,8.21500015258789,7.8979997634887695,8.055000305175781,4479705
2010-08-16,8.064000129699707,8.128999710083008,7.85699987411499,7.995999813079834,7129058
2010-08-17,8.07800006866455,8.277999877929688,8.060999870300293,8.267000198364258,5400896
2010-08-18,8.178999900817871,8.289999961853027,8.109999656677246,8.204000473022461,6236800
2010-08-19,8.289999961853027,8.336999893188477,7.874000072479248,7.90500020980835,10133858
2010-08-20,7.973999977111816,7.994999885559082,7.664999961853027,7.702000141143799,9872000
2010-08-23,7.739999771118164,7.933000087738037,7.698999881744385,7.806000232696533,6555598
2010-08-24,7.663000106811523,7.678999900817871,7.425000190734863,7.565999984741211,11733936
2010-08-25,7.514999866485596,7.598999977111816,7.239999771118164,7.4029998779296875,13167450
2010-08-26,7.539000034332275,7.558000087738037,7.410999774932861,7.495999813079834,7980084
2010-08-27,7.440000057220459,7.633999824523926,7.327000141143799,7.610000133514404,9819012
2010-08-30,7.696000099182129,7.698999881744385,7.52400016784668,7.550000190734863,6652430
2010-08-31,7.361999988555908,7.576000213623047,7.3379998207092285,7.552000045776367,8071322
2010-09-01,7.632999897003174,8.119999885559082,7.53000020980835,8.10200023651123,14399522
2010-09-02,8.015999794006348,8.199999809265137,8.0,8.140000343322754,11301020
2010-09-03,8.1899995803833,8.454000473022461,8.133999824523926,8.29699993133545,14315270
2010-09-06,8.383999824523926,8.395000457763672,8.314000129699707,8.347000122070312,1316840
2010-09-07,8.279000282287598,8.279000282287598,8.09000015258789,8.175999641418457,3173415
2010-09-08,8.173999786376953,8.364999771118164,8.055999755859375,8.317999839782715,3566948
2010-09-09,8.241999626159668,8.550000190734863,8.229000091552734,8.503999710083008,3641470
2010-09-10,8.42300033569336,8.553000450134277,8.413000106811523,8.520999908447266,3254255
2010-09-13,8.095999717712402,8.166000366210938,8.03499984741211,8.102999687194824,3443279
2010-09-14,8.100000381469727,8.17199993133545,8.01099967956543,8.130000114440918,2450973
2010-09-15,8.156999588012695,8.163999557495117,7.949999809265137,8.050000190734863,2248435
2010-09-16,8.041999816894531,8.095999717712402,7.9039998054504395,7.973999977111816,1708547
2010-09-17,8.145999908447266,8.222999572753906,7.801000118255615,7.914999961853027,4697953
2010-09-20,7.995999813079834,8.20199966430664,7.96999979019165,8.184000015258789,2492909
2010-09-21,8.173999786376953,8.347000122070312,8.15999984741211,8.166999816894531,2976741
2010-09-22,8.185999870300293,8.210000038146973,7.934000015258789,7.960000038146973,4566131
2010-09-23,8.083999633789062,8.114999771118164,7.664999961853027,7.869999885559082,6296636
2010-09-24,7.790999889373779,8.175999641418457,7.744999885559082,8.14900016784668,5185420
2010-09-27,8.180999755859375,8.234999656677246,8.074999809265137,8.09000015258789,2774277
2010-09-28,7.978000164031982,8.14799976348877,7.849999904632568,8.079999923706055,5560765
2010-09-29,8.13599967956543,8.223999977111816,7.909999847412109,7.949999809265137,5126147
2010-09-30,7.864999771118164,8.15999984741211,7.775000095367432,7.8420000076293945,6775240
2010-10-01,7.900000095367432,8.029999732971191,7.679999828338623,7.767000198364258,5779892
2010-10-04,7.729000091552734,7.736000061035156,7.550000190734863,7.593999862670898,6188604
2010-10-05,7.593999862670898,7.973999977111816,7.540999889373779,7.920000076293945,4485764
2010-10-06,7.995999813079834,8.133999824523926,7.989999771118164,8.069999694824219,4863705
2010-10-07,8.034000396728516,8.218999862670898,7.928999900817871,8.097000122070312,3916804
2010-10-08,8.092000007629395,8.107000350952148,7.925000190734863,8.069000244140625,5411398
2010-10-11,8.12399959564209,8.135000228881836,8.0600004196167,8.072999954223633,2235545
2010-10-12,7.906000137329102,8.029999732971191,7.788000106811523,8.010000228881836,7789689
2010-10-13,8.07800006866455,8.32800006866455,8.07800006866455,8.321000099182129,6410210
2010-10-14,8.345000267028809,8.40999984741211,8.267999649047852,8.295000076293945,3486593
2010-10-15,8.32699966430664,8.380000114440918,8.210000038146973,8.326000213623047,4018907
2010-10-18,8.270999908447266,8.399999618530273,8.204000473022461,8.36400032043457,2906743
2010-10-19,8.321000099182129,8.449999809265137,8.1899995803833,8.243000030517578,4560701
2010-10-20,8.173999786376953,8.354999542236328,8.152000427246094,8.34000015258789,3059994
2010-10-21,8.270000457763672,8.600000381469727,8.258999824523926,8.557999610900879,6197986
2010-10-22,8.477999687194824,8.595000267028809,8.460000038146973,8.505000114440918,2492633
2010-10-25,8.59000015258789,8.618000030517578,8.482000350952148,8.527000427246094,2071613
2010-10-26,8.465999603271484,8.496000289916992,8.28600025177002,8.430000305175781,4145531
2010-10-27,8.357999801635742,8.5,8.246999740600586,8.270000457763672,3282180
2010-10-28,8.378000259399414,8.489999771118164,8.295000076293945,8.36400032043457,2548035
2010-10-29,8.329999923706055,8.458000183105469,8.234999656677246,8.345999717712402,3328582
2010-11-01,8.461999893188477,8.520999908447266,8.255000114440918,8.383999824523926,3395979
2010-11-02,8.338000297546387,8.548999786376953,8.336000442504883,8.489999771118164,1846141
2010-11-03,8.53499984741211,8.597000122070312,8.350000381469727,8.395999908447266,3319773
2010-11-04,8.609999656677246,8.779999732971191,8.605999946594238,8.715999603271484,4987608
2010-11-05,8.77400016784668,8.800000190734863,8.605999946594238,8.713000297546387,3140683
2010-11-08,8.656000137329102,8.722999572753906,8.619000434875488,8.696999549865723,2569334
2010-11-09,8.663999557495117,8.904999732971191,8.647000312805176,8.833000183105469,2449735
2010-11-10,8.73900032043457,8.807000160217285,8.517999649047852,8.60099983215332,6705291
2010-11-11,8.656000137329102,8.656000137329102,8.430000305175781,8.508999824523926,4605404
2010-11-12,8.253999710083008,8.517999649047852,8.142000198364258,8.411999702453613,8445579
2010-11-15,8.333999633789062,8.607999801635742,8.265000343322754,8.555999755859375,3814281
2010-11-16,8.390000343322754,8.404999732971191,8.102999687194824,8.102999687194824,7533218
2010-11-17,8.083000183105469,8.267000198364258,8.079999923706055,8.232000350952148,5715096
2010-11-18,8.380000114440918,8.586000442504883,8.362000465393066,8.53600025177002,6029322
2010-11-19,8.600000381469727,8.600000381469727,8.380000114440918,8.52400016784668,3146449
2010-11-22,8.668999671936035,8.687999725341797,8.319999694824219,8.35200023651123,5731973
2010-11-23,8.25,8.28499984741211,7.934000015258789,7.934000015258789,12610902
2010-11-24,8.020999908447266,8.093999862670898,7.8470001220703125,8.043999671936035,7053007
2010-11-25,8.008000373840332,8.119999885559082,7.964000225067139,8.088000297546387,2908286
2010-11-26,7.935999870300293,8.02299976348877,7.77400016784668,7.949999809265137,7806773
2010-11-29,8.027999877929688,8.149999618530273,7.581999778747559,7.581999778747559,12301349
2010-11-30,7.63700008392334,7.6570000648498535,7.383999824523926,7.4679999351501465,10594850
2010-12-01,7.570000171661377,7.72599983215332,7.504000186920166,7.692999839782715,5180921
2010-12-02,7.785999774932861,8.053000450134277,7.616000175476074,8.027000427246094,12162518
2010-12-03,8.027999877929688,8.144000053405762,7.9120001792907715,8.020000457763672,8734190
2010-12-06,8.076000213623047,8.09000015258789,7.921999931335449,8.03600025177002,3862727
2010-12-07,8.121999740600586,8.392999649047852,8.062999725341797,8.289999961853027,13007676
2010-12-08,8.196000099182129,8.496000289916992,8.194999694824219,8.380000114440918,6168020
2010-12-09,8.479999542236328,8.53600025177002,8.402000427246094,8.48799991607666,4269457
2010-12-10,8.539999961853027,8.557999610900879,8.449000358581543,8.489999771118164,3177337
2010-12-13,8.557000160217285,8.697999954223633,8.539999961853027,8.640000343322754,5587896
2010-12-14,8.680000305175781,8.696000099182129,8.604000091552734,8.6899995803833,2967667
2010-12-15,8.652000427246094,8.657999992370605,8.529000282287598,8.600000381469727,4571146
2010-12-16,8.588000297546387,8.675999641418457,8.510000228881836,8.628000259399414,4088545
2010-12-17,8.67300033569336,8.704999923706055,8.529999732971191,8.545999526977539,4105128
2010-12-20,8.555000305175781,8.763999938964844,8.54800033569336,8.621999740600586,6017595
2010-12-21,8.720000267028809,8.838000297546387,8.684000015258789,8.786999702453613,4979392
2010-12-22,8.788000106811523,8.821999549865723,8.76200008392334,8.770999908447266,1659398
2010-12-23,8.763999938964844,8.781999588012695,8.630000114440918,8.729999542236328,2961943
2010-12-27,8.651000022888184,8.673999786376953,8.369999885559082,8.513999938964844,3645337
2010-12-28,8.592000007629395,8.597999572753906,8.4399995803833,8.508000373840332,2194923
2010-12-29,8.59000015258789,8.694999694824219,8.54699993133545,8.63599967956543,2659294
2010-12-30,8.685999870300293,8.685999870300293,8.411999702453613,8.470000267028809,3366166
2011-01-03,8.430000305175781,8.684000015258789,8.425999641418457,8.663000106811523,4752489
2011-01-04,8.690999984741211,8.86400032043457,8.618000030517578,8.734000205993652,4716259
2011-01-05,8.663999557495117,8.684000015258789,8.447999954223633,8.684000015258789,7964345
2011-01-06,8.72599983215332,8.866000175476074,8.640000343322754,8.682000160217285,6430124
2011-01-07,8.680000305175781,8.730999946594238,8.5,8.51099967956543,7932464
2011-01-10,8.39799976348877,8.418000221252441,8.1850004196167,8.246000289916992,6812974
2011-01-11,8.319999694824219,8.51200008392334,8.267000198364258,8.496000289916992,5473399
2011-01-12,8.539999961853027,8.857999801635742,8.539999961853027,8.857999801635742,6998034
2011-01-13,8.899999618530273,8.98900032043457,8.845999717712402,8.98900032043457,9048939
2011-01-14,8.923999786376953,9.0600004196167,8.887999534606934,9.020999908447266,6284008
2011-01-17,9.031999588012695,9.052000045776367,8.944000244140625,8.98799991607666,2093091
2011-01-18,9.071999549865723,9.170000076293945,9.065999984741211,9.142999649047852,5429066
2011-01-19,9.180000305175781,9.187999725341797,8.975000381469727,9.0,4278468
2011-01-20,8.984000205993652,9.045999526977539,8.868000030517578,8.930000305175781,5325982
2011-01-21,9.015999794006348,9.343999862670898,8.998000144958496,9.178000450134277,7272919
2011-01-24,9.210000038146973,9.256999969482422,9.097000122070312,9.243000030517578,5160654
2011-01-25,9.338000297546387,9.34000015258789,9.163999557495117,9.184000015258789,4433215
2011-01-26,9.289999961853027,9.38599967956543,9.267999649047852,9.293999671936035,5200079
2011-01-27,9.258000373840332,9.444000244140625,9.237000465393066,9.35200023651123,7522440
2011-01-28,9.29800033569336,9.418000221252441,9.086000442504883,9.086000442504883,8580081
2011-01-31,9.045999526977539,9.17199993133545,8.87399959564209,9.107999801635742,7503388
2011-02-01,9.251999855041504,9.430000305175781,9.170000076293945,9.401000022888184,6020403
2011-02-02,9.434000015258789,9.484000205993652,9.305999755859375,9.369000434875488,3420245
2011-02-03,9.345999717712402,9.35200023651123,9.118000030517578,9.22700023651123,5501153
2011-02-04,9.324999809265137,9.375,9.196000099182129,9.279999732971191,3411638
2011-02-07,9.359999656677246,9.524999618530273,9.331999778747559,9.482000350952148,5298163
2011-02-08,9.449999809265137,9.569999694824219,9.428000450134277,9.553999900817871,3953682
2011-02-09,9.520000457763672,9.619999885559082,9.489999771118164,9.498000144958496,3175786
2011-02-10,9.473999977111816,9.5,9.267999649047852,9.5,5726952
2011-02-11,9.446000099182129,9.630000114440918,9.246000289916992,9.543999671936035,5915952
2011-02-14,9.649999618530273,9.670000076293945,9.47700023651123,9.513999938964844,3079672
2011-02-15,9.489999771118164,9.612000465393066,9.470999717712402,9.567999839782715,2858890
2011-02-16,9.640000343322754,9.845000267028809,9.609999656677246,9.765999794006348,5068132
2011-02-17,9.791999816894531,9.817000389099121,9.65999984741211,9.767999649047852,2853071
2011-02-18,9.840999603271484,9.840999603271484,9.687000274658203,9.788000106811523,2004810
2011-02-21,9.751999855041504,9.819999694824219,9.470000267028809,9.508000373840332,7238741
2011-02-22,9.371999740600586,9.428000450134277,9.185999870300293,9.3149995803833,7340339
2011-02-23,9.256999969482422,9.345999717712402,9.100000381469727,9.131999969482422,6328731
2011-02-24,9.026000022888184,9.180000305175781,8.986000061035156,9.116999626159668,4997731
2011-02-25,9.097999572753906,9.447999954223633,9.097999572753906,9.380000114440918,6322254
2011-02-28,9.324000358581543,9.663000106811523,9.307999610900879,9.553999900817871,3808745
2011-03-01,9.644000053405762,9.727999687194824,9.312999725341797,9.366000175476074,4821060
2011-03-02,9.232000350952148,9.305000305175781,9.100000381469727,9.22599983215332,7749113
2011-03-03,9.307999610900879,9.503000259399414,9.23799991607666,9.333999633789062,5493154
2011-03-04,9.392000198364258,9.47599983215332,9.104999542236328,9.151000022888184,10014831
2011-03-07,9.057999610900879,9.28499984741211,9.020000457763672,9.020000457763672,5581597
2011-03-08,9.131999969482422,9.131999969482422,8.902000427246094,9.128000259399414,6661517
2011-03-09,9.128000259399414,9.21500015258789,8.989999771118164,9.031000137329102,6255075
2011-03-10,8.890000343322754,8.970000267028809,8.789999961853027,8.895999908447266,8209721
2011-03-11,8.725000381469727,8.840999603271484,8.680000305175781,8.741000175476074,6593721
2011-03-14,8.741999626159668,8.78600025177002,8.484999656677246,8.520000457763672,7190843
2011-03-15,8.173999786376953,8.276000022888184,7.791999816894531,8.104000091552734,16188135
2011-03-16,8.130000114440918,8.170000076293945,7.71999979019165,7.769000053405762,11081561
2011-03-17,7.861999988555908,8.145000457763672,7.7769999504089355,8.10099983215332,8262133
2011-03-18,8.206999778747559,8.425000190734863,8.16100025177002,8.223999977111816,8733773
2011-03-21,8.425999641418457,8.600000381469727,8.38599967956543,8.595999717712402,6607553
2011-03-22,8.609999656677246,8.706000328063965,8.47599983215332,8.562000274658203,4944019
2011-03-23,8.484000205993652,8.657999992370605,8.47700023651123,8.645999908447266,2592695
2011-03-24,8.541999816894531,8.899999618530273,8.515000343322754,8.883000373840332,6911379
2011-03-25,8.947999954223633,8.954999923706055,8.842000007629395,8.899999618530273,3380401
2011-03-28,8.878000259399414,8.979999542236328,8.84000015258789,8.906000137329102,2297992
2011-03-29,8.956000328063965,8.979999542236328,8.791999816894531,8.970000267028809,4819586
2011-03-30,9.137999534606934,9.154000282287598,9.069999694824219,9.130000114440918,4048978
2011-03-31,9.173999786376953,9.173999786376953,8.973999977111816,8.973999977111816,3016278
2011-04-01,9.088000297546387,9.270000457763672,9.03499984741211,9.26200008392334,3605455
2011-04-04,9.208000183105469,9.279999732971191,9.185999870300293,9.210000038146973,2046123
2011-04-05,9.173999786376953,9.220000267028809,9.074999809265137,9.199999809265137,2297481
2011-04-06,9.22599983215332,9.310999870300293,9.083999633789062,9.223999977111816,4099659
2011-04-07,9.274999618530273,9.333999633789062,9.119999885559082,9.142999649047852,2731530
2011-04-08,9.288000106811523,9.322999954223633,9.230999946594238,9.295000076293945,2080457
2011-04-11,9.241999626159668,9.251999855041504,9.126999855041504,9.189000129699707,2156289
2011-04-12,9.03600025177002,9.097999572753906,8.861000061035156,8.902000427246094,3758977
2011-04-13,8.986000061035156,9.140999794006348,8.937999725341797,9.031000137329102,2615885
2011-04-14,8.930000305175781,8.982999801635742,8.782999992370605,8.869999885559082,4633475
2011-04-15,8.87399959564209,8.90999984741211,8.78499984741211,8.892000198364258,2350409
2011-04-18,8.854000091552734,8.875,8.402000427246094,8.465999603271484,7398608
2011-04-19,8.555999755859375,8.687999725341797,8.539999961853027,8.597000122070312,2553077
2011-04-20,8.803999900817871,9.029999732971191,8.803999900817871,8.991000175476074,4943877
2011-04-21,9.064000129699707,9.147000312805176,9.03600025177002,9.097999572753906,2222906
2011-04-26,9.057999610900879,9.204999923706055,9.031999588012695,9.192000389099121,1704055
2011-04-27,9.190999984741211,9.366999626159668,9.145999908447266,9.300999641418457,2636472
2011-04-28,9.406000137329102,9.46399974822998,9.288999557495117,9.45300006866455,4083565
2011-04-29,9.46399974822998,9.550000190734863,9.428000450134277,9.534000396728516,2536832
2011-05-02,9.66100025177002,9.670000076293945,9.545999526977539,9.545999526977539,2424907
2011-05-03,9.519000053405762,9.529999732971191,9.362000465393066,9.49899959564209,2114020
2011-05-04,9.430999755859375,9.590999603271484,9.206999778747559,9.270000457763672,2618437
2011-05-05,9.293999671936035,9.359999656677246,9.045000076293945,9.154999732971191,5858829
2011-05-06,9.180000305175781,9.42300033569336,9.098999977111816,9.39799976348877,3740807
2011-05-09,9.302000045776367,9.390999794006348,9.086000442504883,9.156000137329102,4523143
2011-05-10,9.220000267028809,9.460000038146973,9.175000190734863,9.376999855041504,3198966
2011-05-11,9.407999992370605,9.503999710083008,9.37399959564209,9.432000160217285,3035162
2011-05-12,9.185999870300293,9.272000312805176,9.095000267028809,9.260000228881836,3468779
2011-05-13,9.368000030517578,9.458999633789062,9.206000328063965,9.23799991607666,3943017
2011-05-16,9.1850004196167,9.1850004196167,9.1850004196167,9.1850004196167,0
2011-05-17,9.118000030517578,9.253999710083008,8.970000267028809,8.97599983215332,5935897
2011-05-18,9.156000137329102,9.187999725341797,9.034000396728516,9.107999801635742,3185447
2011-05-19,9.246000289916992,9.428000450134277,9.12600040435791,9.333999633789062,4558013
2011-05-20,9.416000366210938,9.513999938964844,9.21399974822998,9.255000114440918,3451124
2011-05-23,9.010000228881836,9.100000381469727,8.944000244140625,8.973999977111816,5251540
2011-05-24,9.005999565124512,9.079999923706055,8.96399974822998,9.005000114440918,3616562
2011-05-25,8.866000175476074,9.095000267028809,8.85200023651123,9.052000045776367,3424134
2011-05-26,9.11400032043457,9.154999732971191,8.954999923706055,9.020999908447266,4468784
2011-05-27,9.25,9.28499984741211,9.109999656677246,9.152000427246094,4216732
2011-05-30,9.154000282287598,9.21500015258789,9.067000389099121,9.12399959564209,2091477
2011-05-31,9.293999671936035,9.460000038146973,9.293999671936035,9.420000076293945,4995644
2011-06-01,9.46399974822998,9.47700023651123,9.194999694824219,9.239999771118164,2742402
2011-06-02,9.03600025177002,9.079000473022461,8.907999992370605,8.907999992370605,5874390
2011-06-03,8.904000282287598,8.973999977111816,8.6899995803833,8.895999908447266,5304389
2011-06-06,8.815999984741211,8.883000373840332,8.739999771118164,8.805999755859375,3831643
2011-06-07,8.781999588012695,8.916000366210938,8.758000373840332,8.842000007629395,3380268
2011-06-08,8.791999816894531,8.791999816894531,8.621000289916992,8.692000389099121,4974620
2011-06-09,8.6899995803833,8.890000343322754,8.604000091552734,8.857999801635742,4479227
2011-06-10,8.84000015258789,8.883999824523926,8.527000427246094,8.567999839782715,6979394
2011-06-13,8.583000183105469,8.682999610900879,8.529999732971191,8.579999923706055,2419125
2011-06-14,8.704999923706055,8.89799976348877,8.696999549865723,8.833999633789062,4043648
2011-06-15,8.748000144958496,8.803999900817871,8.543000221252441,8.571000099182129,5037110
2011-06-16,8.4399995803833,8.526000022888184,8.28600025177002,8.512999534606934,7175603
2011-06-17,8.404000282287598,8.744000434875488,8.288000106811523,8.649999618530273,5341743
2011-06-20,8.369999885559082,8.574000358581543,8.36400032043457,8.564000129699707,4010096
2011-06-21,8.678999900817871,8.895999908447266,8.640999794006348,8.871999740600586,4407143
2011-06-22,8.866000175476074,8.916000366210938,8.777000427246094,8.854000091552734,2652531
2011-06-23,8.727999687194824,8.76200008392334,8.40999984741211,8.486000061035156,5707855
2011-06-24,8.736000061035156,8.829999923706055,8.414999961853027,8.477999687194824,6092378
2011-06-27,8.482999801635742,8.54800033569336,8.390000343322754,8.510000228881836,2745233
2011-06-28,8.576000213623047,8.831999778747559,8.555999755859375,8.765999794006348,4914588
2011-06-29,8.890999794006348,9.14799976348877,8.890000343322754,9.079999923706055,7666251
2011-06-30,9.157999992370605,9.355999946594238,9.095000267028809,9.35200023651123,7028412
2011-07-01,9.350000381469727,9.5600004196167,9.265999794006348,9.472000122070312,5765587
2011-07-04,9.472000122070312,9.498000144958496,9.428999900817871,9.465999603271484,2713045
2011-07-05,9.435999870300293,9.460000038146973,9.336000442504883,9.383999824523926,1274829
2011-07-06,9.355999946594238,9.383999824523926,9.194000244140625,9.288000106811523,3847663
2011-07-07,9.354000091552734,9.562000274658203,9.276000022888184,9.369999885559082,5211342
2011-07-08,9.45199966430664,9.46399974822998,9.055000305175781,9.0649995803833,4263542
2011-07-11,8.92199993133545,8.946999549865723,8.48799991607666,8.588000297546387,10417990
2011-07-12,8.279999732971191,8.472000122070312,7.909999847412109,8.413999557495117,13065904
2011-07-13,8.324000358581543,8.539999961853027,8.295999526977539,8.503999710083008,5040465
2011-07-14,8.338000297546387,8.454999923706055,8.27400016784668,8.307000160217285,2902124
2011-07-15,8.20199966430664,8.300000190734863,8.119999885559082,8.20199966430664,3539417
2011-07-18,7.99399995803833,8.057999610900879,7.8480000495910645,7.854000091552734,8999895
2011-07-19,7.947999954223633,8.107999801635742,7.929999828338623,8.064000129699707,4929969
2011-07-20,8.157999992370605,8.34000015258789,8.119999885559082,8.307000160217285,6528953
2011-07-21,8.428999900817871,8.694000244140625,8.125,8.585000038146973,8357940
2011-07-22,8.710000038146973,8.8149995803833,8.59000015258789,8.718999862670898,6520555
2011-07-25,8.574000358581543,8.722000122070312,8.54699993133545,8.574000358581543,6651862
2011-07-26,8.612000465393066,8.668999671936035,8.364999771118164,8.470000267028809,5098773
2011-07-27,8.35200023651123,8.392000198364258,8.114999771118164,8.227999687194824,6085903
2011-07-28,8.055999755859375,8.166000366210938,7.939000129699707,8.133999824523926,6622294
2011-07-29,7.888000011444092,8.029999732971191,7.72599983215332,7.946000099182129,7817472
2011-08-01,8.239999771118164,8.239999771118164,7.565999984741211,7.5879998207092285,8621623
2011-08-02,7.550000190734863,7.603000164031982,7.315999984741211,7.331999778747559,11451982
2011-08-03,7.0960001945495605,7.289000034332275,6.964000225067139,7.010000228881836,10281837
2011-08-04,7.199999809265137,7.203999996185303,6.440000057220459,6.4720001220703125,10017171
2011-08-05,6.127999782562256,6.822000026702881,6.127999782562256,6.320000171661377,10719101
2011-08-08,6.263000011444092,6.539000034332275,5.724999904632568,5.724999904632568,12000225
2011-08-09,5.841000080108643,6.01200008392334,5.181000232696533,5.910999774932861,15628900
2011-08-10,6.0960001945495605,6.119999885559082,5.26800012588501,5.26800012588501,16525249
2011-08-11,5.550000190734863,5.589000225067139,4.860000133514404,5.556000232696533,15641391
2011-08-12,5.486000061035156,6.021999835968018,5.300000190734863,5.982999801635742,12364712
2011-08-15,6.118000030517578,6.179999828338623,5.960000038146973,6.105000019073486,4461664
2011-08-16,5.986999988555908,6.072999954223633,5.820000171661377,6.065000057220459,4451702
2011-08-17,5.982999801635742,6.294000148773193,5.889999866485596,6.15500020980835,4602966
2011-08-18,5.961999893188477,6.050000190734863,5.315999984741211,5.498000144958496,9347048
2011-08-19,5.355000019073486,5.498000144958496,5.03000020980835,5.276000022888184,10844928
2011-08-22,5.25,5.611000061035156,5.230000019073486,5.375999927520752,8044487
2011-08-23,5.513000011444092,5.699999809265137,5.389999866485596,5.510000228881836,6793150
2011-08-24,5.610000133514404,5.804999828338623,5.480000019073486,5.688000202178955,5720405
2011-08-25,5.802000045776367,5.886000156402588,5.545000076293945,5.630000114440918,6368851
2011-08-26,5.636000156402588,5.636000156402588,5.242000102996826,5.513999938964844,7827439
2011-08-29,5.685999870300293,5.827000141143799,5.619999885559082,5.751999855041504,4191415
2011-08-30,5.861999988555908,5.895999908447266,5.6539998054504395,5.769999980926514,6438864
2011-08-31,5.872000217437744,6.1479997634887695,5.789999961853027,6.113999843597412,8352288
2011-09-01,6.156000137329102,6.2769999504089355,5.938000202178955,6.164000034332275,8117793
2011-09-02,5.9730000495910645,6.013999938964844,5.65500020980835,5.71999979019165,8684468
2011-09-05,5.49399995803833,5.50600004196167,5.111999988555908,5.23799991607666,18772886
2011-09-06,5.248000144958496,5.355000019073486,4.99399995803833,5.0879998207092285,11792027
2011-09-07,5.317999839782715,5.447999954223633,5.25,5.440000057220459,11150460
2011-09-08,5.434000015258789,5.599999904632568,5.340000152587891,5.482999801635742,18167394
2011-09-09,5.447999954223633,5.461999893188477,5.063000202178955,5.110000133514404,13544082
2011-09-12,4.7210001945495605,4.824999809265137,4.563000202178955,4.684000015258789,13333117
2011-09-13,4.802000045776367,4.835999965667725,4.392000198364258,4.785999774932861,13660867
2011-09-14,4.676000118255615,5.020999908447266,4.658999919891357,4.98799991607666,13676813
2011-09-15,5.0960001945495605,5.455999851226807,5.0269999504089355,5.323999881744385,9811095
2011-09-16,5.429999828338623,5.449999809265137,5.168000221252441,5.199999809265137,7429335
2011-09-19,5.039999961853027,5.110000133514404,4.908999919891357,4.9770002365112305,6426141
2011-09-20,4.920000076293945,5.150000095367432,4.9029998779296875,5.122000217437744,5668914
2011-09-21,5.052999973297119,5.099999904632568,4.932000160217285,4.984000205993652,5504937
2011-09-22,4.646999835968018,4.7170000076293945,4.401000022888184,4.443999767303467,11557685
2011-09-23,4.545000076293945,4.565000057220459,4.1539998054504395,4.520999908447266,17278844
2011-09-26,4.381999969482422,4.869999885559082,4.381999969482422,4.684000015258789,17068984
2011-09-27,4.906000137329102,5.203000068664551,4.869999885559082,5.196000099182129,11854503
2011-09-28,5.104000091552734,5.329999923706055,5.0279998779296875,5.118000030517578,8968729
2011-09-29,5.0960001945495605,5.349999904632568,5.084000110626221,5.218999862670898,9391730
2011-09-30,5.1479997634887695,5.210000038146973,4.949999809265137,5.033999919891357,6082914
2011-10-03,4.788000106811523,4.953000068664551,4.752999782562256,4.889999866485596,4568769
2011-10-04,4.72599983215332,4.738999843597412,4.491000175476074,4.636000156402588,9775061
2011-10-05,4.860000133514404,5.03000020980835,4.749000072479248,5.03000020980835,8064634
2011-10-06,5.144000053405762,5.355999946594238,5.098999977111816,5.355999946594238,9693959
2011-10-07,5.3480000495910645,5.550000190734863,5.294000148773193,5.429999828338623,8821241
2011-10-10,5.544000148773193,5.679999828338623,5.440000057220459,5.664999961853027,10846519
2011-10-11,5.610000133514404,5.6539998054504395,5.505000114440918,5.63700008392334,7372404
2011-10-12,5.570000171661377,5.947999954223633,5.5320000648498535,5.914999961853027,8475246
2011-10-13,5.895999908447266,5.999000072479248,5.686999797821045,5.755000114440918,6506434
2011-10-14,5.800000190734863,5.985000133514404,5.730000019073486,5.874000072479248,4628446
2011-10-17,5.952000141143799,6.050000190734863,5.624000072479248,5.682000160217285,7854881
2011-10-18,5.495999813079834,5.630000114440918,5.401000022888184,5.5980000495910645,6470324
2011-10-19,5.6620001792907715,5.745999813079834,5.573999881744385,5.659999847412109,7275259
2011-10-20,5.460000038146973,5.619999885559082,5.380000114440918,5.388000011444092,8075317
2011-10-21,5.466000080108643,5.685999870300293,5.418000221252441,5.666999816894531,6503103
2011-10-24,5.791999816894531,5.880000114440918,5.631999969482422,5.863999843597412,5875096
2011-10-25,5.822000026702881,5.894999980926514,5.599999904632568,5.690999984741211,5889070
2011-10-26,5.665999889373779,5.889999866485596,5.590000152587891,5.677999973297119,5718618
2011-10-27,6.119999885559082,6.406000137329102,5.984000205993652,6.396999835968018,14221164
2011-10-28,6.421000003814697,6.553999900817871,6.25600004196167,6.309000015258789,9479325
2011-10-31,6.156000137329102,6.169000148773193,5.909999847412109,5.909999847412109,7926020
2011-11-01,5.552000045776367,5.581999778747559,5.230000019073486,5.304999828338623,11715525
2011-11-02,5.441999912261963,5.50600004196167,5.210000038146973,5.426000118255615,9343811
2011-11-03,5.184000015258789,5.8429999351501465,5.179999828338623,5.710000038146973,11848445
2011-11-04,5.783999919891357,5.8379998207092285,5.423999786376953,5.461999893188477,8440939
2011-11-07,5.306000232696533,5.5329999923706055,5.210000038146973,5.39300012588501,7270750
2011-11-08,5.418000221252441,5.704999923706055,5.418000221252441,5.525000095367432,7609379
2011-11-09,5.63700008392334,5.669000148773193,5.184999942779541,5.290999889373779,7678755
2011-11-10,5.133999824523926,5.4720001220703125,5.125999927520752,5.270999908447266,8280634
2011-11-11,5.269999980926514,5.580999851226807,5.239999771118164,5.546999931335449,4512253
2011-11-14,5.650000095367432,5.695000171661377,5.34499979019165,5.413000106811523,6623092
2011-11-15,5.3470001220703125,5.379000186920166,5.139999866485596,5.210000038146973,6082530
2011-11-16,5.1620001792907715,5.389999866485596,5.150000095367432,5.263000011444092,5122071
2011-11-17,5.228000164031982,5.263000011444092,5.045000076293945,5.071000099182129,5836754
2011-11-18,5.0,5.133999824523926,4.973999977111816,5.03000020980835,5046831
2011-11-21,4.961999893188477,4.9679999351501465,4.686999797821045,4.690000057220459,7343823
2011-11-22,4.822999954223633,4.84499979019165,4.616000175476074,4.616000175476074,4366862
2011-11-23,4.511000156402588,4.644999980926514,4.451000213623047,4.451000213623047,6206560
2011-11-24,4.566999912261963,4.626999855041504,4.396999835968018,4.454999923706055,5849694
2011-11-25,4.465000152587891,4.605999946594238,4.35699987411499,4.563000202178955,7241175
2011-11-28,4.703999996185303,5.059000015258789,4.684999942779541,5.059000015258789,7960297
2011-11-29,4.984000205993652,5.177999973297119,4.922999858856201,5.104000091552734,5841372
2011-11-30,5.01200008392334,5.579999923706055,4.9770002365112305,5.5279998779296875,11249029
2011-12-01,5.526000022888184,5.591000080108643,5.414999961853027,5.456999778747559,6247454
2011-12-02,5.5960001945495605,5.710000038146973,5.525000095367432,5.568999767303467,6780805
2011-12-05,5.697000026702881,5.751999855041504,5.636000156402588,5.699999809265137,4662296
2011-12-06,5.604000091552734,5.72599983215332,5.572999954223633,5.630000114440918,3480107
2011-12-07,5.815000057220459,5.855000019073486,5.446000099182129,5.611999988555908,7873913
2011-12-08,5.742000102996826,5.742000102996826,5.311999797821045,5.323999881744385,6813109
2011-12-09,5.239999771118164,5.605000019073486,5.232999801635742,5.5980000495910645,7831830
2011-12-12,5.492000102996826,5.568999767303467,5.308000087738037,5.308000087738037,4698273
2011-12-13,5.3420000076293945,5.382999897003174,5.199999809265137,5.271999835968018,5336453
2011-12-14,5.172999858856201,5.247000217437744,4.923999786376953,4.923999786376953,7308362
2011-12-15,4.940999984741211,5.065000057220459,4.909999847412109,4.985000133514404,3445097
2011-12-16,5.000999927520752,5.045000076293945,4.888000011444092,4.8979997634887695,4039176
2011-12-19,4.829999923706055,5.046999931335449,4.829999923706055,4.927999973297119,2587666
2011-12-20,4.890999794006348,5.199999809265137,4.873000144958496,5.199999809265137,4532563
2011-12-21,5.307000160217285,5.423999786376953,5.078999996185303,5.111000061035156,5928808
2011-12-22,5.236000061035156,5.2829999923706055,5.184999942779541,5.250999927520752,2375341
2011-12-23,5.349999904632568,5.394999980926514,5.296000003814697,5.35099983215332,2054884
2011-12-27,5.4029998779296875,5.456999778747559,5.340000152587891,5.348999977111816,1761468
2011-12-28,5.35099983215332,5.452000141143799,5.242000102996826,5.242000102996826,5808090
2011-12-29,5.281000137329102,5.448999881744385,5.21999979019165,5.448999881744385,2511085
2011-12-30,5.486000061035156,5.539000034332275,5.40500020980835,5.525000095367432,3069378
2012-01-02,5.567999839782715,5.75600004196167,5.5329999923706055,5.75600004196167,3932780
2012-01-03,5.735000133514404,5.8520002365112305,5.659999847412109,5.836999893188477,4432040
2012-01-04,5.7820000648498535,5.840000152587891,5.638999938964844,5.660999774932861,5556116
2012-01-05,5.666999816894531,5.684000015258789,5.465000152587891,5.50600004196167,4752264
2012-01-06,5.565000057220459,5.639999866485596,5.406000137329102,5.458000183105469,2669127
2012-01-09,5.495999813079834,5.535999774932861,5.380000114440918,5.436999797821045,2340256
2012-01-10,5.572999954223633,5.747000217437744,5.5370001792907715,5.718999862670898,3712534
2012-01-11,5.701000213623047,5.806000232696533,5.605999946594238,5.688000202178955,3374668
2012-01-12,5.7220001220703125,5.869999885559082,5.639999866485596,5.672999858856201,4235443
2012-01-13,5.7789998054504395,5.834000110626221,5.504000186920166,5.663000106811523,5409338
2012-01-16,5.570000171661377,5.789999961853027,5.568999767303467,5.752999782562256,3093659
2012-01-17,5.885000228881836,6.004000186920166,5.829999923706055,5.921999931335449,4767286
2012-01-18,5.918000221252441,6.046999931335449,5.803999900817871,5.909999847412109,3813149
2012-01-19,5.998000144958496,6.138999938964844,5.939000129699707,6.116000175476074,5122330
2012-01-20,6.15500020980835,6.169000148773193,6.041999816894531,6.105000019073486,3274214
2012-01-23,6.103000164031982,6.21999979019165,6.080999851226807,6.171000003814697,3772813
2012-01-24,6.0960001945495605,6.117000102996826,6.0,6.1020002365112305,5417127
2012-01-25,6.170000076293945,6.175000190734863,5.974999904632568,6.068999767303467,4142077
2012-01-26,6.1479997634887695,6.2870001792907715,6.11299991607666,6.256999969482422,3663395
2012-01-27,6.184999942779541,6.28000020980835,6.09499979019165,6.09499979019165,2757371
2012-01-30,6.007999897003174,6.0289998054504395,5.894000053405762,5.894000053405762,3323068
2012-01-31,6.005000114440918,6.116000175476074,5.985000133514404,6.03000020980835,2980137
2012-02-01,6.114999771118164,6.28000020980835,6.103000164031982,6.256999969482422,3005835
2012-02-02,6.355000019073486,6.360000133514404,6.224999904632568,6.290999889373779,2641381
2012-02-03,6.2729997634887695,6.484000205993652,6.244999885559082,6.4629998207092285,3283154
2012-02-06,6.380000114440918,6.434000015258789,6.314000129699707,6.4039998054504395,2236133
2012-02-07,6.454999923706055,6.4670000076293945,6.304999828338623,6.431000232696533,2493434
2012-02-08,6.515999794006348,6.533999919891357,6.423999786376953,6.434999942779541,2920669
2012-02-09,6.486999988555908,6.571000099182129,6.433000087738037,6.478000164031982,3750382
2012-02-10,6.35099983215332,6.422999858856201,6.251999855041504,6.281000137329102,3053911
2012-02-13,6.39900016784668,6.434999942779541,6.25600004196167,6.317999839782715,1806287
2012-02-14,6.25,6.381999969482422,6.236999988555908,6.291999816894531,2066962
2012-02-15,6.3979997634887695,6.453999996185303,6.295000076293945,6.3520002365112305,1641120
2012-02-16,6.25,6.349999904632568,6.202000141143799,6.349999904632568,1592042
2012-02-17,6.486000061035156,6.567999839782715,6.465000152587891,6.520999908447266,2396373
2012-02-20,6.607999801635742,6.6570000648498535,6.578000068664551,6.642000198364258,2786320
2012-02-21,6.6529998779296875,6.675000190734863,6.5279998779296875,6.625,2072728
2012-02-22,6.656000137329102,6.6579999923706055,6.539999961853027,6.553999900817871,1504677
2012-02-23,6.521999835968018,6.635000228881836,6.466000080108643,6.556000232696533,2584099
2012-02-24,6.6479997634887695,6.660999774932861,6.577000141143799,6.633999824523926,1349425
2012-02-27,6.556000232696533,6.576000213623047,6.420000076293945,6.538000106811523,2479417
2012-02-28,6.576000213623047,6.610000133514404,6.46999979019165,6.579999923706055,2133694
2012-02-29,6.630000114440918,6.711999893188477,6.557000160217285,6.559999942779541,2181830
2012-03-01,6.533999919891357,6.755000114440918,6.480000019073486,6.747000217437744,2286550
2012-03-02,6.765999794006348,6.804999828338623,6.728000164031982,6.744999885559082,1707406
2012-03-05,6.689000129699707,6.748000144958496,6.610000133514404,6.699999809265137,2197558
2012-03-06,6.635000228881836,6.6539998054504395,6.236999988555908,6.236999988555908,6437090
2012-03-07,6.260000228881836,6.3470001220703125,6.2210001945495605,6.329999923706055,2234638
2012-03-08,6.419000148773193,6.650000095367432,6.409999847412109,6.650000095367432,2576134
2012-03-09,6.6570000648498535,6.761000156402588,6.593999862670898,6.684000015258789,2266630
2012-03-12,6.639999866485596,6.710999965667725,6.610000133514404,6.696000099182129,956329
2012-03-13,6.7829999923706055,6.927999973297119,6.769999980926514,6.920000076293945,3041015
2012-03-14,6.991000175476074,7.065999984741211,6.9730000495910645,6.98199987411499,2084974
2012-03-15,6.9629998207092285,7.047999858856201,6.942999839782715,7.044000148773193,1690557
2012-03-16,7.034999847412109,7.120999813079834,7.01200008392334,7.0980000495910645,2335136
2012-03-19,7.052999973297119,7.065999984741211,6.995999813079834,7.060999870300293,2882056
2012-03-20,6.998000144958496,6.998000144958496,6.843999862670898,6.885000228881836,2718177
2012-03-21,6.955999851226807,7.00600004196167,6.76200008392334,6.86299991607666,1849981
2012-03-22,6.791999816894531,6.808000087738037,6.580999851226807,6.639999866485596,2715664
2012-03-23,6.6620001792907715,6.715000152587891,6.48799991607666,6.670000076293945,3955741
2012-03-26,6.730000019073486,6.7870001792907715,6.585999965667725,6.752999782562256,2608317
2012-03-27,6.809999942779541,6.889999866485596,6.61299991607666,6.633999824523926,2891626
2012-03-28,6.604000091552734,6.690000057220459,6.480999946594238,6.480999946594238,2755488
2012-03-29,6.449999809265137,6.5,6.269999980926514,6.296000003814697,4602179
2012-03-30,6.400000095367432,6.4770002365112305,6.355000019073486,6.4629998207092285,2465516
2012-04-02,6.48199987411499,6.599999904632568,6.348999977111816,6.598999977111816,3085471
2012-04-03,6.573999881744385,6.635000228881836,6.375999927520752,6.375999927520752,3005773
2012-04-04,6.331999778747559,6.331999778747559,6.019999980926514,6.043000221252441,7332171
2012-04-05,6.099999904632568,6.125999927520752,5.9070000648498535,6.054999828338623,4832180
2012-04-10,5.900000095367432,5.952000141143799,5.684000015258789,5.684000015258789,4352018
2012-04-11,5.701000213623047,5.869999885559082,5.633999824523926,5.750999927520752,3879128
2012-04-12,5.76200008392334,5.89300012588501,5.646999835968018,5.863999843597412,5461786
2012-04-13,5.863999843597412,5.863999843597412,5.52400016784668,5.589000225067139,3403683
2012-04-16,5.525000095367432,5.771999835968018,5.525000095367432,5.624000072479248,3658992
2012-04-17,5.619999885559082,5.934000015258789,5.619999885559082,5.913000106811523,2813632
2012-04-18,5.881999969482422,5.932000160217285,5.690999984741211,5.739999771118164,5927906
2012-04-19,5.818999767303467,5.894000053405762,5.510000228881836,5.513000011444092,4851988
2012-04-20,5.5,5.618000030517578,5.451000213623047,5.567999839782715,4023502
2012-04-23,5.410999774932861,5.435999870300293,5.210999965667725,5.25,4802328
2012-04-24,5.304999828338623,5.513000011444092,5.276000022888184,5.479000091552734,4563374
2012-04-25,5.552000045776367,5.801000118255615,5.538000106811523,5.724999904632568,3354877
2012-04-26,5.7230000495910645,5.811999797821045,5.570000171661377,5.710000038146973,2696492
2012-04-27,5.545000076293945,5.909999847412109,5.535999774932861,5.8429999351501465,4242048
2012-04-30,5.867000102996826,5.869999885559082,5.645999908447266,5.659999847412109,2837198
2012-05-02,5.840000152587891,5.853000164031982,5.650000095367432,5.7210001945495605,2112415
2012-05-03,5.795000076293945,5.882999897003174,5.6539998054504395,5.714000225067139,3493516
2012-05-04,5.690999984741211,5.7779998779296875,5.502999782562256,5.541999816894531,3092957
2012-05-07,5.386000156402588,5.751999855041504,5.3429999351501465,5.7270002365112305,3001445
2012-05-08,5.614999771118164,5.663000106811523,5.375999927520752,5.429999828338623,3696930
2012-05-09,5.456999778747559,5.507999897003174,5.256999969482422,5.3460001945495605,4083345
2012-05-10,5.489999771118164,5.559999942779541,5.306000232696533,5.504000186920166,3236806
2012-05-11,5.440000057220459,5.550000190734863,5.348999977111816,5.53000020980835,3741426
2012-05-14,5.34499979019165,5.377999782562256,5.204999923706055,5.300000190734863,3941038
2012-05-15,5.375999927520752,5.421999931335449,5.130000114440918,5.22599983215332,5503841
2012-05-16,5.1620001792907715,5.360000133514404,5.072000026702881,5.238999843597412,4134021
2012-05-17,5.241000175476074,5.24399995803833,5.085000038146973,5.118000030517578,2625361
2012-05-18,5.03000020980835,5.190000057220459,4.980999946594238,5.104000091552734,4035999
2012-05-21,5.076000213623047,5.242000102996826,5.039999961853027,5.173999786376953,2549327
2012-05-22,5.275000095367432,5.420000076293945,5.206999778747559,5.349999904632568,4251035
2012-05-23,5.230999946594238,5.2820000648498535,5.074999809265137,5.111999988555908,5642248
2012-05-24,5.199999809265137,5.2789998054504395,5.050000190734863,5.2220001220703125,3744783
2012-05-25,5.289000034332275,5.335000038146973,5.146999835968018,5.250999927520752,2399573
2012-05-28,5.377999782562256,5.389999866485596,5.208000183105469,5.242000102996826,2279929
2012-05-29,5.361999988555908,5.435999870300293,5.21999979019165,5.377999782562256,3222670
2012-05-30,5.2820000648498535,5.389999866485596,5.130000114440918,5.181000232696533,4606873
2012-05-31,5.195000171661377,5.261000156402588,5.067999839782715,5.166999816894531,4413133
2012-06-01,5.190000057220459,5.208000183105469,4.855000019073486,4.943999767303467,7940969
2012-06-04,4.922999858856201,5.079999923706055,4.88700008392334,4.9720001220703125,6167876
2012-06-05,5.050000190734863,5.111999988555908,4.9730000495910645,5.067999839782715,1986780
2012-06-06,5.156000137329102,5.34499979019165,5.124000072479248,5.300000190734863,3763706
2012-06-07,5.359000205993652,5.48199987411499,5.335000038146973,5.360000133514404,4930339
2012-06-08,5.275000095367432,5.36299991607666,5.199999809265137,5.321000099182129,2694638
2012-06-11,5.513000011444092,5.579999923706055,5.295000076293945,5.308000087738037,4457243
2012-06-12,5.334000110626221,5.3979997634887695,5.204999923706055,5.318999767303467,2303753
2012-06-13,5.353000164031982,5.4070000648498535,5.197999954223633,5.260000228881836,2735837
2012-06-14,5.257999897003174,5.276000022888184,5.132999897003174,5.269000053405762,3064833
2012-06-15,5.3520002365112305,5.480000019073486,5.330999851226807,5.455999851226807,3592447
2012-06-18,5.623000144958496,5.629000186920166,5.363999843597412,5.414000034332275,3913081
2012-06-19,5.434000015258789,5.593999862670898,5.355000019073486,5.577000141143799,2644621
2012-06-20,5.5879998207092285,5.635000228881836,5.521999835968018,5.61899995803833,2070545
2012-06-21,5.577000141143799,5.710000038146973,5.517000198364258,5.567999839782715,2912144
2012-06-22,5.440000057220459,5.567999839782715,5.429999828338623,5.489999771118164,2968623
2012-06-25,5.418000221252441,5.418000221252441,5.190000057220459,5.245999813079834,4338771
2012-06-26,5.28000020980835,5.290999889373779,5.179999828338623,5.206999778747559,2768374
2012-06-27,5.241000175476074,5.380000114440918,5.198999881744385,5.375,3283670
2012-06-28,5.409999847412109,5.409999847412109,5.235000133514404,5.343999862670898,3216607
2012-06-29,5.670000076293945,5.8420000076293945,5.554999828338623,5.8420000076293945,7055741
2012-07-02,5.835000038146973,6.057000160217285,5.809999942779541,6.002999782562256,7952774
2012-07-03,6.048999786376953,6.123000144958496,6.020999908447266,6.123000144958496,3833718
2012-07-04,6.090000152587891,6.122000217437744,6.039999961853027,6.114999771118164,4771123
2012-07-05,6.111999988555908,6.204999923706055,5.9019999504089355,5.974999904632568,4911091
2012-07-06,5.913000106811523,5.96999979019165,5.752999782562256,5.752999782562256,2265326
2012-07-09,5.743000030517578,5.7769999504089355,5.644000053405762,5.7170000076293945,1582709
2012-07-10,5.735000133514404,5.885000228881836,5.690000057220459,5.7779998779296875,2442173
2012-07-11,5.673999786376953,5.7870001792907715,5.664999961853027,5.714000225067139,1484049
2012-07-12,5.644000053405762,5.715000152587891,5.559999942779541,5.633999824523926,2330482
2012-07-13,5.684000015258789,5.795000076293945,5.633999824523926,5.785999774932861,1978756
2012-07-16,5.749000072479248,5.800000190734863,5.697000026702881,5.7820000648498535,1324596
2012-07-17,5.814000129699707,5.875,5.73799991607666,5.7769999504089355,1487206
2012-07-18,5.853000164031982,5.985000133514404,5.831999778747559,5.985000133514404,2048041
2012-07-19,6.0320000648498535,6.10699987411499,5.995999813079834,6.089000225067139,1746577
2012-07-20,6.053999900817871,6.085000038146973,5.826000213623047,5.829999923706055,3660310
2012-07-23,5.716000080108643,5.7210001945495605,5.443999767303467,5.5,3241312
2012-07-24,5.548999786376953,5.554999828338623,5.40500020980835,5.406000137329102,2563523
2012-07-25,5.409999847412109,5.5329999923706055,5.375,5.433000087738037,1722313
2012-07-26,5.434000015258789,5.849999904632568,5.380000114440918,5.826000213623047,4760182
2012-07-27,5.9079999923706055,6.129000186920166,5.810999870300293,6.124000072479248,3803982
2012-07-30,6.191999912261963,6.320000171661377,6.160999774932861,6.267000198364258,3650760
2012-07-31,6.256999969482422,6.3379998207092285,6.170000076293945,6.176000118255615,3037047
2012-08-01,6.228000164031982,6.309000015258789,6.185999870300293,6.291999816894531,2605226
2012-08-02,6.270999908447266,6.489999771118164,5.951000213623047,5.951000213623047,4349603
2012-08-03,5.986000061035156,6.449999809265137,5.96999979019165,6.449999809265137,3657569
2012-08-06,6.414999961853027,6.626999855041504,6.4019999504089355,6.561999797821045,3805511
2012-08-07,6.558000087738037,6.76800012588501,6.558000087738037,6.765999794006348,3003469
2012-08-08,6.758999824523926,6.764999866485596,6.642000198364258,6.7210001945495605,2272462
2012-08-09,6.791999816894531,6.811999797821045,6.645999908447266,6.783999919891357,2530952
2012-08-10,6.710999965667725,6.724999904632568,6.611999988555908,6.689000129699707,1178270
2012-08-13,6.671000003814697,6.763000011444092,6.5980000495910645,6.6539998054504395,2588284
2012-08-14,6.745999813079834,6.789000034332275,6.686999797821045,6.757999897003174,1308681
2012-08-15,6.681000232696533,6.804999828338623,6.64900016784668,6.748000144958496,1653589
2012-08-16,6.73799991607666,6.860000133514404,6.704999923706055,6.860000133514404,1767236
2012-08-17,6.901000022888184,6.946000099182129,6.8480000495910645,6.895999908447266,1802236
2012-08-20,6.90500020980835,6.96999979019165,6.7870001792907715,6.873000144958496,1920805
2012-08-21,6.943999767303467,7.040999889373779,6.925000190734863,7.007999897003174,1612436
2012-08-22,6.892000198364258,6.953999996185303,6.801000118255615,6.801000118255615,2030305
2012-08-23,6.916999816894531,6.920000076293945,6.611000061035156,6.678999900817871,1926864
2012-08-24,6.679999828338623,6.718999862670898,6.535999774932861,6.684999942779541,2104660
2012-08-27,6.625,6.794000148773193,6.605999946594238,6.789999961853027,1670460
2012-08-28,6.711999893188477,6.770999908447266,6.631999969482422,6.666999816894531,1437097
2012-08-29,6.677000045776367,6.686999797821045,6.561999797821045,6.598999977111816,1672146
2012-08-30,6.578000068664551,6.60699987411499,6.443999767303467,6.485000133514404,1298695
2012-08-31,6.452000141143799,6.682000160217285,6.445000171661377,6.5879998207092285,1629746
2012-09-03,6.550000190734863,6.749000072479248,6.550000190734863,6.749000072479248,1759293
2012-09-04,6.738999843597412,6.75,6.534999847412109,6.545000076293945,2502182
2012-09-05,6.553999900817871,6.650000095367432,6.435999870300293,6.572000026702881,2918904
2012-09-06,6.631999969482422,6.96999979019165,6.598999977111816,6.9679999351501465,4718348
2012-09-07,7.064000129699707,7.196000099182129,7.010000228881836,7.0279998779296875,3156529
2012-09-10,7.040999889373779,7.059999942779541,6.961999893188477,6.979000091552734,1255353
2012-09-11,6.929999828338623,7.104000091552734,6.864999771118164,7.099999904632568,1729340
2012-09-12,7.116000175476074,7.255000114440918,7.019999980926514,7.125,3692231
2012-09-13,7.113999843597412,7.113999843597412,6.921999931335449,6.954999923706055,1955124
2012-09-14,7.236999988555908,7.297999858856201,7.165999889373779,7.2729997634887695,3502519
2012-09-17,7.2170000076293945,7.239999771118164,7.15500020980835,7.163000106811523,1404189
2012-09-18,7.066999912261963,7.103000164031982,6.948999881744385,7.0,3228645
2012-09-19,7.089000225067139,7.104000091552734,6.954999923706055,7.063000202178955,1663465
2012-09-20,6.948999881744385,7.025000095367432,6.88100004196167,6.986000061035156,2326019
2012-09-21,7.056000232696533,7.105000019073486,6.960000038146973,7.064000129699707,2309929
2012-09-24,6.984000205993652,7.014999866485596,6.894999980926514,6.956999778747559,1584580
2012-09-25,6.959000110626221,7.070000171661377,6.888000011444092,7.0320000648498535,1767156
2012-09-26,6.864999771118164,6.880000114440918,6.6519999504089355,6.6579999923706055,3636093
2012-09-27,6.75,6.770999908447266,6.670000076293945,6.739999771118164,1790809
2012-09-28,6.809000015258789,6.818999767303467,6.434999942779541,6.434999942779541,3819584
2012-10-01,6.429999828338623,6.7270002365112305,6.422999858856201,6.709000110626221,3888677
2012-10-02,6.572999954223633,6.771999835968018,6.546999931335449,6.629000186920166,1561077
2012-10-03,6.5320000648498535,6.656000137329102,6.489999771118164,6.5920000076293945,2338599
2012-10-04,6.691999912261963,6.695000171661377,6.525000095367432,6.577000141143799,2547183
2012-10-05,6.651000022888184,6.814000129699707,6.61899995803833,6.7870001792907715,1886819
2012-10-08,6.6479997634887695,6.679999828338623,6.586999893188477,6.586999893188477,1543730
2012-10-09,6.664000034332275,6.677999973297119,6.485000133514404,6.502999782562256,2666546
2012-10-10,6.451000213623047,6.521999835968018,6.435999870300293,6.435999870300293,1709591
2012-10-11,6.38700008392334,6.656000137329102,6.380000114440918,6.618000030517578,3534890
2012-10-12,6.546999931335449,6.639999866485596,6.5269999504089355,6.5269999504089355,1787526
2012-10-15,6.552999973297119,6.715000152587891,6.552999973297119,6.644000053405762,1853089
2012-10-16,6.736999988555908,6.947999954223633,6.677000045776367,6.947999954223633,2553090
2012-10-17,6.988999843597412,7.074999809265137,6.929999828338623,7.046000003814697,2026130
2012-10-18,7.052999973297119,7.119999885559082,6.982999801635742,7.086999893188477,1938813
2012-10-19,7.067999839782715,7.105000019073486,6.935999870300293,6.9710001945495605,1560982
2012-10-22,6.920000076293945,7.0229997634887695,6.855000019073486,6.88100004196167,1748564
2012-10-23,6.890999794006348,6.900000095367432,6.517000198364258,6.593999862670898,3898501
2012-10-24,6.651000022888184,6.691999912261963,6.506999969482422,6.656000137329102,2888913
2012-10-25,6.638999938964844,6.775000095367432,6.589000225067139,6.5960001945495605,2690076
2012-10-26,6.519000053405762,6.730999946594238,6.48199987411499,6.699999809265137,2183583
2012-10-29,6.590000152587891,6.636000156402588,6.5329999923706055,6.586999893188477,1809173
2012-10-30,6.639999866485596,6.790999889373779,6.639999866485596,6.776000022888184,1684154
2012-10-31,6.809000015258789,6.88100004196167,6.65500020980835,6.65500020980835,2492718
2012-11-01,6.611999988555908,6.875,6.611999988555908,6.840000152587891,2208295
2012-11-02,6.810999870300293,6.951000213623047,6.767000198364258,6.892000198364258,2175706
2012-11-05,6.789999961853027,6.830999851226807,6.73799991607666,6.73799991607666,1654579
2012-11-06,6.748000144958496,6.855000019073486,6.724999904632568,6.849999904632568,1397708
2012-11-07,6.991000175476074,6.993000030517578,6.578000068664551,6.579999923706055,4022069
2012-11-08,6.678999900817871,6.683000087738037,6.535999774932861,6.574999809265137,1700396
2012-11-09,6.576000213623047,6.668000221252441,6.440000057220459,6.640999794006348,3086688
2012-11-12,6.616000175476074,6.6529998779296875,6.557000160217285,6.5920000076293945,2379197
2012-11-13,6.513000011444092,6.675000190734863,6.441999912261963,6.6620001792907715,3496107
2012-11-14,6.618000030517578,6.683000087738037,6.521999835968018,6.545000076293945,2442586
2012-11-15,6.4679999351501465,6.541999816894531,6.445000171661377,6.479000091552734,2690211
2012-11-16,6.455999851226807,6.517000198364258,6.324999809265137,6.324999809265137,4243467
2012-11-19,6.456999778747559,6.710000038146973,6.429999828338623,6.682000160217285,3647365
2012-11-20,6.630000114440918,6.783999919891357,6.593999862670898,6.769000053405762,2252800
2012-11-21,6.744999885559082,6.863999843597412,6.710999965667725,6.834000110626221,2968830
2012-11-22,6.870999813079834,6.922999858856201,6.848999977111816,6.914000034332275,1691018
2012-11-23,6.940000057220459,7.039000034332275,6.8520002365112305,7.039000034332275,2388388
2012-11-26,6.98799991607666,7.019999980926514,6.872000217437744,6.927000045776367,3530161
2012-11-27,7.047999858856201,7.048999786376953,6.888999938964844,6.925000190734863,1536446
2012-11-28,6.90500020980835,7.0,6.8460001945495605,6.988999843597412,1157063
2012-11-29,7.059999942779541,7.210000038146973,7.058000087738037,7.197999954223633,2830761
2012-11-30,7.184999942779541,7.269000053405762,7.163000106811523,7.163000106811523,1706094
2012-12-03,7.206999778747559,7.343999862670898,7.184000015258789,7.203000068664551,2292954
2012-12-04,7.204999923706055,7.318999767303467,7.181000232696533,7.25,1601562
2012-12-05,7.3429999351501465,7.360000133514404,7.230000019073486,7.289999961853027,2535175
2012-12-06,7.335000038146973,7.419000148773193,7.270999908447266,7.326000213623047,2193258
2012-12-07,7.377999782562256,7.426000118255615,7.289999961853027,7.35099983215332,2001550
2012-12-10,7.306000232696533,7.389999866485596,7.229000091552734,7.373000144958496,1419504
2012-12-11,7.386000156402588,7.5320000648498535,7.363999843597412,7.497000217437744,1727814
2012-12-12,7.51800012588501,7.543000221252441,7.480000019073486,7.531000137329102,3852259
2012-12-13,7.552999973297119,7.560999870300293,7.466000080108643,7.491000175476074,1363485
2012-12-14,7.51200008392334,7.544000148773193,7.458000183105469,7.504000186920166,704800
2012-12-17,7.492000102996826,7.51200008392334,7.395999908447266,7.505000114440918,795969
2012-12-18,7.559999942779541,7.589000225067139,7.48799991607666,7.559000015258789,1305043
2012-12-19,7.59499979019165,7.645999908447266,7.565999984741211,7.627999782562256,908164
2012-12-20,7.576000213623047,7.660999774932861,7.571000099182129,7.633999824523926,839729
2012-12-21,7.5929999351501465,7.635000228881836,7.514999866485596,7.625,1400170
2012-12-27,7.630000114440918,7.709000110626221,7.619999885559082,7.659999847412109,684920
2012-12-28,7.685999870300293,7.690999984741211,7.427000045776367,7.451000213623047,1155839
2013-01-02,7.808000087738037,7.894000053405762,7.7270002365112305,7.894000053405762,2178408
2013-01-03,7.8460001945495605,7.872000217437744,7.775000095367432,7.8420000076293945,1056040
2013-01-04,7.785999774932861,7.894999980926514,7.744999885559082,7.88100004196167,1348266
2013-01-07,7.875,7.880000114440918,7.743000030517578,7.78000020980835,1054615
2013-01-08,7.73199987411499,7.889999866485596,7.730000019073486,7.785999774932861,1437656
2013-01-09,7.855000019073486,7.882999897003174,7.776000022888184,7.822000026702881,711214
2013-01-10,7.809999942779541,7.873000144958496,7.730000019073486,7.77400016784668,1444262
2013-01-11,7.822000026702881,7.822000026702881,7.688000202178955,7.7769999504089355,1276969
2013-01-14,7.849999904632568,7.886000156402588,7.77400016784668,7.802999973297119,1299985
2013-01-15,7.763999938964844,7.835999965667725,7.715000152587891,7.756999969482422,889453
2013-01-16,7.73799991607666,7.824999809265137,7.676000118255615,7.789000034332275,1343686
2013-01-17,7.806000232696533,7.98799991607666,7.790999889373779,7.939000129699707,1488649
2013-01-18,7.985000133514404,8.012999534606934,7.9079999923706055,7.916999816894531,985448
2013-01-21,7.98799991607666,8.02400016784668,7.923999786376953,8.022000312805176,370170
2013-01-22,8.020999908447266,8.024999618530273,7.861999988555908,7.927999973297119,1297479
2013-01-23,7.959000110626221,7.960000038146973,7.813000202178955,7.868000030517578,816580
2013-01-24,7.822999954223633,7.973999977111816,7.802000045776367,7.9670000076293945,715373
2013-01-25,7.953000068664551,8.104999542236328,7.953000068664551,8.079999923706055,1541723
2013-01-28,8.093999862670898,8.133000373840332,8.055000305175781,8.102999687194824,793344
2013-01-29,8.097000122070312,8.135000228881836,8.02400016784668,8.121999740600586,1145258
2013-01-30,8.121999740600586,8.149999618530273,8.0,8.036999702453613,1066962
2013-01-31,8.008999824523926,8.010000228881836,7.860000133514404,7.889999866485596,1558806
2013-02-01,7.9070000648498535,8.112000465393066,7.9070000648498535,8.057000160217285,1213946
2013-02-04,8.062000274658203,8.071000099182129,7.589000225067139,7.589000225067139,3131162
2013-02-05,7.5920000076293945,7.789999961853027,7.589000225067139,7.7220001220703125,2279720
2013-02-06,7.670000076293945,7.7729997634887695,7.421000003814697,7.50600004196167,3371777
2013-02-07,7.491000175476074,7.573999881744385,7.340000152587891,7.340000152587891,2858066
2013-02-08,7.389999866485596,7.544000148773193,7.360000133514404,7.519999980926514,1777351
2013-02-11,7.526000022888184,7.636000156402588,7.466000080108643,7.5289998054504395,1713996
2013-02-12,7.504000186920166,7.676000118255615,7.485000133514404,7.671000003814697,944021
2013-02-13,7.685999870300293,7.77400016784668,7.620999813079834,7.7220001220703125,1487878
2013-02-14,7.7210001945495605,7.775000095367432,7.556000232696533,7.622000217437744,1579915
2013-02-15,7.605000019073486,7.710000038146973,7.559999942779541,7.578000068664551,710864
2013-02-18,7.5320000648498535,7.605000019073486,7.48199987411499,7.5960001945495605,1089463
2013-02-19,7.5929999351501465,7.895999908447266,7.585000038146973,7.877999782562256,1821461
2013-02-20,7.849999904632568,7.9120001792907715,7.739999771118164,7.767000198364258,1577360
2013-02-21,7.668000221252441,7.679999828338623,7.406000137329102,7.421000003814697,3396453
2013-02-22,7.513000011444092,7.750999927520752,7.506999969482422,7.75,2455833
2013-02-25,7.868000030517578,8.086000442504883,7.739999771118164,7.824999809265137,3498959
2013-02-26,7.361000061035156,7.590000152587891,7.35099983215332,7.3979997634887695,5733672
2013-02-27,7.4770002365112305,7.684999942779541,7.380000114440918,7.672999858856201,3313075
2013-02-28,7.743000030517578,7.827000141143799,7.650000095367432,7.802000045776367,2115906
2013-03-01,7.785999774932861,7.843999862670898,7.546999931335449,7.7210001945495605,2939059
2013-03-04,7.622000217437744,7.808000087738037,7.5980000495910645,7.748000144958496,1412484
2013-03-05,7.919000148773193,8.100000381469727,7.894999980926514,8.069999694824219,3470271
2013-03-06,8.081999778747559,8.164999961853027,7.995999813079834,8.008000373840332,3058521
2013-03-07,8.069000244140625,8.140000343322754,8.038999557495117,8.090999603271484,1629702
2013-03-08,8.180000305175781,8.342000007629395,8.180000305175781,8.295999526977539,2713857
2013-03-11,8.24899959564209,8.28499984741211,8.20300006866455,8.276000022888184,670598
2013-03-12,8.234999656677246,8.364999771118164,8.229999542236328,8.293999671936035,1028092
2013-03-13,8.272000312805176,8.300000190734863,8.199999809265137,8.286999702453613,1285184
2013-03-14,8.336000442504883,8.425999641418457,8.336000442504883,8.42300033569336,1733978
2013-03-15,8.401000022888184,8.404000282287598,8.248000144958496,8.300000190734863,2016911
2013-03-18,8.086000442504883,8.293999671936035,7.989999771118164,8.256999969482422,2244716
2013-03-19,8.196000099182129,8.234999656677246,7.995999813079834,8.059000015258789,1941951
2013-03-20,8.140999794006348,8.295000076293945,8.093999862670898,8.277999877929688,1691809
2013-03-21,8.218000411987305,8.22599983215332,7.960000038146973,8.053999900817871,2510745
2013-03-22,8.013999938964844,8.109999656677246,7.934000015258789,8.02400016784668,1738988
2013-03-25,8.258999824523926,8.303000450134277,7.796000003814697,7.8429999351501465,3433550
2013-03-26,7.901000022888184,7.992000102996826,7.855999946594238,7.921000003814697,2465548
2013-03-27,7.96999979019165,7.9770002365112305,7.580999851226807,7.764999866485596,4069836
2013-03-28,7.796999931335449,7.929999828338623,7.699999809265137,7.8520002365112305,2410923
2013-04-02,7.901000022888184,8.180999755859375,7.895999908447266,8.14900016784668,1698287
2013-04-03,8.057000160217285,8.163999557495117,7.926000118255615,7.941999912261963,1885311
2013-04-04,8.02299976348877,8.11299991607666,7.784999847412109,7.822999954223633,2235323
2013-04-05,7.824999809265137,7.859000205993652,7.452000141143799,7.560999870300293,4103106
2013-04-08,7.63700008392334,7.681000232696533,7.550000190734863,7.576000213623047,4772178
2013-04-09,7.658999919891357,7.710000038146973,7.519999980926514,7.574999809265137,1824831
2013-04-10,7.659999847412109,7.909999847412109,7.644999980926514,7.875999927520752,2647967
2013-04-11,7.849999904632568,8.071000099182129,7.849999904632568,8.020999908447266,1915437
2013-04-12,7.974999904632568,8.0,7.776000022888184,7.824999809265137,2979415
2013-04-15,7.824999809265137,7.894999980926514,7.633999824523926,7.736000061035156,2372751
2013-04-16,7.672999858856201,7.789999961853027,7.5960001945495605,7.645999908447266,2023878
2013-04-17,7.7270002365112305,7.730000019073486,7.254000186920166,7.293000221252441,5039182
2013-04-18,7.3520002365112305,7.429999828338623,7.210999965667725,7.2870001792907715,3593864
2013-04-19,7.394999980926514,7.51800012588501,7.340000152587891,7.485000133514404,3977875
2013-04-22,7.599999904632568,7.619999885559082,7.416999816894531,7.50600004196167,1557547
2013-04-23,7.563000202178955,8.045000076293945,7.559999942779541,8.041999816894531,5671486
2013-04-24,8.04800033569336,8.329999923706055,8.04800033569336,8.300000190734863,5388400
2013-04-25,8.298999786376953,8.369999885559082,8.244999885559082,8.305999755859375,2976696
2013-04-26,8.255000114440918,8.255000114440918,8.09000015258789,8.178999900817871,2801552
2013-04-29,8.310999870300293,8.4399995803833,8.263999938964844,8.428000450134277,2468329
2013-04-30,8.494000434875488,8.503000259399414,8.331000328063965,8.375,2113162
2013-05-02,8.361000061035156,8.579999923706055,8.265000343322754,8.454999923706055,2893574
2013-05-03,8.503999710083008,8.711999893188477,8.427000045776367,8.696999549865723,2796388
2013-05-06,8.670000076293945,8.711000442504883,8.633999824523926,8.677000045776367,586893
2013-05-07,8.685999870300293,8.843000411987305,8.682999610900879,8.755000114440918,1157648
2013-05-08,8.756999969482422,8.914999961853027,8.753999710083008,8.913999557495117,1941423
2013-05-09,8.87399959564209,8.95300006866455,8.809000015258789,8.897000312805176,1162938
2013-05-10,8.942000389099121,9.104000091552734,8.92199993133545,9.012999534606934,1823917
2013-05-13,9.027999877929688,9.052000045776367,8.92300033569336,8.96500015258789,939506
2013-05-14,9.029999732971191,9.09000015258789,8.89799976348877,9.09000015258789,1086581
2013-05-15,9.050000190734863,9.180000305175781,9.02400016784668,9.14900016784668,1608753
2013-05-16,9.12399959564209,9.199999809265137,9.079000473022461,9.180000305175781,1443876
2013-05-17,9.152000427246094,9.357999801635742,9.10200023651123,9.28600025177002,2454978
2013-05-20,9.302000045776367,9.383000373840332,9.246000289916992,9.383000373840332,1262510
2013-05-21,9.38700008392334,9.482000350952148,9.277999877929688,9.482000350952148,1365614
2013-05-22,9.491000175476074,9.595000267028809,9.362000465393066,9.553000450134277,1772838
2013-05-23,9.157999992370605,9.244000434875488,9.036999702453613,9.168000221252441,4014637
2013-05-24,9.263999938964844,9.309000015258789,9.057999610900879,9.130999565124512,2138446
2013-05-27,9.286999702453613,9.317999839782715,9.220999717712402,9.29699993133545,1059013
2013-05-28,9.352999687194824,9.65999984741211,9.347000122070312,9.565999984741211,1856056
2013-05-29,9.439000129699707,9.442000389099121,9.196000099182129,9.232999801635742,3326190
2013-05-30,9.201000213623047,9.425000190734863,9.192000389099121,9.326000213623047,833499
2013-05-31,9.284000396728516,9.293000221252441,9.052000045776367,9.112000465393066,2080977
2013-06-03,9.045999526977539,9.255000114440918,8.842000007629395,8.996999740600586,2341094
2013-06-04,9.163000106811523,9.175000190734863,8.97700023651123,9.01200008392334,1072978
2013-06-05,8.890999794006348,8.96500015258789,8.694999694824219,8.694999694824219,4574964
2013-06-06,8.755000114440918,8.803999900817871,8.52400016784668,8.52400016784668,3700252
2013-06-07,8.519000053405762,8.840999603271484,8.454000473022461,8.769000053405762,3789670
2013-06-10,8.723999977111816,8.822999954223633,8.6850004196167,8.727999687194824,3240792
2013-06-11,8.64799976348877,8.657999992370605,8.354000091552734,8.515999794006348,5292552
2013-06-12,8.534000396728516,8.61400032043457,8.416000366210938,8.4399995803833,3323510
2013-06-13,8.246999740600586,8.475000381469727,8.154000282287598,8.446999549865723,3438921
2013-06-14,8.496999740600586,8.590999603271484,8.42300033569336,8.46500015258789,2400396
2013-06-17,8.592000007629395,8.819999694824219,8.550000190734863,8.730999946594238,2042313
2013-06-18,8.628999710083008,8.762999534606934,8.609999656677246,8.718000411987305,1069856
2013-06-19,8.722999572753906,8.760000228881836,8.54800033569336,8.630000114440918,2692785
2013-06-20,8.331999778747559,8.380000114440918,7.995999813079834,8.029999732971191,5385103
2013-06-21,8.109999656677246,8.1899995803833,7.841000080108643,7.841000080108643,2551287
2013-06-24,7.909999847412109,7.960000038146973,7.49399995803833,7.6020002365112305,7065521
2013-06-25,7.738999843597412,7.843999862670898,7.683000087738037,7.820000171661377,2560799
2013-06-26,7.775000095367432,8.152000427246094,7.764999866485596,8.123000144958496,4092934
2013-06-27,8.088000297546387,8.368000030517578,8.039999961853027,8.279999732971191,2730707
2013-06-28,8.331000328063965,8.33899974822998,8.11400032043457,8.175000190734863,2118093
2013-07-01,8.324000358581543,8.392999649047852,8.119999885559082,8.303000450134277,1557990
2013-07-02,8.33899974822998,8.33899974822998,8.156000137329102,8.21500015258789,883776
2013-07-03,8.039999961853027,8.053000450134277,7.888999938964844,8.038000106811523,2775868
2013-07-04,8.156999588012695,8.5,8.126999855041504,8.489999771118164,3556918
2013-07-05,8.472999572753906,8.630000114440918,8.253999710083008,8.253999710083008,2388419
2013-07-08,8.41100025177002,8.640000343322754,8.378999710083008,8.560999870300293,1982032
2013-07-09,8.647000312805176,8.718000411987305,8.593999862670898,8.642999649047852,1757037
2013-07-10,8.661999702453613,8.699999809265137,8.508000373840332,8.63599967956543,2700937
2013-07-11,8.770000457763672,8.85099983215332,8.70199966430664,8.760000228881836,2669751
2013-07-12,8.805000305175781,8.84000015258789,8.652000427246094,8.696999549865723,2628017
2013-07-15,8.772000312805176,8.873000144958496,8.75,8.800999641418457,1996653
2013-07-16,8.829999923706055,8.829999923706055,8.663000106811523,8.678000450134277,1558255
2013-07-17,8.732000350952148,8.824999809265137,8.543000221252441,8.777999877929688,1569682
2013-07-18,8.743000030517578,9.017000198364258,8.743000030517578,9.017000198364258,2384929
2013-07-19,8.963000297546387,9.015000343322754,8.901000022888184,9.015000343322754,1295219
2013-07-22,9.03499984741211,9.104999542236328,8.96399974822998,9.085000038146973,1349165
2013-07-23,9.133999824523926,9.151000022888184,9.005999565124512,9.01099967956543,897718
2013-07-24,9.053000450134277,9.25,9.053000450134277,9.187000274658203,2109916
2013-07-25,9.164999961853027,9.206000328063965,8.984999656677246,9.152000427246094,1896493
2013-07-26,9.3100004196167,9.371999740600586,9.173999786376953,9.222000122070312,1740039
2013-07-29,9.3149995803833,9.36400032043457,9.185999870300293,9.208999633789062,1497304
2013-07-30,9.298999786376953,9.350000381469727,9.196000099182129,9.300999641418457,1490580
2013-07-31,9.265999794006348,9.390000343322754,9.187000274658203,9.307999610900879,1399040
2013-08-01,9.345999717712402,9.562000274658203,9.322999954223633,9.541000366210938,3367761
2013-08-02,9.57699966430664,9.609999656677246,9.480999946594238,9.557999610900879,2284615
2013-08-05,9.590999603271484,9.640999794006348,9.539999961853027,9.57800006866455,2038400
2013-08-06,9.598999977111816,9.65999984741211,9.414999961853027,9.505000114440918,1697354
2013-08-07,9.449999809265137,9.559000015258789,9.39799976348877,9.531999588012695,1115396
2013-08-08,9.58899974822998,9.680000305175781,9.510000228881836,9.644000053405762,1427301
2013-08-09,9.66100025177002,9.765000343322754,9.583999633789062,9.710000038146973,1420000
2013-08-12,9.746999740600586,9.765999794006348,9.57800006866455,9.690999984741211,1338210
2013-08-13,9.725000381469727,9.786999702453613,9.706999778747559,9.786999702453613,988587
2013-08-14,9.829999923706055,9.930000305175781,9.78600025177002,9.897000312805176,1605311
2013-08-15,9.883000373840332,9.883000373840332,9.604000091552734,9.78499984741211,1686103
2013-08-16,9.814000129699707,9.9350004196167,9.725000381469727,9.930999755859375,1142690
2013-08-19,9.89799976348877,9.899999618530273,9.727999687194824,9.753000259399414,1187447
2013-08-20,9.63599967956543,9.642000198364258,9.373000144958496,9.5,1916091
2013-08-21,9.548999786376953,9.565999984741211,9.423999786376953,9.430000305175781,1325049
2013-08-22,9.491999626159668,9.685999870300293,9.491999626159668,9.602999687194824,1649114
2013-08-23,9.593999862670898,9.692000389099121,9.460000038146973,9.675999641418457,1559006
2013-08-26,9.657999992370605,9.677000045776367,9.52299976348877,9.666000366210938,910653
2013-08-27,9.574999809265137,9.637999534606934,9.196000099182129,9.201000213623047,3265512
2013-08-28,9.147000312805176,9.223999977111816,9.03499984741211,9.15999984741211,1972094
2013-08-29,9.23799991607666,9.289999961853027,9.112000465393066,9.270000457763672,1475301
2013-08-30,9.246000289916992,9.27400016784668,9.038000106811523,9.038000106811523,1286181
2013-09-02,9.244999885559082,9.395000457763672,9.244999885559082,9.338000297546387,1765019
2013-09-03,9.35200023651123,9.364999771118164,9.100000381469727,9.199999809265137,1182108
2013-09-04,9.244000434875488,9.270000457763672,8.989999771118164,9.229000091552734,1975095
2013-09-05,9.232000350952148,9.369999885559082,9.168999671936035,9.359000205993652,1651836
2013-09-06,9.343000411987305,9.54699993133545,9.255000114440918,9.54699993133545,2094495
2013-09-09,9.510000228881836,9.539999961853027,9.428999900817871,9.493000030517578,1745678
2013-09-10,9.649999618530273,9.883999824523926,9.633999824523926,9.857000350952148,2215281
2013-09-11,9.812999725341797,9.899999618530273,9.795999526977539,9.880999565124512,1183980
2013-09-12,9.895000457763672,9.895000457763672,9.770000457763672,9.817999839782715,1409301
2013-09-13,9.782999992370605,9.875,9.767000198364258,9.864999771118164,1196594
2013-09-16,10.005999565124512,10.100000381469727,9.973999977111816,10.03600025177002,1777755
2013-09-17,9.996000289916992,10.057000160217285,9.944000244140625,10.008999824523926,786870
2013-09-18,10.020000457763672,10.123000144958496,9.954000473022461,10.119000434875488,686106
2013-09-19,10.329999923706055,10.402000427246094,10.220000267028809,10.279000282287598,2304510
2013-09-20,10.274999618530273,10.357999801635742,10.241000175476074,10.310999870300293,864733
2013-09-23,10.3149995803833,10.359999656677246,10.090999603271484,10.206000328063965,1434285
2013-09-24,10.208999633789062,10.335000038146973,10.182000160217285,10.279999732971191,1213593
2013-09-25,10.25,10.300000190734863,10.166000366210938,10.270000457763672,1714910
2013-09-26,10.303000450134277,10.309000015258789,10.156999588012695,10.241999626159668,1017473
2013-09-27,10.263999938964844,10.303999900817871,10.119999885559082,10.23799991607666,1040947
2013-09-30,10.008999824523926,10.0600004196167,9.90999984741211,10.029000282287598,1508205
2013-10-01,10.114999771118164,10.267999649047852,10.07800006866455,10.267999649047852,1290335
2013-10-02,10.152999877929688,10.206000328063965,9.989999771118164,10.08899974822998,1580121
2013-10-03,10.123000144958496,10.12600040435791,9.930000305175781,9.944999694824219,1125469
2013-10-04,9.972999572753906,10.180000305175781,9.930000305175781,10.112000465393066,1184377
2013-10-07,9.984999656677246,10.128999710083008,9.835000038146973,10.119999885559082,1498258
2013-10-08,10.114999771118164,10.16100025177002,9.967000007629395,9.972999572753906,1058750
2013-10-09,9.92199993133545,10.112000465393066,9.873000144958496,9.940999984741211,1260136
2013-10-10,10.053000450134277,10.390000343322754,10.038000106811523,10.373000144958496,1906793
2013-10-11,10.36299991607666,10.411999702453613,10.329999923706055,10.387999534606934,1869719
2013-10-14,10.28499984741211,10.392999649047852,10.244999885559082,10.392999649047852,652435
2013-10-15,10.463000297546387,10.59000015258789,10.444999694824219,10.557999610900879,1365701
2013-10-16,10.434000015258789,10.52299976348877,10.345999717712402,10.501999855041504,2245666
2013-10-17,10.444999694824219,10.494999885559082,10.307000160217285,10.480999946594238,1114174
2013-10-18,10.586999893188477,10.708000183105469,10.515000343322754,10.708000183105469,1521614
2013-10-21,10.692999839782715,10.692999839782715,10.616000175476074,10.652999877929688,942661
2013-10-22,10.61400032043457,10.819999694824219,10.595999717712402,10.746999740600586,972069
2013-10-23,10.63599967956543,10.63700008392334,10.527999877929688,10.579000473022461,1265844
2013-10-24,10.640000343322754,10.680000305175781,10.579999923706055,10.657999992370605,769296
2013-10-25,10.494000434875488,10.67300033569336,10.494000434875488,10.631999969482422,768441
2013-10-28,10.696000099182129,10.699999809265137,10.449999809265137,10.541000366210938,808903
2013-10-29,10.529000282287598,10.678999900817871,10.529000282287598,10.65999984741211,990432
2013-10-30,10.675000190734863,10.815999984741211,10.586999893188477,10.642999649047852,978596
2013-10-31,10.569999694824219,10.78499984741211,10.565999984741211,10.770000457763672,844201
2013-11-01,10.734999656677246,10.789999961853027,10.600000381469727,10.628999710083008,1411652
2013-11-04,10.713000297546387,10.744999885559082,10.652000427246094,10.713000297546387,1499928
2013-11-05,10.710000038146973,10.717000007629395,10.4350004196167,10.52400016784668,1026438
2013-11-06,10.612000465393066,10.760000228881836,10.609999656677246,10.694999694824219,1237342
2013-11-07,10.666999816894531,11.045000076293945,10.609999656677246,10.67199993133545,3128233
2013-11-08,10.53600025177002,10.609999656677246,10.321000099182129,10.562999725341797,2299109
2013-11-11,10.576000213623047,10.75,10.538000106811523,10.71500015258789,887670
2013-11-12,10.717000007629395,10.765000343322754,10.593000411987305,10.593000411987305,868340
2013-11-13,10.532999992370605,10.604000091552734,10.342000007629395,10.477999687194824,1651909
2013-11-14,10.727999687194824,10.737000465393066,10.5600004196167,10.6850004196167,1037188
2013-11-15,10.729999542236328,10.798999786376953,10.661999702453613,10.758000373840332,726904
2013-11-18,10.715999603271484,10.980999946594238,10.680000305175781,10.895000457763672,1568120
2013-11-19,10.807999610900879,10.807999610900879,10.61299991607666,10.651000022888184,1155464
2013-11-20,10.595999717712402,10.760000228881836,10.539999961853027,10.644000053405762,1148617
2013-11-21,10.458999633789062,10.628999710083008,10.406999588012695,10.574999809265137,1503668
2013-11-22,10.607999801635742,10.720999717712402,10.553999900817871,10.687999725341797,1005412
2013-11-25,10.765999794006348,10.833999633789062,10.746000289916992,10.800000190734863,943950
2013-11-26,10.767999649047852,10.821000099182129,10.687000274658203,10.687000274658203,819629
2013-11-27,10.746999740600586,10.815999984741211,10.680000305175781,10.755000114440918,965865
2013-11-28,10.786999702453613,10.859999656677246,10.776000022888184,10.814000129699707,620342
2013-11-29,10.782999992370605,10.852999687194824,10.777999877929688,10.777999877929688,256795
2013-12-02,10.836999893188477,10.850000381469727,10.668999671936035,10.727999687194824,795336
2013-12-03,10.65999984741211,10.670999526977539,10.166000366210938,10.166000366210938,4082156
2013-12-04,10.217000007629395,10.255999565124512,9.880000114440918,10.038999557495117,4195300
2013-12-05,9.986000061035156,10.095999717712402,9.819000244140625,9.819000244140625,3139021
2013-12-06,9.869000434875488,10.020000457763672,9.732999801635742,9.961999893188477,2856257
2013-12-09,10.0,10.017000198364258,9.869999885559082,9.984000205993652,1614463
2013-12-10,9.930999755859375,10.03499984741211,9.779999732971191,9.781000137329102,1032822
2013-12-11,9.795000076293945,9.954999923706055,9.746000289916992,9.76200008392334,951866
2013-12-12,9.720000267028809,9.777000427246094,9.61400032043457,9.677000045776367,1710164
2013-12-13,9.661999702453613,9.75,9.597000122070312,9.628000259399414,937397
2013-12-16,9.64900016784668,9.987000465393066,9.614999771118164,9.928000450134277,1888710
2013-12-17,9.821999549865723,9.831999778747559,9.701000213623047,9.701000213623047,1258999
2013-12-18,9.824999809265137,9.890000343322754,9.71500015258789,9.883999824523926,1015257
2013-12-19,10.12399959564209,10.258000373840332,10.057999610900879,10.211000442504883,2154062
2013-12-20,10.230999946594238,10.329999923706055,10.164999961853027,10.291000366210938,1235799
2013-12-23,10.333000183105469,10.406000137329102,10.270000457763672,10.406000137329102,898205
2013-12-24,10.428000450134277,10.482000350952148,10.385000228881836,10.414999961853027,651369
2013-12-27,10.557000160217285,10.717000007629395,10.51099967956543,10.70199966430664,1491026
2013-12-30,10.746000289916992,10.774999618530273,10.656000137329102,10.694999694824219,866219
2013-12-31,10.729000091552734,10.802000045776367,10.723999977111816,10.795999526977539,486474
2014-01-02,10.842000007629395,10.859999656677246,10.437999725341797,10.446999549865723,2173665
2014-01-03,10.534000396728516,10.607999801635742,10.456999778747559,10.538000106811523,2498621
2014-01-06,10.555000305175781,10.611000061035156,10.420000076293945,10.454000473022461,1239676
2014-01-07,10.472000122070312,10.645000457763672,10.38599967956543,10.61299991607666,1125247
2014-01-08,10.633000373840332,10.668000221252441,10.532999992370605,10.611000061035156,924840
2014-01-09,10.644000053405762,10.699999809265137,10.390000343322754,10.45300006866455,1534346
2014-01-10,10.5600004196167,10.65999984741211,10.472999572753906,10.569000244140625,1339475
2014-01-13,10.645000457763672,10.649999618530273,10.538000106811523,10.628000259399414,738464
2014-01-14,10.373000144958496,10.678000450134277,10.373000144958496,10.678000450134277,1105412
2014-01-15,10.72700023651123,10.960000038146973,10.71500015258789,10.949000358581543,1942465
2014-01-16,10.96500015258789,10.97700023651123,10.864999771118164,10.902000427246094,1016763
2014-01-17,10.942000389099121,11.01200008392334,10.868000030517578,10.942000389099121,1451674
2014-01-20,10.895999908447266,10.970000267028809,10.871999740600586,10.920000076293945,477738
2014-01-21,10.930000305175781,11.0600004196167,10.897000312805176,10.923999786376953,1210690
2014-01-22,10.98900032043457,11.041999816894531,10.845999717712402,10.9399995803833,601519
2014-01-23,10.947999954223633,11.006999969482422,10.640000343322754,10.718999862670898,1386231
2014-01-24,10.75,10.770000457763672,10.081000328063965,10.12600040435791,3826469
2014-01-27,10.135000228881836,10.168000221252441,9.998000144958496,10.02400016784668,3613375
2014-01-28,10.138999938964844,10.293000221252441,10.069999694824219,10.22599983215332,1453956
2014-01-29,10.435999870300293,10.515999794006348,9.829999923706055,10.081999778747559,3506728
2014-01-30,10.064000129699707,10.27299976348877,9.932000160217285,10.199000358581543,1331546
2014-01-31,10.194999694824219,10.239999771118164,9.800000190734863,10.128999710083008,3357093
2014-02-03,10.175999641418457,10.225000381469727,9.82800006866455,9.848999977111816,2818482
2014-02-04,9.798999786376953,9.961000442504883,9.720000267028809,9.890000343322754,1977414
2014-02-05,9.833000183105469,9.984000205993652,9.800000190734863,9.89799976348877,1702431
2014-02-06,9.979999542236328,10.289999961853027,9.920999526977539,10.22700023651123,2869804
2014-02-07,10.262999534606934,10.423999786376953,10.145999908447266,10.418000221252441,2212219
2014-02-10,10.489999771118164,10.53499984741211,10.427000045776367,10.460000038146973,1023701
2014-02-11,10.550000190734863,10.694999694824219,10.520000457763672,10.694999694824219,1620967
2014-02-12,10.743000030517578,10.89799976348877,10.717000007629395,10.800000190734863,1917809
2014-02-13,10.781999588012695,10.855999946594238,10.652000427246094,10.83899974822998,2744519
2014-02-14,10.871000289916992,10.975000381469727,10.79800033569336,10.970000267028809,2335334
2014-02-17,10.97599983215332,11.041999816894531,10.92199993133545,10.956000328063965,1565322
2014-02-18,10.954999923706055,10.968999862670898,10.79699993133545,10.932000160217285,1208289
2014-02-19,10.920999526977539,11.043999671936035,10.84000015258789,10.973999977111816,850404
2014-02-20,10.755000114440918,11.053999900817871,10.72599983215332,11.050000190734863,1759043
2014-02-21,11.098999977111816,11.192000389099121,11.041000366210938,11.178999900817871,914928
2014-02-24,11.173999786376953,11.36400032043457,11.145999908447266,11.36400032043457,941081
2014-02-25,11.277000427246094,11.361000061035156,11.192999839782715,11.361000061035156,1029381
2014-02-26,11.361000061035156,11.375,11.187000274658203,11.277000427246094,980091
2014-02-27,11.270000457763672,11.319999694824219,11.045000076293945,11.27299976348877,946687
2014-02-28,11.262999534606934,11.350000381469727,11.119999885559082,11.293999671936035,714367
2014-03-03,10.954999923706055,11.01099967956543,10.708999633789062,10.717000007629395,2096982
2014-03-04,10.982000350952148,11.260000228881836,10.946000099182129,11.229999542236328,1841563
2014-03-05,11.163999557495117,11.265999794006348,11.142000198364258,11.211000442504883,819139
2014-03-06,11.336000442504883,11.420000076293945,11.27400016784668,11.350000381469727,918319
2014-03-07,11.331000328063965,11.420999526977539,11.079999923706055,11.092000007629395,1028288
2014-03-10,11.140000343322754,11.350000381469727,10.986000061035156,11.111000061035156,1028389
2014-03-11,11.166000366210938,11.180000305175781,10.968999862670898,11.005000114440918,655525
2014-03-12,10.857000350952148,10.885000228881836,10.616000175476074,10.788000106811523,2972719
2014-03-13,10.829000473022461,10.854999542236328,10.51099967956543,10.51099967956543,2291603
2014-03-14,10.399999618530273,10.437000274658203,10.168999671936035,10.338000297546387,3549944
2014-03-17,10.347999572753906,10.625,10.34000015258789,10.592000007629395,2493639
2014-03-18,10.581999778747559,10.947999954223633,10.496000289916992,10.803000450134277,2591628
2014-03-19,10.817000389099121,10.881999969482422,10.710000038146973,10.777000427246094,1253043
2014-03-20,10.635000228881836,10.880999565124512,10.545000076293945,10.873000144958496,2234599
2014-03-21,10.96399974822998,11.0,10.845999717712402,10.91100025177002,1665736
2014-03-24,10.901000022888184,10.920000076293945,10.597000122070312,10.637999534606934,1588591
2014-03-25,10.765999794006348,11.020000457763672,10.765999794006348,10.979000091552734,1677413
2014-03-26,11.057999610900879,11.260000228881836,11.048999786376953,11.1899995803833,1728059
2014-03-27,11.140999794006348,11.220000267028809,11.065999984741211,11.16100025177002,933699
2014-03-28,11.22599983215332,11.321999549865723,11.210000038146973,11.319000244140625,1520200
2014-03-31,11.406000137329102,11.425000190734863,11.218999862670898,11.22700023651123,1350544
2014-04-01,11.319999694824219,11.470000267028809,11.270000457763672,11.392999649047852,1096021
2014-04-02,11.414999961853027,11.456000328063965,11.371000289916992,11.41100025177002,634595
2014-04-03,11.39900016784668,11.619999885559082,11.347000122070312,11.513999938964844,2393198
2014-04-04,11.557999610900879,11.755000114440918,11.5,11.694999694824219,1345107
2014-04-07,11.58899974822998,11.590999603271484,11.430000305175781,11.463000297546387,1422337
2014-04-08,11.498000144958496,11.508000373840332,11.173999786376953,11.392000198364258,1556775
2014-04-09,11.427000045776367,11.538000106811523,11.39799976348877,11.479000091552734,1307689
2014-04-10,11.555000305175781,11.597999572753906,11.300000190734863,11.333000183105469,1442470
2014-04-11,11.118000030517578,11.178999900817871,10.92199993133545,11.097000122070312,3736179
2014-04-14,11.041000366210938,11.1899995803833,10.862000465393066,11.1850004196167,2945423
2014-04-15,11.194000244140625,11.286999702453613,10.982999801635742,11.001999855041504,2099614
2014-04-16,11.26200008392334,11.282999992370605,11.13700008392334,11.282999992370605,1509344
2014-04-17,11.331999778747559,11.430000305175781,11.229999542236328,11.420000076293945,1586770
2014-04-22,11.515999794006348,11.717000007629395,11.48900032043457,11.682000160217285,1247499
2014-04-23,11.642999649047852,11.656000137329102,11.508999824523926,11.53600025177002,1140779
2014-04-24,11.668999671936035,11.781000137329102,11.475000381469727,11.67199993133545,3097965
2014-04-25,11.618000030517578,11.65999984741211,11.449999809265137,11.51099967956543,1200623
2014-04-28,11.621000289916992,11.6899995803833,11.510000228881836,11.604999542236328,1357596
2014-04-29,11.6850004196167,11.838000297546387,11.569999694824219,11.798999786376953,1713551
2014-04-30,11.763999938964844,11.79699993133545,11.689000129699707,11.779999732971191,1128766
2014-05-02,11.743000030517578,11.812999725341797,11.609999656677246,11.65999984741211,1929729
2014-05-05,11.607000350952148,11.730999946594238,11.371999740600586,11.704000473022461,1187410
2014-05-06,11.760000228881836,11.770000457763672,11.479999542236328,11.508999824523926,1598219
2014-05-07,11.435999870300293,11.664999961853027,11.413999557495117,11.63599967956543,2363199
2014-05-08,11.699000358581543,11.9399995803833,11.604999542236328,11.935999870300293,2031376
2014-05-09,11.88700008392334,11.88700008392334,11.739999771118164,11.803000450134277,1736027
2014-05-12,11.852999687194824,12.015999794006348,11.840999603271484,11.994999885559082,759595
2014-05-13,12.03499984741211,12.100000381469727,12.0,12.062000274658203,769880
2014-05-14,12.083000183105469,12.09000015258789,12.008000373840332,12.074999809265137,442651
2014-05-15,12.031000137329102,12.130000114440918,11.737000465393066,11.779999732971191,1559032
2014-05-16,11.815999984741211,11.86400032043457,11.65999984741211,11.86400032043457,1337774
2014-05-19,11.840999603271484,11.960000038146973,11.656999588012695,11.932999610900879,845085
2014-05-20,11.92300033569336,12.0,11.857999801635742,11.892999649047852,785920
2014-05-21,11.788999557495117,12.0,11.744000434875488,11.973999977111816,970544
2014-05-22,12.019000053405762,12.050000190734863,11.890000343322754,12.02400016784668,1288880
2014-05-23,12.008999824523926,12.121000289916992,11.986000061035156,12.10099983215332,786696
2014-05-26,12.130000114440918,12.286999702453613,12.130000114440918,12.286999702453613,850280
2014-05-27,12.253000259399414,12.357000350952148,12.225000381469727,12.324000358581543,560200
2014-05-28,12.295000076293945,12.359999656677246,12.260000228881836,12.331999778747559,880064
2014-05-29,12.329000473022461,12.357000350952148,12.279999732971191,12.357000350952148,820575
2014-05-30,12.244000434875488,12.340999603271484,12.180000305175781,12.295000076293945,1986278
2014-06-02,12.392999649047852,12.399999618530273,12.270000457763672,12.350000381469727,1050771
2014-06-03,12.321000099182129,12.354999542236328,12.26099967956543,12.291000366210938,954845
2014-06-04,12.248000144958496,12.317999839782715,12.105999946594238,12.267000198364258,1360297
2014-06-05,12.269000053405762,12.699999809265137,12.201000213623047,12.522000312805176,2115667
2014-06-06,12.5649995803833,12.744999885559082,12.484999656677246,12.699999809265137,1207458
2014-06-09,12.715999603271484,12.765000343322754,12.64900016784668,12.765000343322754,1093486
2014-06-10,12.753999710083008,12.803999900817871,12.699999809265137,12.777999877929688,1068281
2014-06-11,12.741999626159668,12.741999626159668,12.569999694824219,12.592000007629395,1074576
2014-06-12,12.585000038146973,12.690999984741211,12.527000427246094,12.574000358581543,1046532
2014-06-13,12.53600025177002,12.588000297546387,12.312000274658203,12.519000053405762,2544681
2014-06-16,12.437000274658203,12.498000144958496,12.324999809265137,12.333000183105469,890250
2014-06-17,12.406999588012695,12.491999626159668,12.321999549865723,12.468000411987305,2471105
2014-06-18,12.508999824523926,12.557999610900879,12.432000160217285,12.432000160217285,1499818
2014-06-19,12.642000198364258,12.720000267028809,12.588000297546387,12.61400032043457,1089158
2014-06-20,12.579000473022461,12.670000076293945,12.48900032043457,12.48900032043457,727127
2014-06-23,12.465999603271484,12.491999626159668,12.239999771118164,12.350000381469727,2282247
2014-06-24,12.461999893188477,12.46500015258789,12.347999572753906,12.369999885559082,468483
2014-06-25,12.29699993133545,12.29699993133545,12.020000457763672,12.093999862670898,2771239
2014-06-26,12.142999649047852,12.157999992370605,11.8100004196167,11.975000381469727,3080198
2014-06-27,12.005000114440918,12.09000015258789,11.901000022888184,11.97599983215332,809949
2014-06-30,11.973999977111816,12.069999694824219,11.793000221252441,11.887999534606934,1120301
2014-07-01,11.972000122070312,12.104999542236328,11.934000015258789,12.086999893188477,1013053
2014-07-02,12.053999900817871,12.125,11.958000183105469,11.98799991607666,1706363
2014-07-03,11.958999633789062,12.248000144958496,11.958000183105469,12.248000144958496,1518224
2014-07-04,12.187999725341797,12.239999771118164,12.12399959564209,12.12399959564209,229198
2014-07-07,12.03499984741211,12.10099983215332,11.777999877929688,11.793999671936035,1397303
2014-07-08,11.880000114440918,11.880000114440918,11.463000297546387,11.463000297546387,1800899
2014-07-09,11.494999885559082,11.562999725341797,11.387999534606934,11.552000045776367,1207887
2014-07-10,11.498000144958496,11.520000457763672,11.10200023651123,11.236000061035156,3089403
2014-07-11,11.270999908447266,11.387999534606934,11.220999717712402,11.310999870300293,1570882
2014-07-14,11.36299991607666,11.513999938964844,11.350000381469727,11.494000434875488,304800
2014-07-15,11.444999694824219,11.491000175476074,11.234999656677246,11.251999855041504,1085762
2014-07-16,11.36299991607666,11.609999656677246,11.36299991607666,11.59000015258789,724931
2014-07-17,11.458000183105469,11.543000221252441,11.267999649047852,11.29699993133545,1064776
2014-07-18,11.175000190734863,11.416000366210938,11.140000343322754,11.416000366210938,1157463
2014-07-21,11.37600040435791,11.380999565124512,11.1899995803833,11.23799991607666,1313988
2014-07-22,11.35200023651123,11.597000122070312,11.29800033569336,11.572999954223633,1195711
2014-07-23,11.531000137329102,11.71500015258789,11.52400016784668,11.609000205993652,933241
2014-07-24,11.579999923706055,11.812000274658203,11.454999923706055,11.788999557495117,844011
2014-07-25,11.66100025177002,11.699999809265137,11.282999992370605,11.368000030517578,1424345
2014-07-28,11.467000007629395,11.491000175476074,11.244000434875488,11.439000129699707,1088367
2014-07-29,11.51099967956543,11.675999641418457,11.371000289916992,11.53600025177002,1223452
2014-07-30,11.451000213623047,11.619999885559082,11.21500015258789,11.267999649047852,2048088
2014-07-31,11.357000350952148,11.399999618530273,10.875,10.92199993133545,2893715
2014-08-01,10.90999984741211,10.90999984741211,10.572999954223633,10.70199966430664,3558647
2014-08-04,10.756999969482422,10.873000144958496,10.692000389099121,10.767000198364258,2120280
2014-08-05,10.838000297546387,10.944999694824219,10.760000228881836,10.850000381469727,745042
2014-08-06,10.687999725341797,10.784000396728516,10.515000343322754,10.706000328063965,1384486
2014-08-07,10.645999908447266,10.723999977111816,10.399999618530273,10.428000450134277,2124892
2014-08-08,10.29699993133545,10.5,10.220000267028809,10.40999984741211,1512299
2014-08-11,10.538000106811523,10.699999809265137,10.491999626159668,10.645999908447266,1123339
2014-08-12,10.552000045776367,10.635000228881836,10.430000305175781,10.480999946594238,1970929
2014-08-13,10.586999893188477,10.694000244140625,10.569999694824219,10.63700008392334,1069511
2014-08-14,10.539999961853027,10.763999938964844,10.49899959564209,10.701000213623047,1617547
2014-08-15,10.746999740600586,10.960000038146973,10.489999771118164,10.538000106811523,3535006
2014-08-18,10.83899974822998,10.880000114440918,10.723999977111816,10.815999984741211,1638993
2014-08-19,10.85099983215332,10.970000267028809,10.84000015258789,10.944999694824219,1690954
2014-08-20,10.901000022888184,10.942000389099121,10.75,10.885000228881836,1231538
2014-08-21,10.880999565124512,11.133000373840332,10.821999549865723,11.128000259399414,1456580
2014-08-22,11.105999946594238,11.130000114440918,10.829999923706055,10.928999900817871,2425187
2014-08-25,11.199999809265137,11.375,11.100000381469727,11.373000144958496,2257328
2014-08-26,11.371999740600586,11.66100025177002,11.333000183105469,11.642000198364258,1813949
2014-08-27,11.638999938964844,11.694999694824219,11.581999778747559,11.668000221252441,2862522
2014-08-28,11.63700008392334,11.652000427246094,11.444000244140625,11.515999794006348,2082941
2014-08-29,11.595999717712402,11.649999618530273,11.359999656677246,11.581000328063965,1363066
2014-09-01,11.631999969482422,11.640000343322754,11.46500015258789,11.58899974822998,1067762
2014-09-02,11.614999771118164,11.704999923706055,11.545000076293945,11.559000015258789,1915992
2014-09-03,11.668999671936035,11.925000190734863,11.649999618530273,11.789999961853027,3213400
2014-09-04,11.730999946594238,12.260000228881836,11.696000099182129,12.185999870300293,2936086
2014-09-05,12.178000450134277,12.204000473022461,12.045999526977539,12.130999565124512,1053072
2014-09-08,12.083000183105469,12.14799976348877,12.013999938964844,12.074999809265137,1517774
2014-09-09,12.062999725341797,12.125,11.930999755859375,11.967000007629395,1066482
2014-09-10,11.920000076293945,12.003000259399414,11.866999626159668,11.970000267028809,498870
2014-09-11,12.0,12.005999565124512,11.739999771118164,11.890000343322754,1069619
2014-09-12,11.92199993133545,11.934000015258789,11.781000137329102,11.89799976348877,394366
2014-09-15,11.800999641418457,11.890000343322754,11.777999877929688,11.829999923706055,285265
2014-09-16,11.789999961853027,11.791000366210938,11.623000144958496,11.730999946594238,903281
2014-09-17,11.842000007629395,11.913999557495117,11.75100040435791,11.840999603271484,799824
2014-09-18,11.902000427246094,12.055000305175781,11.869999885559082,12.01099967956543,1533598
2014-09-19,12.14900016784668,12.163999557495117,11.958000183105469,11.982000350952148,1505935
2014-09-22,11.913999557495117,12.005999565124512,11.85099983215332,11.899999618530273,970437
2014-09-23,11.802000045776367,11.809000015258789,11.442999839782715,11.494999885559082,2334857
2014-09-24,11.508999824523926,11.791999816894531,11.425999641418457,11.784000396728516,2016821
2014-09-25,11.763999938964844,11.864999771118164,11.420000076293945,11.470000267028809,1720455
2014-09-26,11.440999984741211,11.756999969482422,11.385000228881836,11.661999702453613,1142719
2014-09-29,11.677000045776367,11.70300006866455,11.348999977111816,11.479999542236328,2290695
2014-09-30,11.60200023651123,11.880000114440918,11.550000190734863,11.78499984741211,2051409
2014-10-01,11.734000205993652,11.826000213623047,11.442000389099121,11.522000312805176,1957494
2014-10-02,11.449000358581543,11.541999816894531,10.871000289916992,10.871000289916992,3664585
2014-10-03,11.01200008392334,11.14900016784668,10.956000328063965,11.062999725341797,828588
2014-10-06,11.196000099182129,11.27400016784668,11.045000076293945,11.097000122070312,1526570
2014-10-07,10.975000381469727,10.996999740600586,10.6850004196167,10.70300006866455,2246594
2014-10-08,10.631999969482422,10.70300006866455,10.407999992370605,10.5,2176458
2014-10-09,10.734000205993652,10.734000205993652,10.253999710083008,10.345999717712402,2451644
2014-10-10,10.199000358581543,10.265999794006348,9.96500015258789,10.006999969482422,3377857
2014-10-13,9.843999862670898,10.168000221252441,9.833000183105469,10.052000045776367,2792339
2014-10-14,9.939000129699707,10.131999969482422,9.722999572753906,10.093000411987305,2161655
2014-10-15,10.041000366210938,10.130000114440918,9.329999923706055,9.361000061035156,3792907
2014-10-16,9.524999618530273,9.590999603271484,8.621999740600586,9.256999969482422,3844360
2014-10-17,9.32800006866455,9.829999923706055,9.243000030517578,9.791999816894531,3656598
2014-10-20,9.701000213623047,9.779999732971191,9.442000389099121,9.581000328063965,2376551
2014-10-21,9.545999526977539,10.031000137329102,9.460000038146973,10.010000228881836,2307254
2014-10-22,10.0600004196167,10.15999984741211,9.930000305175781,10.125,1263248
2014-10-23,9.95199966430664,10.439000129699707,9.838000297546387,10.380999565124512,2925023
2014-10-24,10.229000091552734,10.380000114440918,10.1899995803833,10.274999618530273,2742065
2014-10-27,10.444999694824219,10.444999694824219,9.9399995803833,10.100000381469727,1546924
2014-10-28,10.159000396728516,10.255999565124512,10.109999656677246,10.177000045776367,1089510
2014-10-29,10.26200008392334,10.279999732971191,10.140000343322754,10.163000106811523,1061441
2014-10-30,10.319000244140625,10.359999656677246,9.869999885559082,10.315999984741211,1317514
2014-10-31,10.57800006866455,10.835000038146973,10.510000228881836,10.756999969482422,3054656
2014-11-03,10.70199966430664,10.807000160217285,10.519000053405762,10.57800006866455,2295708
2014-11-04,10.51099967956543,10.642999649047852,10.187000274658203,10.251999855041504,1064313
2014-11-05,10.432999610900879,10.663000106811523,10.319999694824219,10.633999824523926,1188535
2014-11-06,10.543000221252441,11.0,10.494000434875488,10.72599983215332,2303923
2014-11-07,10.777999877929688,10.777999877929688,10.392999649047852,10.548999786376953,2856997
2014-11-10,10.49899959564209,10.710000038146973,10.49899959564209,10.697999954223633,1368970
2014-11-11,10.734000205993652,10.868000030517578,10.722000122070312,10.824999809265137,657224
2014-11-12,10.770999908447266,10.817999839782715,10.468000411987305,10.494999885559082,1781451
2014-11-13,10.614999771118164,10.704000473022461,10.357999801635742,10.539999961853027,1927320
2014-11-14,10.625,10.647000312805176,10.420000076293945,10.614999771118164,1523223
2014-11-17,10.465999603271484,10.789999961853027,10.427000045776367,10.711999893188477,2196478
2014-11-18,10.758000373840332,10.9399995803833,10.722999572753906,10.899999618530273,1139275
2014-11-19,10.899999618530273,11.050000190734863,10.847000122070312,10.928999900817871,2182585
2014-11-20,10.883999824523926,10.892999649047852,10.598999977111816,10.772000312805176,2799896
2014-11-21,10.847999572753906,11.380000114440918,10.8100004196167,11.317000389099121,2666701
2014-11-24,11.359999656677246,11.612000465393066,11.359999656677246,11.447999954223633,1991593
2014-11-25,11.4350004196167,11.630000114440918,11.420000076293945,11.512999534606934,2476795
2014-11-26,11.559000015258789,11.609999656677246,11.42300033569336,11.482000350952148,1739906
2014-11-27,11.505999565124512,11.60200023651123,11.4399995803833,11.53600025177002,1159631
2014-11-28,11.484999656677246,11.569000244140625,11.37600040435791,11.569000244140625,824819
2014-12-01,11.41100025177002,11.531000137329102,11.279999732971191,11.510000228881836,775724
2014-12-02,11.604000091552734,11.760000228881836,11.48799991607666,11.569999694824219,984700
2014-12-03,11.569999694824219,11.65999984741211,11.520000457763672,11.567999839782715,714686
2014-12-04,11.619000434875488,11.78499984741211,11.154000282287598,11.232999801635742,1645032
2014-12-05,11.411999702453613,11.75,11.402000427246094,11.711999893188477,1304182
2014-12-08,11.619000434875488,11.661999702453613,11.505000114440918,11.506999969482422,976881
2014-12-09,11.300000190734863,11.335000038146973,10.897000312805176,10.932000160217285,2768006
2014-12-10,11.020000457763672,11.13599967956543,10.675000190734863,10.746000289916992,1904213
2014-12-11,10.706999778747559,10.850000381469727,10.569999694824219,10.713000297546387,1877895
2014-12-12,10.550999641418457,10.605999946594238,10.079999923706055,10.130999565124512,3171363
2014-12-15,10.25,10.39900016784668,9.619000434875488,9.65999984741211,2578134
2014-12-16,9.708999633789062,10.071999549865723,9.260000228881836,10.060999870300293,5174891
2014-12-17,9.86299991607666,10.258000373840332,9.779999732971191,10.168000221252441,4118351
2014-12-18,10.48900032043457,10.829999923706055,10.383999824523926,10.814000129699707,3609076
2014-12-19,11.029999732971191,11.048999786376953,10.604999542236328,10.805999755859375,2561912
2014-12-22,10.876999855041504,11.081999778747559,10.78499984741211,10.855999946594238,2486150
2014-12-23,10.913000106811523,11.15999984741211,10.885000228881836,11.15999984741211,2046977
2014-12-24,11.184000015258789,11.199000358581543,11.053999900817871,11.119999885559082,251150
2014-12-29,11.095999717712402,11.180000305175781,10.836000442504883,11.175999641418457,1249192
2014-12-30,10.980999946594238,11.085000038146973,10.8149995803833,10.8149995803833,3118688
2014-12-31,10.885000228881836,10.961000442504883,10.862000465393066,10.871999740600586,426886
2015-01-02,11.079000473022461,11.09000015258789,10.664999961853027,10.84000015258789,1819076
2015-01-05,10.651000022888184,10.967000007629395,10.086999893188477,10.133999824523926,3215209
2015-01-06,10.173999786376953,10.319999694824219,9.934000015258789,9.996000289916992,2433482
2015-01-07,10.038999557495117,10.286999702453613,9.970000267028809,10.11299991607666,2831438
2015-01-08,10.392000198364258,10.892000198364258,10.369999885559082,10.85200023651123,2581121
2015-01-09,10.763999938964844,10.916999816894531,10.28600025177002,10.435999870300293,3133458
2015-01-12,10.539999961853027,10.800000190734863,10.369999885559082,10.67199993133545,3063219
2015-01-13,10.595000267028809,11.098999977111816,10.59000015258789,10.97599983215332,1730741
2015-01-14,10.647000312805176,11.057999610900879,10.555999755859375,10.66100025177002,3383248
2015-01-15,10.904999732971191,11.225000381469727,10.404999732971191,11.140000343322754,4103220
2015-01-16,11.10099983215332,11.47700023651123,10.998000144958496,11.435999870300293,3089375
2015-01-19,11.4399995803833,11.670000076293945,11.369999885559082,11.510000228881836,1175627
2015-01-20,11.595000267028809,11.873000144958496,11.59000015258789,11.781000137329102,2651128
2015-01-21,11.866999626159668,11.984000205993652,11.57699966430664,11.984000205993652,4126542
2015-01-22,11.963000297546387,12.444000244140625,11.869999885559082,12.34000015258789,3538897
2015-01-23,12.52299976348877,13.020000457763672,12.520000457763672,12.831999778747559,4562135
2015-01-26,12.75,13.053999900817871,12.713000297546387,13.02400016784668,3254677
2015-01-27,13.045999526977539,13.045999526977539,12.574000358581543,12.746999740600586,2102228
2015-01-28,12.9399995803833,12.961000442504883,12.515000343322754,12.682000160217285,735827
2015-01-29,12.524999618530273,12.79800033569336,12.479000091552734,12.791999816894531,847391
2015-01-30,12.932000160217285,12.954000473022461,12.522000312805176,12.64799976348877,896054
2015-02-02,12.699999809265137,12.88599967956543,12.524999618530273,12.762999534606934,999212
2015-02-03,12.895999908447266,13.170000076293945,12.895999908447266,13.03600025177002,1299044
2015-02-04,13.100000381469727,13.137999534606934,12.899999618530273,13.137999534606934,1850890
2015-02-05,12.91100025177002,13.20199966430664,12.869999885559082,13.1850004196167,1078551
2015-02-06,13.086000442504883,13.210000038146973,13.043000221252441,13.107000350952148,1176501
2015-02-09,12.875,12.95199966430664,12.67300033569336,12.892999649047852,2156043
2015-02-10,12.927000045776367,13.263999938964844,12.812999725341797,13.135000228881836,1744231
2015-02-11,13.095999717712402,13.135000228881836,12.9399995803833,13.045999526977539,1754841
2015-02-12,13.031000137329102,13.427000045776367,12.994000434875488,13.300000190734863,1229655
2015-02-13,13.432999610900879,13.607000350952148,13.404999732971191,13.480999946594238,1535897
2015-02-16,13.508000373840332,13.529000282287598,13.425999641418457,13.437000274658203,460452
2015-02-17,13.276000022888184,13.536999702453613,13.064000129699707,13.458999633789062,1668274
2015-02-18,13.60200023651123,13.760000228881836,13.593000411987305,13.715999603271484,1107735
2015-02-19,13.664999961853027,13.956000328063965,13.5649995803833,13.92300033569336,1575055
2015-02-20,13.848999977111816,13.939000129699707,13.619999885559082,13.901000022888184,1741564
2015-02-23,14.123000144958496,14.166999816894531,13.901000022888184,14.057999610900879,1239614
2015-02-24,14.114999771118164,14.293000221252441,13.972000122070312,14.225000381469727,831385
2015-02-25,14.255999565124512,14.265999794006348,14.083000183105469,14.185999870300293,1043713
2015-02-26,14.199999809265137,14.352999687194824,14.168999671936035,14.345000267028809,564820
2015-02-27,14.385000228881836,14.585000038146973,14.317999839782715,14.585000038146973,1175778
2015-03-02,14.562000274658203,14.59000015258789,14.293999671936035,14.388999938964844,1419072
2015-03-03,14.446000099182129,14.506999969482422,14.093000411987305,14.125,1418042
2015-03-04,14.25,14.37600040435791,14.048999786376953,14.37600040435791,1279793
2015-03-05,14.467000007629395,14.720000267028809,14.449999809265137,14.637999534606934,1011294
2015-03-06,14.638999938964844,14.795000076293945,14.57699966430664,14.657999992370605,1150046
2015-03-09,14.494999885559082,14.579999923706055,14.395000457763672,14.517999649047852,1314674
2015-03-10,14.505999565124512,14.524999618530273,14.109000205993652,14.197999954223633,1478413
2015-03-11,14.317999839782715,14.880000114440918,14.303000450134277,14.843000411987305,1196490
2015-03-12,14.784000396728516,14.866999626159668,14.75,14.791999816894531,660628
2015-03-13,14.814000129699707,14.920000076293945,14.677000045776367,14.90999984741211,1037290
2015-03-16,14.989999771118164,15.279999732971191,14.989999771118164,15.206000328063965,1123247
2015-03-17,15.270999908447266,15.307999610900879,14.892999649047852,15.039999961853027,1506674
2015-03-18,15.04800033569336,15.107999801635742,14.871999740600586,15.057999610900879,1457305
2015-03-19,15.135000228881836,15.220000267028809,14.899999618530273,15.079000473022461,1061330
2015-03-20,15.131999969482422,15.493000030517578,15.069999694824219,15.381999969482422,1191219
2015-03-23,15.362000465393066,15.362000465393066,15.109999656677246,15.222999572753906,1428603
2015-03-24,15.13700008392334,15.526000022888184,15.07800006866455,15.437000274658203,1442968
2015-03-25,15.338000297546387,15.428000450134277,14.97700023651123,15.045000076293945,1891424
2015-03-26,14.897000312805176,14.95300006866455,14.494000434875488,14.940999984741211,2817327
2015-03-27,15.0,15.196999549865723,14.92199993133545,15.092000007629395,975756
2015-03-30,15.263999938964844,15.48799991607666,15.262999534606934,15.402000427246094,1234634
2015-03-31,15.326000213623047,15.489999771118164,15.062000274658203,15.097000122070312,1412149
2015-04-01,14.954000473022461,15.553999900817871,14.928999900817871,15.263999938964844,2266157
2015-04-02,15.28600025177002,15.37600040435791,15.239999771118164,15.32800006866455,391824
2015-04-07,15.479000091552734,15.890999794006348,15.477999687194824,15.78499984741211,767568
2015-04-08,15.782999992370605,15.902000427246094,15.649999618530273,15.717000007629395,802463
2015-04-09,15.880000114440918,16.148000717163086,15.840999603271484,16.148000717163086,1001728
2015-04-10,16.239999771118164,16.35099983215332,16.16699981689453,16.336999893188477,792305
2015-04-13,16.308000564575195,16.48200035095215,16.238000869750977,16.42300033569336,1410023
2015-04-14,16.398000717163086,16.479999542236328,16.049999237060547,16.225000381469727,1413730
2015-04-15,16.288000106811523,16.535999298095703,16.2189998626709,16.437000274658203,1278795
2015-04-16,16.323999404907227,16.444000244140625,16.190000534057617,16.253999710083008,1207872
2015-04-17,16.20599937438965,16.343000411987305,15.649999618530273,15.730999946594238,2605270
2015-04-20,15.859999656677246,16.020000457763672,15.791000366210938,16.020000457763672,1787506
2015-04-21,16.200000762939453,16.41900062561035,15.970999717712402,16.10099983215332,3237555
2015-04-22,16.23200035095215,16.312999725341797,15.795000076293945,16.202999114990234,2546571
2015-04-23,16.285999298095703,16.302000045776367,15.803999900817871,16.003000259399414,1999886
2015-04-24,16.246000289916992,16.295000076293945,15.928000450134277,16.121000289916992,1216642
2015-04-27,16.049999237060547,16.677000045776367,15.75,16.56999969482422,1934742
2015-04-28,16.481000900268555,16.481000900268555,15.779999732971191,16.01799964904785,2253100
2015-04-29,16.18899917602539,16.19300079345703,15.145000457763672,15.185999870300293,3042355
2015-04-30,15.196999549865723,15.399999618530273,14.916000366210938,15.35200023651123,2607970
2015-05-04,15.305999755859375,15.6850004196167,15.079999923706055,15.489999771118164,1749778
2015-05-05,15.440999984741211,15.833999633789062,14.829999923706055,14.89900016784668,2645689
2015-05-06,14.809000015258789,15.104999542236328,14.628999710083008,14.918000221252441,2333508
2015-05-07,14.678999900817871,14.9399995803833,14.3149995803833,14.878000259399414,1933310
2015-05-08,14.993000030517578,15.616999626159668,14.944000244140625,15.57800006866455,1301684
2015-05-11,15.45199966430664,15.463000297546387,15.25,15.368000030517578,1163147
2015-05-12,15.093999862670898,15.125,14.729999542236328,15.057999610900879,1963948
2015-05-13,15.220000267028809,15.486000061035156,14.87600040435791,14.998000144958496,1914801
2015-05-14,14.854999542236328,15.46500015258789,14.61400032043457,15.369999885559082,1044279
2015-05-15,15.451000213623047,15.602999687194824,15.0,15.081999778747559,1491180
2015-05-18,15.09000015258789,15.399999618530273,14.8149995803833,15.312000274658203,1130071
2015-05-19,15.63700008392334,15.989999771118164,15.63700008392334,15.954000473022461,1684531
2015-05-20,15.939000129699707,16.131999969482422,15.814000129699707,16.10099983215332,2101586
2015-05-21,16.07900047302246,16.20599937438965,15.904999732971191,16.167999267578125,597243
2015-05-22,16.18400001525879,16.25,16.02400016784668,16.170000076293945,911563
2015-05-25,16.004199981689453,16.004199981689453,16.004199981689453,16.004199981689453,0
2015-05-26,16.104999542236328,16.222000122070312,15.694999694824219,15.831000328063965,969988
2015-05-27,16.052000045776367,16.520000457763672,15.859999656677246,16.44700050354004,1818123
2015-05-28,16.31599998474121,16.357999801635742,15.930999755859375,16.201000213623047,852778
2015-05-29,16.195999145507812,16.200000762939453,15.359999656677246,15.371999740600586,1759348
2015-06-01,15.510000228881836,15.71500015258789,15.295000076293945,15.491999626159668,1334455
2015-06-02,15.607000350952148,15.607000350952148,15.100000381469727,15.38700008392334,1592019
2015-06-03,15.444999694824219,15.899999618530273,15.3100004196167,15.564000129699707,1351939
2015-06-04,15.260000228881836,15.640999794006348,14.84000015258789,15.272000312805176,2290035
2015-06-05,15.02299976348877,15.163000106811523,14.710000038146973,14.871000289916992,1675325
2015-06-08,14.708999633789062,14.914999961853027,14.557000160217285,14.557000160217285,1999131
2015-06-09,14.529999732971191,14.61400032043457,14.119999885559082,14.515000343322754,1950232
2015-06-10,14.359999656677246,15.15999984741211,14.29800033569336,15.024999618530273,1825185
2015-06-11,14.967000007629395,15.550000190734863,14.956000328063965,15.23900032043457,1609745
2015-06-12,15.067000389099121,15.246000289916992,14.510000228881836,14.824000358581543,2422087
2015-06-15,14.454000473022461,14.645000457763672,14.244000434875488,14.3149995803833,1598293
2015-06-16,14.149999618530273,14.553000450134277,13.895999908447266,14.444000244140625,2711323
2015-06-17,14.418000221252441,14.550000190734863,14.062000274658203,14.157999992370605,2296718
2015-06-18,14.09000015258789,14.26200008392334,13.706999778747559,14.236000061035156,2215218
2015-06-19,14.220000267028809,14.630000114440918,14.189000129699707,14.291999816894531,1989433
2015-06-22,15.005000114440918,15.45199966430664,14.868000030517578,15.388999938964844,2801763
2015-06-23,15.600000381469727,15.87600040435791,15.536999702453613,15.770999908447266,2095459
2015-06-24,15.753999710083008,15.805999755859375,15.390000343322754,15.685999870300293,2542585
2015-06-25,15.515999794006348,15.973999977111816,15.399999618530273,15.6850004196167,1577569
2015-06-26,15.465999603271484,16.030000686645508,15.343999862670898,15.817000389099121,1981738
2015-06-29,14.473999977111816,15.100000381469727,14.380000114440918,14.633000373840332,2445521
2015-06-30,14.491000175476074,14.760000228881836,14.140000343322754,14.175000190734863,3708083
2015-07-01,14.345999717712402,15.038999557495117,14.279999732971191,14.699999809265137,2765820
2015-07-02,14.75,14.824999809265137,14.399999618530273,14.42300033569336,1232764
2015-07-03,14.359999656677246,14.484000205993652,14.081999778747559,14.269000053405762,1818182
2015-07-06,13.690999984741211,14.062999725341797,13.607999801635742,13.680000305175781,2901505
2015-07-07,13.652000427246094,13.758999824523926,13.043999671936035,13.095999717712402,2718213
2015-07-08,13.112000465393066,13.447999954223633,13.039999961853027,13.258999824523926,1266741
2015-07-09,13.395000457763672,14.03499984741211,13.371999740600586,13.925000190734863,1983198
2015-07-10,14.586999893188477,14.88700008392334,14.472000122070312,14.767000198364258,2857906
2015-07-13,15.256999969482422,15.420000076293945,15.100000381469727,15.340999603271484,3853652
2015-07-14,15.28600025177002,15.552000045776367,15.241999626159668,15.552000045776367,1768721
2015-07-15,15.531000137329102,15.701000213623047,15.461000442504883,15.649999618530273,1479680
2015-07-16,15.807999610900879,16.270000457763672,15.800000190734863,16.094999313354492,3137174
2015-07-17,16.17300033569336,16.20800018310547,16.024999618530273,16.136999130249023,2148150
2015-07-20,16.222000122070312,16.506999969482422,16.174999237060547,16.229999542236328,1105857
2015-07-21,16.309999465942383,16.323999404907227,15.942000389099121,16.017000198364258,1360345
2015-07-22,15.86400032043457,15.970000267028809,15.807999610900879,15.873000144958496,949967
2015-07-23,16.062000274658203,16.062000274658203,15.772000312805176,15.89900016784668,475051
2015-07-24,15.838000297546387,16.106000900268555,15.673999786376953,15.732999801635742,1112100
2015-07-27,15.52299976348877,15.532999992370605,14.892000198364258,14.918999671936035,1879310
2015-07-28,15.104000091552734,15.329999923706055,14.968000411987305,15.194999694824219,1644621
2015-07-29,15.413999557495117,15.479999542236328,15.152999877929688,15.440999984741211,735263
2015-07-30,15.635000228881836,15.720000267028809,15.350000381469727,15.611000061035156,912860
2015-07-31,15.687999725341797,15.854999542236328,15.5600004196167,15.842000007629395,1420062
2015-08-03,15.859999656677246,16.11400032043457,15.73799991607666,16.072999954223633,828730
2015-08-04,15.968999862670898,16.031999588012695,15.800000190734863,16.01300048828125,787967
2015-08-05,16.184999465942383,16.59000015258789,16.184999465942383,16.559999465942383,1372426
2015-08-06,16.454999923706055,16.690000534057617,16.43000030517578,16.53499984741211,1835830
2015-08-07,16.424999237060547,16.527000427246094,16.275999069213867,16.302000045776367,1028956
2015-08-10,16.457000732421875,16.566999435424805,16.156999588012695,16.547000885009766,1315702
2015-08-11,16.413999557495117,16.42300033569336,15.916000366210938,15.961000442504883,2078506
2015-08-12,15.491000175476074,15.491000175476074,14.744999885559082,14.880999565124512,3910131
2015-08-13,15.324000358581543,15.449000358581543,15.130999565124512,15.213000297546387,2975579
2015-08-14,15.248000144958496,15.409000396728516,14.939000129699707,15.041000366210938,1024956
2015-08-17,15.411999702453613,15.460000038146973,14.810999870300293,15.217000007629395,1142787
2015-08-18,15.185999870300293,15.3149995803833,15.026000022888184,15.131999969482422,1260500
2015-08-19,14.991999626159668,15.0,14.597000122070312,14.597000122070312,1686059
2015-08-20,14.553000450134277,14.57699966430664,13.9399995803833,13.991999626159668,3080706
2015-08-21,13.71500015258789,13.95199966430664,13.100000381469727,13.100000381469727,3417178
2015-08-24,12.376999855041504,12.59000015258789,10.899999618530273,11.753999710083008,5896155
2015-08-25,12.123000144958496,12.819999694824219,11.92300033569336,12.656999588012695,4039831
2015-08-26,12.206999778747559,12.75100040435791,11.902000427246094,12.310999870300293,3273914
2015-08-27,12.875,13.319999694824219,12.788999557495117,13.149999618530273,3228511
2015-08-28,13.22700023651123,13.253000259399414,12.956000328063965,13.253000259399414,2124423
2015-08-31,13.072999954223633,13.163999557495117,12.880000114440918,13.133999824523926,1562442
2015-09-01,12.756999969482422,12.824999809265137,12.260000228881836,12.494999885559082,2327021
2015-09-02,12.590999603271484,12.829999923706055,12.355999946594238,12.581000328063965,1021661
2015-09-03,12.800999641418457,13.335000038146973,12.770000457763672,13.119000434875488,2326691
2015-09-04,12.817999839782715,12.868000030517578,12.260000228881836,12.39799976348877,2478945
2015-09-07,12.722000122070312,12.75,12.395000457763672,12.529999732971191,771401
2015-09-08,12.756999969482422,13.109999656677246,12.755000114440918,12.795000076293945,1644978
2015-09-09,13.34000015258789,13.539999961853027,13.147000312805176,13.16100025177002,2154909
2015-09-10,12.9399995803833,13.16100025177002,12.699999809265137,12.788999557495117,2722856
2015-09-11,12.86400032043457,12.86400032043457,12.484999656677246,12.506999969482422,1721882
2015-09-14,12.53600025177002,12.781000137329102,12.319999694824219,12.343000411987305,2195944
2015-09-15,12.451000213623047,12.748000144958496,12.244999885559082,12.618000030517578,1696543
2015-09-16,12.85200023651123,13.086999893188477,12.850000381469727,13.041000366210938,871247
2015-09-17,13.133000373840332,13.154999732971191,12.949999809265137,13.093999862670898,857972
2015-09-18,12.75,12.894000053405762,12.194000244140625,12.428999900817871,3812698
2015-09-21,12.435999870300293,12.805999755859375,12.413000106811523,12.699999809265137,1968018
2015-09-22,12.630000114440918,12.640999794006348,11.75100040435791,11.833000183105469,3967455
2015-09-23,11.937999725341797,12.163999557495117,11.677000045776367,11.852999687194824,2888336
2015-09-24,11.79699993133545,11.96500015258789,11.190999984741211,11.395000457763672,3855211
2015-09-25,11.777000427246094,12.265999794006348,11.777000427246094,12.083000183105469,2855874
2015-09-28,11.996999740600586,12.0649995803833,11.359999656677246,11.468000411987305,1634340
2015-09-29,11.123000144958496,11.569999694824219,11.043999671936035,11.387999534606934,2315213
2015-09-30,11.84000015258789,12.069999694824219,11.74899959564209,11.972000122070312,1973753
2015-10-01,12.26099967956543,12.355999946594238,11.708999633789062,11.815999984741211,2490130
2015-10-02,12.074000358581543,12.300000190734863,11.597000122070312,11.991999626159668,2988986
2015-10-05,12.472000122070312,12.90999984741211,12.359000205993652,12.812999725341797,3848733
2015-10-06,12.835000038146973,13.21500015258789,12.675999641418457,13.065999984741211,2890673
2015-10-07,13.14799976348877,13.451000213623047,13.027000427246094,13.105999946594238,2621319
2015-10-08,13.116999626159668,13.222999572753906,12.972000122070312,13.163999557495117,1364941
2015-10-09,13.439000129699707,13.503999710083008,13.25,13.295000076293945,1118849
2015-10-12,13.27299976348877,13.378999710083008,13.09000015258789,13.246000289916992,986210
2015-10-13,13.079000473022461,13.079000473022461,12.739999771118164,12.996000289916992,1630698
2015-10-14,12.748000144958496,13.107999801635742,12.649999618530273,12.819000244140625,1297544
2015-10-15,12.984999656677246,13.225000381469727,12.880999565124512,13.170000076293945,855543
2015-10-16,13.267000198364258,13.427000045776367,13.194000244140625,13.32800006866455,1112286
2015-10-19,13.352999687194824,13.569999694824219,13.22599983215332,13.333999633789062,1195437
2015-10-20,13.324000358581543,13.383000373840332,13.029999732971191,13.168999671936035,1088364
2015-10-21,13.222999572753906,13.40999984741211,12.984999656677246,13.284000396728516,795342
2015-10-22,13.149999618530273,13.97599983215332,13.133000373840332,13.883000373840332,1579180
2015-10-23,14.074000358581543,14.713000297546387,14.074000358581543,14.585000038146973,4091941
2015-10-26,14.472999572753906,14.595000267028809,14.34000015258789,14.437999725341797,1217198
2015-10-27,14.321000099182129,14.430000305175781,14.166999816894531,14.166999816894531,1329792
2015-10-28,14.253000259399414,14.505999565124512,14.151000022888184,14.399999618530273,1110038
2015-10-29,14.423999786376953,14.428999900817871,14.109999656677246,14.362000465393066,1649482
2015-10-30,14.446999549865723,14.505000114440918,14.244999885559082,14.418000221252441,895615
2015-11-02,14.20199966430664,14.668999671936035,14.192999839782715,14.534000396728516,1289753
2015-11-03,14.505000114440918,14.654000282287598,14.40999984741211,14.654000282287598,954792
2015-11-04,14.725000381469727,14.991000175476074,14.680999755859375,14.729000091552734,1374568
2015-11-05,14.805999755859375,15.072999954223633,14.631999969482422,14.911999702453613,1516329
2015-11-06,14.805999755859375,15.104999542236328,14.626999855041504,14.937000274658203,1665850
2015-11-09,14.881999969482422,14.90999984741211,14.475000381469727,14.510000228881836,1147821
2015-11-10,14.616999626159668,14.649999618530273,14.282999992370605,14.517000198364258,1016993
2015-11-11,14.57800006866455,14.887999534606934,14.57800006866455,14.76099967956543,1444183
2015-11-12,14.565999984741211,14.819999694824219,14.14799976348877,14.185999870300293,1759638
2015-11-13,14.100000381469727,14.199999809265137,13.640999794006348,13.90999984741211,2096923
2015-11-16,13.625,14.006999969482422,13.61400032043457,13.89900016784668,1023758
2015-11-17,14.102999687194824,14.64799976348877,14.092000007629395,14.64799976348877,1385361
2015-11-18,14.406000137329102,14.53499984741211,14.300000190734863,14.465999603271484,1114196
2015-11-19,14.670999526977539,14.802000045776367,14.437999725341797,14.529000282287598,1681151
2015-11-20,14.586000442504883,14.638999938964844,14.317000389099121,14.505000114440918,874579
2015-11-23,14.399999618530273,14.460000038146973,14.194999694824219,14.388999938964844,1087643
2015-11-24,14.178000450134277,14.178000450134277,13.682999610900879,13.97599983215332,2330343
2015-11-25,14.036999702453613,14.496999740600586,13.970999717712402,14.390999794006348,2308718
2015-11-26,14.36400032043457,14.760000228881836,14.359999656677246,14.690999984741211,1358612
2015-11-27,14.52400016784668,14.789999961853027,14.482999801635742,14.607999801635742,844735
2015-11-30,14.505000114440918,14.859999656677246,14.432000160217285,14.758000373840332,1238822
2015-12-01,14.784000396728516,14.83899974822998,14.423999786376953,14.527999877929688,1760591
2015-12-02,14.564000129699707,14.682000160217285,14.340999603271484,14.47599983215332,841297
2015-12-03,14.489999771118164,14.880000114440918,13.449999809265137,13.5,5574922
2015-12-04,13.394000053405762,13.477999687194824,13.086999893188477,13.342000007629395,3755518
2015-12-07,13.46500015258789,13.850000381469727,13.449999809265137,13.579999923706055,4827196
2015-12-08,13.590999603271484,13.590999603271484,13.015000343322754,13.164999961853027,2517765
2015-12-09,13.239999771118164,13.348999977111816,12.802000045776367,12.914999961853027,2213802
2015-12-10,12.843000411987305,13.041000366210938,12.680000305175781,12.899999618530273,2745688
2015-12-11,12.789999961853027,12.871999740600586,12.295000076293945,12.428000450134277,3628786
2015-12-14,12.562999725341797,12.824999809265137,11.994999885559082,12.048999786376953,4914098
2015-12-15,12.362000465393066,12.819999694824219,12.329999923706055,12.755999565124512,3155343
2015-12-16,12.847999572753906,13.038999557495117,12.640000343322754,12.840999603271484,2178343
2015-12-17,13.387999534606934,13.50100040435791,13.081000328063965,13.112000465393066,2434935
2015-12-18,12.932000160217285,13.083999633789062,12.680000305175781,12.819000244140625,2434432
2015-12-21,12.774999618530273,13.086999893188477,12.53600025177002,12.53600025177002,1391679
2015-12-22,12.64900016784668,12.739999771118164,12.300000190734863,12.536999702453613,1948149
2015-12-23,12.819000244140625,13.180000305175781,12.79800033569336,13.107999801635742,2431058
2015-12-24,13.118000030517578,13.119999885559082,12.979999542236328,13.119999885559082,855034
2015-12-28,13.116999626159668,13.116999626159668,12.770000457763672,12.786999702453613,990786
2015-12-29,12.92300033569336,13.300000190734863,12.92300033569336,13.300000190734863,1031212
2015-12-30,13.130000114440918,13.295000076293945,13.09000015258789,13.131999969482422,1222382
2016-01-04,12.253000259399414,12.447999954223633,12.072999954223633,12.25,2774886
2016-01-05,12.50100040435791,12.529999732971191,12.032999992370605,12.33899974822998,1854112
2016-01-06,12.236000061035156,12.243000030517578,11.814000129699707,12.0600004196167,2175814
2016-01-07,11.467000007629395,11.729999542236328,11.175000190734863,11.633999824523926,3369121
2016-01-08,11.65999984741211,11.800000190734863,11.26200008392334,11.263999938964844,4739525
2016-01-11,11.315999984741211,11.515999794006348,11.140999794006348,11.140999794006348,2816379
2016-01-12,11.185999870300293,11.734999656677246,11.116000175476074,11.477999687194824,3439902
2016-01-13,11.774999618530273,11.932000160217285,11.444999694824219,11.541999816894531,2104023
2016-01-14,11.222999572753906,11.335000038146973,10.720000267028809,11.147000312805176,6422442
2016-01-15,11.14799976348877,11.149999618530273,10.437000274658203,10.572999954223633,7188194
2016-01-18,10.684000015258789,10.819999694824219,10.350000381469727,10.48799991607666,2994132
2016-01-19,10.939000129699707,11.079999923706055,10.79699993133545,10.907999992370605,2416573
2016-01-20,10.407999992370605,10.435999870300293,9.947999954223633,10.166999816894531,4174141
2016-01-21,10.223999977111816,10.706000328063965,10.104000091552734,10.553999900817871,4761608
2016-01-22,10.989999771118164,11.380000114440918,10.932000160217285,11.196999549865723,3975822
2016-01-25,11.281999588012695,11.281999588012695,10.979000091552734,11.079999923706055,2816191
2016-01-26,10.76200008392334,11.36299991607666,10.63599967956543,11.312999725341797,2397358
2016-01-27,11.265999794006348,11.395000457763672,11.119999885559082,11.395000457763672,1324249
2016-01-28,11.350000381469727,11.567000389099121,10.937999725341797,11.133999824523926,2391184
2016-01-29,11.484999656677246,11.59000015258789,11.204999923706055,11.59000015258789,2075899
2016-02-01,11.585000038146973,11.630000114440918,11.289999961853027,11.508999824523926,2218933
2016-02-02,11.406999588012695,11.406999588012695,10.789999961853027,10.954000473022461,1892780
2016-02-03,10.87399959564209,11.005000114440918,10.40999984741211,10.654000282287598,2609447
2016-02-04,10.843999862670898,10.881999969482422,10.39799976348877,10.664999961853027,1975628
2016-02-05,10.725000381469727,10.873000144958496,10.460000038146973,10.529999732971191,1438936
2016-02-08,10.520999908447266,10.595999717712402,9.755000114440918,9.859000205993652,4500396
2016-02-09,9.940999984741211,9.979000091552734,9.295000076293945,9.51099967956543,5414875
2016-02-10,9.612000465393066,10.069999694824219,9.468000411987305,9.817999839782715,3463353
2016-02-11,9.51200008392334,9.51200008392334,9.0,9.034000396728516,4819385
2016-02-12,9.284000396728516,9.47599983215332,9.140999794006348,9.47599983215332,3101661
2016-02-15,9.871000289916992,10.184000015258789,9.859999656677246,10.041000366210938,2572013
2016-02-16,10.194999694824219,10.255000114440918,9.90999984741211,10.02400016784668,3392141
2016-02-17,10.050000190734863,10.642999649047852,10.050000190734863,10.61400032043457,4152931
2016-02-18,10.732000350952148,10.85099983215332,10.505000114440918,10.64799976348877,3559020
2016-02-19,10.652000427246094,10.734000205993652,10.355999946594238,10.565999984741211,1501162
2016-02-22,10.815999984741211,10.972999572753906,10.815999984741211,10.937000274658203,1641226
2016-02-23,10.75,10.96399974822998,10.630000114440918,10.640999794006348,1086115
2016-02-24,10.581999778747559,10.600000381469727,10.03499984741211,10.215999603271484,3940956
2016-02-25,10.539999961853027,10.779999732971191,10.430999755859375,10.67300033569336,2140829
2016-02-26,11.03499984741211,11.199999809265137,10.927000045776367,11.006999969482422,2212862
2016-02-29,10.746000289916992,11.211000442504883,10.697999954223633,11.210000038146973,2490324
2016-03-01,11.105999946594238,11.479999542236328,11.076000213623047,11.479999542236328,1556552
2016-03-02,11.579999923706055,11.694999694824219,11.375,11.569999694824219,2098010
2016-03-03,11.534000396728516,11.600000381469727,11.40999984741211,11.522000312805176,1763998
2016-03-04,11.60099983215332,11.859999656677246,11.51099967956543,11.734999656677246,1950258
2016-03-07,11.635000228881836,11.75,11.47700023651123,11.659000396728516,3052096
2016-03-08,11.378999710083008,11.642000198364258,11.246000289916992,11.461999893188477,1318212
2016-03-09,11.460000038146973,11.75,11.432000160217285,11.576000213623047,1287266
2016-03-10,11.562999725341797,12.392000198364258,11.185999870300293,11.185999870300293,3966172
2016-03-11,11.529999732971191,11.90999984741211,11.529999732971191,11.902000427246094,2168755
2016-03-14,12.00100040435791,12.13700008392334,11.920000076293945,11.986000061035156,699272
2016-03-15,11.85200023651123,11.881999969482422,11.682000160217285,11.810999870300293,1042761
2016-03-16,11.869999885559082,11.960000038146973,11.668000221252441,11.76099967956543,1767684
2016-03-17,11.949999809265137,11.95199966430664,11.244999885559082,11.645000457763672,3534350
2016-03-18,11.67300033569336,11.8100004196167,11.515000343322754,11.741000175476074,886088
2016-03-21,11.567999839782715,11.885000228881836,11.52400016784668,11.609000205993652,1034512
2016-03-22,11.454000473022461,11.619999885559082,11.225000381469727,11.619999885559082,1883132
2016-03-23,11.729999542236328,11.829999923706055,11.437999725341797,11.586000442504883,1829794
2016-03-24,11.378000259399414,11.390999794006348,11.0649995803833,11.107999801635742,1664781
2016-03-29,11.293000221252441,11.375,11.109999656677246,11.28600025177002,1289948
2016-03-30,11.460000038146973,11.800000190734863,11.460000038146973,11.67300033569336,1468966
2016-03-31,11.49899959564209,11.552000045776367,11.336999893188477,11.375,1940221
2016-04-01,11.04800033569336,11.085000038146973,10.725000381469727,11.045999526977539,3729132
2016-04-04,10.887999534606934,11.331999778747559,10.821999549865723,11.163000106811523,2415899
2016-04-05,10.847000122070312,10.847000122070312,10.628000259399414,10.682000160217285,2220612
2016-04-06,10.659000396728516,10.84000015258789,10.640000343322754,10.84000015258789,2221635
2016-04-07,10.85099983215332,11.010000228881836,10.555000305175781,10.654000282287598,1916165
2016-04-08,10.762999534606934,10.99899959564209,10.743000030517578,10.930999755859375,1195814
2016-04-11,10.857999801635742,11.119999885559082,10.727999687194824,10.984999656677246,1010609
2016-04-12,10.958999633789062,11.163999557495117,10.760000228881836,11.14900016784668,1839825
2016-04-13,11.458999633789062,11.88700008392334,11.451000213623047,11.88700008392334,2876928
2016-04-14,11.871999740600586,12.027999877929688,11.805999755859375,12.003999710083008,3310098
2016-04-15,11.930999755859375,11.982000350952148,11.859999656677246,11.920999526977539,2822071
2016-04-18,11.581000328063965,12.032999992370605,11.543999671936035,11.994999885559082,2120239
2016-04-19,12.107999801635742,12.369999885559082,12.081999778747559,12.307999610900879,2686847
2016-04-20,12.26099967956543,12.473999977111816,12.15999984741211,12.446999549865723,2936636
2016-04-21,12.519000053405762,12.520999908447266,12.220999717712402,12.402999877929688,1672393
2016-04-22,12.355999946594238,12.390000343322754,12.25,12.32699966430664,677277
2016-04-25,12.32800006866455,12.364999771118164,12.072999954223633,12.213000297546387,1830422
2016-04-26,12.369000434875488,12.449999809265137,12.093000411987305,12.196000099182129,1370131
2016-04-27,12.27299976348877,12.359999656677246,12.15999984741211,12.331999778747559,559234
2016-04-28,12.149999618530273,12.312999725341797,11.920000076293945,12.312999725341797,1916830
2016-04-29,12.031000137329102,12.081000328063965,11.645000457763672,11.645000457763672,2752692
2016-05-02,11.800000190734863,11.831999778747559,11.675000190734863,11.751999855041504,363403
2016-05-03,11.699999809265137,11.699999809265137,11.335000038146973,11.37600040435791,1828240
2016-05-04,11.362000465393066,11.470000267028809,11.107000350952148,11.128999710083008,1480756
2016-05-05,11.187000274658203,11.3149995803833,11.088000297546387,11.173999786376953,1350470
2016-05-06,11.005000114440918,11.1899995803833,10.845000267028809,11.133000373840332,2495242
2016-05-09,11.24899959564209,11.460000038146973,11.142000198364258,11.246999740600586,1468715
2016-05-10,11.440999984741211,11.604999542236328,11.312000274658203,11.404999732971191,1506331
2016-05-11,11.322999954223633,11.350000381469727,11.151000022888184,11.295000076293945,904172
2016-05-12,11.140999794006348,11.529999732971191,11.039999961853027,11.180999755859375,1881982
2016-05-13,11.020000457763672,11.404999732971191,10.970999717712402,11.3149995803833,995117
2016-05-16,11.095000267028809,11.300000190734863,11.0600004196167,11.286999702453613,592402
2016-05-17,11.4399995803833,11.586000442504883,11.109999656677246,11.229999542236328,1082276
2016-05-18,11.130000114440918,11.375,11.079999923706055,11.361000061035156,517236
2016-05-19,11.211999893188477,11.329999923706055,11.123000144958496,11.156999588012695,993153
2016-05-20,11.397000312805176,11.531999588012695,11.324999809265137,11.529000282287598,2736642
2016-05-23,11.479000091552734,11.59000015258789,11.279999732971191,11.425000190734863,1734683
2016-05-24,11.333000183105469,12.024999618530273,11.28499984741211,11.972000122070312,2052034
2016-05-25,12.11400032043457,12.329999923706055,12.086999893188477,12.279999732971191,1771144
2016-05-26,12.319999694824219,12.456999778747559,12.265999794006348,12.437000274658203,2157634
2016-05-27,12.37600040435791,12.503000259399414,12.361000061035156,12.475000381469727,2201004
2016-05-30,12.449000358581543,12.581000328063965,12.432999610900879,12.572999954223633,1112948
2016-05-31,12.581000328063965,12.581000328063965,12.395000457763672,12.444999694824219,1073324
2016-06-01,12.4350004196167,12.451000213623047,12.185999870300293,12.27299976348877,1094926
2016-06-02,12.286999702453613,12.402999877929688,12.187000274658203,12.293000221252441,683388
2016-06-03,12.390000343322754,12.440999984741211,11.914999961853027,12.055999755859375,1530517
2016-06-06,12.111000061035156,12.180000305175781,12.057000160217285,12.128000259399414,462073
2016-06-07,12.234999656677246,12.463000297546387,12.229999542236328,12.402000427246094,873382
2016-06-08,12.29800033569336,12.380999565124512,12.170000076293945,12.255999565124512,433985
2016-06-09,12.164999961853027,12.164999961853027,11.946999549865723,12.02299976348877,1374287
2016-06-10,11.852999687194824,11.883999824523926,11.442000389099121,11.482999801635742,2045968
2016-06-13,11.260000228881836,11.3100004196167,11.062000274658203,11.069999694824219,1539124
2016-06-14,10.859000205993652,10.899999618530273,10.524999618530273,10.543000221252441,2622274
2016-06-15,10.713000297546387,10.913000106811523,10.713000297546387,10.746999740600586,2155541
2016-06-16,10.545000076293945,10.699999809265137,10.427000045776367,10.649999618530273,1604732
2016-06-17,10.859000205993652,11.01099967956543,10.760000228881836,10.880000114440918,2144622
2016-06-20,11.394000053405762,11.692999839782715,11.394000053405762,11.640000343322754,2608479
2016-06-21,11.565999984741211,11.892000198364258,11.552000045776367,11.800999641418457,1273948
2016-06-22,11.95199966430664,12.076000213623047,11.833000183105469,11.920999526977539,1407553
2016-06-23,12.013999938964844,12.5,11.940999984741211,12.352999687194824,3021024
2016-06-24,10.020000457763672,10.873000144958496,9.805999755859375,10.38700008392334,8247580
2016-06-27,10.253000259399414,10.41100025177002,9.600000381469727,9.753000259399414,4855534
2016-06-28,10.180999755859375,10.399999618530273,10.157999992370605,10.248000144958496,3945301
2016-06-29,10.508999824523926,10.838000297546387,10.440999984741211,10.777000427246094,3112228
2016-06-30,10.647000312805176,11.053000450134277,10.569999694824219,10.996000289916992,2449307
2016-07-01,11.137999534606934,11.253000259399414,10.890000343322754,11.168999671936035,2464780
2016-07-04,11.244999885559082,11.251999855041504,10.982000350952148,10.991000175476074,1575521
2016-07-05,10.885000228881836,10.885000228881836,10.545999526977539,10.62399959564209,1283633
2016-07-06,10.423999786376953,10.571000099182129,10.109999656677246,10.234999656677246,1888826
2016-07-07,10.407999992370605,10.644000053405762,10.35200023651123,10.392000198364258,2495547
2016-07-08,10.406000137329102,10.857999801635742,10.38700008392334,10.75100040435791,1739870
2016-07-11,10.958999633789062,11.170000076293945,10.836999893188477,11.133999824523926,1700034
2016-07-12,11.215999603271484,11.534000396728516,11.215999603271484,11.477999687194824,1912822
2016-07-13,11.486000061035156,11.621999740600586,11.42199993133545,11.503999710083008,1167839
2016-07-14,11.739999771118164,11.854999542236328,11.522000312805176,11.770000457763672,2987409
2016-07-15,11.63599967956543,11.760000228881836,11.53499984741211,11.687999725341797,1341794
2016-07-18,11.767000198364258,11.890999794006348,11.482999801635742,11.616000175476074,2558659
2016-07-19,11.508999824523926,11.612000465393066,11.338000297546387,11.472999572753906,1204462
2016-07-20,11.593000411987305,11.788999557495117,11.493000030517578,11.739999771118164,730147
2016-07-21,11.753999710083008,11.779999732971191,11.520999908447266,11.711000442504883,1877327
2016-07-22,11.616000175476074,11.836999893188477,11.539999961853027,11.729000091552734,965502
2016-07-25,11.741000175476074,11.949999809265137,11.666000366210938,11.765000343322754,1043464
2016-07-26,11.767000198364258,11.87600040435791,11.593999862670898,11.8149995803833,696422
2016-07-27,12.03499984741211,12.211999893188477,12.029999732971191,12.083999633789062,1526623
2016-07-28,12.038999557495117,12.25100040435791,11.956999778747559,11.956999778747559,1475586
2016-07-29,11.98900032043457,12.039999961853027,11.880000114440918,12.03600025177002,405411
2016-08-01,12.055999755859375,12.215999603271484,11.803999900817871,11.880000114440918,1134018
2016-08-02,11.800999641418457,11.82800006866455,11.407999992370605,11.437999725341797,1396131
2016-08-03,11.460000038146973,11.520999908447266,11.270000457763672,11.40999984741211,1338088
2016-08-04,11.524999618530273,11.625,11.418999671936035,11.536999702453613,891198
2016-08-05,11.67199993133545,11.914999961853027,11.628000259399414,11.881999969482422,1282469
2016-08-08,11.916000366210938,12.050000190734863,11.866999626159668,11.901000022888184,609132
2016-08-09,11.902000427246094,12.196999549865723,11.902000427246094,12.187999725341797,530034
2016-08-10,12.071000099182129,12.180000305175781,12.071000099182129,12.100000381469727,499145
2016-08-11,12.220000267028809,12.38700008392334,12.07699966430664,12.38700008392334,1252647
2016-08-12,12.375,12.420000076293945,12.312999725341797,12.371000289916992,490957
2016-08-15,12.37600040435791,12.513999938964844,12.329000473022461,12.354999542236328,1149370
2016-08-16,12.232999801635742,12.361000061035156,12.130000114440918,12.157999992370605,1262616
2016-08-17,12.182000160217285,12.187999725341797,11.899999618530273,11.920000076293945,938076
2016-08-18,12.059000015258789,12.0600004196167,11.880999565124512,12.019000053405762,301635
2016-08-19,11.98799991607666,11.98799991607666,11.675000190734863,11.819999694824219,834174
2016-08-22,11.831999778747559,12.050000190734863,11.678000450134277,11.765999794006348,1201506
2016-08-23,11.869999885559082,12.015000343322754,11.840999603271484,11.930999755859375,643494
2016-08-24,11.75100040435791,12.109999656677246,11.717000007629395,12.003999710083008,1014395
2016-08-25,11.861000061035156,11.901000022888184,11.694999694824219,11.845000267028809,1396887
2016-08-26,11.809000015258789,12.114999771118164,11.739999771118164,12.050000190734863,991201
2016-08-29,11.913000106811523,12.02299976348877,11.755000114440918,11.949000358581543,1153140
2016-08-30,12.0649995803833,12.21500015258789,12.050000190734863,12.119999885559082,710607
2016-08-31,12.08899974822998,12.277000427246094,12.027999877929688,12.027999877929688,1195341
2016-09-01,12.164999961853027,12.300000190734863,11.928000450134277,12.022000312805176,911589
2016-09-02,12.15999984741211,12.604999542236328,12.064000129699707,12.569999694824219,2286926
2016-09-05,12.654000282287598,12.704000473022461,12.569999694824219,12.569999694824219,714448
2016-09-06,12.626999855041504,12.65999984741211,12.465999603271484,12.5,905788
2016-09-07,12.590999603271484,12.675999641418457,12.447999954223633,12.654000282287598,1396647
2016-09-08,12.654999732971191,12.722000122070312,12.25,12.57699966430664,1291777
2016-09-09,12.470000267028809,12.574999809265137,12.232999801635742,12.288000106811523,1070311
2016-09-12,11.920999526977539,12.006999969482422,11.715999603271484,12.006999969482422,1916423
2016-09-13,12.152000427246094,12.170000076293945,11.727999687194824,11.727999687194824,1525607
2016-09-14,11.809000015258789,11.831000328063965,11.572999954223633,11.630999565124512,2424634
2016-09-15,11.571000099182129,11.696999549865723,11.472999572753906,11.654999732971191,1570488
2016-09-16,11.602999687194824,11.682999610900879,11.305999755859375,11.423999786376953,3076136
2016-09-19,11.638999938964844,11.782999992370605,11.62399959564209,11.75100040435791,2062983
2016-09-20,11.704999923706055,11.890999794006348,11.649999618530273,11.730999946594238,1562631
2016-09-21,11.980999946594238,12.064000129699707,11.829999923706055,11.838000297546387,1925284
2016-09-22,12.0649995803833,12.472000122070312,12.03499984741211,12.369000434875488,2238035
2016-09-23,12.269000053405762,12.305999755859375,12.1899995803833,12.256999969482422,1980415
2016-09-26,12.032999992370605,12.038999557495117,11.777999877929688,11.821000099182129,2279205
2016-09-27,12.008999824523926,12.017000198364258,11.609999656677246,11.795000076293945,1978905
2016-09-28,11.96399974822998,12.137999534606934,11.930000305175781,11.973999977111816,2313150
2016-09-29,12.329000473022461,12.375,11.987000465393066,12.045999526977539,1417448
2016-09-30,11.64799976348877,12.152000427246094,11.489999771118164,12.064000129699707,4400553
2016-10-03,12.0,12.157999992370605,11.979999542236328,12.085000038146973,985143
2016-10-04,12.166000366210938,12.46399974822998,12.16100025177002,12.354000091552734,1551272
2016-10-05,12.064000129699707,12.345000267028809,12.010000228881836,12.29800033569336,1877566
2016-10-06,12.35099983215332,12.40999984741211,12.178999900817871,12.244999885559082,1228976
2016-10-07,12.12600040435791,12.276000022888184,12.045000076293945,12.059000015258789,2065176
2016-10-10,12.11400032043457,12.345000267028809,11.954000473022461,12.322999954223633,1875168
2016-10-11,12.279000282287598,12.451000213623047,12.17199993133545,12.194000244140625,1566324
2016-10-12,12.11400032043457,12.211000442504883,12.050000190734863,12.104999542236328,1116288
2016-10-13,11.869999885559082,11.869999885559082,11.654999732971191,11.850000381469727,2399896
2016-10-14,11.965999603271484,12.34000015258789,11.96399974822998,12.189000129699707,2408876
2016-10-17,12.119999885559082,12.211999893188477,12.027999877929688,12.083000183105469,1794916
2016-10-18,12.229999542236328,12.435999870300293,12.229999542236328,12.395000457763672,1426330
2016-10-19,12.42199993133545,12.505000114440918,12.32699966430664,12.454999923706055,1151581
2016-10-20,12.510000228881836,12.642999649047852,12.354000091552734,12.569000244140625,1803230
2016-10-21,12.607000350952148,12.65999984741211,12.444999694824219,12.541999816894531,614009
2016-10-24,12.680000305175781,12.791000366210938,12.640000343322754,12.640000343322754,1559823
2016-10-25,12.687000274658203,12.744999885559082,12.505000114440918,12.572999954223633,996781
2016-10-26,12.5,12.569999694824219,12.329999923706055,12.536999702453613,1539048
2016-10-27,12.484999656677246,12.666999816894531,12.359999656677246,12.527000427246094,1415645
2016-10-28,12.479000091552734,12.645000457763672,12.369999885559082,12.602999687194824,1947511
2016-10-31,12.508999824523926,12.553000450134277,12.343999862670898,12.394000053405762,1407227
2016-11-01,12.510000228881836,12.541999816894531,12.126999855041504,12.180000305175781,2262066
2016-11-02,12.02299976348877,12.0600004196167,11.878999710083008,11.878999710083008,2382219
2016-11-03,11.819999694824219,12.107000350952148,11.817999839782715,11.869999885559082,1784009
2016-11-04,11.79800033569336,11.79800033569336,11.564000129699707,11.685999870300293,3483399
2016-11-07,12.027999877929688,12.140000343322754,11.956000328063965,12.111000061035156,1636480
2016-11-08,12.109000205993652,12.25,12.053000450134277,12.22700023651123,1944852
2016-11-09,11.571000099182129,12.567999839782715,11.571000099182129,12.567999839782715,5349798
2016-11-10,12.725000381469727,12.92300033569336,12.359999656677246,12.522000312805176,2709206
2016-11-11,12.602999687194824,12.62600040435791,12.1899995803833,12.276000022888184,3381753
2016-11-14,12.54699993133545,12.670000076293945,12.293000221252441,12.392999649047852,2564835
2016-11-15,12.493000030517578,12.5600004196167,12.369999885559082,12.536999702453613,1001558
2016-11-16,12.605999946594238,12.609999656677246,12.22599983215332,12.347999572753906,2023379
2016-11-17,12.319999694824219,12.479999542236328,12.241000175476074,12.479999542236328,854052
2016-11-18,12.559000015258789,12.600000381469727,12.312000274658203,12.350000381469727,1293623
2016-11-21,12.479999542236328,12.557000160217285,12.218999862670898,12.48900032043457,1426321
2016-11-22,12.67300033569336,12.727999687194824,12.58899974822998,12.58899974822998,1861624
2016-11-23,12.609999656677246,12.659000396728516,12.380000114440918,12.5,1797021
2016-11-24,12.593999862670898,12.611000061035156,12.449999809265137,12.571999549865723,368978
2016-11-25,12.595999717712402,12.612000465393066,12.460000038146973,12.612000465393066,818031
2016-11-28,12.550999641418457,12.550999641418457,12.329000473022461,12.392000198364258,1823654
2016-11-29,12.357000350952148,12.642000198364258,12.312000274658203,12.642000198364258,1647935
2016-11-30,12.640000343322754,12.87600040435791,12.640000343322754,12.779999732971191,1787484
2016-12-01,12.6850004196167,12.800000190734863,12.567000389099121,12.684000015258789,2019808
2016-12-02,12.489999771118164,12.59000015258789,12.281000137329102,12.498000144958496,2512707
2016-12-05,12.543000221252441,12.9350004196167,12.465999603271484,12.762999534606934,2284213
2016-12-06,12.746999740600586,13.128999710083008,12.670000076293945,13.086999893188477,1872821
2016-12-07,13.371000289916992,13.434000015258789,13.236000061035156,13.434000015258789,1363386
2016-12-08,13.557999610900879,13.77299976348877,13.380000114440918,13.663999557495117,1883594
2016-12-09,13.734000205993652,13.925999641418457,13.678999900817871,13.821000099182129,1770222
2016-12-12,13.916000366210938,13.928999900817871,13.772000312805176,13.817999839782715,1478100
2016-12-13,13.779000282287598,14.09000015258789,13.779000282287598,14.062000274658203,1403370
2016-12-14,13.928999900817871,13.987000465393066,13.836999893188477,13.859999656677246,784867
2016-12-15,14.0,14.211000442504883,13.949999809265137,14.149999618530273,1388723
2016-12-16,14.166999816894531,14.369999885559082,14.065999984741211,14.220999717712402,2146221
2016-12-19,14.140000343322754,14.220999717712402,14.116000175476074,14.201000213623047,1539349
2016-12-20,14.185999870300293,14.350000381469727,14.185999870300293,14.32800006866455,1703636
2016-12-21,14.282999992370605,14.385000228881836,14.206999778747559,14.265999794006348,1152309
2016-12-22,14.244999885559082,14.321000099182129,14.184000015258789,14.27299976348877,682878
2016-12-23,14.321999549865723,14.33899974822998,14.227999687194824,14.310999870300293,1036088
2016-12-27,14.345999717712402,14.388999938964844,14.300000190734863,14.347999572753906,447568
2016-12-28,14.348999977111816,14.381999969482422,14.305999755859375,14.362000465393066,271412
2016-12-29,14.22599983215332,14.34000015258789,14.208000183105469,14.289999961853027,471262
2016-12-30,14.267999649047852,14.449000358581543,14.218999862670898,14.432999610900879,1033108
2017-01-02,14.348999977111816,14.647000312805176,14.333000183105469,14.550999641418457,909981
2017-01-03,14.699999809265137,14.843000411987305,14.637999534606934,14.666000366210938,942469
2017-01-04,14.746999740600586,14.746999740600586,14.541999816894531,14.652000427246094,622375
2017-01-05,14.555999755859375,14.699999809265137,14.51099967956543,14.666000366210938,708622
2017-01-06,14.567000389099121,14.725000381469727,14.512999534606934,14.713000297546387,1068290
2017-01-09,14.725000381469727,14.725000381469727,14.468000411987305,14.576000213623047,687507
2017-01-10,14.67300033569336,14.699999809265137,14.47700023651123,14.586999893188477,435555
2017-01-11,14.593000411987305,14.767999649047852,14.402999877929688,14.607000350952148,864980
2017-01-12,14.484000205993652,14.595000267028809,14.409000396728516,14.444999694824219,906463
2017-01-13,14.619000434875488,14.800000190734863,14.569999694824219,14.748000144958496,1106724
2017-01-16,14.664999961853027,14.729999542236328,14.550000190734863,14.555000305175781,1141014
2017-01-17,14.479999542236328,14.597000122070312,14.310999870300293,14.427000045776367,1537488
2017-01-18,14.484000205993652,14.493000030517578,14.225000381469727,14.381999969482422,1366931
2017-01-19,14.437999725341797,14.468000411987305,14.248000144958496,14.300999641418457,1204592
2017-01-20,14.218999862670898,14.479000091552734,14.177000045776367,14.355999946594238,1059477
2017-01-23,14.142000198364258,14.317000389099121,14.053000450134277,14.180000305175781,844247
2017-01-24,14.28499984741211,14.289999961853027,14.177000045776367,14.244000434875488,530950
2017-01-25,14.439000129699707,14.595000267028809,14.392000198364258,14.520000457763672,996062
2017-01-26,14.600000381469727,14.657999992370605,14.380999565124512,14.442000389099121,1140259
2017-01-27,14.446999549865723,14.458000183105469,14.229999542236328,14.29800033569336,817531
2017-01-30,14.213000297546387,14.244000434875488,13.890999794006348,13.960000038146973,1470200
2017-01-31,13.97700023651123,14.130000114440918,13.789999961853027,13.789999961853027,1444481
2017-02-01,14.031000137329102,14.194999694824219,13.951000213623047,14.02299976348877,1153416
2017-02-02,13.942000389099121,14.119999885559082,13.89900016784668,14.019000053405762,415410
2017-02-03,14.147000312805176,14.331000328063965,14.137999534606934,14.213000297546387,1057389
2017-02-06,14.217000007629395,14.303999900817871,13.899999618530273,13.928000450134277,1008883
2017-02-07,13.864999771118164,13.98900032043457,13.765000343322754,13.795999526977539,880129
2017-02-08,13.907999992370605,14.0,13.67199993133545,13.854999542236328,1571723
2017-02-09,14.039999961853027,14.23799991607666,13.88700008392334,14.21399974822998,1029797
2017-02-10,14.282999992370605,14.324000358581543,14.147000312805176,14.220000267028809,1030587
2017-02-13,14.32800006866455,14.678999900817871,14.319999694824219,14.564000129699707,1344759
2017-02-14,14.5649995803833,14.62399959564209,14.510000228881836,14.612000465393066,769315
2017-02-15,14.689000129699707,14.829999923706055,14.661999702453613,14.788000106811523,792935
2017-02-16,14.798999786376953,14.800000190734863,14.57699966430664,14.626999855041504,1209479
2017-02-17,14.604000091552734,14.647000312805176,14.295000076293945,14.416999816894531,1543264
2017-02-20,14.604999542236328,14.645000457763672,14.375,14.435999870300293,534845
2017-02-21,14.428000450134277,14.63599967956543,14.33899974822998,14.562999725341797,777087
2017-02-22,14.682999610900879,14.763999938964844,14.435999870300293,14.618000030517578,1476510
2017-02-23,14.645000457763672,14.729999542236328,14.519000053405762,14.588000297546387,384687
2017-02-24,14.5649995803833,14.5649995803833,14.076000213623047,14.324999809265137,1742612
2017-02-27,14.425999641418457,14.432999610900879,14.246999740600586,14.309000015258789,959673
2017-02-28,14.369000434875488,14.430000305175781,14.251999855041504,14.395000457763672,698492
2017-03-01,14.687999725341797,15.050999641418457,14.649999618530273,14.984999656677246,1690393
2017-03-02,15.01200008392334,15.0600004196167,14.958999633789062,15.006999969482422,715642
2017-03-03,14.932999610900879,15.23799991607666,14.92199993133545,15.21399974822998,1204924
2017-03-06,15.092000007629395,15.137999534606934,14.989999771118164,15.057999610900879,487733
2017-03-07,15.038999557495117,15.04800033569336,14.864999771118164,14.937999725341797,408691
2017-03-08,14.897000312805176,15.072999954223633,14.819000244140625,14.98900032043457,367302
2017-03-09,14.92300033569336,15.149999618530273,14.859999656677246,15.116999626159668,817762
2017-03-10,15.210000038146973,15.354999542236328,15.164999961853027,15.173999786376953,1163953
2017-03-13,15.180000305175781,15.300000190734863,15.145999908447266,15.220000267028809,357921
2017-03-14,15.20300006866455,15.220000267028809,14.970000267028809,15.059000015258789,1303450
2017-03-15,15.045999526977539,15.159000396728516,15.029000282287598,15.138999938964844,410572
2017-03-16,15.381999969482422,15.416999816894531,15.246999740600586,15.295999526977539,910364
2017-03-17,15.27400016784668,15.454999923706055,15.225000381469727,15.392999649047852,824169
2017-03-20,15.338000297546387,15.4399995803833,15.288000106811523,15.345999717712402,850330
2017-03-21,15.442000389099121,15.59000015258789,15.199999809265137,15.281999588012695,1183750
2017-03-22,15.10099983215332,15.279000282287598,14.970000267028809,15.229000091552734,1194256
2017-03-23,15.215999603271484,15.451000213623047,15.140000343322754,15.451000213623047,1001449
2017-03-24,15.38700008392334,15.413999557495117,15.28600025177002,15.395000457763672,761452
2017-03-27,15.14799976348877,15.375,15.100000381469727,15.366000175476074,519948
2017-03-28,15.439000129699707,15.5600004196167,15.317999839782715,15.532999992370605,572244
2017-03-29,15.663999557495117,15.723999977111816,15.545999526977539,15.678999900817871,666807
2017-03-30,15.727999687194824,15.829000473022461,15.65999984741211,15.819000244140625,337532
2017-03-31,15.720000267028809,16.009000778198242,15.6899995803833,16.009000778198242,708015
2017-04-03,16.055999755859375,16.084999084472656,15.776000022888184,15.795999526977539,962625
2017-04-04,15.805000305175781,15.885000228881836,15.741999626159668,15.885000228881836,457781
2017-04-05,15.90999984741211,16.020999908447266,15.800000190734863,15.829000473022461,790365
2017-04-06,15.654999732971191,16.040000915527344,15.585000038146973,16.017000198364258,1223308
2017-04-07,15.918000221252441,16.09000015258789,15.869000434875488,16.09000015258789,1183357
2017-04-10,16.027000427246094,16.04199981689453,15.868000030517578,15.939000129699707,1087653
2017-04-11,15.793999671936035,16.0,15.680000305175781,15.888999938964844,797638
2017-04-12,15.989999771118164,16.148000717163086,15.836000442504883,15.881999969482422,617658
2017-04-13,15.800000190734863,15.803999900817871,15.638999938964844,15.699999809265137,927356
2017-04-18,15.718000411987305,15.760000228881836,15.225000381469727,15.225000381469727,1467138
2017-04-19,15.220000267028809,15.36299991607666,15.17199993133545,15.317000389099121,363995
2017-04-20,15.291000366210938,15.87600040435791,15.291000366210938,15.777999877929688,1447441
2017-04-21,15.673999786376953,15.78600025177002,15.470000267028809,15.687000274658203,1988582
2017-04-24,16.875,17.1299991607666,16.708999633789062,16.954999923706055,3138916
2017-04-25,17.02199935913086,17.139999389648438,16.922000885009766,17.055999755859375,1410519
2017-04-26,17.04400062561035,17.15999984741211,17.003999710083008,17.107999801635742,589831
2017-04-27,16.989999771118164,17.049999237060547,16.937999725341797,16.99799919128418,667058
2017-04-28,17.030000686645508,17.128000259399414,16.983999252319336,16.993999481201172,287798
2017-05-02,17.145000457763672,17.260000228881836,17.059999465942383,17.256999969482422,464514
2017-05-03,17.204999923706055,17.253000259399414,17.12700080871582,17.253000259399414,505978
2017-05-04,17.339000701904297,17.73900032043457,17.302000045776367,17.73900032043457,1275192
2017-05-05,17.70400047302246,18.219999313354492,17.639999389648438,18.219999313354492,2136141
2017-05-08,18.270999908447266,18.288000106811523,17.87299919128418,17.929000854492188,1576945
2017-05-09,18.100000381469727,18.13599967956543,18.003999710083008,18.03700065612793,1467128
2017-05-10,18.040000915527344,18.051000595092773,17.899999618530273,18.038999557495117,962977
2017-05-11,18.06100082397461,18.084999084472656,17.73900032043457,17.915000915527344,1229767
2017-05-12,17.959999084472656,18.055999755859375,17.89299964904785,18.055999755859375,213436
2017-05-15,18.155000686645508,18.198999404907227,17.976999282836914,18.198999404907227,743998
2017-05-16,18.187000274658203,18.32200050354004,18.1299991607666,18.257999420166016,890042
2017-05-17,18.006999969482422,18.194000244140625,17.527999877929688,17.660999298095703,1868447
2017-05-18,17.63800048828125,17.70400047302246,17.14299964904785,17.479999542236328,2232468
2017-05-19,17.524999618530273,17.77199935913086,17.520000457763672,17.69300079345703,794839
2017-05-22,17.736000061035156,17.812999725341797,17.659000396728516,17.711999893188477,392536
2017-05-23,17.768999099731445,18.009000778198242,17.768999099731445,17.85099983215332,505402
2017-05-24,17.77199935913086,17.930999755859375,17.77199935913086,17.86199951171875,677993
2017-05-25,18.007999420166016,18.038000106811523,17.73699951171875,17.8439998626709,724511
2017-05-26,17.770999908447266,17.84000015258789,17.485000610351562,17.826000213623047,516335
2017-05-29,17.812000274658203,17.861000061035156,17.739999771118164,17.850000381469727,206824
2017-05-30,17.660999298095703,17.790000915527344,17.535999298095703,17.767000198364258,454593
2017-05-31,17.81599998474121,18.0049991607666,17.65399932861328,17.65399932861328,644248
2017-06-01,17.775999069213867,17.954999923706055,17.760000228881836,17.899999618530273,354683
2017-06-02,18.055999755859375,18.274999618530273,17.969999313354492,18.049999237060547,888122
2017-06-05,18.083999633789062,18.083999633789062,17.829999923706055,17.875999450683594,353006
2017-06-06,17.64299964904785,17.812000274658203,17.573999404907227,17.631000518798828,773820
2017-06-07,17.589000701904297,17.974000930786133,17.524999618530273,17.611000061035156,799915
2017-06-08,17.621000289916992,17.770000457763672,17.510000228881836,17.599000930786133,713555
2017-06-09,17.69300079345703,17.989999771118164,17.610000610351562,17.82699966430664,626994
2017-06-12,17.716999053955078,17.760000228881836,17.416000366210938,17.472999572753906,771380
2017-06-13,17.530000686645508,17.69499969482422,17.520000457763672,17.625,484812
2017-06-14,17.802000045776367,17.974000930786133,17.506000518798828,17.506000518798828,951892
2017-06-15,17.402000427246094,17.402000427246094,17.040000915527344,17.30900001525879,1391896
2017-06-16,17.656999588012695,17.69300079345703,17.440000534057617,17.615999221801758,939488
2017-06-19,17.975000381469727,18.084999084472656,17.90399932861328,17.961999893188477,644306
2017-06-20,18.1200008392334,18.145999908447266,17.839000701904297,17.839000701904297,1036031
2017-06-21,17.486000061035156,17.802000045776367,17.378000259399414,17.708999633789062,1235439
2017-06-22,17.56800079345703,17.80900001525879,17.450000762939453,17.77899932861328,447125
2017-06-23,17.770000457763672,17.788999557495117,17.53700065612793,17.67099952697754,542597
2017-06-26,17.961999893188477,18.055999755859375,17.816999435424805,17.858999252319336,826540
2017-06-27,17.73900032043457,17.799999237060547,17.46299934387207,17.615999221801758,1595672
2017-06-28,17.371000289916992,17.729000091552734,17.25,17.56999969482422,1645094
2017-06-29,17.690000534057617,17.719999313354492,16.857999801635742,16.92799949645996,2298496
2017-06-30,16.94300079345703,17.173999786376953,16.672000885009766,16.700000762939453,1398705
2017-07-03,16.974000930786133,17.218000411987305,16.902999877929688,17.18400001525879,1510847
2017-07-04,17.12299919128418,17.2189998626709,17.049999237060547,17.083999633789062,651581
2017-07-05,17.04199981689453,17.180999755859375,16.969999313354492,17.111000061035156,344592
2017-07-06,17.055999755859375,17.066999435424805,16.649999618530273,16.91699981689453,1153164
2017-07-07,16.90399932861328,16.90399932861328,16.75,16.868000030517578,919132
2017-07-10,16.966999053955078,17.090999603271484,16.892000198364258,16.999000549316406,419282
2017-07-11,17.049999237060547,17.131999969482422,16.80500030517578,16.840999603271484,549445
2017-07-12,16.976999282836914,17.48200035095215,16.976999282836914,17.358999252319336,726333
2017-07-13,17.378000259399414,17.6200008392334,17.367000579833984,17.461000442504883,449874
2017-07-14,17.466999053955078,17.527999877929688,17.31800079345703,17.454999923706055,209568
2017-07-17,17.510000228881836,17.530000686645508,17.309999465942383,17.433000564575195,458651
2017-07-18,17.356000900268555,17.450000762939453,16.979000091552734,17.06399917602539,703576
2017-07-19,17.155000686645508,17.340999603271484,17.049999237060547,17.31800079345703,548794
2017-07-20,17.488000869750977,17.562000274658203,17.06800079345703,17.207000732421875,900986
2017-07-21,17.21500015258789,17.280000686645508,16.524999618530273,16.676000595092773,1197601
2017-07-24,16.76099967956543,16.847000122070312,16.520999908447266,16.746000289916992,828052
2017-07-25,16.84000015258789,17.165000915527344,16.84000015258789,16.961000442504883,1523163
2017-07-26,16.948999404907227,17.260000228881836,16.948999404907227,17.13800048828125,458653
2017-07-27,17.159000396728516,17.32200050354004,17.014999389648438,17.128000259399414,556336
2017-07-28,16.77899932861328,16.79400062561035,16.575000762939453,16.742000579833984,930450
2017-07-31,16.777000427246094,16.860000610351562,16.489999771118164,16.514999389648438,620191
2017-08-01,16.642000198364258,16.860000610351562,16.459999084472656,16.736000061035156,919614
2017-08-02,16.677000045776367,16.777000427246094,16.510000228881836,16.600000381469727,510990
2017-08-03,16.527000427246094,16.823999404907227,16.444000244140625,16.7450008392334,544297
2017-08-04,16.746999740600586,17.299999237060547,16.68000030517578,17.198999404907227,775425
2017-08-07,17.299999237060547,17.336000442504883,17.163999557495117,17.231000900268555,335368
2017-08-08,17.172000885009766,17.399999618530273,17.148000717163086,17.327999114990234,330774
2017-08-09,17.031999588012695,17.09000015258789,16.68000030517578,16.836000442504883,1439777
2017-08-10,16.76099967956543,16.85300064086914,16.510000228881836,16.636999130249023,619815
2017-08-11,16.382999420166016,16.454999923706055,16.18199920654297,16.27899932861328,1977646
2017-08-14,16.424999237060547,16.76799964904785,16.395000457763672,16.67300033569336,1219358
2017-08-15,16.863000869750977,16.90399932861328,16.687999725341797,16.783000946044922,1935435
2017-08-16,16.983999252319336,17.17799949645996,16.961999893188477,17.02199935913086,1337311
2017-08-17,16.895000457763672,17.040000915527344,16.753000259399414,16.823999404907227,1140727
2017-08-18,16.520000457763672,16.639999389648438,16.3700008392334,16.621999740600586,1103823
2017-08-21,16.511999130249023,16.562000274658203,16.299999237060547,16.440000534057617,999287
2017-08-22,16.6560001373291,16.770000457763672,16.533000946044922,16.736000061035156,902045
2017-08-23,16.709999084472656,16.834999084472656,16.549999237060547,16.628999710083008,328424
2017-08-24,16.736000061035156,16.7549991607666,16.593000411987305,16.601999282836914,196430
2017-08-25,16.667999267578125,16.790000915527344,16.510000228881836,16.54800033569336,188770
2017-08-28,16.388999938964844,16.56399917602539,16.290000915527344,16.389999389648438,593172
2017-08-29,16.118999481201172,16.14699935913086,15.84000015258789,16.097000122070312,2023097
2017-08-30,16.257999420166016,16.31599998474121,16.16900062561035,16.233999252319336,1049785
2017-08-31,16.391000747680664,16.540000915527344,16.31800079345703,16.415000915527344,1165083
2017-09-01,16.64299964904785,16.761999130249023,16.540000915527344,16.650999069213867,675231
2017-09-04,16.454999923706055,16.600000381469727,16.45400047302246,16.530000686645508,431721
2017-09-05,16.573999404907227,16.68000030517578,16.389999389648438,16.420000076293945,329934
2017-09-06,16.243999481201172,16.57900047302246,16.209999084472656,16.52199935913086,609106
2017-09-07,16.604999542236328,16.809999465942383,16.520999908447266,16.617000579833984,542017
2017-09-08,16.464000701904297,16.60700035095215,16.408000946044922,16.583999633789062,311815
2017-09-11,16.844999313354492,17.0310001373291,16.826000213623047,16.993000030517578,1032329
2017-09-12,17.07900047302246,17.280000686645508,17.059999465942383,17.201000213623047,919449
2017-09-13,17.218000411987305,17.33099937438965,17.15999984741211,17.26099967956543,405549
2017-09-14,17.214000701904297,17.3700008392334,17.16699981689453,17.322999954223633,574719
2017-09-15,17.290000915527344,17.420000076293945,17.174999237060547,17.232999801635742,547064
2017-09-18,17.371000289916992,17.42099952697754,17.299999237060547,17.344999313354492,438425
2017-09-19,17.316999435424805,17.405000686645508,17.290000915527344,17.389999389648438,169995
2017-09-20,17.393999099731445,17.475000381469727,17.384000778198242,17.423999786376953,314795
2017-09-21,17.586999893188477,17.655000686645508,17.54400062561035,17.60300064086914,806051
2017-09-22,17.649999618530273,17.790000915527344,17.621000289916992,17.684999465942383,649075
2017-09-25,17.663999557495117,17.777999877929688,17.594999313354492,17.652000427246094,1310115
2017-09-26,17.593000411987305,17.690000534057617,17.56999969482422,17.656999588012695,626071
2017-09-27,17.738000869750977,17.792999267578125,17.68899917602539,17.72800064086914,405750
2017-09-28,17.750999450683594,17.829999923706055,17.719999313354492,17.809999465942383,409202
2017-09-29,17.849000930786133,18.0,17.760000228881836,18.0,312048
2017-10-02,18.073999404907227,18.18899917602539,18.034000396728516,18.18899917602539,595334
2017-10-03,18.285999298095703,18.341999053955078,18.22800064086914,18.320999145507812,245768
2017-10-04,18.326000213623047,18.326000213623047,18.15999984741211,18.275999069213867,375180
2017-10-05,18.253999710083008,18.41699981689453,18.25,18.39699935913086,385846
2017-10-06,18.365999221801758,18.375,18.204999923706055,18.261999130249023,204256
2017-10-09,18.322999954223633,18.399999618530273,18.229999542236328,18.298999786376953,381237
2017-10-10,18.253000259399414,18.344999313354492,18.207000732421875,18.277000427246094,554444
2017-10-11,18.27199935913086,18.302000045776367,18.134000778198242,18.302000045776367,693471
2017-10-12,18.288000106811523,18.290000915527344,18.17099952697754,18.277000427246094,144135
2017-10-13,18.270999908447266,18.356000900268555,18.18000030517578,18.235000610351562,416043
2017-10-16,18.29800033569336,18.347999572753906,18.19499969482422,18.299999237060547,215660
2017-10-17,18.350000381469727,18.3799991607666,18.198999404907227,18.291000366210938,355042
2017-10-18,18.312999725341797,18.511999130249023,18.280000686645508,18.434999465942383,298010
2017-10-19,18.3799991607666,18.388999938964844,18.15999984741211,18.315000534057617,702353
2017-10-20,18.44499969482422,18.450000762939453,18.329999923706055,18.360000610351562,450429
2017-10-23,18.3799991607666,18.604000091552734,18.325000762939453,18.46500015258789,388951
2017-10-24,18.5049991607666,18.6299991607666,18.450000762939453,18.503999710083008,364718
2017-10-25,18.548999786376953,18.652999877929688,18.291000366210938,18.363000869750977,500083
2017-10-26,18.44099998474121,18.95199966430664,18.389999389648438,18.924999237060547,707524
2017-10-27,19.0939998626709,19.312999725341797,19.077999114990234,19.197999954223633,961825
2017-10-30,19.14900016784668,19.280000686645508,19.139999389648438,19.176000595092773,572768
2017-10-31,19.18000030517578,19.305999755859375,19.163999557495117,19.264999389648438,190496
2017-11-01,19.42099952697754,19.479999542236328,19.325000762939453,19.325000762939453,207448
2017-11-02,19.336000442504883,19.378000259399414,19.134000778198242,19.315000534057617,330921
2017-11-03,19.26799964904785,19.364999771118164,19.219999313354492,19.34600067138672,164358
2017-11-06,19.273000717163086,19.31999969482422,19.190000534057617,19.284000396728516,223694
2017-11-07,19.375,19.415000915527344,19.07699966430664,19.113000869750977,469959
2017-11-08,19.18600082397461,19.21500015258789,18.916000366210938,19.03499984741211,410083
2017-11-09,19.0,19.107999801635742,18.54800033569336,18.618000030517578,831124
2017-11-10,18.6299991607666,18.650999069213867,18.3700008392334,18.410999298095703,387051
2017-11-13,18.427000045776367,18.43600082397461,17.8700008392334,18.131999969482422,958272
2017-11-14,18.224000930786133,18.299999237060547,17.87700080871582,17.974000930786133,1328795
2017-11-15,17.878999710083008,17.947999954223633,17.641000747680664,17.875999450683594,669371
2017-11-16,18.02400016784668,18.15999984741211,17.930999755859375,18.099000930786133,1252051
2017-11-17,18.093000411987305,18.184999465942383,17.89299964904785,17.989999771118164,990484
2017-11-20,17.920000076293945,18.19099998474121,17.8799991607666,18.141000747680664,899703
2017-11-21,18.06399917602539,18.450000762939453,18.048999786376953,18.30500030517578,1075477
2017-11-22,18.319000244140625,18.47599983215332,18.219999313354492,18.219999313354492,638799
2017-11-23,18.108999252319336,18.479999542236328,18.059999465942383,18.402999877929688,749393
2017-11-24,18.457000732421875,18.677000045776367,18.367000579833984,18.479000091552734,560551
2017-11-27,18.336999893188477,18.593000411987305,18.2549991607666,18.270000457763672,826507
2017-11-28,18.391000747680664,18.520000457763672,18.246000289916992,18.472999572753906,388934
2017-11-29,18.687000274658203,18.81599998474121,18.4950008392334,18.534000396728516,736922
2017-11-30,18.523000717163086,18.739999771118164,18.360000610351562,18.360000610351562,761042
2017-12-01,18.32900047302246,18.381999969482422,17.836000442504883,17.976999282836914,1912809
2017-12-04,18.277999877929688,18.527000427246094,18.187999725341797,18.445999145507812,711520
2017-12-05,18.45599937438965,18.535999298095703,18.201000213623047,18.395000457763672,632053
2017-12-06,18.038000106811523,18.45199966430664,17.974000930786133,18.381000518798828,584365
2017-12-07,18.430999755859375,18.530000686645508,18.325000762939453,18.445999145507812,314884
2017-12-08,18.639999389648438,18.73200035095215,18.510000228881836,18.548999786376953,571648
2017-12-11,18.60300064086914,18.631999969482422,18.437000274658203,18.46500015258789,440457
2017-12-12,18.513999938964844,18.731000900268555,18.275999069213867,18.731000900268555,562137
2017-12-13,18.700000762939453,18.75,18.518999099731445,18.534000396728516,639830
2017-12-14,18.503999710083008,18.552000045776367,18.26099967956543,18.26099967956543,964302
2017-12-15,18.131000518798828,18.280000686645508,18.076000213623047,18.20599937438965,847230
2017-12-18,18.489999771118164,18.738000869750977,18.454999923706055,18.695999145507812,1341228
2017-12-19,18.695999145507812,18.731000900268555,18.450000762939453,18.458999633789062,858939
2017-12-20,18.44099998474121,18.47599983215332,18.15999984741211,18.264999389648438,1238035
2017-12-21,18.108999252319336,18.520000457763672,18.059999465942383,18.47599983215332,807693
2017-12-22,18.420000076293945,18.479999542236328,18.2810001373291,18.333999633789062,484753
2017-12-27,18.395000457763672,18.5,18.25,18.375999450683594,545536
2017-12-28,18.358999252319336,18.3700008392334,18.117000579833984,18.163999557495117,887848
2017-12-29,18.136999130249023,18.20400047302246,17.979999542236328,17.98699951171875,640420
2018-01-02,17.979999542236328,17.979999542236328,17.600000381469727,17.805999755859375,1102774
2018-01-03,17.8799991607666,18.211999893188477,17.832000732421875,18.107999801635742,633780
2018-01-04,18.374000549316406,18.780000686645508,18.336000442504883,18.667999267578125,815760
2018-01-05,18.788000106811523,19.055999755859375,18.788000106811523,19.055999755859375,944728
2018-01-08,19.170000076293945,19.25200080871582,19.1200008392334,19.176000595092773,688010
2018-01-09,19.243999481201172,19.440000534057617,19.219999313354492,19.420000076293945,913905
2018-01-10,19.368000030517578,19.465999603271484,19.170000076293945,19.29400062561035,685146
2018-01-11,19.371999740600586,19.3799991607666,19.118000030517578,19.18600082397461,456291
2018-01-12,19.260000228881836,19.399999618530273,19.16200065612793,19.368000030517578,698010
2018-01-15,19.356000900268555,19.440000534057617,19.270000457763672,19.354000091552734,357035
2018-01-16,19.417999267578125,19.516000747680664,19.27400016784668,19.360000610351562,674804
2018-01-17,19.190000534057617,19.395999908447266,19.15999984741211,19.229999542236328,431117
2018-01-18,19.32200050354004,19.329999923706055,19.08799934387207,19.22599983215332,388709
2018-01-19,19.242000579833984,19.469999313354492,19.219999313354492,19.437999725341797,429419
2018-01-22,19.375999450683594,19.577999114990234,19.350000381469727,19.558000564575195,341612
2018-01-23,19.742000579833984,19.742000579833984,19.42799949645996,19.510000228881836,695124
2018-01-24,19.468000411987305,19.540000915527344,19.243999481201172,19.243999481201172,613106
2018-01-25,19.304000854492188,19.450000762939453,18.944000244140625,19.139999389648438,946624
2018-01-26,19.239999771118164,19.540000915527344,19.239999771118164,19.464000701904297,471661
2018-01-29,19.483999252319336,19.520000457763672,19.399999618530273,19.399999618530273,284928
2018-01-30,19.243999481201172,19.389999389648438,19.013999938964844,19.083999633789062,584823
2018-01-31,19.187999725341797,19.224000930786133,19.059999465942383,19.11199951171875,337557
2018-02-01,19.34000015258789,19.464000701904297,18.780000686645508,18.945999145507812,881744
2018-02-02,18.780000686645508,18.780000686645508,18.32200050354004,18.329999923706055,1420861
2018-02-05,17.959999084472656,18.101999282836914,17.760000228881836,17.785999298095703,1634056
2018-02-06,16.969999313354492,17.3700008392334,16.739999771118164,16.913999557495117,2218099
2018-02-07,17.145999908447266,17.634000778198242,16.986000061035156,17.555999755859375,1071645
2018-02-08,17.437999725341797,17.507999420166016,16.709999084472656,16.860000610351562,1262821
2018-02-09,16.756000518798828,16.895999908447266,16.211999893188477,16.392000198364258,2074137
2018-02-12,16.631999969482422,16.940000534057617,16.607999801635742,16.788000106811523,907449
2018-02-13,16.83799934387207,16.88599967956543,16.58799934387207,16.58799934387207,591421
2018-02-14,16.743999481201172,17.077999114990234,16.3799991607666,16.944000244140625,1151919
2018-02-15,17.275999069213867,17.520000457763672,17.194000244140625,17.299999237060547,1419592
2018-02-16,17.540000915527344,17.766000747680664,17.45800018310547,17.697999954223633,1402440
2018-02-19,17.770000457763672,17.790000915527344,17.493999481201172,17.52400016784668,804813
2018-02-20,17.577999114990234,17.77199935913086,17.492000579833984,17.746000289916992,614988
2018-02-21,17.607999801635742,17.850000381469727,17.525999069213867,17.823999404907227,547384
2018-02-22,17.54400062561035,17.974000930786133,17.5,17.893999099731445,454828
2018-02-23,17.91200065612793,17.969999313354492,17.780000686645508,17.940000534057617,396382
2018-02-26,18.131999969482422,18.20800018310547,18.010000228881836,18.125999450683594,601059
2018-02-27,18.20599937438965,18.256000518798828,18.01799964904785,18.107999801635742,443597
2018-02-28,17.98200035095215,18.20800018310547,17.908000946044922,17.95199966430664,530643
2018-03-01,17.920000076293945,17.937999725341797,17.43000030517578,17.583999633789062,1127075
2018-03-02,17.18000030517578,17.304000854492188,16.624000549316406,16.746000289916992,1802873
2018-03-05,16.667999267578125,16.989999771118164,16.663999557495117,16.937999725341797,978168
2018-03-06,17.149999618530273,17.25,16.95199966430664,16.95199966430664,640644
2018-03-07,16.81399917602539,17.1560001373291,16.709999084472656,17.055999755859375,856947
2018-03-08,17.09000015258789,17.559999465942383,17.09000015258789,17.488000869750977,1125820
2018-03-09,17.489999771118164,17.75,17.402000427246094,17.604000091552734,851137
2018-03-12,17.760000228881836,17.81800079345703,17.520000457763672,17.649999618530273,660741
2018-03-13,17.68000030517578,17.8799991607666,17.299999237060547,17.41200065612793,1346518
2018-03-14,17.36400032043457,17.61400032043457,17.280000686645508,17.36400032043457,817840
2018-03-15,17.483999252319336,17.624000549316406,17.368000030517578,17.59000015258789,630622
2018-03-16,17.559999465942383,17.784000396728516,17.530000686645508,17.68000030517578,327248
2018-03-19,17.59600067138672,17.606000900268555,17.224000930786133,17.309999465942383,503623
2018-03-20,17.398000717163086,17.540000915527344,17.229999542236328,17.507999420166016,520910
2018-03-21,17.540000915527344,17.540000915527344,17.305999755859375,17.43000030517578,431953
2018-03-22,17.167999267578125,17.384000778198242,16.631999969482422,16.945999145507812,1574614
2018-03-23,16.615999221801758,16.70199966430664,16.25,16.49799919128418,1342230
2018-03-26,16.552000045776367,16.68000030517578,16.149999618530273,16.285999298095703,712085
2018-03-27,16.84000015258789,16.841999053955078,16.549999237060547,16.618000030517578,1047276
2018-03-28,16.356000900268555,16.709999084472656,16.1200008392334,16.709999084472656,990904
2018-03-29,16.81800079345703,17.131999969482422,16.742000579833984,16.950000762939453,1029109
2018-04-03,16.81999969482422,16.969999313354492,16.645999908447266,16.8700008392334,582554
2018-04-04,16.8799991607666,16.8799991607666,16.479999542236328,16.799999237060547,569579
2018-04-05,17.31599998474121,17.691999435424805,17.277999877929688,17.670000076293945,986369
2018-04-06,17.535999298095703,17.700000762939453,17.437999725341797,17.552000045776367,522801
2018-04-09,17.604000091552734,17.760000228881836,17.472000122070312,17.579999923706055,420295
2018-04-10,17.804000854492188,17.90999984741211,17.690000534057617,17.86199951171875,373986
2018-04-11,17.77199935913086,17.84000015258789,17.59000015258789,17.66200065612793,332659
2018-04-12,17.68199920654297,17.8799991607666,17.600000381469727,17.865999221801758,237652
2018-04-13,17.93000030517578,18.079999923706055,17.850000381469727,17.913999557495117,569458
2018-04-16,17.945999145507812,18.0,17.841999053955078,17.93600082397461,215287
2018-04-17,18.030000686645508,18.357999801635742,18.0,18.242000579833984,448230
2018-04-18,18.332000732421875,18.42799949645996,18.275999069213867,18.417999267578125,521553
2018-04-19,18.479999542236328,18.540000915527344,18.389999389648438,18.507999420166016,442253
2018-04-20,18.54800033569336,18.729999542236328,18.440000534057617,18.642000198364258,635111
2018-04-23,18.618000030517578,18.850000381469727,18.510000228881836,18.81399917602539,328055
2018-04-24,18.79400062561035,18.90999984741211,18.68600082397461,18.8799991607666,280984
2018-04-25,18.738000869750977,18.90999984741211,18.531999588012695,18.697999954223633,425208
2018-04-26,18.68000030517578,19.040000915527344,18.68000030517578,19.0,516425
2018-04-27,19.052000045776367,19.18400001525879,19.00200080871582,19.18400001525879,523211
2018-04-30,19.194000244140625,19.469999313354492,19.18400001525879,19.45800018310547,483508
2018-05-02,19.503999710083008,19.649999618530273,19.441999435424805,19.583999633789062,409996
2018-05-03,19.59000015258789,19.63800048828125,19.375999450683594,19.468000411987305,298722
2018-05-04,19.493999481201172,19.604000091552734,19.399999618530273,19.604000091552734,310251
2018-05-07,19.582000732421875,19.719999313354492,19.530000686645508,19.715999603271484,399564
2018-05-08,19.690000534057617,19.690000534057617,19.468000411987305,19.634000778198242,448134
2018-05-09,19.628000259399414,19.729999542236328,19.579999923706055,19.719999313354492,538061
2018-05-10,19.724000930786133,19.832000732421875,19.670000076293945,19.832000732421875,340599
2018-05-11,19.916000366210938,19.95599937438965,19.790000915527344,19.920000076293945,634748
2018-05-14,19.926000595092773,19.969999313354492,19.84000015258789,19.940000534057617,804336
2018-05-15,19.878000259399414,20.114999771118164,19.857999801635742,20.024999618530273,582948
2018-05-16,20.020000457763672,20.170000076293945,19.95800018310547,20.139999389648438,499573
2018-05-17,20.15999984741211,20.514999389648438,20.15999984741211,20.514999389648438,399686
2018-05-18,20.459999084472656,20.68000030517578,20.399999618530273,20.485000610351562,649313
2018-05-21,20.614999771118164,20.799999237060547,20.584999084472656,20.65999984741211,192954
2018-05-22,20.729999542236328,20.834999084472656,20.65999984741211,20.764999389648438,297507
2018-05-23,20.6200008392334,20.6200008392334,20.049999237060547,20.204999923706055,599076
2018-05-24,20.229999542236328,20.43000030517578,19.889999389648438,20.09000015258789,383772
2018-05-25,20.21500015258789,20.354999542236328,19.8700008392334,20.024999618530273,185978
2018-05-28,20.264999389648438,20.329999923706055,19.715999603271484,19.84000015258789,438962
2018-05-29,19.577999114990234,19.634000778198242,18.983999252319336,19.354000091552734,624003
2018-05-30,19.378000259399414,19.469999313354492,19.149999618530273,19.422000885009766,430488
2018-05-31,19.538000106811523,19.6200008392334,19.107999801635742,19.214000701904297,611147
2018-06-01,19.555999755859375,19.841999053955078,19.531999588012695,19.729999542236328,519249
2018-06-04,20.0,20.0049991607666,19.766000747680664,19.770000457763672,450467
2018-06-05,19.76799964904785,20.104999542236328,19.695999145507812,19.742000579833984,386629
2018-06-06,19.812000274658203,19.881999969482422,19.445999145507812,19.72800064086914,746748
2018-06-07,19.9060001373291,20.030000686645508,19.59600067138672,19.663999557495117,249062
2018-06-08,19.381999969482422,19.722000122070312,19.333999633789062,19.658000946044922,303892
2018-06-11,19.874000549316406,19.95800018310547,19.739999771118164,19.926000595092773,312795
2018-06-12,20.045000076293945,20.059999465942383,19.719999313354492,19.760000228881836,464424
2018-06-13,19.812000274658203,19.899999618530273,19.72800064086914,19.761999130249023,141124
2018-06-14,19.56800079345703,20.405000686645508,19.440000534057617,20.334999084472656,811659
2018-06-15,20.424999237060547,20.530000686645508,20.104999542236328,20.104999542236328,412742
2018-06-18,19.989999771118164,20.020000457763672,19.486000061035156,19.739999771118164,987666
2018-06-19,19.20599937438965,19.357999801635742,19.1299991607666,19.31399917602539,570234
2018-06-20,19.48200035095215,19.5,19.167999267578125,19.187999725341797,457591
2018-06-21,19.304000854492188,19.375999450683594,18.694000244140625,18.804000854492188,684673
2018-06-22,18.940000534057617,19.308000564575195,18.884000778198242,19.302000045776367,297937
2018-06-25,19.187999725341797,19.187999725341797,18.600000381469727,18.610000610351562,335473
2018-06-26,18.760000228881836,18.77400016784668,18.549999237060547,18.59000015258789,283420
2018-06-27,18.56599998474121,19.170000076293945,18.288000106811523,18.868000030517578,793205
2018-06-28,18.809999465942383,18.95199966430664,18.309999465942383,18.479999542236328,860794
2018-06-29,18.99799919128418,19.062000274658203,18.79599952697754,18.847999572753906,698139
2018-07-02,18.36199951171875,18.61199951171875,18.242000579833984,18.468000411987305,820819
2018-07-03,18.687999725341797,18.90999984741211,18.54199981689453,18.775999069213867,527757
2018-07-04,18.743999481201172,18.884000778198242,18.70199966430664,18.79800033569336,153286
2018-07-05,18.8700008392334,19.308000564575195,18.8700008392334,19.121999740600586,710605
2018-07-06,19.302000045776367,19.302000045776367,18.979999542236328,19.18000030517578,382538
2018-07-09,19.395999908447266,19.5,19.260000228881836,19.356000900268555,343042
2018-07-10,19.441999435424805,19.628000259399414,19.399999618530273,19.607999801635742,648765
2018-07-11,19.31599998474121,19.327999114990234,19.02199935913086,19.04800033569336,761979
2018-07-12,19.101999282836914,19.399999618530273,18.993999481201172,19.38800048828125,514657
2018-07-13,19.573999404907227,19.642000198364258,19.48200035095215,19.54599952697754,1048920
2018-07-16,19.554000854492188,19.6299991607666,19.392000198364258,19.426000595092773,878978
2018-07-17,19.33799934387207,19.535999298095703,19.222000122070312,19.507999420166016,732526
2018-07-18,19.643999099731445,19.781999588012695,19.615999221801758,19.714000701904297,432414
2018-07-19,19.61400032043457,19.666000366210938,19.413999557495117,19.468000411987305,312712
2018-07-20,19.389999389648438,19.52199935913086,18.93600082397461,19.350000381469727,1590544
2018-07-23,19.190000534057617,19.246000289916992,19.049999237060547,19.190000534057617,575973
2018-07-24,19.36400032043457,19.722000122070312,19.27199935913086,19.601999282836914,1083882
2018-07-25,19.68600082397461,19.709999084472656,19.440000534057617,19.520000457763672,637335
2018-07-26,19.763999938964844,19.889999389648438,19.600000381469727,19.868000030517578,935383
2018-07-27,19.899999618530273,20.170000076293945,19.899999618530273,20.114999771118164,452737
2018-07-30,19.983999252319336,20.125,19.93400001525879,20.010000228881836,699868
2018-07-31,19.968000411987305,20.274999618530273,19.892000198364258,20.165000915527344,823836
2018-08-01,20.270000457763672,20.290000915527344,20.014999389648438,20.014999389648438,426763
2018-08-02,19.875999450683594,19.93000030517578,19.667999267578125,19.790000915527344,381486
2018-08-03,19.836000442504883,19.99799919128418,19.76799964904785,19.913999557495117,365285
2018-08-06,19.983999252319336,20.065000534057617,19.73200035095215,19.875999450683594,515052
2018-08-07,20.010000228881836,20.34000015258789,20.0,20.219999313354492,533047
2018-08-08,20.174999237060547,20.280000686645508,20.024999618530273,20.065000534057617,405269
2018-08-09,19.937999725341797,20.075000762939453,19.823999404907227,20.06999969482422,886091
2018-08-10,19.70800018310547,19.805999755859375,19.260000228881836,19.45599937438965,711255
2018-08-13,19.347999572753906,19.540000915527344,19.243999481201172,19.444000244140625,374936
2018-08-14,19.600000381469727,19.667999267578125,19.280000686645508,19.354000091552734,259761
2018-08-15,19.384000778198242,19.45199966430664,18.520000457763672,18.625999450683594,972645
2018-08-16,18.738000869750977,19.0,18.676000595092773,18.961999893188477,311929
2018-08-17,19.011999130249023,19.073999404907227,18.70400047302246,18.93000030517578,251957
2018-08-20,18.99799919128418,19.290000915527344,18.99799919128418,19.173999786376953,248542
2018-08-21,19.11199951171875,19.506000518798828,19.100000381469727,19.375999450683594,282576
2018-08-22,19.408000946044922,19.538000106811523,19.398000717163086,19.469999313354492,121297
2018-08-23,19.489999771118164,19.56999969482422,19.420000076293945,19.45599937438965,94244
2018-08-24,19.474000930786133,19.666000366210938,19.474000930786133,19.54800033569336,498336
2018-08-27,19.700000762939453,19.93600082397461,19.649999618530273,19.881999969482422,496844
2018-08-28,19.968000411987305,20.075000762939453,19.8700008392334,19.926000595092773,278841
2018-08-29,19.993999481201172,20.049999237060547,19.865999221801758,20.049999237060547,307508
2018-08-30,20.0049991607666,20.0049991607666,19.780000686645508,19.875999450683594,241096
2018-08-31,19.763999938964844,19.763999938964844,19.31999969482422,19.368000030517578,438294
2018-09-03,19.329999923706055,19.43000030517578,19.218000411987305,19.408000946044922,321698
2018-09-04,19.489999771118164,19.506000518798828,18.75,18.90399932861328,513960
2018-09-05,18.70199966430664,18.75,18.31999969482422,18.33799934387207,743998
2018-09-06,18.26799964904785,18.530000686645508,18.214000701904297,18.214000701904297,421782
2018-09-07,18.222000122070312,18.350000381469727,18.079999923706055,18.261999130249023,534765
2018-09-10,18.194000244140625,18.520000457763672,18.176000595092773,18.378000259399414,511108
2018-09-11,18.459999084472656,18.479999542236328,18.1560001373291,18.479999542236328,425866
2018-09-12,18.56599998474121,18.850000381469727,18.559999465942383,18.802000045776367,576481
2018-09-13,18.805999755859375,19.040000915527344,18.757999420166016,18.784000396728516,619107
2018-09-14,18.93000030517578,19.010000228881836,18.860000610351562,18.950000762939453,353881
2018-09-17,18.857999801635742,18.988000869750977,18.79599952697754,18.93000030517578,268928
2018-09-18,18.961999893188477,19.215999603271484,18.847999572753906,19.01799964904785,665207
2018-09-19,19.06999969482422,19.323999404907227,19.06999969482422,19.238000869750977,616748
2018-09-20,19.31999969482422,19.711999893188477,19.290000915527344,19.658000946044922,1022685
2018-09-21,19.76799964904785,19.98200035095215,19.76799964904785,19.941999435424805,720257
2018-09-24,19.908000946044922,19.908000946044922,19.742000579833984,19.81399917602539,167768
2018-09-25,19.93199920654297,20.020000457763672,19.823999404907227,19.90399932861328,730610
2018-09-26,19.91200065612793,20.145000457763672,19.854000091552734,20.145000457763672,505863
2018-09-27,20.075000762939453,20.389999389648438,19.947999954223633,20.334999084472656,708521
2018-09-28,20.170000076293945,20.2450008392334,19.733999252319336,19.996000289916992,1447154
2018-10-01,19.988000869750977,20.190000534057617,19.97800064086914,20.084999084472656,251704
2018-10-02,19.799999237060547,19.893999099731445,19.6200008392334,19.82200050354004,1254165
2018-10-03,19.95800018310547,20.100000381469727,19.829999923706055,19.972000122070312,595123
2018-10-04,19.84600067138672,19.884000778198242,19.354000091552734,19.416000366210938,1100439
2018-10-05,19.36400032043457,19.40999984741211,18.99799919128418,19.030000686645508,880809
2018-10-08,18.808000564575195,18.92799949645996,18.54800033569336,18.597999572753906,1011955
2018-10-09,18.68600082397461,18.81800079345703,18.329999923706055,18.733999252319336,694810
2018-10-10,18.697999954223633,18.719999313354492,17.917999267578125,17.992000579833984,1267341
2018-10-11,17.549999237060547,17.739999771118164,17.239999771118164,17.308000564575195,1354609
2018-10-12,17.61400032043457,17.666000366210938,17.20199966430664,17.214000701904297,868811
2018-10-15,17.197999954223633,17.26799964904785,16.945999145507812,17.215999603271484,810121
2018-10-16,17.128000259399414,17.75,17.110000610351562,17.70800018310547,842196
2018-10-17,17.81800079345703,17.950000762939453,17.34000015258789,17.535999298095703,1114785
2018-10-18,17.54800033569336,17.729999542236328,17.31599998474121,17.336000442504883,491101
2018-10-19,17.3799991607666,17.464000701904297,16.940000534057617,17.1200008392334,968843
2018-10-22,17.444000244140625,17.444000244140625,16.899999618530273,16.917999267578125,422582
2018-10-23,16.447999954223633,16.61400032043457,16.239999771118164,16.336000442504883,789789
2018-10-24,16.591999053955078,16.826000213623047,16.219999313354492,16.22800064086914,563409
2018-10-25,16.143999099731445,16.763999938964844,16.04800033569336,16.757999420166016,861727
2018-10-26,16.36199951171875,16.36199951171875,15.84000015258789,16.323999404907227,843791
2018-10-29,16.4060001373291,16.739999771118164,16.402000427246094,16.468000411987305,577520
2018-10-30,16.538000106811523,16.600000381469727,16.06999969482422,16.38599967956543,499439
2018-10-31,16.90999984741211,17.242000579833984,16.857999801635742,17.125999450683594,979425
2018-11-01,17.055999755859375,17.323999404907227,16.926000595092773,17.082000732421875,495072
2018-11-02,17.58799934387207,17.600000381469727,17.18600082397461,17.18600082397461,583458
2018-11-05,17.190000534057617,17.357999801635742,17.13800048828125,17.215999603271484,473261
2018-11-06,17.266000747680664,17.266000747680664,16.979999542236328,17.04199981689453,497892
2018-11-07,17.224000930786133,17.535999298095703,17.219999313354492,17.445999145507812,433123
2018-11-08,17.54199981689453,17.649999618530273,17.327999114990234,17.40999984741211,347561
2018-11-09,17.190000534057617,17.260000228881836,17.0,17.238000869750977,601907
2018-11-12,17.469999313354492,17.469999313354492,16.920000076293945,16.923999786376953,555154
2018-11-13,17.038000106811523,17.229999542236328,16.893999099731445,17.191999435424805,458575
2018-11-14,16.874000549316406,17.399999618530273,16.690000534057617,16.983999252319336,1300102
2018-11-15,17.142000198364258,17.229999542236328,16.47599983215332,16.75,683589
2018-11-16,17.007999420166016,17.059999465942383,16.43400001525879,16.695999145507812,636843
2018-11-19,16.809999465942383,16.937999725341797,16.392000198364258,16.43199920654297,431454
2018-11-20,16.20400047302246,16.309999465942383,15.831999778747559,16.016000747680664,1014516
2018-11-21,16.149999618530273,16.3799991607666,16.076000213623047,16.357999801635742,648687
2018-11-22,16.233999252319336,16.256000518798828,16.025999069213867,16.11400032043457,297869
2018-11-23,16.139999389648438,16.308000564575195,15.954000473022461,16.167999267578125,334633
2018-11-26,16.489999771118164,16.663999557495117,16.34000015258789,16.486000061035156,808897
2018-11-27,16.506000518798828,16.61199951171875,16.25,16.392000198364258,316327
2018-11-28,16.535999298095703,16.56999969482422,16.378000259399414,16.402000427246094,361403
2018-11-29,16.711999893188477,16.766000747680664,16.47599983215332,16.56399917602539,569810
2018-11-30,16.5939998626709,16.61199951171875,16.347999572753906,16.520000457763672,547470
2018-12-03,17.256000518798828,17.27400016784668,16.799999237060547,16.884000778198242,889526
2018-12-04,16.781999588012695,16.81800079345703,16.625999450683594,16.63599967956543,510751
2018-12-05,16.20400047302246,16.381999969482422,16.149999618530273,16.163999557495117,578761
2018-12-06,15.843999862670898,15.854000091552734,14.97599983215332,15.119999885559082,972478
2018-12-07,15.392000198364258,15.708000183105469,15.302000045776367,15.302000045776367,899421
2018-12-10,15.265999794006348,15.281999588012695,14.800000190734863,14.859999656677246,737391
2018-12-11,15.09000015258789,15.553999900817871,15.03600025177002,15.253999710083008,743091
2018-12-12,15.461999893188477,16.010000228881836,15.40999984741211,15.883999824523926,985814
2018-12-13,16.076000213623047,16.086000442504883,15.784000396728516,15.833999633789062,705049
2018-12-14,15.574000358581543,15.680000305175781,15.359999656677246,15.539999961853027,264771
2018-12-17,15.434000015258789,15.510000228881836,15.137999534606934,15.215999603271484,416114
2018-12-18,15.062000274658203,15.288000106811523,14.979999542236328,14.979999542236328,502568
2018-12-19,15.043999671936035,15.199999809265137,15.017999649047852,15.12600040435791,471897
2018-12-20,14.741999626159668,14.751999855041504,14.53600025177002,14.581999778747559,1941512
2018-12-21,14.454000473022461,14.586000442504883,14.175999641418457,14.539999961853027,1306789
2018-12-24,14.345999717712402,14.432000160217285,14.12399959564209,14.178000450134277,536856
2018-12-27,14.420000076293945,14.527999877929688,13.729999542236328,14.020000457763672,1722691
2018-12-28,14.178000450134277,14.600000381469727,14.140000343322754,14.477999687194824,1057245
2018-12-31,14.616000175476074,14.802000045776367,14.583999633789062,14.800000190734863,399971
2019-01-02,14.121999740600586,14.600000381469727,14.079999923706055,14.517999649047852,733042
2019-01-03,14.279999732971191,14.432000160217285,14.034000396728516,14.064000129699707,407706
2019-01-04,14.354000091552734,14.906000137329102,14.210000038146973,14.800000190734863,1124292
2019-01-07,14.920000076293945,14.937999725341797,14.522000312805176,14.704000473022461,670952
2019-01-08,14.777999877929688,15.26200008392334,14.760000228881836,15.031999588012695,786625
2019-01-09,15.289999961853027,15.479999542236328,15.210000038146973,15.28600025177002,1055263
2019-01-10,15.0600004196167,15.239999771118164,14.949999809265137,15.234000205993652,972582
2019-01-11,15.288000106811523,15.331999778747559,14.960000038146973,15.07800006866455,861476
2019-01-14,14.895999908447266,15.029999732971191,14.77400016784668,14.965999603271484,345606
2019-01-15,15.236000061035156,15.317999839782715,14.932000160217285,15.093999862670898,484707
2019-01-16,15.260000228881836,15.312000274658203,15.11400032043457,15.270000457763672,472551
2019-01-17,15.09000015258789,15.220000267028809,15.02400016784668,15.180000305175781,379667
2019-01-18,15.387999534606934,15.727999687194824,15.387999534606934,15.699999809265137,1236375
2019-01-21,15.618000030517578,15.65999984741211,15.579999923706055,15.621999740600586,557956
2019-01-22,15.5600004196167,15.607999801635742,15.357999801635742,15.482000350952148,242839
2019-01-23,15.359999656677246,15.684000015258789,15.32800006866455,15.461999893188477,477915
2019-01-24,15.449999809265137,15.739999771118164,15.40999984741211,15.64799976348877,616501
2019-01-25,15.817999839782715,16.049999237060547,15.779999732971191,15.98799991607666,1202174
2019-01-28,15.842000007629395,15.916000366210938,15.710000038146973,15.755999565124512,262839
2019-01-29,15.75,16.158000946044922,15.720000267028809,16.011999130249023,285772
2019-01-30,16.1299991607666,16.31999969482422,16.118000030517578,16.31999969482422,501812
2019-01-31,16.465999603271484,16.600000381469727,16.194000244140625,16.444000244140625,792964
2019-02-01,16.5,16.649999618530273,16.3700008392334,16.618000030517578,596444
2019-02-04,16.618000030517578,16.621999740600586,16.305999755859375,16.5,215537
2019-02-05,16.534000396728516,17.034000396728516,16.492000579833984,17.034000396728516,695142
2019-02-06,16.93400001525879,17.040000915527344,16.881999969482422,17.011999130249023,288420
2019-02-07,16.95400047302246,17.040000915527344,16.38599967956543,16.38599967956543,394577
2019-02-08,16.40999984741211,16.520000457763672,16.1299991607666,16.229999542236328,407254
2019-02-11,16.392000198364258,16.631999969482422,16.392000198364258,16.583999633789062,289805
2019-02-12,16.79800033569336,16.965999603271484,16.77199935913086,16.84600067138672,478502
2019-02-13,16.944000244140625,17.0939998626709,16.889999389648438,16.95199966430664,419328
2019-02-14,17.246000289916992,17.24799919128418,16.899999618530273,16.899999618530273,450546
2019-02-15,16.893999099731445,17.56999969482422,16.878000259399414,17.488000869750977,675504
2019-02-18,17.503999710083008,17.606000900268555,17.464000701904297,17.591999053955078,224106
2019-02-19,17.56599998474121,17.649999618530273,17.3799991607666,17.555999755859375,310084
2019-02-20,17.625999450683594,17.829999923706055,17.540000915527344,17.777999877929688,510983
2019-02-21,17.81399917602539,17.860000610351562,17.68000030517578,17.790000915527344,463144
2019-02-22,17.781999588012695,17.99799919128418,17.781999588012695,17.899999618530273,314992
2019-02-25,18.07200050354004,18.100000381469727,17.950000762939453,18.034000396728516,422055
2019-02-26,17.86199951171875,18.139999389648438,17.79800033569336,18.077999114990234,300126
2019-02-27,17.950000762939453,18.058000564575195,17.884000778198242,17.98200035095215,173558
2019-02-28,17.920000076293945,18.1299991607666,17.86199951171875,18.09000015258789,267979
2019-03-01,18.27199935913086,18.4060001373291,18.239999771118164,18.25,397996
2019-03-04,18.474000930786133,18.56800079345703,18.389999389648438,18.408000946044922,316939
2019-03-05,18.40399932861328,18.48200035095215,18.277999877929688,18.48200035095215,214377
2019-03-06,18.464000701904297,18.604000091552734,18.371999740600586,18.43000030517578,267363
2019-03-07,18.357999801635742,18.54199981689453,18.142000198364258,18.27199935913086,349893
2019-03-08,18.031999588012695,18.15999984741211,17.947999954223633,18.020000457763672,292886
2019-03-11,18.170000076293945,18.266000747680664,18.01799964904785,18.25200080871582,169365
2019-03-12,18.444000244140625,18.444000244140625,18.1200008392334,18.288000106811523,228992
2019-03-13,18.280000686645508,18.555999755859375,18.280000686645508,18.530000686645508,196324
2019-03-14,18.63800048828125,18.893999099731445,18.63800048828125,18.823999404907227,392873
2019-03-15,18.884000778198242,19.31800079345703,18.8700008392334,19.229999542236328,757100
2019-03-18,19.218000411987305,19.299999237060547,19.20599937438965,19.260000228881836,116353
2019-03-19,19.299999237060547,19.54800033569336,19.270000457763672,19.423999786376953,224179
2019-03-20,19.34000015258789,19.450000762939453,19.124000549316406,19.124000549316406,236543
2019-03-21,19.08799934387207,19.200000762939453,18.88800048828125,19.09600067138672,321768
2019-03-22,19.20199966430664,19.229999542236328,18.284000396728516,18.31999969482422,439871
2019-03-25,18.163999557495117,18.360000610351562,18.059999465942383,18.25200080871582,584738
2019-03-26,18.29199981689453,18.625999450683594,18.233999252319336,18.56399917602539,145939
2019-03-27,18.65399932861328,18.827999114990234,18.399999618530273,18.579999923706055,327168
2019-03-28,18.57200050354004,18.729999542236328,18.489999771118164,18.534000396728516,190147
2019-03-29,18.857999801635742,18.93400001525879,18.663999557495117,18.90399932861328,309528
2019-04-01,19.197999954223633,19.350000381469727,19.079999923706055,19.275999069213867,301227
2019-04-02,19.29599952697754,19.479999542236328,19.266000747680664,19.395999908447266,243670
2019-04-03,19.694000244140625,19.761999130249023,19.61400032043457,19.715999603271484,292803
2019-04-04,19.690000534057617,19.760000228881836,19.59000015258789,19.714000701904297,114468
2019-04-05,19.77199935913086,19.889999389648438,19.70199966430664,19.785999298095703,140987
2019-04-08,19.746000289916992,19.850000381469727,19.691999435424805,19.742000579833984,121743
2019-04-09,19.606000900268555,19.889999389648438,19.510000228881836,19.54599952697754,285423
2019-04-10,19.534000396728516,19.68000030517578,19.530000686645508,19.610000610351562,89132
2019-04-11,19.766000747680664,19.940000534057617,19.562000274658203,19.851999282836914,280971
2019-04-12,19.799999237060547,20.030000686645508,19.77199935913086,19.97800064086914,170583
2019-04-15,20.030000686645508,20.110000610351562,19.968000411987305,20.059999465942383,118148
2019-04-16,20.06999969482422,20.229999542236328,20.030000686645508,20.209999084472656,104267
2019-04-17,20.200000762939453,20.5,20.165000915527344,20.434999465942383,256000
2019-04-18,20.3799991607666,20.725000381469727,20.204999923706055,20.584999084472656,271765
2019-04-23,20.600000381469727,20.729999542236328,20.5,20.670000076293945,79272
2019-04-24,20.594999313354492,20.739999771118164,20.440000534057617,20.559999465942383,147719
2019-04-25,20.549999237060547,20.579999923706055,20.350000381469727,20.4950008392334,99904
2019-04-26,20.579999923706055,20.635000228881836,20.43000030517578,20.594999313354492,92255
2019-04-29,20.565000534057617,20.770000457763672,20.434999465942383,20.68000030517578,93419
2019-04-30,20.645000457763672,20.780000686645508,20.549999237060547,20.780000686645508,61895
2019-05-02,20.684999465942383,20.799999237060547,20.540000915527344,20.565000534057617,88118
2019-05-03,20.53499984741211,20.7450008392334,20.53499984741211,20.645000457763672,72721
2019-05-06,19.81800079345703,20.184999465942383,19.687999725341797,20.135000228881836,271046
2019-05-07,20.174999237060547,20.2450008392334,19.479999542236328,19.559999465942383,585674
2019-05-08,19.538000106811523,19.74799919128418,19.399999618530273,19.68199920654297,451428
2019-05-09,19.350000381469727,19.416000366210938,18.99799919128418,19.035999298095703,263634
2019-05-10,19.38800048828125,19.472000122070312,19.040000915527344,19.166000366210938,183669
2019-05-13,19.191999435424805,19.191999435424805,18.59000015258789,18.68600082397461,324373
2019-05-14,18.95800018310547,19.26799964904785,18.899999618530273,19.26799964904785,177428
2019-05-15,19.27400016784668,19.50200080871582,18.950000762939453,19.50200080871582,192130
2019-05-16,19.413999557495117,20.024999618530273,19.305999755859375,20.024999618530273,274681
2019-05-17,19.940000534057617,20.024999618530273,19.711999893188477,19.964000701904297,204557
2019-05-20,19.940000534057617,19.986000061035156,19.214000701904297,19.441999435424805,334446
2019-05-21,19.534000396728516,19.74799919128418,19.440000534057617,19.666000366210938,154848
2019-05-22,19.649999618530273,19.784000396728516,19.38800048828125,19.639999389648438,185685
2019-05-23,19.332000732421875,19.332000732421875,18.865999221801758,18.920000076293945,229159
2019-05-24,19.15999984741211,19.323999404907227,19.09600067138672,19.195999145507812,126720
2019-05-27,19.488000869750977,19.600000381469727,19.31399917602539,19.422000885009766,168155
2019-05-28,19.52199935913086,19.52199935913086,19.158000946044922,19.194000244140625,134167
2019-05-29,18.90999984741211,18.913999557495117,18.552000045776367,18.70199966430664,584679
2019-05-30,18.865999221801758,18.950000762939453,18.736000061035156,18.892000198364258,173463
2019-05-31,18.474000930786133,18.59600067138672,18.260000228881836,18.59600067138672,305725
2019-06-03,18.356000900268555,18.84600067138672,18.211999893188477,18.84600067138672,389007
2019-06-04,18.559999465942383,19.149999618530273,18.520000457763672,19.054000854492188,350658
2019-06-05,19.07200050354004,19.357999801635742,19.07200050354004,19.236000061035156,317133
2019-06-06,19.26799964904785,19.549999237060547,19.04800033569336,19.121999740600586,485120
2019-06-07,19.36199951171875,19.950000762939453,19.36199951171875,19.766000747680664,568446
2019-06-10,19.902000427246094,20.040000915527344,19.857999801635742,19.922000885009766,91727
2019-06-11,19.996000289916992,20.329999923706055,19.986000061035156,20.170000076293945,276580
2019-06-12,19.959999084472656,20.049999237060547,19.79199981689453,19.92799949645996,270803
2019-06-13,19.808000564575195,20.049999237060547,19.76799964904785,19.937999725341797,146896
2019-06-14,19.81399917602539,19.88599967956543,19.68000030517578,19.86199951171875,154959
2019-06-17,19.899999618530273,20.15999984741211,19.8799991607666,20.030000686645508,167473
2019-06-18,20.05500030517578,20.989999771118164,19.941999435424805,20.940000534057617,899912
2019-06-19,20.9950008392334,21.030000686645508,20.84000015258789,20.979999542236328,310885
2019-06-20,21.315000534057617,21.360000610351562,21.1299991607666,21.1299991607666,381507
2019-06-21,21.18000030517578,21.510000228881836,21.020000457763672,21.094999313354492,298723
2019-06-24,21.139999389648438,21.209999084472656,20.985000610351562,21.040000915527344,107940
2019-06-25,20.90999984741211,21.075000762939453,20.90999984741211,21.024999618530273,123922
2019-06-26,20.969999313354492,21.135000228881836,20.885000228881836,20.90999984741211,127731
2019-06-27,20.940000534057617,20.979999542236328,20.649999618530273,20.850000381469727,209829
2019-06-28,20.84000015258789,21.219999313354492,20.790000915527344,21.18000030517578,274932
2019-07-01,21.68000030517578,21.7450008392334,21.40999984741211,21.415000915527344,258136
2019-07-02,21.43000030517578,21.5,21.299999237060547,21.459999084472656,89058
2019-07-03,21.56999969482422,21.825000762939453,21.540000915527344,21.80500030517578,208842
2019-07-04,21.8799991607666,21.899999618530273,21.780000686645508,21.850000381469727,87950
2019-07-05,21.774999618530273,21.790000915527344,21.469999313354492,21.610000610351562,231406
2019-07-08,21.530000686645508,21.684999465942383,21.46500015258789,21.600000381469727,113099
2019-07-09,21.424999237060547,21.545000076293945,21.25,21.46500015258789,362812
2019-07-10,21.3799991607666,21.709999084472656,21.3799991607666,21.434999465942383,90595
2019-07-11,21.610000610351562,21.614999771118164,21.299999237060547,21.299999237060547,141806
2019-07-12,21.395000457763672,21.55500030517578,21.325000762939453,21.450000762939453,100999
2019-07-15,21.584999084472656,21.729999542236328,21.290000915527344,21.524999618530273,202648
2019-07-16,21.489999771118164,21.8799991607666,21.475000381469727,21.790000915527344,168784
2019-07-17,21.774999618530273,21.834999084472656,21.40999984741211,21.454999923706055,229499
2019-07-18,21.200000762939453,21.565000534057617,21.170000076293945,21.290000915527344,243825
2019-07-19,21.4950008392334,21.655000686645508,21.170000076293945,21.309999465942383,260390
2019-07-22,21.270000457763672,21.489999771118164,21.270000457763672,21.385000228881836,118568
2019-07-23,21.649999618530273,21.969999313354492,21.540000915527344,21.795000076293945,175132
2019-07-24,21.834999084472656,21.860000610351562,21.530000686645508,21.700000762939453,137931
2019-07-25,22.024999618530273,22.229999542236328,21.270000457763672,21.514999389648438,375822
2019-07-26,21.44499969482422,21.780000686645508,21.44499969482422,21.739999771118164,192934
2019-07-29,21.600000381469727,21.864999771118164,21.59000015258789,21.684999465942383,213811
2019-07-30,21.655000686645508,21.690000534057617,20.8700008392334,21.010000228881836,495147
2019-07-31,20.954999923706055,21.19499969482422,20.915000915527344,21.06999969482422,201177
2019-08-01,20.940000534057617,21.3700008392334,20.940000534057617,21.329999923706055,210414
2019-08-02,20.5,20.5,19.743999481201172,19.86199951171875,1114128
2019-08-05,19.450000762939453,19.496000289916992,18.860000610351562,18.986000061035156,998217
2019-08-06,19.02199935913086,19.31999969482422,18.884000778198242,18.917999267578125,473385
2019-08-07,18.986000061035156,19.450000762939453,18.827999114990234,19.1200008392334,475631
2019-08-08,19.54800033569336,19.95199966430664,19.399999618530273,19.95199966430664,622366
2019-08-09,19.804000854492188,19.9060001373291,19.479999542236328,19.54800033569336,370069
2019-08-12,19.922000885009766,19.972000122070312,19.29199981689453,19.45199966430664,298521
2019-08-13,19.280000686645508,20.100000381469727,19.118000030517578,19.788000106811523,412198
2019-08-14,19.775999069213867,19.799999237060547,18.84000015258789,18.993999481201172,594792
2019-08-15,19.09000015258789,19.163999557495117,18.399999618530273,18.895999908447266,726678
2019-08-16,19.011999130249023,19.375999450683594,18.974000930786133,19.351999282836914,381037
2019-08-19,19.658000946044922,19.892000198364258,19.503999710083008,19.84600067138672,457386
2019-08-20,19.83799934387207,19.989999771118164,19.535999298095703,19.667999267578125,296294
2019-08-21,19.878000259399414,20.350000381469727,19.86400032043457,20.295000076293945,446321
2019-08-22,20.110000610351562,20.325000762939453,19.865999221801758,19.986000061035156,265725
2019-08-23,20.1200008392334,20.19499969482422,19.520000457763672,19.535999298095703,264839
2019-08-26,19.416000366210938,19.8700008392334,19.309999465942383,19.690000534057617,361867
2019-08-27,19.577999114990234,20.024999618530273,19.47800064086914,19.893999099731445,287314
2019-08-28,19.766000747680664,19.850000381469727,19.474000930786133,19.804000854492188,340616
2019-08-29,19.760000228881836,20.424999237060547,19.75,20.424999237060547,508582
2019-08-30,20.395000457763672,20.799999237060547,20.3799991607666,20.625,544338
2019-09-02,20.68000030517578,20.790000915527344,20.6200008392334,20.704999923706055,224674
2019-09-03,20.6200008392334,20.6200008392334,20.329999923706055,20.520000457763672,134209
2019-09-04,20.850000381469727,21.059999465942383,20.834999084472656,21.0049991607666,329889
2019-09-05,21.350000381469727,21.549999237060547,21.200000762939453,21.469999313354492,506827
2019-09-06,21.46500015258789,21.604999542236328,21.385000228881836,21.55500030517578,258958
2019-09-09,21.610000610351562,21.610000610351562,21.3700008392334,21.46500015258789,197525
2019-09-10,21.3799991607666,21.5,21.190000534057617,21.454999923706055,117600
2019-09-11,21.59000015258789,21.729999542236328,21.549999237060547,21.65999984741211,230081
2019-09-12,21.799999237060547,22.05500030517578,21.489999771118164,21.850000381469727,222528
2019-09-13,21.875,22.079999923706055,21.84000015258789,21.950000762939453,203636
2019-09-16,21.739999771118164,21.760000228881836,21.56999969482422,21.56999969482422,153939
2019-09-17,21.540000915527344,21.68000030517578,21.424999237060547,21.665000915527344,81947
2019-09-18,21.594999313354492,21.795000076293945,21.549999237060547,21.709999084472656,55903
2019-09-19,21.71500015258789,22.0,21.71500015258789,21.9950008392334,79868
2019-09-20,21.979999542236328,22.25,21.899999618530273,22.209999084472656,203354
2019-09-23,22.135000228881836,22.174999237060547,21.690000534057617,21.760000228881836,253409
2019-09-24,21.885000228881836,21.899999618530273,21.71500015258789,21.71500015258789,115042
2019-09-25,21.5049991607666,21.530000686645508,20.985000610351562,21.399999618530273,339186
2019-09-26,21.315000534057617,21.760000228881836,21.315000534057617,21.674999237060547,177048
2019-09-27,21.854999542236328,21.90999984741211,21.729999542236328,21.875,137497
2019-09-30,21.81999969482422,22.165000915527344,21.780000686645508,22.165000915527344,196626
2019-10-01,22.315000534057617,22.399999618530273,21.520000457763672,21.549999237060547,204095
2019-10-02,21.434999465942383,21.434999465942383,20.225000381469727,20.225000381469727,415577
2019-10-03,20.274999618530273,20.565000534057617,19.979999542236328,20.350000381469727,347439
2019-10-04,20.399999618530273,20.68000030517578,20.235000610351562,20.68000030517578,318998
2019-10-07,20.56999969482422,20.96500015258789,20.489999771118164,20.94499969482422,187531
2019-10-08,20.950000762939453,21.020000457763672,20.395000457763672,20.46500015258789,140834
2019-10-09,20.385000228881836,20.94499969482422,20.375,20.75,139447
2019-10-10,20.899999618530273,21.364999771118164,20.670000076293945,21.280000686645508,286977
2019-10-11,21.325000762939453,22.040000915527344,21.325000762939453,22.040000915527344,388608
2019-10-14,21.790000915527344,21.899999618530273,21.545000076293945,21.8700008392334,139755
2019-10-15,22.19499969482422,22.479999542236328,21.989999771118164,22.30500030517578,321531
2019-10-16,22.315000534057617,22.3700008392334,22.125,22.25,164208
2019-10-17,22.114999771118164,22.670000076293945,22.104999542236328,22.104999542236328,253976
2019-10-18,21.895000457763672,22.030000686645508,21.690000534057617,21.760000228881836,158690
2019-10-21,21.80500030517578,22.010000228881836,21.729999542236328,21.889999389648438,151754
2019-10-22,21.854999542236328,21.950000762939453,21.6299991607666,21.950000762939453,202363
2019-10-23,21.69499969482422,21.959999084472656,21.645000457763672,21.93000030517578,264791
2019-10-24,22.084999084472656,22.209999084472656,22.0,22.114999771118164,166684
2019-10-25,22.315000534057617,22.44499969482422,22.065000534057617,22.44499969482422,196470
2019-10-28,22.44499969482422,22.655000686645508,22.3799991607666,22.524999618530273,152046
2019-10-29,22.489999771118164,22.610000610351562,22.395000457763672,22.610000610351562,265324
2019-10-30,22.670000076293945,22.770000457763672,22.40999984741211,22.770000457763672,313128
2019-10-31,22.78499984741211,22.889999389648438,22.43000030517578,22.530000686645508,581390
2019-11-01,22.704999923706055,22.899999618530273,22.600000381469727,22.764999389648438,307609
2019-11-04,22.975000381469727,23.325000762939453,22.950000762939453,23.264999389648438,477156
2019-11-05,23.280000686645508,23.479999542236328,23.2450008392334,23.440000534057617,239946
2019-11-06,23.46500015258789,23.674999237060547,23.385000228881836,23.614999771118164,172491
2019-11-07,23.795000076293945,23.850000381469727,23.670000076293945,23.815000534057617,180391
2019-11-08,23.625,23.790000915527344,23.579999923706055,23.790000915527344,161259
2019-11-11,23.719999313354492,23.920000076293945,23.690000534057617,23.834999084472656,212917
2019-11-12,23.94499969482422,24.139999389648438,23.8799991607666,24.065000534057617,161595
2019-11-13,23.96500015258789,24.020000457763672,23.674999237060547,23.93000030517578,109972
2019-11-14,23.94499969482422,24.010000228881836,23.84000015258789,23.8700008392334,85148
2019-11-15,24.15999984741211,24.274999618530273,23.959999084472656,24.190000534057617,135127
2019-11-18,24.200000762939453,24.239999771118164,23.885000228881836,24.1200008392334,232413
2019-11-19,24.170000076293945,24.434999465942383,23.854999542236328,23.94499969482422,247768
2019-11-20,23.6299991607666,23.905000686645508,23.549999237060547,23.854999542236328,357948
2019-11-21,23.5,23.84000015258789,23.354999542236328,23.760000228881836,408860
2019-11-22,23.864999771118164,24.1200008392334,23.780000686645508,23.815000534057617,271325
2019-11-25,24.065000534057617,24.155000686645508,23.969999313354492,24.094999313354492,156138
2019-11-26,24.06999969482422,24.21500015258789,23.979999542236328,24.125,143495
2019-11-27,24.239999771118164,24.270000457763672,24.06999969482422,24.110000610351562,198635
2019-11-28,23.924999237060547,24.024999618530273,23.889999389648438,23.979999542236328,178326
2019-11-29,23.834999084472656,24.1299991607666,23.770000457763672,23.920000076293945,262466
2019-12-02,24.059999465942383,24.290000915527344,22.924999237060547,23.024999618530273,441855
2019-12-03,23.020000457763672,23.114999771118164,22.280000686645508,22.5,462595
2019-12-04,22.594999313354492,23.18000030517578,22.549999237060547,23.1200008392334,207106
2019-12-05,23.190000534057617,23.489999771118164,23.125,23.125,152640
2019-12-06,23.280000686645508,23.65999984741211,23.2450008392334,23.65999984741211,180066
2019-12-09,23.670000076293945,23.670000076293945,23.399999618530273,23.40999984741211,86730
2019-12-10,23.30500030517578,23.514999389648438,22.93000030517578,23.489999771118164,183161
2019-12-11,23.540000915527344,23.625,23.299999237060547,23.594999313354492,119010
2019-12-12,23.729999542236328,24.024999618530273,23.479999542236328,23.780000686645508,266102
2019-12-13,24.40999984741211,24.46500015258789,23.954999923706055,24.094999313354492,347153
2019-12-16,24.315000534057617,24.75,24.270000457763672,24.649999618530273,192726
2019-12-17,24.575000762939453,24.59000015258789,24.350000381469727,24.450000762939453,160068
2019-12-18,24.40999984741211,24.56999969482422,24.399999618530273,24.43000030517578,91617
2019-12-19,24.44499969482422,24.475000381469727,24.2549991607666,24.475000381469727,38869
2019-12-20,24.559999465942383,24.899999618530273,24.469999313354492,24.850000381469727,153816
2019-12-23,24.885000228881836,25.0,24.770000457763672,24.969999313354492,113296
2019-12-24,24.975000381469727,25.0,24.940000534057617,24.9950008392334,9236
2019-12-25,24.9950008392334,24.9950008392334,24.9950008392334,24.9950008392334,0
2019-12-27,25.104999542236328,25.25,24.959999084472656,25.03499984741211,70100
2019-12-30,24.985000610351562,24.985000610351562,24.565000534057617,24.565000534057617,117162
2019-12-31,24.40999984741211,24.6299991607666,24.350000381469727,24.510000228881836,235998
2020-01-02,24.885000228881836,25.229999542236328,24.834999084472656,25.065000534057617,203996
2020-01-03,24.78499984741211,25.059999465942383,24.655000686645508,25.059999465942383,189242
2020-01-06,24.780000686645508,24.899999618530273,24.389999389648438,24.8700008392334,330669
2020-01-07,25.094999313354492,25.280000686645508,24.770000457763672,24.889999389648438,252411
2020-01-08,24.65999984741211,25.014999389648438,24.540000915527344,24.985000610351562,259859
2020-01-09,25.34000015258789,25.34000015258789,25.040000915527344,25.104999542236328,141754
2020-01-10,25.2450008392334,25.2450008392334,25.0,25.045000076293945,124029
2020-01-13,25.110000610351562,25.239999771118164,24.905000686645508,25.059999465942383,206072
2020-01-14,25.03499984741211,25.1299991607666,24.600000381469727,25.110000610351562,142306
2020-01-15,25.18000030517578,25.18000030517578,24.8700008392334,25.024999618530273,79710
2020-01-16,25.079999923706055,25.260000228881836,24.954999923706055,25.094999313354492,200882
2020-01-17,25.334999084472656,25.665000915527344,25.325000762939453,25.594999313354492,195650
2020-01-20,25.545000076293945,25.545000076293945,25.360000610351562,25.40999984741211,114525
2020-01-21,24.905000686645508,25.139999389648438,24.700000762939453,25.139999389648438,288842
2020-01-22,25.25,25.34000015258789,24.790000915527344,24.850000381469727,177911
2020-01-23,24.68000030517578,24.96500015258789,24.440000534057617,24.510000228881836,229428
2020-01-24,24.979999542236328,25.274999618530273,24.899999618530273,24.94499969482422,197522
2020-01-27,24.170000076293945,24.28499984741211,23.514999389648438,23.6299991607666,500412
2020-01-28,23.84000015258789,24.18000030517578,23.59000015258789,24.145000457763672,169952
2020-01-29,24.06999969482422,24.469999313354492,24.06999969482422,24.375,196900
2020-01-30,23.704999923706055,23.954999923706055,23.475000381469727,23.690000534057617,303279
2020-01-31,23.815000534057617,23.860000610351562,23.100000381469727,23.15999984741211,216845
2020-02-03,23.299999237060547,23.56999969482422,23.15999984741211,23.395000457763672,172664
2020-02-04,23.655000686645508,24.190000534057617,23.649999618530273,24.190000534057617,219922
2020-02-05,24.020000457763672,24.764999389648438,24.020000457763672,24.6200008392334,231086
2020-02-06,25.094999313354492,25.1200008392334,24.78499984741211,25.024999618530273,197144
2020-02-07,24.969999313354492,25.09000015258789,24.7450008392334,24.950000762939453,111519
2020-02-10,24.799999237060547,24.8799991607666,24.670000076293945,24.8799991607666,95191
2020-02-11,25.149999618530273,25.21500015258789,24.9950008392334,25.15999984741211,226044
2020-02-12,25.299999237060547,25.56999969482422,25.235000610351562,25.56999969482422,262565
2020-02-13,25.354999542236328,25.53499984741211,24.94499969482422,25.469999313354492,359492
2020-02-14,25.415000915527344,25.469999313354492,25.25,25.280000686645508,115396
2020-02-17,25.344999313354492,25.434999465942383,25.274999618530273,25.415000915527344,83924
2020-02-18,25.094999313354492,25.3700008392334,25.049999237060547,25.200000762939453,159882
2020-02-19,25.3799991607666,25.625,25.329999923706055,25.610000610351562,189200
2020-02-20,25.59000015258789,25.614999771118164,25.280000686645508,25.280000686645508,111588
2020-02-21,24.905000686645508,25.25,24.665000915527344,24.934999465942383,455597
2020-02-24,23.65999984741211,23.65999984741211,22.760000228881836,22.979999542236328,1139133
2020-02-25,23.235000610351562,23.274999618530273,22.030000686645508,22.079999923706055,844363
2020-02-26,21.815000534057617,22.360000610351562,20.899999618530273,22.149999618530273,1359161
2020-02-27,21.280000686645508,21.579999923706055,20.079999923706055,20.69499969482422,1598708
2020-02-28,19.360000610351562,19.743999481201172,18.672000885009766,19.280000686645508,1538521
2020-03-02,19.95800018310547,20.135000228881836,18.43000030517578,19.527999877929688,1586819
2020-03-03,19.972000122070312,20.739999771118164,19.694000244140625,20.049999237060547,1682228
2020-03-04,19.746000289916992,20.600000381469727,19.604000091552734,20.385000228881836,819900
2020-03-05,20.510000228881836,20.6299991607666,19.38599967956543,19.70599937438965,836293
2020-03-06,18.93000030517578,19.049999237060547,17.850000381469727,18.076000213623047,1644811
2020-03-09,15.284000396728516,16.121999740600586,14.866000175476074,15.10200023651123,2624723
2020-03-10,15.42199993133545,16.357999801635742,14.368000030517578,14.616000175476074,2974711
2020-03-11,14.998000144958496,15.342000007629395,14.3100004196167,14.411999702453613,1353712
2020-03-12,12.833999633789062,13.0,10.600000381469727,10.826000213623047,3913947
2020-03-13,11.654000282287598,12.9399995803833,10.850000381469727,11.25,3146912
2020-03-16,10.0,10.399999618530273,8.555000305175781,9.836000442504883,3298872
2020-03-17,10.739999771118164,10.75,9.243000030517578,10.47599983215332,2911900
2020-03-18,10.0600004196167,10.093999862670898,9.125,9.243000030517578,2241023
2020-03-19,9.680000305175781,10.088000297546387,8.916000366210938,9.739999771118164,3014095
2020-03-20,11.02400016784668,11.118000030517578,10.35200023651123,10.644000053405762,2035114
2020-03-23,9.737000465393066,11.166000366210938,9.541999816894531,10.039999961853027,2657080
2020-03-24,10.989999771118164,11.550000190734863,10.649999618530273,11.526000022888184,2073589
2020-03-25,12.32800006866455,12.890000343322754,11.539999961853027,12.70199966430664,3210664
2020-03-26,12.196000099182129,13.3100004196167,11.899999618530273,13.3100004196167,2492294
2020-03-27,12.843999862670898,12.972000122070312,11.87600040435791,12.20199966430664,1654936
2020-03-30,12.277999877929688,12.45199966430664,11.529999732971191,12.45199966430664,1239863
2020-03-31,12.706000328063965,12.977999687194824,12.038000106811523,12.550000190734863,1194594
2020-04-01,11.706000328063965,11.829999923706055,11.37600040435791,11.470000267028809,1384164
2020-04-02,11.630000114440918,11.79800033569336,11.100000381469727,11.54800033569336,1131025
2020-04-03,11.465999603271484,11.5,11.128000259399414,11.187999725341797,804371
2020-04-06,12.01200008392334,12.260000228881836,11.78600025177002,12.23799991607666,1217262
2020-04-07,13.005999565124512,13.25,12.39799976348877,12.72599983215332,1420428
2020-04-08,12.449999809265137,12.73799991607666,12.130000114440918,12.73799991607666,805486
2020-04-09,13.112000465393066,13.329999923706055,12.53600025177002,13.086000442504883,2893452
2020-04-14,13.324000358581543,13.529999732971191,13.053999900817871,13.215999603271484,1157333
2020-04-15,13.218000411987305,13.218000411987305,12.10200023651123,12.208000183105469,1245483
2020-04-16,12.526000022888184,12.59000015258789,12.029999732971191,12.20199966430664,663891
2020-04-17,12.942000389099121,13.315999984741211,12.85200023651123,12.989999771118164,1638446
2020-04-20,13.131999969482422,13.196000099182129,12.619999885559082,13.196000099182129,1935879
2020-04-21,12.899999618530273,12.90999984741211,12.260000228881836,12.260000228881836,1902504
2020-04-22,12.350000381469727,12.569999694824219,12.241999626159668,12.538000106811523,796917
2020-04-23,12.722000122070312,13.010000228881836,12.425999641418457,12.739999771118164,953542
2020-04-24,12.37600040435791,12.748000144958496,12.272000312805176,12.45199966430664,1186938
2020-04-27,12.895999908447266,13.020000457763672,12.729999542236328,13.020000457763672,1041984
2020-04-28,13.083999633789062,13.619999885559082,12.977999687194824,13.420000076293945,1269653
2020-04-29,13.526000022888184,14.067999839782715,13.329999923706055,14.0,1418379
2020-04-30,14.180000305175781,14.317999839782715,13.329999923706055,13.36400032043457,1622531
2020-05-04,12.531999588012695,12.697999954223633,12.29800033569336,12.411999702453613,1913832
2020-05-05,12.84000015258789,13.079999923706055,12.675999641418457,13.0,1166155
2020-05-06,12.932000160217285,13.010000228881836,12.675999641418457,12.727999687194824,668349
2020-05-07,12.819999694824219,13.131999969482422,12.815999984741211,13.105999946594238,651210
2020-05-08,13.343999862670898,13.449999809265137,13.227999687194824,13.381999969482422,463573
2020-05-11,13.498000144958496,13.54800033569336,12.894000053405762,13.079999923706055,1197506
2020-05-12,13.03600025177002,13.144000053405762,12.880000114440918,13.015999794006348,657656
2020-05-13,12.630000114440918,12.65999984741211,12.204000473022461,12.255999565124512,2270524
2020-05-14,11.973999977111816,12.079999923706055,11.399999618530273,11.854000091552734,2206470
2020-05-15,12.161999702453613,12.196000099182129,11.73799991607666,11.836000442504883,1547166
2020-05-18,12.383999824523926,13.131999969482422,12.281999588012695,13.071999549865723,1456116
2020-05-19,13.223999977111816,13.239999771118164,12.637999534606934,12.857999801635742,1216789
2020-05-20,12.723999977111816,13.092000007629395,12.489999771118164,13.069999694824219,1239339
2020-05-21,12.75,13.074000358581543,12.680000305175781,12.760000228881836,817609
2020-05-22,12.432000160217285,12.944000244140625,12.333999633789062,12.770000457763672,1133121
2020-05-25,12.96399974822998,13.291999816894531,12.817999839782715,13.291999816894531,842217
2020-05-26,13.619999885559082,13.772000312805176,13.505999565124512,13.692000389099121,1060963
2020-05-27,13.838000297546387,14.32800006866455,13.73799991607666,14.140000343322754,1795928
2020-05-28,14.381999969482422,14.760000228881836,14.279999732971191,14.72599983215332,1221838
2020-05-29,14.387999534606934,14.675999641418457,14.229999542236328,14.229999542236328,1178928
2020-06-01,14.696000099182129,14.763999938964844,14.395999908447266,14.649999618530273,752011
2020-06-02,14.878000259399414,15.369999885559082,14.857999801635742,15.215999603271484,876060
2020-06-03,15.618000030517578,16.308000564575195,15.571999549865723,16.253999710083008,1211620
2020-06-04,16.115999221801758,16.48200035095215,15.894000053405762,16.20599937438965,1875574
2020-06-05,16.624000549316406,17.399999618530273,16.577999114990234,17.393999099731445,1596232
2020-06-08,17.059999465942383,17.520000457763672,17.00200080871582,17.284000396728516,1398186
2020-06-09,17.450000762939453,17.450000762939453,16.450000762939453,16.714000701904297,1440099
2020-06-10,17.031999588012695,17.104000091552734,16.389999389648438,16.461999893188477,1264700
2020-06-11,15.633999824523926,15.826000213623047,14.925999641418457,14.925999641418457,1692829
2020-06-12,14.644000053405762,15.692000389099121,14.592000007629395,15.041999816894531,2398411
2020-06-15,14.293999671936035,15.081999778747559,14.13599967956543,14.923999786376953,2240055
2020-06-16,15.607999801635742,16.100000381469727,15.357999801635742,15.73799991607666,2383668
2020-06-17,15.857999801635742,16.22599983215332,15.755999565124512,16.010000228881836,1725476
2020-06-18,15.881999969482422,16.172000885009766,15.470000267028809,15.770000457763672,1252103
2020-06-19,16.0,16.304000854492188,15.918000221252441,15.928000450134277,1094396
2020-06-22,15.526000022888184,16.100000381469727,15.420000076293945,15.715999603271484,1386888
2020-06-23,15.899999618530273,16.374000549316406,15.854000091552734,16.20599937438965,762682
2020-06-24,16.011999130249023,16.118000030517578,15.263999938964844,15.263999938964844,969756
2020-06-25,15.083999633789062,15.6899995803833,14.76200008392334,15.545999526977539,1207098
2020-06-26,15.894000053405762,16.149999618530273,15.472000122070312,15.489999771118164,934361
2020-06-29,15.369999885559082,15.949999809265137,15.270000457763672,15.770000457763672,603597
2020-06-30,15.859999656677246,15.880000114440918,15.47599983215332,15.6899995803833,573740
2020-07-01,15.630000114440918,15.880000114440918,15.163999557495117,15.642000198364258,894630
2020-07-02,15.869999885559082,16.579999923706055,15.859999656677246,16.413999557495117,1290909
2020-07-03,16.45199966430664,16.5,16.016000747680664,16.16200065612793,504467
2020-07-06,16.700000762939453,16.75,16.527999877929688,16.663999557495117,739942
2020-07-07,16.492000579833984,16.558000564575195,16.25,16.493999481201172,676361
2020-07-08,16.200000762939453,16.459999084472656,16.0,16.073999404907227,582045
2020-07-09,16.224000930786133,16.224000930786133,15.619999885559082,15.694000244140625,930026
2020-07-10,15.484000205993652,16.011999130249023,15.420000076293945,15.986000061035156,593382
2020-07-13,16.34000015258789,16.559999465942383,16.08799934387207,16.558000564575195,580095
2020-07-14,16.118000030517578,16.256000518798828,15.831999778747559,16.256000518798828,625028
2020-07-15,16.530000686645508,17.16200065612793,16.468000411987305,16.969999313354492,1114162
2020-07-16,16.68400001525879,16.899999618530273,16.52400016784668,16.761999130249023,573719
2020-07-17,16.781999588012695,16.781999588012695,16.530000686645508,16.672000885009766,547039
2020-07-20,16.489999771118164,16.884000778198242,16.29400062561035,16.812000274658203,788896
2020-07-21,17.034000396728516,17.3439998626709,16.841999053955078,16.874000549316406,924051
2020-07-22,16.742000579833984,16.8439998626709,16.38599967956543,16.45800018310547,807561
2020-07-23,16.649999618530273,16.760000228881836,16.34000015258789,16.42799949645996,420077
2020-07-24,16.020000457763672,16.110000610351562,15.723999977111816,15.918000221252441,978515
2020-07-27,15.911999702453613,15.932000160217285,15.699999809265137,15.833999633789062,479352
2020-07-28,15.76200008392334,15.878000259399414,15.517999649047852,15.755999565124512,412944
2020-07-29,15.934000015258789,16.062000274658203,15.859999656677246,15.946000099182129,340134
2020-07-30,15.881999969482422,15.881999969482422,14.923999786376953,15.246000289916992,1578498
2020-07-31,15.303999900817871,15.5600004196167,14.833999633789062,14.833999633789062,746383
2020-08-03,14.942000389099121,15.529999732971191,14.697999954223633,15.390000343322754,943824
2020-08-04,15.630000114440918,15.649999618530273,15.300000190734863,15.479999542236328,621955
2020-08-05,15.710000038146973,15.902000427246094,15.581999778747559,15.711999893188477,497328
2020-08-06,15.581999778747559,15.869999885559082,15.288000106811523,15.442000389099121,598014
2020-08-07,15.42199993133545,15.513999938964844,15.178000450134277,15.477999687194824,412499
2020-08-10,15.583999633789062,15.770000457763672,15.392000198364258,15.586000442504883,363782
2020-08-11,15.937999725341797,16.5,15.906000137329102,16.333999633789062,1068393
2020-08-12,16.246000289916992,16.79800033569336,16.215999603271484,16.663999557495117,412982
2020-08-13,16.56800079345703,16.68400001525879,16.4060001373291,16.45800018310547,231265
2020-08-14,16.215999603271484,16.215999603271484,15.644000053405762,15.9399995803833,1282562
2020-08-17,16.073999404907227,16.149999618530273,15.77400016784668,15.973999977111816,488880
2020-08-18,15.789999961853027,16.170000076293945,15.670000076293945,15.765999794006348,838237
2020-08-19,15.680000305175781,16.003999710083008,15.630000114440918,16.003999710083008,329378
2020-08-20,15.567999839782715,15.755999565124512,15.425999641418457,15.592000007629395,678722
2020-08-21,15.706000328063965,15.75,15.128000259399414,15.5,1003757
2020-08-24,15.907999992370605,16.229999542236328,15.906000137329102,16.214000701904297,1172440
2020-08-25,16.479999542236328,16.625999450683594,16.190000534057617,16.23200035095215,483702
2020-08-26,16.016000747680664,16.465999603271484,16.0,16.461999893188477,535753
2020-08-27,16.43000030517578,16.469999313354492,16.190000534057617,16.24799919128418,531213
2020-08-28,16.284000396728516,16.31999969482422,15.9399995803833,16.15399932861328,797476
2020-08-31,16.45599937438965,16.56999969482422,15.760000228881836,15.795999526977539,1057410
2020-09-01,15.934000015258789,16.09000015258789,15.449999809265137,15.73799991607666,773350
2020-09-02,15.949999809265137,16.530000686645508,15.949999809265137,16.309999465942383,1366591
2020-09-03,16.75,16.988000869750977,16.0,16.18400001525879,1313148
2020-09-04,15.878000259399414,16.57200050354004,15.670000076293945,15.895999908447266,1507343
2020-09-07,16.134000778198242,16.549999237060547,16.079999923706055,16.479999542236328,987876
2020-09-08,16.47599983215332,16.52400016784668,15.710000038146973,15.96399974822998,1531621
2020-09-09,16.049999237060547,16.506000518798828,15.970000267028809,16.41200065612793,1215539
2020-09-10,16.45800018310547,16.540000915527344,16.163999557495117,16.277999877929688,663275
2020-09-11,16.219999313354492,16.47599983215332,16.1299991607666,16.350000381469727,1008994
2020-09-14,16.573999404907227,16.70199966430664,16.356000900268555,16.47599983215332,806044
2020-09-15,16.510000228881836,16.700000762939453,16.36199951171875,16.56399917602539,431931
2020-09-16,16.61400032043457,16.722000122070312,16.31999969482422,16.59600067138672,646068
2020-09-17,16.145999908447266,16.486000061035156,16.09000015258789,16.384000778198242,672714
2020-09-18,16.36199951171875,16.402000427246094,15.998000144958496,16.0,952245
2020-09-21,15.699999809265137,15.736000061035156,14.720000267028809,14.815999984741211,2879188
2020-09-22,14.949999809265137,15.013999938964844,14.699999809265137,14.699999809265137,1489300
2020-09-23,14.960000038146973,15.289999961853027,14.87600040435791,14.87600040435791,1067329
2020-09-24,14.539999961853027,14.890000343322754,14.508000373840332,14.630000114440918,962119
2020-09-25,14.503999710083008,14.640000343322754,14.067999839782715,14.444000244140625,1491009
2020-09-28,14.899999618530273,15.1899995803833,14.807999610900879,15.161999702453613,1486609
2020-09-29,15.04800033569336,15.154000282287598,14.916000366210938,15.067999839782715,604318
2020-09-30,14.920000076293945,15.206000328063965,14.789999961853027,14.90999984741211,848684
2020-10-01,15.239999771118164,15.319999694824219,14.899999618530273,15.01200008392334,1405246
2020-10-02,14.64799976348877,15.029999732971191,14.633999824523926,15.029999732971191,1088318
2020-10-05,15.326000213623047,15.350000381469727,15.130000114440918,15.319999694824219,918088
2020-10-06,15.350000381469727,15.649999618530273,15.175999641418457,15.454000473022461,1001269
2020-10-07,15.489999771118164,15.588000297546387,15.279999732971191,15.394000053405762,359669
2020-10-08,15.586000442504883,15.720000267028809,15.350000381469727,15.564000129699707,835094
2020-10-09,15.739999771118164,15.836000442504883,15.604000091552734,15.767999649047852,661453
2020-10-12,15.807999610900879,16.125999450683594,15.776000022888184,16.0,1079544
2020-10-13,15.934000015258789,15.947999954223633,15.65999984741211,15.78600025177002,559581
2020-10-14,15.784000396728516,15.899999618530273,15.670000076293945,15.739999771118164,381062
2020-10-15,15.345999717712402,15.345999717712402,14.907999992370605,15.095999717712402,1741945
2020-10-16,15.47599983215332,15.84000015258789,15.333999633789062,15.711999893188477,1229017
2020-10-19,15.991999626159668,16.06999969482422,15.710000038146973,15.723999977111816,320487
2020-10-20,15.65999984741211,15.907999992370605,15.529999732971191,15.680000305175781,439219
2020-10-21,15.67199993133545,15.680000305175781,15.149999618530273,15.184000015258789,963490
2020-10-22,14.907999992370605,15.303999900817871,14.75,15.175999641418457,868670
2020-10-23,15.218000411987305,15.680000305175781,15.218000411987305,15.526000022888184,787298
2020-10-26,15.140000343322754,15.4399995803833,14.9399995803833,14.944000244140625,947326
2020-10-27,14.857999801635742,14.947999954223633,14.359999656677246,14.418000221252441,1854054
2020-10-28,13.821999549865723,13.829999923706055,13.133999824523926,13.423999786376953,2526736
2020-10-29,13.633999824523926,13.656000137329102,13.095999717712402,13.460000038146973,1453616
2020-10-30,13.229999542236328,13.628000259399414,13.149999618530273,13.59000015258789,965159
2020-11-02,13.595999717712402,14.232000350952148,13.5,14.137999534606934,1157414
2020-11-03,14.4399995803833,14.87399959564209,14.359999656677246,14.831999778747559,1291560
2020-11-04,14.482000350952148,15.564000129699707,14.399999618530273,15.527999877929688,2146578
2020-11-05,15.821999549865723,16.02400016784668,15.666000366210938,15.930000305175781,2257169
2020-11-06,15.87600040435791,16.020000457763672,15.491999626159668,15.789999961853027,914990
2020-11-09,16.18400001525879,18.5,16.18400001525879,18.16200065612793,3481511
2020-11-10,18.309999465942383,18.8799991607666,18.125999450683594,18.736000061035156,1165912
2020-11-11,18.968000411987305,19.06399917602539,18.673999786376953,18.941999435424805,982965
2020-11-12,18.68600082397461,18.75,18.270000457763672,18.360000610351562,580662
2020-11-13,18.277999877929688,18.673999786376953,18.211999893188477,18.474000930786133,301784
2020-11-16,18.833999633789062,19.440000534057617,18.610000610351562,19.125999450683594,1173025
2020-11-17,19.121999740600586,19.209999084472656,18.88800048828125,19.17799949645996,425436
2020-11-18,19.04400062561035,19.445999145507812,18.969999313354492,19.371999740600586,572726
2020-11-19,19.142000198364258,19.229999542236328,18.947999954223633,19.118000030517578,531207
2020-11-20,19.191999435424805,19.459999084472656,19.152000427246094,19.280000686645508,871806
2020-11-23,19.582000732421875,19.70400047302246,19.261999130249023,19.261999130249023,683176
2020-11-24,19.610000610351562,19.81599998474121,19.56599998474121,19.715999603271484,795641
2020-11-25,19.875999450683594,19.926000595092773,19.618000030517578,19.781999588012695,423550
2020-11-26,19.88599967956543,19.88599967956543,19.719999313354492,19.763999938964844,216344
2020-11-27,19.72800064086914,20.100000381469727,19.72800064086914,19.989999771118164,370052
2020-11-30,19.753999710083008,20.010000228881836,19.468000411987305,19.468000411987305,826010
2020-12-01,19.649999618530273,19.940000534057617,19.510000228881836,19.902000427246094,601925
2020-12-02,19.781999588012695,19.902000427246094,19.649999618530273,19.86199951171875,606734
2020-12-03,19.8439998626709,19.8799991607666,19.631999969482422,19.833999633789062,454352
2020-12-04,19.893999099731445,20.1200008392334,19.893999099731445,20.079999923706055,612625
2020-12-07,19.983999252319336,19.983999252319336,19.56599998474121,19.832000732421875,773907
2020-12-08,19.743999481201172,19.8439998626709,19.479999542236328,19.770000457763672,604046
2020-12-09,19.95400047302246,20.049999237060547,19.6560001373291,19.667999267578125,582341
2020-12-10,19.781999588012695,19.841999053955078,19.402000427246094,19.673999786376953,435910
2020-12-11,19.520000457763672,19.54400062561035,19.08799934387207,19.40999984741211,633463
2020-12-14,19.75,19.8700008392334,19.527999877929688,19.527999877929688,386763
2020-12-15,19.538000106811523,19.790000915527344,19.492000579833984,19.559999465942383,242011
2020-12-16,19.742000579833984,19.969999313354492,19.437999725341797,19.667999267578125,490806
2020-12-17,19.922000885009766,19.93000030517578,19.670000076293945,19.68000030517578,370250
2020-12-18,19.61199951171875,19.90999984741211,19.447999954223633,19.469999313354492,543950
2020-12-21,18.559999465942383,18.780000686645508,17.964000701904297,18.583999633789062,1319916
2020-12-22,18.79800033569336,19.15999984741211,18.790000915527344,19.107999801635742,606776
2020-12-23,19.20199966430664,19.591999053955078,19.20199966430664,19.516000747680664,493210
2020-12-24,19.607999801635742,19.65399932861328,19.459999084472656,19.54199981689453,209537
2020-12-28,19.75,20.010000228881836,19.65399932861328,19.926000595092773,841880
2020-12-29,20.049999237060547,20.200000762939453,20.030000686645508,20.104999542236328,338892
2020-12-30,20.09000015258789,20.190000534057617,19.969999313354492,20.010000228881836,156047
2020-12-31,19.799999237060547,20.0,19.718000411987305,19.718000411987305,402553
2021-01-04,20.239999771118164,20.475000381469727,19.84000015258789,19.968000411987305,952925
2021-01-05,19.916000366210938,20.100000381469727,19.57200050354004,19.832000732421875,709396
2021-01-06,20.079999923706055,20.415000915527344,19.729999542236328,20.290000915527344,1208903
2021-01-07,20.5,20.700000762939453,20.280000686645508,20.584999084472656,549446
2021-01-08,20.940000534057617,20.954999923706055,20.6200008392334,20.809999465942383,359898
2021-01-11,20.739999771118164,20.815000534057617,20.270000457763672,20.5049991607666,646702
2021-01-12,20.610000610351562,20.625,20.31999969482422,20.424999237060547,478952
2021-01-13,20.450000762939453,20.6299991607666,20.3799991607666,20.520000457763672,418734
2021-01-14,20.524999618530273,20.719999313354492,20.469999313354492,20.655000686645508,514041
2021-01-15,20.415000915527344,20.485000610351562,19.799999237060547,20.155000686645508,906599
2021-01-18,20.020000457763672,20.204999923706055,19.95400047302246,20.204999923706055,243929
2021-01-19,20.375,20.399999618530273,20.020000457763672,20.065000534057617,304253
2021-01-20,20.1299991607666,20.389999389648438,20.079999923706055,20.270000457763672,193841
2021-01-21,20.5049991607666,20.540000915527344,19.989999771118164,20.010000228881836,341110
2021-01-22,19.88800048828125,19.88800048828125,19.426000595092773,19.75200080871582,534334
2021-01-25,19.856000900268555,19.899999618530273,19.020000457763672,19.176000595092773,624419
2021-01-26,19.172000885009766,19.738000869750977,19.15999984741211,19.513999938964844,415369
2021-01-27,19.40399932861328,19.65999984741211,18.643999099731445,19.059999465942383,812144
2021-01-28,18.700000762939453,19.52400016784668,18.489999771118164,19.40999984741211,594070
2021-01-29,18.841999053955078,19.149999618530273,18.645999908447266,18.645999908447266,506329
2021-02-01,18.920000076293945,19.211999893188477,18.823999404907227,19.077999114990234,307923
2021-02-02,19.417999267578125,19.860000610351562,19.398000717163086,19.761999130249023,379643
2021-02-03,20.1299991607666,20.15999984741211,19.711999893188477,19.780000686645508,530575
2021-02-04,19.84600067138672,20.125,19.81999969482422,20.06999969482422,340389
2021-02-05,20.229999542236328,20.540000915527344,20.229999542236328,20.424999237060547,627879
2021-02-08,20.645000457763672,20.84000015258789,20.559999465942383,20.65999984741211,789044
2021-02-09,20.68000030517578,20.75,20.549999237060547,20.674999237060547,236400
2021-02-10,20.829999923706055,20.844999313354492,20.350000381469727,20.530000686645508,265938
2021-02-11,20.600000381469727,20.645000457763672,20.43000030517578,20.510000228881836,180967
2021-02-12,20.405000686645508,20.770000457763672,20.200000762939453,20.739999771118164,468226
2021-02-15,21.094999313354492,21.459999084472656,21.049999237060547,21.399999618530273,1191826
2021-02-16,21.405000686645508,21.454999923706055,21.2450008392334,21.350000381469727,394091
2021-02-17,21.145000457763672,21.3799991607666,21.1200008392334,21.200000762939453,365203
2021-02-18,21.229999542236328,21.315000534057617,20.889999389648438,20.954999923706055,657401
2021-02-19,21.040000915527344,21.360000610351562,21.0,21.290000915527344,631896
2021-02-22,20.969999313354492,21.299999237060547,20.7450008392334,21.229999542236328,872965
2021-02-23,21.3799991607666,21.5,20.899999618530273,21.30500030517578,1068913
2021-02-24,21.3700008392334,21.489999771118164,21.155000686645508,21.43000030517578,931589
2021-02-25,21.635000228881836,21.700000762939453,21.315000534057617,21.315000534057617,708996
2021-02-26,20.795000076293945,21.219999313354492,20.6299991607666,20.764999389648438,1604153
2021-03-01,21.34000015258789,21.469999313354492,21.200000762939453,21.395000457763672,1451701
2021-03-02,21.325000762939453,21.71500015258789,21.270000457763672,21.514999389648438,396398
2021-03-03,21.760000228881836,21.975000381469727,21.364999771118164,21.665000915527344,307353
2021-03-04,21.575000762939453,21.770000457763672,21.424999237060547,21.670000076293945,427435
2021-03-05,21.405000686645508,21.729999542236328,21.1200008392334,21.325000762939453,1616510
2021-03-08,21.55500030517578,22.280000686645508,21.450000762939453,22.225000381469727,1243825
2021-03-09,22.219999313354492,22.469999313354492,22.139999389648438,22.364999771118164,391240
2021-03-10,22.3700008392334,22.885000228881836,22.309999465942383,22.860000610351562,366627
2021-03-11,23.079999923706055,23.190000534057617,22.920000076293945,23.190000534057617,274015
2021-03-12,23.15999984741211,23.299999237060547,23.079999923706055,23.270000457763672,602686
2021-03-15,23.5049991607666,23.610000610351562,23.084999084472656,23.204999923706055,249205
2021-03-16,23.31999969482422,23.40999984741211,23.21500015258789,23.364999771118164,157318
2021-03-17,23.360000610351562,23.40999984741211,23.229999542236328,23.395000457763672,98068
2021-03-18,23.514999389648438,23.584999084472656,23.299999237060547,23.434999465942383,709284
2021-03-19,23.190000534057617,23.299999237060547,22.81999969482422,22.96500015258789,1015640
2021-03-22,22.579999923706055,22.844999313354492,22.489999771118164,22.704999923706055,267093
2021-03-23,22.469999313354492,22.709999084472656,22.34000015258789,22.53499984741211,292438
2021-03-24,22.145000457763672,22.559999465942383,22.110000610351562,22.524999618530273,338671
2021-03-25,22.34000015258789,22.639999389648438,22.125,22.639999389648438,287475
2021-03-26,22.905000686645508,23.03499984741211,22.704999923706055,22.899999618530273,373725
2021-03-29,23.020000457763672,23.209999084472656,22.899999618530273,23.110000610351562,332532
2021-03-30,23.3700008392334,23.709999084472656,23.31999969482422,23.639999389648438,817065
2021-03-31,23.665000915527344,23.739999771118164,23.46500015258789,23.4950008392334,334450
2021-04-01,23.540000915527344,23.799999237060547,23.469999313354492,23.780000686645508,422702
2021-04-06,24.149999618530273,24.200000762939453,23.954999923706055,23.989999771118164,443061
2021-04-07,23.979999542236328,24.18000030517578,23.905000686645508,24.0049991607666,190617
2021-04-08,24.18000030517578,24.31999969482422,24.114999771118164,24.295000076293945,311536
2021-04-09,24.299999237060547,24.450000762939453,24.225000381469727,24.30500030517578,303203
2021-04-12,24.209999084472656,24.40999984741211,24.165000915527344,24.25,391979
2021-04-13,24.344999313354492,24.489999771118164,24.209999084472656,24.40999984741211,236160
2021-04-14,24.614999771118164,24.68000030517578,24.4950008392334,24.639999389648438,198571
2021-04-15,24.700000762939453,24.899999618530273,24.6200008392334,24.799999237060547,161992
2021-04-16,24.875,25.34000015258789,24.864999771118164,25.239999771118164,432338
2021-04-19,25.315000534057617,25.510000228881836,25.290000915527344,25.34000015258789,336410
2021-04-20,25.2450008392334,25.290000915527344,24.239999771118164,24.309999465942383,546530
2021-04-21,24.520000457763672,24.81999969482422,24.450000762939453,24.709999084472656,308953
2021-04-22,24.885000228881836,25.200000762939453,24.8799991607666,25.139999389648438,358444
2021-04-23,25.094999313354492,25.25,24.834999084472656,25.084999084472656,231421
2021-04-26,24.985000610351562,25.315000534057617,24.924999237060547,25.200000762939453,328137
2021-04-27,25.219999313354492,25.315000534057617,25.09000015258789,25.209999084472656,213379
2021-04-28,25.395000457763672,25.614999771118164,25.309999465942383,25.5049991607666,362349
2021-04-29,25.719999313354492,25.860000610351562,25.329999923706055,25.424999237060547,381928
2021-04-30,25.549999237060547,25.604999542236328,25.170000076293945,25.170000076293945,191386
2021-05-03,25.295000076293945,25.56999969482422,25.045000076293945,25.469999313354492,238148
2021-05-04,25.610000610351562,25.920000076293945,24.969999313354492,25.084999084472656,601489
2021-05-05,25.424999237060547,25.905000686645508,25.40999984741211,25.905000686645508,569126
2021-05-06,26.094999313354492,26.219999313354492,25.7549991607666,26.030000686645508,242609
2021-05-07,26.334999084472656,26.375,26.024999618530273,26.364999771118164,440204
2021-05-10,26.5049991607666,26.540000915527344,26.34000015258789,26.469999313354492,193911
2021-05-11,25.934999465942383,25.934999465942383,25.18000030517578,25.459999084472656,895297
2021-05-12,25.4950008392334,25.774999618530273,25.184999465942383,25.6200008392334,578797
2021-05-13,25.0,25.809999465942383,24.559999465942383,25.68000030517578,1076741
2021-05-14,25.96500015258789,26.469999313354492,25.799999237060547,26.454999923706055,728055
2021-05-17,26.614999771118164,26.725000381469727,26.209999084472656,26.3700008392334,423066
2021-05-18,26.725000381469727,26.780000686645508,26.209999084472656,26.334999084472656,335098
2021-05-19,25.739999771118164,25.94499969482422,24.969999313354492,25.510000228881836,802645
2021-05-20,25.84000015258789,26.190000534057617,25.610000610351562,26.190000534057617,368428
2021-05-21,26.364999771118164,26.670000076293945,26.290000915527344,26.559999465942383,653970
2021-05-24,26.704999923706055,26.815000534057617,26.6200008392334,26.809999465942383,543153
2021-05-25,26.860000610351562,26.954999923706055,26.700000762939453,26.700000762939453,218966
2021-05-26,26.854999542236328,26.915000915527344,26.584999084472656,26.69499969482422,287656
2021-05-27,26.729999542236328,27.350000381469727,26.700000762939453,27.03499984741211,607260
2021-05-28,27.235000610351562,27.610000610351562,27.219999313354492,27.55500030517578,398016
2021-05-31,27.545000076293945,27.635000228881836,27.18000030517578,27.219999313354492,580451
2021-06-01,27.479999542236328,27.850000381469727,27.3700008392334,27.575000762939453,564505
2021-06-02,27.725000381469727,27.8700008392334,27.5049991607666,27.8700008392334,452683
2021-06-03,27.825000762939453,27.854999542236328,27.454999923706055,27.735000610351562,365929
2021-06-04,27.799999237060547,27.844999313354492,27.68000030517578,27.809999465942383,157543
2021-06-07,27.75,28.225000381469727,27.575000762939453,28.104999542236328,721867
2021-06-08,28.1200008392334,28.360000610351562,28.049999237060547,28.165000915527344,243586
2021-06-09,28.225000381469727,28.30500030517578,28.0,28.260000228881836,180452
2021-06-10,28.264999389648438,28.309999465942383,27.934999465942383,28.079999923706055,478587
2021-06-11,28.165000915527344,28.6200008392334,28.165000915527344,28.579999923706055,353447
2021-06-14,28.875,29.0,28.549999237060547,28.704999923706055,283395
2021-06-15,28.934999465942383,29.084999084472656,28.93000030517578,28.950000762939453,93261
2021-06-16,29.1299991607666,29.1299991607666,28.889999389648438,29.040000915527344,175129
2021-06-17,28.520000457763672,29.239999771118164,28.5,29.18000030517578,345054
2021-06-18,29.174999237060547,29.360000610351562,28.239999771118164,28.350000381469727,498635
2021-06-21,27.920000076293945,28.670000076293945,27.829999923706055,28.614999771118164,476071
2021-06-22,28.655000686645508,28.790000915527344,28.450000762939453,28.725000381469727,259654
2021-06-23,28.7549991607666,28.795000076293945,28.170000076293945,28.170000076293945,212950
2021-06-24,28.4950008392334,29.010000228881836,28.459999084472656,28.954999923706055,471231
2021-06-25,28.985000610351562,29.030000686645508,28.704999923706055,28.875,228283
2021-06-28,28.790000915527344,28.959999084472656,28.290000915527344,28.295000076293945,373732
2021-06-29,28.469999313354492,28.670000076293945,28.389999389648438,28.389999389648438,74371
2021-06-30,28.424999237060547,28.44499969482422,27.56999969482422,27.8799991607666,299034
2021-07-01,28.325000762939453,28.559999465942383,27.81999969482422,28.260000228881836,334165
2021-07-02,28.290000915527344,28.5049991607666,28.1299991607666,28.264999389648438,117824
2021-07-05,28.170000076293945,28.510000228881836,27.959999084472656,28.385000228881836,135846
2021-07-06,28.135000228881836,28.31999969482422,27.639999389648438,27.864999771118164,299051
2021-07-07,28.040000915527344,28.229999542236328,27.799999237060547,28.03499984741211,244884
2021-07-08,27.5049991607666,27.520000457763672,26.489999771118164,26.8700008392334,1099486
2021-07-09,27.264999389648438,28.059999465942383,27.264999389648438,28.020000457763672,387102
2021-07-12,27.959999084472656,28.360000610351562,27.594999313354492,28.280000686645508,501647
2021-07-13,28.2549991607666,28.329999923706055,28.09000015258789,28.239999771118164,191551
2021-07-14,28.110000610351562,28.329999923706055,28.049999237060547,28.274999618530273,175079
2021-07-15,28.079999923706055,28.219999313354492,27.530000686645508,27.729999542236328,522050
2021-07-16,27.799999237060547,28.0,27.094999313354492,27.434999465942383,376920
2021-07-19,26.8799991607666,26.8799991607666,25.68000030517578,26.03499984741211,781420
2021-07-20,26.485000610351562,26.78499984741211,26.09000015258789,26.5,510252
2021-07-21,26.885000228881836,27.5,26.780000686645508,27.454999923706055,350218
2021-07-22,27.69499969482422,27.950000762939453,27.524999618530273,27.579999923706055,225562
2021-07-23,27.899999618530273,28.3700008392334,27.860000610351562,28.31999969482422,580494
2021-07-26,28.114999771118164,28.485000610351562,27.875,28.389999389648438,374924
2021-07-27,28.21500015258789,28.389999389648438,27.8799991607666,27.989999771118164,345174
2021-07-28,28.114999771118164,28.649999618530273,27.979999542236328,28.649999618530273,348280
2021-07-29,29.030000686645508,29.19499969482422,28.885000228881836,28.885000228881836,457837
2021-07-30,28.65999984741211,28.9950008392334,28.540000915527344,28.670000076293945,244887
2021-08-02,29.170000076293945,29.3700008392334,28.93000030517578,29.225000381469727,469272
2021-08-03,29.395000457763672,29.895000457763672,29.350000381469727,29.665000915527344,495425
2021-08-04,29.920000076293945,30.045000076293945,29.725000381469727,29.844999313354492,361255
2021-08-05,29.93000030517578,30.239999771118164,29.924999237060547,30.19499969482422,178215
2021-08-06,30.139999389648438,30.639999389648438,30.040000915527344,30.459999084472656,187722
2021-08-09,30.579999923706055,30.635000228881836,30.399999618530273,30.43000030517578,161606
2021-08-10,30.55500030517578,30.639999389648438,30.450000762939453,30.549999237060547,68342
2021-08-11,30.690000534057617,30.920000076293945,30.540000915527344,30.844999313354492,280273
2021-08-12,30.8700008392334,31.155000686645508,30.850000381469727,31.104999542236328,117891
2021-08-13,31.174999237060547,31.364999771118164,31.110000610351562,31.204999923706055,175333
2021-08-16,30.700000762939453,30.920000076293945,30.4950008392334,30.665000915527344,364034
2021-08-17,30.399999618530273,30.594999313354492,30.235000610351562,30.514999389648438,180042
2021-08-18,30.614999771118164,30.614999771118164,29.979999542236328,30.084999084472656,381130
2021-08-19,28.989999771118164,29.049999237060547,28.219999313354492,28.614999771118164,1793077
2021-08-20,28.674999237060547,28.84000015258789,28.274999618530273,28.815000534057617,621747
2021-08-23,29.329999923706055,29.405000686645508,29.06999969482422,29.31999969482422,393550
2021-08-24,29.540000915527344,29.579999923706055,28.850000381469727,29.114999771118164,244944
2021-08-25,29.2450008392334,29.28499984741211,29.139999389648438,29.2450008392334,112835
2021-08-26,28.920000076293945,29.200000762939453,28.729999542236328,29.135000228881836,118539
2021-08-27,28.954999923706055,29.2549991607666,28.94499969482422,29.25,91886
2021-08-30,29.270000457763672,29.420000076293945,29.209999084472656,29.329999923706055,128522
2021-08-31,29.360000610351562,29.5,28.989999771118164,29.239999771118164,439825
2021-09-01,29.739999771118164,30.239999771118164,29.690000534057617,29.94499969482422,750979
2021-09-02,29.93000030517578,30.1200008392334,29.920000076293945,29.96500015258789,92259
2021-09-03,29.81999969482422,29.889999389648438,29.145000457763672,29.364999771118164,396774
2021-09-06,29.475000381469727,29.924999237060547,29.475000381469727,29.80500030517578,220295
2021-09-07,29.719999313354492,29.834999084472656,29.594999313354492,29.645000457763672,103810
2021-09-08,29.125,29.520000457763672,28.790000915527344,29.1200008392334,376996
2021-09-09,28.684999465942383,29.489999771118164,28.575000762939453,29.25,553386
2021-09-10,29.479999542236328,29.600000381469727,28.989999771118164,29.09000015258789,174018
2021-09-13,29.399999618530273,29.600000381469727,29.18000030517578,29.200000762939453,148572
2021-09-14,29.049999237060547,29.200000762939453,28.649999618530273,28.985000610351562,231677
2021-09-15,28.94499969482422,29.014999389648438,28.34000015258789,28.40999984741211,332424
2021-09-16,28.770000457763672,29.079999923706055,28.690000534057617,28.729999542236328,328449
2021-09-17,29.225000381469727,29.360000610351562,28.100000381469727,28.280000686645508,461597
2021-09-20,27.3700008392334,27.40999984741211,26.725000381469727,27.299999237060547,793506
2021-09-21,27.649999618530273,28.299999237060547,27.649999618530273,28.184999465942383,318314
2021-09-22,28.7450008392334,28.94499969482422,28.55500030517578,28.885000228881836,280083
2021-09-23,29.30500030517578,29.614999771118164,29.155000686645508,29.454999923706055,858046
2021-09-24,29.110000610351562,29.155000686645508,28.780000686645508,28.899999618530273,259983
2021-09-27,29.295000076293945,29.329999923706055,28.979999542236328,28.989999771118164,168749
2021-09-28,28.920000076293945,29.0049991607666,27.68000030517578,27.80500030517578,607879
2021-09-29,28.06999969482422,28.530000686645508,28.059999465942383,28.260000228881836,353783
2021-09-30,28.700000762939453,28.739999771118164,27.84000015258789,27.899999618530273,194100
2021-10-01,27.100000381469727,28.065000534057617,26.985000610351562,27.850000381469727,754178
2021-10-04,27.55500030517578,28.100000381469727,27.334999084472656,27.545000076293945,451102
2021-10-05,27.635000228881836,28.40999984741211,27.635000228881836,28.399999618530273,287871
2021-10-06,27.7450008392334,27.790000915527344,27.075000762939453,27.690000534057617,903398
2021-10-07,28.364999771118164,28.729999542236328,28.1299991607666,28.594999313354492,557981
2021-10-08,28.674999237060547,28.7549991607666,28.229999542236328,28.229999542236328,213866
2021-10-11,28.1200008392334,28.360000610351562,27.934999465942383,28.325000762939453,201797
2021-10-12,27.68000030517578,28.139999389648438,27.65999984741211,28.139999389648438,244419
2021-10-13,27.950000762939453,28.639999389648438,27.81999969482422,28.545000076293945,353873
2021-10-14,28.829999923706055,29.395000457763672,28.764999389648438,29.31999969482422,373513
2021-10-15,29.5049991607666,29.850000381469727,29.489999771118164,29.684999465942383,357290
2021-10-18,29.334999084472656,29.360000610351562,28.94499969482422,29.229999542236328,336253
2021-10-19,29.30500030517578,29.325000762939453,29.030000686645508,29.204999923706055,159236
2021-10-20,29.06999969482422,29.594999313354492,29.045000076293945,29.520000457763672,120547
2021-10-21,29.149999618530273,29.440000534057617,29.139999389648438,29.354999542236328,157129
2021-10-22,29.639999389648438,30.030000686645508,29.610000610351562,29.760000228881836,344494
2021-10-25,29.7549991607666,29.764999389648438,29.53499984741211,29.559999465942383,123449
2021-10-26,29.690000534057617,30.110000610351562,29.56999969482422,30.03499984741211,172919
2021-10-27,30.059999465942383,30.059999465942383,29.739999771118164,29.90999984741211,165533
2021-10-28,29.959999084472656,30.360000610351562,29.90999984741211,30.360000610351562,430572
2021-10-29,30.020000457763672,30.579999923706055,29.885000228881836,30.579999923706055,483787
2021-11-01,30.899999618530273,31.299999237060547,30.8700008392334,31.15999984741211,175080
2021-11-02,31.079999923706055,31.514999389648438,31.079999923706055,31.450000762939453,146555
2021-11-03,31.4950008392334,31.719999313354492,31.385000228881836,31.700000762939453,102939
2021-11-04,31.934999465942383,32.07500076293945,31.78499984741211,32.02000045776367,475390
2021-11-05,32.09000015258789,32.71500015258789,32.09000015258789,32.5,515573
2021-11-08,32.56999969482422,32.755001068115234,32.47999954223633,32.56999969482422,161086
2021-11-09,32.32500076293945,32.849998474121094,32.29999923706055,32.5099983215332,194338
2021-11-10,32.599998474121094,32.60499954223633,32.27000045776367,32.55500030517578,310894
2021-11-11,32.474998474121094,32.79999923706055,32.43000030517578,32.665000915527344,431768
2021-11-12,32.85499954223633,33.01499938964844,32.665000915527344,33.01499938964844,228698
2021-11-15,33.09000015258789,33.38999938964844,32.959999084472656,33.33000183105469,204752
2021-11-16,33.560001373291016,33.68000030517578,33.41999816894531,33.59000015258789,126385
2021-11-17,33.595001220703125,33.720001220703125,33.529998779296875,33.6150016784668,187793
2021-11-18,33.59000015258789,33.83000183105469,33.42499923706055,33.459999084472656,127057
2021-11-19,33.78499984741211,33.85499954223633,32.779998779296875,33.189998626708984,502622
2021-11-22,33.3849983215332,33.470001220703125,32.97999954223633,33.14500045776367,324438
2021-11-23,32.630001068115234,33.20000076293945,32.18000030517578,32.57500076293945,328154
2021-11-24,32.78499984741211,33.005001068115234,32.0099983215332,32.560001373291016,122358
2021-11-25,32.869998931884766,32.88999938964844,32.59000015258789,32.85499954223633,74127
2021-11-26,30.229999542236328,30.864999771118164,29.610000610351562,29.65999984741211,1309184
2021-11-29,30.489999771118164,30.635000228881836,29.934999465942383,30.084999084472656,682121
2021-11-30,29.40999984741211,30.149999618530273,29.030000686645508,29.579999923706055,855786
2021-12-01,30.18000030517578,31.204999923706055,29.8700008392334,31.040000915527344,421876
2021-12-02,30.295000076293945,30.725000381469727,29.940000534057617,30.260000228881836,690149
2021-12-03,30.809999465942383,30.860000610351562,29.65999984741211,29.950000762939453,976381
2021-12-06,30.354999542236328,31.059999465942383,30.06999969482422,30.889999389648438,518740
2021-12-07,31.635000228881836,32.65999984741211,31.530000686645508,32.630001068115234,541695
2021-12-08,32.78499984741211,33.0099983215332,32.189998626708984,32.20000076293945,531256
2021-12-09,32.345001220703125,32.46500015258789,31.90999984741211,32.1349983215332,271839
2021-12-10,31.854999542236328,32.30500030517578,31.739999771118164,31.959999084472656,350175
2021-12-13,32.005001068115234,32.334999084472656,31.40999984741211,31.575000762939453,301144
2021-12-14,31.899999618530273,32.02000045776367,31.079999923706055,31.1200008392334,377624
2021-12-15,31.44499969482422,31.610000610351562,31.229999542236328,31.415000915527344,81386
2021-12-16,32.349998474121094,32.540000915527344,31.969999313354492,32.154998779296875,702734
2021-12-17,31.959999084472656,32.189998626708984,31.020000457763672,31.40999984741211,504332
2021-12-20,30.1200008392334,30.920000076293945,29.774999618530273,30.895000457763672,445417
2021-12-21,31.46500015258789,31.760000228881836,31.040000915527344,31.719999313354492,232472
2021-12-22,31.889999389648438,32.4900016784668,31.71500015258789,32.4900016784668,235660
2021-12-23,32.70000076293945,33.150001525878906,32.505001068115234,33.01499938964844,402765
2021-12-24,32.97999954223633,33.099998474121094,32.849998474121094,32.92499923706055,31956
2021-12-27,32.61000061035156,33.400001525878906,32.60499954223633,33.314998626708984,98860
2021-12-28,33.3849983215332,33.7599983215332,33.3849983215332,33.689998626708984,142082
2021-12-29,33.654998779296875,33.900001525878906,33.29999923706055,33.51499938964844,117641
2021-12-30,33.564998626708984,33.810001373291016,33.5,33.63999938964844,68016
2021-12-31,33.5,33.54999923706055,33.33000183105469,33.46500015258789,52311
2022-01-03,34.0,34.38999938964844,33.959999084472656,34.150001525878906,318194
2022-01-04,34.54499816894531,35.21500015258789,34.45000076293945,35.040000915527344,309288
2022-01-05,35.10499954223633,35.70500183105469,35.029998779296875,35.60499954223633,241850
2022-01-06,34.8650016784668,35.060001373291016,34.31999969482422,34.42499923706055,716955
2022-01-07,34.369998931884766,34.595001220703125,33.7400016784668,34.095001220703125,439613
2022-01-10,34.290000915527344,34.29999923706055,33.04999923706055,33.17499923706055,553721
2022-01-11,33.900001525878906,34.19499969482422,33.54999923706055,33.76499938964844,391825
2022-01-12,34.23500061035156,34.40999984741211,33.779998779296875,34.28499984741211,344551
2022-01-13,34.029998779296875,34.220001220703125,33.630001068115234,33.959999084472656,226844
2022-01-14,33.275001525878906,33.68000030517578,33.20000076293945,33.45500183105469,303710
2022-01-17,33.64500045776367,34.06999969482422,33.45500183105469,33.970001220703125,149953
2022-01-18,33.595001220703125,33.63999938964844,32.98500061035156,33.310001373291016,317362
2022-01-19,33.154998779296875,34.040000915527344,33.154998779296875,33.650001525878906,230954
2022-01-20,33.77000045776367,33.92499923706055,33.220001220703125,33.875,263728
2022-01-21,33.03499984741211,33.185001373291016,32.16999816894531,32.709999084472656,756314
2022-01-24,32.31999969482422,32.71500015258789,29.80500030517578,30.114999771118164,1008450
2022-01-25,30.725000381469727,31.03499984741211,30.024999618530273,30.584999084472656,636579
2022-01-26,31.264999389648438,32.20000076293945,31.204999923706055,31.834999084472656,624761
2022-01-27,30.989999771118164,32.474998474121094,30.924999237060547,32.209999084472656,647554
2022-01-28,32.28499984741211,32.28499984741211,30.575000762939453,31.655000686645508,682586
2022-01-31,32.09000015258789,32.380001068115234,31.415000915527344,32.0,595431
2022-02-01,32.5,32.939998626708984,32.29999923706055,32.875,611379
2022-02-02,33.095001220703125,33.369998931884766,32.97999954223633,33.064998626708984,396022
2022-02-03,33.095001220703125,33.130001068115234,31.934999465942383,32.0,861353
2022-02-04,32.44499969482422,32.595001220703125,31.229999542236328,31.53499984741211,966308
2022-02-07,31.924999237060547,32.20000076293945,31.34000015258789,32.08000183105469,315828
2022-02-08,32.119998931884766,32.755001068115234,31.93000030517578,32.21500015258789,511616
2022-02-09,32.86000061035156,33.29999923706055,32.77000045776367,33.165000915527344,492947
2022-02-10,33.369998931884766,33.529998779296875,32.43000030517578,32.8849983215332,392747
2022-02-11,32.345001220703125,32.6150016784668,31.875,32.07500076293945,462613
2022-02-14,30.600000381469727,30.834999084472656,29.739999771118164,30.530000686645508,1460637
2022-02-15,30.649999618530273,31.770000457763672,30.579999923706055,31.75,713651
2022-02-16,31.920000076293945,32.2400016784668,31.30500030517578,31.610000610351562,698938
2022-02-17,32.0,32.09000015258789,31.079999923706055,31.40999984741211,561833
2022-02-18,31.5,31.885000228881836,30.950000762939453,31.290000915527344,663334
2022-02-21,31.655000686645508,31.78499984741211,29.6200008392334,30.024999618530273,784500
2022-02-22,28.940000534057617,30.420000076293945,28.780000686645508,30.0,1016548
2022-02-23,30.315000534057617,31.049999237060547,29.81999969482422,29.940000534057617,637138
2022-02-24,27.520000457763672,28.549999237060547,26.8799991607666,27.68000030517578,2010402
2022-02-25,28.235000610351562,29.709999084472656,27.65999984741211,29.639999389648438,1177580
2022-02-28,28.540000915527344,29.020000457763672,27.540000915527344,28.770000457763672,1623851
2022-03-01,28.764999389648438,28.81999969482422,26.575000762939453,26.575000762939453,2825092
2022-03-02,26.149999618530273,27.770000457763672,25.81999969482422,27.420000076293945,1025702
2022-03-03,27.56999969482422,27.75,26.200000762939453,26.424999237060547,1280797
2022-03-04,25.600000381469727,25.809999465942383,23.795000076293945,23.795000076293945,3591362
2022-03-07,21.8700008392334,24.170000076293945,21.34000015258789,23.165000915527344,1734237
2022-03-08,23.049999237060547,24.579999923706055,22.75,22.93000030517578,1619729
2022-03-09,24.239999771118164,26.1299991607666,24.15999984741211,26.1299991607666,1382515
2022-03-10,25.80500030517578,25.950000762939453,24.424999237060547,24.774999618530273,1007836
2022-03-11,24.979999542236328,26.844999313354492,24.3799991607666,25.219999313354492,553185
2022-03-14,25.295000076293945,26.459999084472656,25.28499984741211,26.079999923706055,2820244
2022-03-15,25.375,26.190000534057617,24.719999313354492,25.895000457763672,2039815
2022-03-16,27.079999923706055,28.579999923706055,26.954999923706055,27.834999084472656,1963305
2022-03-17,28.200000762939453,28.229999542236328,27.399999618530273,28.045000076293945,694788
2022-03-18,27.899999618530273,28.06999969482422,27.075000762939453,28.06999969482422,2161407
2022-03-21,28.079999923706055,28.31999969482422,27.700000762939453,27.799999237060547,1652739
2022-03-22,27.885000228881836,28.55500030517578,27.844999313354492,28.479999542236328,552463
2022-03-23,28.450000762939453,28.719999313354492,27.6299991607666,27.829999923706055,860966
2022-03-24,28.0049991607666,28.315000534057617,27.5,27.649999618530273,1016078
2022-03-25,27.75,28.1299991607666,27.479999542236328,27.614999771118164,1732736
2022-03-28,27.9950008392334,28.684999465942383,27.825000762939453,27.915000915527344,556983
2022-03-29,28.610000610351562,29.940000534057617,28.479999542236328,29.655000686645508,1782878
2022-03-30,29.295000076293945,29.434999465942383,28.864999771118164,29.145000457763672,463101
2022-03-31,29.28499984741211,29.479999542236328,28.440000534057617,28.450000762939453,604879
2022-04-01,28.44499969482422,28.875,28.229999542236328,28.674999237060547,584147
2022-04-04,28.885000228881836,29.200000762939453,28.28499984741211,29.079999923706055,488029
2022-04-05,29.03499984741211,29.15999984741211,27.959999084472656,28.31999969482422,1238690
2022-04-06,28.084999084472656,28.325000762939453,26.610000610351562,27.06999969482422,974819
2022-04-07,27.360000610351562,27.799999237060547,26.68000030517578,26.774999618530273,444225
2022-04-08,27.434999465942383,27.770000457763672,27.040000915527344,27.469999313354492,325391
2022-04-11,27.514999389648438,28.040000915527344,27.09000015258789,27.549999237060547,352876
2022-04-12,26.594999313354492,27.69499969482422,26.450000762939453,27.385000228881836,522361
2022-04-13,27.31999969482422,27.645000457763672,26.899999618530273,27.440000534057617,796139
2022-04-14,27.65999984741211,28.0,27.44499969482422,27.844999313354492,810106
2022-04-19,27.594999313354492,27.739999771118164,27.139999389648438,27.489999771118164,1423738
2022-04-20,27.594999313354492,28.34000015258789,27.594999313354492,28.25,390777
2022-04-21,28.459999084472656,29.3799991607666,28.440000534057617,29.024999618530273,791709
2022-04-22,28.174999237060547,28.46500015258789,27.764999389648438,27.850000381469727,868607
2022-04-25,26.889999389648438,27.344999313354492,26.459999084472656,26.799999237060547,2253354
2022-04-26,27.260000228881836,27.649999618530273,26.6200008392334,26.649999618530273,1818464
2022-04-27,26.704999923706055,27.190000534057617,26.040000915527344,26.915000915527344,880587
2022-04-28,27.5,28.024999618530273,26.850000381469727,27.440000534057617,705459
2022-04-29,27.80500030517578,28.229999542236328,27.485000610351562,27.684999465942383,2028136
2022-05-02,27.125,27.170000076293945,25.899999618530273,26.7450008392334,984456
2022-05-03,26.920000076293945,27.459999084472656,26.780000686645508,27.200000762939453,598341
2022-05-04,27.290000915527344,27.360000610351562,26.545000076293945,26.545000076293945,228762
2022-05-05,27.825000762939453,27.8700008392334,26.149999618530273,26.334999084472656,622215
2022-05-06,26.1200008392334,26.200000762939453,25.270000457763672,25.655000686645508,777312
2022-05-09,25.450000762939453,25.670000076293945,24.274999618530273,24.274999618530273,688409
2022-05-10,24.719999313354492,25.25,24.524999618530273,24.524999618530273,571390
2022-05-11,25.020000457763672,25.7450008392334,24.670000076293945,25.7450008392334,754881
2022-05-12,24.719999313354492,25.4950008392334,24.34000015258789,25.174999237060547,2790314
2022-05-13,25.565000534057617,26.530000686645508,25.5049991607666,26.530000686645508,985265
2022-05-16,26.225000381469727,26.600000381469727,25.93000030517578,26.43000030517578,250990
2022-05-17,26.93000030517578,27.375,26.735000610351562,27.21500015258789,321396
2022-05-18,27.270000457763672,27.40999984741211,26.469999313354492,26.53499984741211,656014
2022-05-19,25.959999084472656,26.049999237060547,25.235000610351562,25.90999984741211,1011982
2022-05-20,26.059999465942383,26.75,25.84000015258789,25.9950008392334,962429
2022-05-23,26.5049991607666,26.725000381469727,25.959999084472656,26.725000381469727,1022463
2022-05-24,26.165000915527344,26.43000030517578,25.774999618530273,25.854999542236328,531555
2022-05-25,26.19499969482422,26.459999084472656,25.71500015258789,26.290000915527344,303360
2022-05-26,26.329999923706055,27.334999084472656,26.299999237060547,27.190000534057617,326859
2022-05-27,27.584999084472656,28.139999389648438,27.34000015258789,28.1299991607666,391975
2022-05-30,28.575000762939453,28.780000686645508,28.389999389648438,28.635000228881836,819176
2022-05-31,28.395000457763672,28.420000076293945,27.709999084472656,27.790000915527344,440643
2022-06-01,28.1200008392334,28.15999984741211,27.334999084472656,27.405000686645508,642000
2022-06-02,27.704999923706055,28.1299991607666,27.690000534057617,28.079999923706055,154070
2022-06-03,28.405000686645508,28.43000030517578,27.850000381469727,27.924999237060547,234245
2022-06-06,28.510000228881836,28.899999618530273,28.459999084472656,28.625,190316
2022-06-07,28.299999237060547,28.344999313354492,27.799999237060547,28.094999313354492,1204352
2022-06-08,28.18000030517578,28.18000030517578,27.40999984741211,27.68000030517578,790473
2022-06-09,27.43000030517578,27.729999542236328,26.799999237060547,26.920000076293945,516559
2022-06-10,26.565000534057617,26.600000381469727,25.399999618530273,25.479999542236328,594735
2022-06-13,24.825000762939453,24.975000381469727,23.985000610351562,24.1299991607666,465010
2022-06-14,24.44499969482422,24.524999618530273,23.420000076293945,23.545000076293945,463783
2022-06-15,24.145000457763672,24.424999237060547,23.700000762939453,24.209999084472656,485055
2022-06-16,24.05500030517578,24.06999969482422,22.899999618530273,23.0,595974
2022-06-17,23.084999084472656,23.69499969482422,22.875,23.010000228881836,559594
2022-06-20,23.094999313354492,23.270000457763672,22.770000457763672,23.270000457763672,257019
2022-06-21,23.6299991607666,24.225000381469727,23.59000015258789,23.674999237060547,1752079
2022-06-22,22.645000457763672,23.459999084472656,22.645000457763672,23.299999237060547,636753
2022-06-23,23.100000381469727,23.614999771118164,22.6200008392334,23.045000076293945,1139765
2022-06-24,23.309999465942383,24.6200008392334,23.274999618530273,24.530000686645508,569719
2022-06-27,24.889999389648438,25.204999923706055,24.155000686645508,24.344999313354492,956538
2022-06-28,24.829999923706055,25.065000534057617,24.604999542236328,24.665000915527344,1111435
2022-06-29,24.28499984741211,24.5049991607666,23.875,24.174999237060547,578661
2022-06-30,23.260000228881836,23.389999389648438,22.75,23.309999465942383,654617
2022-07-01,22.885000228881836,23.71500015258789,22.84000015258789,23.354999542236328,386267
2022-07-04,23.760000228881836,23.96500015258789,23.510000228881836,23.600000381469727,1332642
2022-07-05,23.735000610351562,23.75,22.280000686645508,22.34000015258789,593661
2022-07-06,23.0049991607666,23.389999389648438,22.739999771118164,23.28499984741211,508246
2022-07-07,23.795000076293945,24.139999389648438,23.700000762939453,23.989999771118164,1082795
2022-07-08,23.954999923706055,24.364999771118164,23.565000534057617,24.209999084472656,840484
2022-07-11,23.3799991607666,23.979999542236328,23.315000534057617,23.915000915527344,1315668
2022-07-12,23.69499969482422,24.3700008392334,23.399999618530273,24.290000915527344,341833
2022-07-13,24.100000381469727,24.149999618530273,23.31999969482422,23.90999984741211,1456297
2022-07-14,23.774999618530273,23.920000076293945,22.950000762939453,23.260000228881836,1483454
2022-07-15,23.295000076293945,24.274999618530273,23.149999618530273,24.21500015258789,442237
2022-07-18,24.3700008392334,25.0049991607666,24.3700008392334,24.649999618530273,1512422
2022-07-19,24.459999084472656,25.649999618530273,24.149999618530273,25.55500030517578,1431022
2022-07-20,25.7549991607666,25.93000030517578,25.145000457763672,25.405000686645508,414045
2022-07-21,25.325000762939453,25.84000015258789,25.100000381469727,25.55500030517578,1243819
2022-07-22,25.3700008392334,25.93000030517578,25.31999969482422,25.665000915527344,816886
2022-07-25,25.549999237060547,26.020000457763672,25.3799991607666,25.84000015258789,510085
2022-07-26,25.729999542236328,25.90999984741211,25.5,25.635000228881836,260757
2022-07-27,25.604999542236328,26.100000381469727,25.549999237060547,26.030000686645508,335625
2022-07-28,26.299999237060547,26.674999237060547,25.829999923706055,26.674999237060547,627374
2022-07-29,27.2450008392334,27.81999969482422,27.235000610351562,27.649999618530273,676781
2022-08-01,27.584999084472656,27.905000686645508,27.485000610351562,27.5049991607666,460013
2022-08-02,27.295000076293945,27.454999923706055,27.040000915527344,27.2549991607666,493053
2022-08-03,27.204999923706055,27.844999313354492,27.174999237060547,27.81999969482422,516986
2022-08-04,27.950000762939453,28.530000686645508,27.950000762939453,28.15999984741211,566177
2022-08-05,28.09000015258789,28.229999542236328,27.6200008392334,27.80500030517578,391010
2022-08-08,28.190000534057617,28.600000381469727,28.05500030517578,28.280000686645508,362941
2022-08-09,28.149999618530273,28.290000915527344,27.860000610351562,27.934999465942383,301411
2022-08-10,27.790000915527344,28.424999237060547,27.649999618530273,28.264999389648438,611115
2022-08-11,28.53499984741211,28.56999969482422,28.059999465942383,28.385000228881836,343933
2022-08-12,28.4950008392334,28.780000686645508,28.375,28.5,332904
2022-08-15,28.774999618530273,28.790000915527344,28.329999923706055,28.6299991607666,642262
2022-08-16,28.780000686645508,28.985000610351562,28.6200008392334,28.850000381469727,614050
2022-08-17,28.90999984741211,28.940000534057617,28.200000762939453,28.209999084472656,910119
2022-08-18,28.219999313354492,28.68000030517578,28.184999465942383,28.5049991607666,572294
2022-08-19,28.274999618530273,28.434999465942383,27.920000076293945,27.96500015258789,305097
2022-08-22,27.600000381469727,27.68000030517578,26.770000457763672,26.950000762939453,601594
2022-08-23,26.725000381469727,27.174999237060547,26.670000076293945,26.80500030517578,312443
2022-08-24,26.71500015258789,27.1200008392334,26.469999313354492,27.065000534057617,184396
2022-08-25,27.405000686645508,27.5,26.84000015258789,27.014999389648438,359426
2022-08-26,27.264999389648438,27.399999618530273,25.905000686645508,26.100000381469727,436416
2022-08-29,25.604999542236328,25.7549991607666,25.079999923706055,25.674999237060547,712540
2022-08-30,25.8700008392334,26.334999084472656,25.350000381469727,25.540000915527344,290206
2022-08-31,25.635000228881836,25.700000762939453,24.8700008392334,24.8700008392334,630262
2022-09-01,24.40999984741211,24.40999984741211,23.915000915527344,24.1200008392334,857338
2022-09-02,24.31999969482422,25.270000457763672,24.2450008392334,25.209999084472656,435219
2022-09-05,24.264999389648438,24.670000076293945,23.959999084472656,24.575000762939453,312850
2022-09-06,24.649999618530273,24.920000076293945,24.280000686645508,24.649999618530273,350550
2022-09-07,24.290000915527344,24.770000457763672,24.190000534057617,24.670000076293945,329140
2022-09-08,24.889999389648438,24.985000610351562,24.100000381469727,24.815000534057617,335227
2022-09-09,24.979999542236328,25.760000228881836,24.979999542236328,25.540000915527344,587218
2022-09-12,25.795000076293945,26.68000030517578,25.649999618530273,26.530000686645508,724354
2022-09-13,26.780000686645508,27.045000076293945,25.78499984741211,25.78499984741211,726020
2022-09-14,25.604999542236328,25.829999923706055,25.260000228881836,25.604999542236328,336164
2022-09-15,25.610000610351562,25.809999465942383,24.959999084472656,25.094999313354492,241391
2022-09-16,24.610000610351562,24.719999313354492,24.219999313354492,24.43000030517578,299314
2022-09-19,23.940000534057617,24.545000076293945,23.56999969482422,24.309999465942383,671893
2022-09-20,24.540000915527344,24.7450008392334,23.545000076293945,23.610000610351562,523894
2022-09-21,23.270000457763672,24.125,23.170000076293945,24.100000381469727,578747
2022-09-22,23.290000915527344,24.030000686645508,23.184999465942383,23.204999923706055,398102
2022-09-23,23.049999237060547,23.155000686645508,21.9950008392334,22.1299991607666,1762254
2022-09-26,22.05500030517578,22.479999542236328,21.770000457763672,22.020000457763672,598046
2022-09-27,22.315000534057617,22.665000915527344,21.920000076293945,21.920000076293945,988382
2022-09-28,21.670000076293945,22.049999237060547,21.104999542236328,22.0,1052808
2022-09-29,21.610000610351562,21.6200008392334,20.93000030517578,21.309999465942383,1413609
2022-09-30,21.545000076293945,22.010000228881836,21.3799991607666,21.969999313354492,1066871
2022-10-03,21.424999237060547,22.264999389648438,21.110000610351562,22.209999084472656,715709
2022-10-04,22.7450008392334,24.024999618530273,22.725000381469727,24.020000457763672,1465747
2022-10-05,23.799999237060547,24.030000686645508,23.364999771118164,23.645000457763672,963529
2022-10-06,23.78499984741211,23.905000686645508,23.079999923706055,23.2450008392334,549439
2022-10-07,23.229999542236328,23.399999618530273,22.59000015258789,22.704999923706055,730252
2022-10-10,22.434999465942383,22.825000762939453,22.149999618530273,22.4950008392334,541117
2022-10-11,22.145000457763672,22.575000762939453,21.950000762939453,22.43000030517578,1893964
2022-10-12,22.469999313354492,22.729999542236328,22.084999084472656,22.309999465942383,438847
2022-10-13,22.03499984741211,22.905000686645508,21.440000534057617,22.764999389648438,1725933
2022-10-14,23.485000610351562,24.059999465942383,23.100000381469727,23.190000534057617,1360665
2022-10-17,23.40999984741211,24.2450008392334,23.030000686645508,24.03499984741211,499978
2022-10-18,24.415000915527344,24.81999969482422,24.15999984741211,24.239999771118164,1967199
2022-10-19,24.360000610351562,24.575000762939453,24.03499984741211,24.040000915527344,936795
2022-10-20,24.125,24.530000686645508,23.940000534057617,24.375,351412
2022-10-21,23.799999237060547,24.145000457763672,23.350000381469727,23.985000610351562,1432194
2022-10-24,24.485000610351562,25.110000610351562,24.03499984741211,24.735000610351562,1705640
2022-10-25,25.03499984741211,25.71500015258789,24.780000686645508,25.690000534057617,560493
2022-10-26,25.655000686645508,25.969999313354492,25.440000534057617,25.940000534057617,1151184
2022-10-27,25.655000686645508,25.8799991607666,25.2450008392334,25.665000915527344,598370
2022-10-28,25.299999237060547,25.924999237060547,25.135000228881836,25.875,663133
2022-10-31,25.739999771118164,26.049999237060547,25.6299991607666,25.81999969482422,419357
2022-11-01,26.59000015258789,26.774999618530273,26.145000457763672,26.31999969482422,932786
2022-11-02,26.610000610351562,26.729999542236328,25.8700008392334,25.889999389648438,356180
2022-11-03,25.440000534057617,25.649999618530273,25.190000534057617,25.610000610351562,370608
2022-11-04,26.065000534057617,27.450000762939453,26.0,27.059999465942383,1003356
2022-11-07,26.635000228881836,27.274999618530273,26.604999542236328,27.084999084472656,762602
2022-11-08,26.795000076293945,27.344999313354492,26.719999313354492,27.28499984741211,526313
2022-11-09,27.235000610351562,27.280000686645508,26.950000762939453,27.15999984741211,332854
2022-11-10,26.864999771118164,28.389999389648438,26.7450008392334,28.2549991607666,980973
2022-11-11,28.65999984741211,28.915000915527344,28.364999771118164,28.55500030517578,1029867
2022-11-14,28.7450008392334,29.110000610351562,28.6200008392334,28.69499969482422,700322
2022-11-15,28.924999237060547,29.344999313354492,28.799999237060547,28.96500015258789,742532
2022-11-16,29.049999237060547,29.084999084472656,28.485000610351562,28.674999237060547,324623
2022-11-17,28.81999969482422,28.899999618530273,27.940000534057617,28.3799991607666,577209
2022-11-18,28.700000762939453,29.149999618530273,28.610000610351562,28.969999313354492,304768
2022-11-21,28.844999313354492,29.030000686645508,28.71500015258789,28.889999389648438,87503
2022-11-22,28.94499969482422,29.18000030517578,28.719999313354492,29.09000015258789,266818
2022-11-23,29.204999923706055,29.299999237060547,28.979999542236328,29.2549991607666,151828
2022-11-24,29.309999465942383,29.71500015258789,29.28499984741211,29.5,317758
2022-11-25,29.530000686645508,29.674999237060547,29.375,29.600000381469727,581771
2022-11-28,29.229999542236328,29.415000915527344,28.950000762939453,29.165000915527344,555006
2022-11-29,29.315000534057617,29.40999984741211,29.049999237060547,29.174999237060547,374164
2022-11-30,29.489999771118164,29.829999923706055,29.274999618530273,29.799999237060547,526102
2022-12-01,30.28499984741211,30.325000762939453,29.78499984741211,29.985000610351562,898629
2022-12-02,29.75,30.100000381469727,29.399999618530273,29.8799991607666,445363
2022-12-05,29.760000228881836,29.860000610351562,29.299999237060547,29.5,379461
2022-12-06,29.475000381469727,29.56999969482422,29.139999389648438,29.360000610351562,613906
2022-12-07,29.399999618530273,29.475000381469727,28.989999771118164,29.190000534057617,336647
2022-12-08,29.274999618530273,29.329999923706055,28.885000228881836,29.040000915527344,139150
2022-12-09,29.1299991607666,29.334999084472656,28.725000381469727,29.280000686645508,115949
2022-12-12,29.079999923706055,29.334999084472656,28.94499969482422,29.09000015258789,262279
2022-12-13,29.25,30.56999969482422,29.014999389648438,29.885000228881836,649834
2022-12-14,29.739999771118164,29.790000915527344,29.450000762939453,29.790000915527344,693702
2022-12-15,29.2549991607666,29.270000457763672,27.760000228881836,27.889999389648438,419146
2022-12-16,27.850000381469727,27.889999389648438,27.040000915527344,27.3700008392334,534614
2022-12-19,27.520000457763672,27.80500030517578,27.5,27.514999389648438,153038
2022-12-20,26.905000686645508,27.46500015258789,26.780000686645508,27.295000076293945,259214
2022-12-21,27.53499984741211,28.46500015258789,27.450000762939453,28.399999618530273,268250
2022-12-22,28.5,28.700000762939453,27.729999542236328,27.834999084472656,752531
2022-12-23,27.864999771118164,27.989999771118164,27.5,27.7450008392334,199869
2022-12-27,28.260000228881836,28.395000457763672,28.079999923706055,28.155000686645508,454047
2022-12-28,28.21500015258789,28.299999237060547,27.739999771118164,27.780000686645508,234564
2022-12-29,27.53499984741211,28.344999313354492,27.450000762939453,28.30500030517578,435514
2022-12-30,27.959999084472656,28.03499984741211,27.385000228881836,27.450000762939453,93349
2023-01-02,27.979999542236328,28.56999969482422,27.854999542236328,28.5049991607666,199488
2023-01-03,28.46500015258789,29.399999618530273,28.46500015258789,28.815000534057617,384488
2023-01-04,29.209999084472656,30.135000228881836,29.184999465942383,30.094999313354492,486665
2023-01-05,29.799999237060547,30.25,29.670000076293945,29.954999923706055,494722
2023-01-06,30.104999542236328,30.844999313354492,29.93000030517578,30.844999313354492,345858
2023-01-09,30.834999084472656,31.43000030517578,30.75,31.30500030517578,415090
2023-01-10,30.954999923706055,31.0,30.71500015258789,30.93000030517578,463368
2023-01-11,31.05500030517578,31.6200008392334,30.975000381469727,31.405000686645508,338746
2023-01-12,31.68000030517578,32.220001220703125,31.100000381469727,31.895000457763672,728602
2023-01-13,32.03499984741211,32.400001525878906,31.8799991607666,32.29499816894531,860075
2023-01-16,32.4900016784668,32.56999969482422,32.2400016784668,32.5,784714
2023-01-17,32.525001525878906,33.04999923706055,32.29499816894531,32.779998779296875,1015152
2023-01-18,32.814998626708984,33.150001525878906,32.78499984741211,32.849998474121094,394481
2023-01-19,32.54999923706055,32.6150016784668,31.59000015258789,31.649999618530273,189512
2023-01-20,32.025001525878906,32.20000076293945,31.735000610351562,32.025001525878906,235878
2023-01-23,32.23500061035156,32.45500183105469,31.969999313354492,32.3849983215332,457699
2023-01-24,32.57500076293945,32.619998931884766,32.165000915527344,32.505001068115234,284160
2023-01-25,32.68000030517578,32.72999954223633,32.05500030517578,32.47999954223633,543749
2023-01-26,32.92499923706055,33.119998931884766,32.790000915527344,32.939998626708984,846674
2023-01-27,32.86000061035156,33.130001068115234,32.63999938964844,32.935001373291016,315151
2023-01-30,32.64500045776367,32.974998474121094,32.32500076293945,32.81999969482422,568664
2023-01-31,32.82500076293945,32.849998474121094,32.27000045776367,32.77000045776367,246848
2023-02-01,32.88999938964844,33.060001373291016,32.57500076293945,32.72999954223633,288236
2023-02-02,33.099998474121094,33.72999954223633,32.7599983215332,33.60499954223633,795717
2023-02-03,33.275001525878906,34.15999984741211,33.08000183105469,34.15999984741211,295196
2023-02-06,33.65999984741211,33.755001068115234,32.9900016784668,33.32500076293945,469358
2023-02-07,33.224998474121094,33.44499969482422,33.04999923706055,33.224998474121094,425960
2023-02-08,33.689998626708984,33.7599983215332,33.099998474121094,33.099998474121094,371487
2023-02-09,33.68000030517578,34.084999084472656,33.68000030517578,33.720001220703125,222370
2023-02-10,33.45000076293945,33.66999816894531,32.689998626708984,33.20500183105469,461320
2023-02-13,33.39500045776367,33.974998474121094,33.369998931884766,33.915000915527344,337861
2023-02-14,33.95000076293945,34.52000045776367,33.220001220703125,33.97999954223633,170264
2023-02-15,33.959999084472656,34.94499969482422,33.959999084472656,34.80500030517578,340334
2023-02-16,35.334999084472656,35.599998474121094,35.02000045776367,35.38999938964844,793116
2023-02-17,34.82500076293945,35.400001525878906,34.46500015258789,35.19499969482422,202711
2023-02-20,35.334999084472656,35.349998474121094,34.93000030517578,35.099998474121094,81345
2023-02-21,35.005001068115234,35.16999816894531,34.18000030517578,34.810001373291016,151911
2023-02-22,34.5099983215332,34.82500076293945,34.099998474121094,34.72999954223633,310902
2023-02-23,34.880001068115234,35.29999923706055,34.7599983215332,34.90999984741211,157338
2023-02-24,35.31999969482422,35.36000061035156,33.720001220703125,33.720001220703125,379752
2023-02-27,34.36000061035156,34.935001373291016,34.25,34.689998626708984,209997
2023-02-28,34.40999984741211,34.89500045776367,34.244998931884766,34.43000030517578,169233
2023-03-01,34.595001220703125,34.97999954223633,33.96500015258789,34.099998474121094,425379
2023-03-02,33.6349983215332,34.56999969482422,32.904998779296875,34.5099983215332,509630
2023-03-03,34.915000915527344,35.244998931884766,34.75,35.165000915527344,210179
2023-03-06,35.48500061035156,35.654998779296875,35.15999984741211,35.369998931884766,160269
2023-03-07,35.15999984741211,35.61000061035156,35.04499816894531,35.099998474121094,276862
2023-03-08,34.8849983215332,35.13999938964844,34.78499984741211,34.91999816894531,111029
2023-03-09,34.79999923706055,35.005001068115234,34.46500015258789,34.834999084472656,339976
2023-03-10,33.46500015258789,34.290000915527344,33.400001525878906,33.96500015258789,535617
2023-03-13,33.525001525878906,33.630001068115234,31.65999984741211,31.954999923706055,776564
2023-03-14,32.025001525878906,33.34000015258789,31.75,33.1349983215332,464309
2023-03-15,32.810001373291016,32.974998474121094,30.53499984741211,30.78499984741211,1385660
2023-03-16,31.790000915527344,32.345001220703125,30.65999984741211,31.989999771118164,1000288
2023-03-17,32.474998474121094,32.724998474121094,30.809999465942383,31.15999984741211,466621
2023-03-20,31.0049991607666,32.20000076293945,29.979999542236328,31.924999237060547,741444
2023-03-21,32.564998626708984,33.099998474121094,32.5,32.7400016784668,546447
2023-03-22,32.69499969482422,33.2599983215332,32.540000915527344,32.970001220703125,406235
2023-03-23,32.93000030517578,33.165000915527344,32.45000076293945,33.06999969482422,437899
2023-03-24,32.6349983215332,32.6349983215332,31.385000228881836,31.940000534057617,917140
2023-03-27,32.814998626708984,32.849998474121094,32.1349983215332,32.494998931884766,290667
2023-03-28,33.095001220703125,33.150001525878906,32.38999938964844,32.59000015258789,224712
2023-03-29,33.0099983215332,33.60499954223633,32.904998779296875,33.494998931884766,301359
2023-03-30,33.91999816894531,34.459999084472656,33.880001068115234,34.22999954223633,265408
2023-03-31,34.415000915527344,34.935001373291016,34.209999084472656,34.76499938964844,281600
2023-04-03,34.89500045776367,35.125,34.845001220703125,34.935001373291016,399535
2023-04-04,35.279998779296875,35.459999084472656,34.93000030517578,34.939998626708984,258587
2023-04-05,35.0,35.064998626708984,34.51499938964844,34.665000915527344,324784
2023-04-06,34.69499969482422,34.935001373291016,34.6349983215332,34.76499938964844,169796
2023-04-11,35.29499816894531,35.470001220703125,35.165000915527344,35.369998931884766,185713
2023-04-12,35.42499923706055,36.04999923706055,35.2400016784668,35.40999984741211,156889
2023-04-13,35.974998474121094,36.2599983215332,35.96500015258789,36.209999084472656,242501
2023-04-14,36.3650016784668,36.709999084472656,36.29999923706055,36.58000183105469,206427
2023-04-17,36.7400016784668,36.900001525878906,36.369998931884766,36.380001068115234,124534
2023-04-18,36.560001373291016,36.939998626708984,36.4900016784668,36.724998474121094,136325
2023-04-19,36.654998779296875,36.939998626708984,36.5099983215332,36.85499954223633,97085
2023-04-20,36.7599983215332,36.79499816894531,36.43000030517578,36.744998931884766,159391
2023-04-21,36.8650016784668,37.08000183105469,36.54999923706055,37.08000183105469,132695
2023-04-24,37.029998779296875,37.279998779296875,36.95000076293945,37.20500183105469,318161
2023-04-25,36.85499954223633,37.099998474121094,36.73500061035156,36.9900016784668,307657
2023-04-26,36.689998626708984,36.755001068115234,36.025001525878906,36.42499923706055,487127
2023-04-27,36.275001525878906,36.810001373291016,36.25,36.59000015258789,228662
2023-04-28,36.845001220703125,36.935001373291016,35.935001373291016,36.77000045776367,254622
2023-05-02,36.7400016784668,36.91999816894531,35.665000915527344,35.69499969482422,544974
2023-05-03,36.119998931884766,36.349998474121094,35.85499954223633,35.96500015258789,343690
2023-05-04,35.689998626708984,35.81999969482422,35.04999923706055,35.310001373291016,391471
2023-05-05,35.709999084472656,36.25,35.435001373291016,36.22999954223633,309794
2023-05-08,36.2400016784668,36.55500030517578,36.23500061035156,36.400001525878906,117820
2023-05-09,36.27000045776367,36.349998474121094,35.75,36.1150016784668,97951
2023-05-10,36.21500015258789,36.310001373291016,35.56999969482422,35.72999954223633,297006
2023-05-11,36.220001220703125,36.5,35.5,35.974998474121094,308318
2023-05-12,36.51499938964844,36.7599983215332,36.125,36.27000045776367,133040
2023-05-15,36.619998931884766,36.75,36.209999084472656,36.415000915527344,268512
2023-05-16,36.189998626708984,36.5099983215332,36.0,36.2599983215332,77989
2023-05-17,36.04499816894531,36.45000076293945,35.810001373291016,36.22999954223633,143826
2023-05-18,36.67499923706055,37.029998779296875,36.47999954223633,36.689998626708984,572252
2023-05-19,36.93000030517578,37.45000076293945,36.900001525878906,37.11000061035156,351694
2023-05-22,37.2400016784668,37.36000061035156,36.96500015258789,37.19499969482422,147894
2023-05-23,36.974998474121094,37.05500030517578,36.25,36.279998779296875,383057
2023-05-24,35.45500183105469,35.525001525878906,34.720001220703125,35.025001525878906,444085
2023-05-25,34.88999938964844,35.06999969482422,34.474998474121094,34.775001525878906,225454
2023-05-26,35.04999923706055,35.775001525878906,34.58000183105469,35.689998626708984,426991
2023-05-29,35.974998474121094,36.0099983215332,35.375,35.4900016784668,215949
2023-05-30,35.400001525878906,35.709999084472656,34.73500061035156,34.869998931884766,433403
2023-05-31,34.119998931884766,34.665000915527344,33.689998626708984,33.810001373291016,514622
2023-06-01,34.23500061035156,34.52000045776367,33.720001220703125,33.970001220703125,155474
2023-06-02,34.66999816894531,35.55500030517578,34.6150016784668,35.5099983215332,319948
2023-06-05,35.45000076293945,35.58000183105469,34.75,34.80500030517578,154418
2023-06-06,34.7599983215332,35.0099983215332,34.59000015258789,34.939998626708984,164651
2023-06-07,34.76499938964844,35.07500076293945,34.540000915527344,34.84000015258789,306255
2023-06-08,34.7599983215332,35.17499923706055,34.689998626708984,35.005001068115234,140956
2023-06-09,35.14500045776367,35.14500045776367,34.654998779296875,34.92499923706055,277586
2023-06-12,35.38999938964844,35.630001068115234,35.189998626708984,35.32500076293945,234673
2023-06-13,35.65999984741211,35.8849983215332,35.25,35.76499938964844,212054
2023-06-14,35.724998474121094,36.3650016784668,35.724998474121094,36.084999084472656,225941
2023-06-15,35.84000015258789,35.900001525878906,35.2599983215332,35.685001373291016,326642
2023-06-16,35.79999923706055,36.79999923706055,35.7599983215332,36.67499923706055,350653
2023-06-19,36.400001525878906,36.400001525878906,35.78499984741211,35.900001525878906,159746
2023-06-20,35.744998931884766,35.994998931884766,35.58000183105469,35.71500015258789,112459
2023-06-21,35.564998626708984,35.81999969482422,35.33000183105469,35.45000076293945,140037
2023-06-22,34.91999816894531,34.935001373291016,34.310001373291016,34.89500045776367,696583
2023-06-23,34.54499816894531,34.79999923706055,34.16999816894531,34.494998931884766,267003
2023-06-26,34.5099983215332,34.880001068115234,33.935001373291016,34.70000076293945,283387
2023-06-27,35.095001220703125,35.19499969482422,34.47999954223633,35.0,355685
2023-06-28,35.525001525878906,35.724998474121094,35.34000015258789,35.68000030517578,475867
2023-06-29,35.79499816894531,36.275001525878906,35.685001373291016,35.93000030517578,201050
2023-06-30,36.20500183105469,36.95000076293945,36.154998779296875,36.79499816894531,427843
2023-07-03,36.97999954223633,37.04999923706055,36.619998931884766,36.689998626708984,120734
2023-07-04,36.76499938964844,36.775001525878906,36.470001220703125,36.5099983215332,46341
2023-07-05,36.025001525878906,36.31999969482422,35.77000045776367,35.92499923706055,142979
2023-07-06,35.064998626708984,35.130001068115234,33.52000045776367,33.70000076293945,947844
2023-07-07,33.68000030517578,34.34000015258789,33.400001525878906,33.96500015258789,362629
2023-07-10,33.78499984741211,34.54499816894531,33.67499923706055,34.2599983215332,395709
2023-07-11,34.55500030517578,35.209999084472656,34.540000915527344,34.974998474121094,442971
2023-07-12,35.16999816894531,36.20000076293945,35.095001220703125,36.07500076293945,470023
2023-07-13,36.20000076293945,36.790000915527344,36.07500076293945,36.435001373291016,336351
2023-07-14,36.415000915527344,36.73500061035156,36.40999984741211,36.45000076293945,74302
2023-07-17,35.81999969482422,36.060001373291016,35.41999816894531,35.6349983215332,221777
2023-07-18,35.540000915527344,35.97999954223633,35.4900016784668,35.935001373291016,181049
2023-07-19,36.415000915527344,36.540000915527344,35.875,36.0,256342
2023-07-20,35.775001525878906,36.59000015258789,35.77000045776367,36.564998626708984,158901
2023-07-21,36.58000183105469,37.0099983215332,36.46500015258789,36.9900016784668,315804
2023-07-24,36.720001220703125,37.0099983215332,36.58000183105469,36.92499923706055,126506
2023-07-25,37.099998474121094,37.150001525878906,36.685001373291016,36.79999923706055,174706
2023-07-26,36.349998474121094,36.349998474121094,35.19499969482422,35.82500076293945,462882
2023-07-27,36.21500015258789,37.38999938964844,36.08000183105469,37.310001373291016,504429
2023-07-28,37.099998474121094,37.599998474121094,36.779998779296875,37.44499969482422,168232
2023-07-31,37.345001220703125,37.86000061035156,37.2599983215332,37.59000015258789,132946
2023-08-01,37.439998626708984,37.61000061035156,36.630001068115234,36.6349983215332,116472
2023-08-02,35.720001220703125,36.3849983215332,35.474998474121094,35.73500061035156,241727
2023-08-03,35.20000076293945,35.349998474121094,34.775001525878906,35.220001220703125,338466
2023-08-04,35.400001525878906,35.834999084472656,35.06999969482422,35.79999923706055,368183
2023-08-07,35.56999969482422,35.90999984741211,35.29999923706055,35.810001373291016,154017
2023-08-08,35.4900016784668,35.84000015258789,34.814998626708984,35.290000915527344,453989
2023-08-09,36.22999954223633,36.369998931884766,35.75,35.79499816894531,223180
2023-08-10,36.41999816894531,37.15999984741211,36.279998779296875,36.8650016784668,739748
2023-08-11,36.45000076293945,36.625,35.709999084472656,35.959999084472656,281186
2023-08-14,35.875,36.25,35.64500045776367,35.994998931884766,347063
2023-08-15,36.025001525878906,36.10499954223633,34.92499923706055,35.23500061035156,330853
2023-08-16,35.095001220703125,35.560001373291016,35.06999969482422,35.17499923706055,132274
2023-08-17,34.900001525878906,35.15999984741211,34.400001525878906,34.4900016784668,287572
2023-08-18,34.06999969482422,34.29999923706055,33.53499984741211,34.20500183105469,525409
2023-08-21,34.369998931884766,35.10499954223633,34.369998931884766,34.525001525878906,208170
2023-08-22,34.834999084472656,35.45000076293945,34.79999923706055,34.939998626708984,171972
2023-08-23,35.18000030517578,35.45000076293945,34.775001525878906,34.994998931884766,158607
2023-08-24,35.79499816894531,35.92499923706055,34.6349983215332,34.689998626708984,752489
2023-08-25,34.59000015258789,35.369998931884766,34.57500076293945,34.80500030517578,390457
2023-08-28,35.404998779296875,35.849998474121094,35.099998474121094,35.779998779296875,246622
2023-08-29,35.92499923706055,36.220001220703125,35.68000030517578,36.17499923706055,230229
2023-08-30,36.30500030517578,36.4900016784668,35.665000915527344,36.130001068115234,241107
2023-08-31,36.0099983215332,36.310001373291016,35.6150016784668,35.6150016784668,194164
2023-09-01,35.5,36.0,35.400001525878906,35.40999984741211,184137
2023-09-04,35.79999923706055,36.0,35.1349983215332,35.22999954223633,152085
2023-09-05,34.63999938964844,35.33000183105469,34.314998626708984,35.025001525878906,379862
2023-09-06,34.60499954223633,34.67499923706055,34.165000915527344,34.43000030517578,363893
2023-09-07,34.2599983215332,34.849998474121094,34.16999816894531,34.43000030517578,200038
2023-09-08,34.61000061035156,34.89500045776367,33.834999084472656,34.84000015258789,451778
2023-09-11,35.165000915527344,35.58000183105469,34.94499969482422,35.209999084472656,313974
2023-09-12,35.30500030517578,35.349998474121094,34.83000183105469,34.935001373291016,180539
2023-09-13,34.724998474121094,34.91999816894531,34.279998779296875,34.654998779296875,233766
2023-09-14,34.46500015258789,35.59000015258789,34.27000045776367,35.4900016784668,302026
2023-09-15,36.255001068115234,36.67499923706055,36.0099983215332,36.099998474121094,413571
2023-09-18,35.904998779296875,35.904998779296875,34.90999984741211,35.14500045776367,284902
2023-09-19,34.96500015258789,35.415000915527344,34.86000061035156,35.185001373291016,218300
2023-09-20,35.29999923706055,35.91999816894531,35.189998626708984,35.7599983215332,263754
2023-09-21,35.060001373291016,35.10499954223633,34.439998626708984,34.599998474121094,534878
2023-09-22,33.98500061035156,34.459999084472656,33.779998779296875,34.30500030517578,505672
2023-09-25,34.029998779296875,34.45000076293945,33.380001068115234,33.709999084472656,409181
2023-09-26,33.36000061035156,33.44499969482422,32.86000061035156,33.2400016784668,255771
2023-09-27,33.125,33.54499816894531,33.029998779296875,33.21500015258789,252253
2023-09-28,33.334999084472656,33.6349983215332,32.91999816894531,33.6349983215332,277856
2023-09-29,33.935001373291016,34.44499969482422,33.79499816894531,33.79499816894531,411625
2023-10-02,33.970001220703125,34.3650016784668,32.849998474121094,33.150001525878906,321692
2023-10-03,32.974998474121094,33.224998474121094,32.400001525878906,32.474998474121094,369557
2023-10-04,32.125,32.974998474121094,32.0,32.45500183105469,286212
2023-10-05,32.45500183105469,32.709999084472656,32.20500183105469,32.474998474121094,199433
2023-10-06,32.625,33.084999084472656,32.314998626708984,33.07500076293945,284378
2023-10-09,32.8650016784668,33.0099983215332,32.28499984741211,32.69499969482422,330795
2023-10-10,33.32500076293945,34.04999923706055,33.29499816894531,33.9900016784668,452452
2023-10-11,33.314998626708984,34.0099983215332,33.189998626708984,33.66999816894531,348171
2023-10-12,33.994998931884766,34.1349983215332,33.349998474121094,33.42499923706055,296382
2023-10-13,33.334999084472656,33.45000076293945,32.375,32.470001220703125,412679
2023-10-16,32.77000045776367,32.869998931884766,32.084999084472656,32.619998931884766,252660
2023-10-17,32.60499954223633,32.915000915527344,32.1150016784668,32.70500183105469,196698
2023-10-18,32.584999084472656,32.82500076293945,31.989999771118164,32.099998474121094,509976
2023-10-19,31.594999313354492,31.829999923706055,31.260000228881836,31.665000915527344,343494
2023-10-20,30.94499969482422,31.299999237060547,30.709999084472656,30.735000610351562,426675
2023-10-23,30.760000228881836,31.059999465942383,30.334999084472656,31.0,304497
2023-10-24,31.125,31.530000686645508,30.8799991607666,31.405000686645508,397600
2023-10-25,31.040000915527344,31.725000381469727,30.93000030517578,31.579999923706055,344614
2023-10-26,30.850000381469727,31.575000762939453,30.75,31.31999969482422,186315
2023-10-27,30.860000610351562,31.209999084472656,30.389999389648438,30.489999771118164,395183
2023-10-30,30.704999923706055,31.0,30.665000915527344,30.760000228881836,136591
2023-10-31,30.815000534057617,31.440000534057617,30.799999237060547,31.274999618530273,225139
2023-11-01,31.46500015258789,31.90999984741211,31.170000076293945,31.71500015258789,243340
2023-11-02,32.165000915527344,33.189998626708984,32.10499954223633,32.88999938964844,424390
2023-11-03,33.0,33.1150016784668,32.720001220703125,32.755001068115234,225565
2023-11-06,32.85499954223633,32.915000915527344,32.334999084472656,32.41999816894531,151720
2023-11-07,32.165000915527344,32.39500045776367,31.940000534057617,32.189998626708984,114792
2023-11-08,31.829999923706055,32.90999984741211,31.799999237060547,32.58000183105469,293060
2023-11-09,32.61000061035156,33.38999938964844,32.4900016784668,33.345001220703125,354695
2023-11-10,32.915000915527344,33.040000915527344,32.310001373291016,32.689998626708984,317884
2023-11-13,32.92499923706055,33.23500061035156,32.779998779296875,33.08000183105469,269813
2023-11-14,33.130001068115234,34.209999084472656,33.05500030517578,34.0,788158
2023-11-15,34.25,34.560001373291016,34.119998931884766,34.2400016784668,433569
2023-11-16,34.150001525878906,34.21500015258789,33.845001220703125,33.845001220703125,150864
2023-11-17,34.21500015258789,34.529998779296875,34.11000061035156,34.439998626708984,177397
2023-11-20,34.65999984741211,34.75,34.44499969482422,34.564998626708984,242174
2023-11-21,34.474998474121094,34.540000915527344,34.25,34.36000061035156,140569
2023-11-22,34.630001068115234,34.79999923706055,34.505001068115234,34.66999816894531,220908
2023-11-23,34.79999923706055,34.88999938964844,34.70000076293945,34.86000061035156,48798
2023-11-24,34.81999969482422,35.029998779296875,34.755001068115234,35.0,151342
2023-11-27,35.025001525878906,35.130001068115234,34.720001220703125,34.72999954223633,150509
2023-11-28,34.45500183105469,34.619998931884766,34.2400016784668,34.584999084472656,201612
2023-11-29,34.584999084472656,35.0,34.584999084472656,34.73500061035156,258230
2023-11-30,34.779998779296875,35.2400016784668,34.619998931884766,35.17499923706055,180246
2023-12-01,35.45000076293945,35.599998474121094,35.16999816894531,35.45500183105469,202976
2023-12-04,35.45000076293945,35.619998931884766,35.23500061035156,35.39500045776367,96232
2023-12-05,35.45000076293945,35.97999954223633,35.45000076293945,35.92499923706055,185266
2023-12-06,36.0099983215332,36.59000015258789,35.92499923706055,36.41999816894531,252918
2023-12-07,36.314998626708984,36.415000915527344,36.185001373291016,36.31999969482422,80457
2023-12-08,36.45000076293945,37.45500183105469,36.439998626708984,37.290000915527344,503767
2023-12-11,37.3650016784668,37.599998474121094,37.279998779296875,37.505001068115234,157256
2023-12-12,37.63999938964844,37.83000183105469,37.42499923706055,37.45000076293945,329255
2023-12-13,37.4900016784668,37.790000915527344,37.29499816894531,37.29499816894531,166734
2023-12-14,38.314998626708984,38.525001525878906,37.459999084472656,37.775001525878906,638167
2023-12-15,38.07500076293945,38.375,37.880001068115234,37.94499969482422,297338
2023-12-18,37.66999816894531,37.78499984741211,37.459999084472656,37.650001525878906,198602
2023-12-19,37.66999816894531,37.79999923706055,37.48500061035156,37.724998474121094,77299
2023-12-20,37.915000915527344,38.025001525878906,37.48500061035156,37.80500030517578,227384
2023-12-21,37.474998474121094,37.65999984741211,37.33000183105469,37.64500045776367,162123
2023-12-22,37.64500045776367,37.849998474121094,37.52000045776367,37.650001525878906,125031
2023-12-27,37.790000915527344,37.95000076293945,37.540000915527344,37.65999984741211,69374
2023-12-28,37.73500061035156,37.814998626708984,37.25,37.25,73461
2023-12-29,37.41999816894531,37.599998474121094,37.224998474121094,37.33000183105469,93962
2024-01-02,37.8849983215332,38.084999084472656,36.78499984741211,37.2599983215332,233798
2024-01-03,37.21500015258789,37.310001373291016,35.810001373291016,36.11000061035156,573158
2024-01-04,36.27000045776367,36.54999923706055,36.095001220703125,36.52000045776367,164824
2024-01-05,35.845001220703125,36.380001068115234,35.52000045776367,36.18000030517578,504002
2024-01-08,36.08000183105469,36.474998474121094,35.7400016784668,36.45500183105469,127735
2024-01-09,36.525001525878906,36.560001373291016,35.970001220703125,36.22999954223633,118458
2024-01-10,36.189998626708984,36.5,36.05500030517578,36.19499969482422,93016
2024-01-11,36.599998474121094,36.72999954223633,35.78499984741211,35.79999923706055,176336
2024-01-12,36.060001373291016,36.709999084472656,36.060001373291016,36.54999923706055,148240
2024-01-15,36.35499954223633,36.45000076293945,35.970001220703125,36.08000183105469,263412
2024-01-16,35.41999816894531,35.939998626708984,35.38999938964844,35.915000915527344,187495
2024-01-17,35.099998474121094,35.209999084472656,34.790000915527344,35.189998626708984,366123
2024-01-18,35.3650016784668,35.9900016784668,35.20500183105469,35.92499923706055,279746
2024-01-19,36.31999969482422,36.36000061035156,35.42499923706055,35.60499954223633,231705
2024-01-22,36.20500183105469,36.41999816894531,35.81999969482422,36.040000915527344,203904
2024-01-23,36.244998931884766,36.27000045776367,35.650001525878906,35.76499938964844,76808
2024-01-24,36.03499984741211,36.54999923706055,35.94499969482422,36.435001373291016,215001
2024-01-25,36.25,36.5,35.97999954223633,36.47999954223633,157163
2024-01-26,37.41999816894531,38.27000045776367,37.375,38.130001068115234,490196
2024-01-29,38.2599983215332,38.29999923706055,38.0099983215332,38.22999954223633,48545
2024-01-30,38.29999923706055,38.650001525878906,38.2400016784668,38.599998474121094,87721
2024-01-31,38.709999084472656,38.83000183105469,38.33000183105469,38.33000183105469,112651
2024-02-01,37.71500015258789,37.994998931884766,37.47999954223633,37.650001525878906,142618
2024-02-02,37.95000076293945,38.209999084472656,37.654998779296875,37.720001220703125,148595
2024-02-05,37.71500015258789,37.83000183105469,37.369998931884766,37.63999938964844,66936
2024-02-06,38.06999969482422,38.18000030517578,37.70000076293945,38.15999984741211,109321
2024-02-07,38.20000076293945,38.290000915527344,37.86000061035156,37.8849983215332,47225
2024-02-08,37.96500015258789,38.599998474121094,37.80500030517578,38.43000030517578,97344
2024-02-09,38.26499938964844,38.42499923706055,37.95000076293945,38.209999084472656,71115
2024-02-12,38.494998931884766,38.665000915527344,38.38999938964844,38.63999938964844,69940
2024-02-13,38.529998779296875,38.540000915527344,37.70500183105469,37.970001220703125,113565
2024-02-14,38.0,38.529998779296875,37.89500045776367,38.5,74230
2024-02-15,38.974998474121094,39.22999954223633,38.96500015258789,39.150001525878906,116659
2024-02-16,39.53499984741211,39.709999084472656,39.279998779296875,39.375,79840
2024-02-19,39.15999984741211,39.404998779296875,38.970001220703125,39.35499954223633,20651
2024-02-20,39.380001068115234,39.744998931884766,39.27000045776367,39.650001525878906,86998
2024-02-21,39.79999923706055,39.92499923706055,39.58000183105469,39.79499816894531,45727
2024-02-22,40.58000183105469,40.95000076293945,40.23500061035156,40.845001220703125,175344
2024-02-23,40.95000076293945,41.47999954223633,40.790000915527344,41.369998931884766,93509
2024-02-26,41.185001373291016,41.23500061035156,40.92499923706055,40.9900016784668,94211
2024-02-27,41.05500030517578,41.25,40.900001525878906,41.23500061035156,57399
2024-02-28,41.20500183105469,41.27000045776367,41.02000045776367,41.22999954223633,31244
2024-02-29,41.41999816894531,41.47999954223633,41.0099983215332,41.0099983215332,120637
2024-03-01,41.275001525878906,41.29999923706055,40.68000030517578,41.01499938964844,85666
2024-03-04,40.935001373291016,41.23500061035156,40.81999969482422,41.23500061035156,37038
2024-03-05,41.125,41.29999923706055,40.92499923706055,40.974998474121094,36772
2024-03-06,40.869998931884766,41.349998474121094,40.869998931884766,41.20500183105469,65421
2024-03-07,40.900001525878906,41.959999084472656,40.68000030517578,41.84000015258789,149042
2024-03-08,41.875,42.13999938964844,41.72999954223633,41.94499969482422,77995
2024-03-11,41.529998779296875,41.900001525878906,41.5,41.86000061035156,152930
2024-03-12,42.23500061035156,42.630001068115234,41.68000030517578,42.564998626708984,112351
2024-03-13,42.71500015258789,43.29499816894531,42.59000015258789,43.10499954223633,69751
2024-03-14,43.400001525878906,43.92499923706055,43.244998931884766,43.334999084472656,103632
2024-03-15,43.349998474121094,43.845001220703125,43.34000015258789,43.40999984741211,51655
2024-03-18,43.45500183105469,43.54499816894531,43.029998779296875,43.13999938964844,51875
2024-03-19,43.15999984741211,43.7400016784668,43.06999969482422,43.7400016784668,28774
2024-03-20,43.025001525878906,43.47999954223633,42.98500061035156,43.369998931884766,121755
2024-03-21,44.040000915527344,44.064998626708984,43.125,43.564998626708984,143672
2024-03-22,43.29999923706055,43.529998779296875,43.02000045776367,43.23500061035156,54960
2024-03-25,43.279998779296875,43.400001525878906,42.68000030517578,43.28499984741211,89864
2024-03-26,43.29999923706055,43.619998931884766,43.07500076293945,43.57500076293945,69238
2024-03-27,43.53499984741211,44.040000915527344,43.470001220703125,43.775001525878906,59451
2024-03-28,43.98500061035156,44.27000045776367,43.810001373291016,43.810001373291016,51610
2024-04-02,44.005001068115234,44.2599983215332,42.88999938964844,42.935001373291016,269930
2024-04-03,43.0,43.2599983215332,42.869998931884766,43.20500183105469,58561
2024-04-04,43.185001373291016,43.56999969482422,43.025001525878906,43.189998626708984,132154
2024-04-05,41.994998931884766,42.21500015258789,41.720001220703125,42.15999984741211,210131
2024-04-08,42.20000076293945,43.04999923706055,42.20000076293945,42.814998626708984,231319
2024-04-09,42.41999816894531,42.630001068115234,41.88999938964844,42.029998779296875,90846
2024-04-10,42.470001220703125,42.55500030517578,41.290000915527344,42.029998779296875,220880
2024-04-11,42.084999084472656,42.5,41.279998779296875,41.79499816894531,177763
2024-04-12,42.560001373291016,42.75,41.310001373291016,41.6349983215332,383646
2024-04-15,42.18000030517578,42.79999923706055,41.79999923706055,41.95500183105469,317315
2024-04-16,40.68000030517578,41.29999923706055,40.525001525878906,40.78499984741211,236330
2024-04-17,41.209999084472656,42.13999938964844,41.150001525878906,41.345001220703125,196941
2024-04-18,41.6150016784668,41.915000915527344,41.26499938964844,41.790000915527344,87948
2024-04-19,41.165000915527344,41.904998779296875,40.959999084472656,41.720001220703125,244912
2024-04-22,42.404998779296875,42.51499938964844,41.72999954223633,42.09000015258789,282126
2024-04-23,42.57500076293945,42.97999954223633,42.38999938964844,42.970001220703125,103970
2024-04-24,42.92499923706055,43.36000061035156,42.630001068115234,42.80500030517578,125563
2024-04-25,42.779998779296875,42.79999923706055,41.29999923706055,41.939998626708984,233995
2024-04-26,41.0,43.02000045776367,40.88999938964844,42.7599983215332,127729
2024-04-29,43.005001068115234,43.154998779296875,42.55500030517578,42.55500030517578,91122
2024-04-30,42.69499969482422,42.849998474121094,41.744998931884766,41.915000915527344,151726
2024-05-02,41.869998931884766,41.869998931884766,41.22999954223633,41.33000183105469,211226
2024-05-03,41.599998474121094,42.27000045776367,41.43000030517578,41.78499984741211,269666
2024-05-06,41.95000076293945,42.619998931884766,41.84000015258789,42.255001068115234,141763
2024-05-07,42.665000915527344,43.07500076293945,42.29999923706055,43.025001525878906,147915
2024-05-08,43.28499984741211,43.959999084472656,43.17499923706055,43.7400016784668,214937
2024-05-09,43.69499969482422,44.29999923706055,43.4900016784668,44.26499938964844,75623
2024-05-10,44.75,45.029998779296875,44.525001525878906,44.57500076293945,119316
2024-05-13,44.79999923706055,44.80500030517578,44.45000076293945,44.65999984741211,62974
2024-05-14,44.68000030517578,44.974998474121094,44.43000030517578,44.869998931884766,50915
2024-05-15,45.11000061035156,45.17499923706055,44.6349983215332,45.040000915527344,59498
2024-05-16,45.025001525878906,45.025001525878906,44.40999984741211,44.47999954223633,123473
2024-05-17,44.459999084472656,44.584999084472656,43.8849983215332,44.22999954223633,141768
2024-05-20,44.34000015258789,44.880001068115234,44.34000015258789,44.625,68293
2024-05-21,44.470001220703125,44.525001525878906,43.79999923706055,44.20500183105469,117535
2024-05-22,44.060001373291016,44.060001373291016,43.630001068115234,43.76499938964844,115248
2024-05-23,43.95500183105469,44.22999954223633,43.654998779296875,43.834999084472656,97817
2024-05-24,43.26499938964844,43.875,43.209999084472656,43.79499816894531,135161
2024-05-27,43.775001525878906,44.20000076293945,43.77000045776367,44.20000076293945,46414
2024-05-28,44.525001525878906,44.54999923706055,43.38999938964844,43.560001373291016,99522
2024-05-29,43.39500045776367,43.439998626708984,42.2400016784668,42.369998931884766,295762
2024-05-30,42.21500015258789,42.79999923706055,42.17499923706055,42.79499816894531,212561
2024-05-31,42.755001068115234,43.0,42.59000015258789,42.89500045776367,34501
2024-06-03,43.709999084472656,43.810001373291016,42.959999084472656,42.994998931884766,102023
2024-06-04,42.810001373291016,42.86000061035156,42.099998474121094,42.34000015258789,115335
2024-06-05,42.86000061035156,43.43000030517578,42.599998474121094,43.099998474121094,96852
2024-06-06,43.439998626708984,43.64500045776367,43.189998626708984,43.474998474121094,102018
2024-06-07,43.459999084472656,43.459999084472656,42.400001525878906,43.03499984741211,321448
2024-06-10,41.290000915527344,41.89500045776367,40.959999084472656,41.89500045776367,584169
2024-06-11,42.20000076293945,42.29999923706055,40.47999954223633,40.814998626708984,721409
2024-06-12,41.01499938964844,41.720001220703125,40.935001373291016,41.560001373291016,523564
2024-06-13,41.42499923706055,41.505001068115234,39.76499938964844,39.93000030517578,392249
2024-06-14,39.61000061035156,39.685001373291016,37.400001525878906,37.78499984741211,926321
2024-06-17,38.17499923706055,38.564998626708984,37.584999084472656,38.47999954223633,513920
2024-06-18,39.084999084472656,39.1349983215332,38.400001525878906,39.084999084472656,325554
2024-06-19,38.94499969482422,39.130001068115234,38.4900016784668,38.52000045776367,259733
2024-06-20,38.66999816894531,39.66999816894531,38.66999816894531,39.58000183105469,180377
2024-06-21,39.3650016784668,39.540000915527344,38.79999923706055,39.125,139507
2024-06-24,39.314998626708984,40.08000183105469,39.084999084472656,39.8849983215332,680422
2024-06-25,39.400001525878906,39.5099983215332,38.95000076293945,39.415000915527344,104527
2024-06-26,39.86000061035156,39.86000061035156,38.369998931884766,38.875,377047
2024-06-27,38.900001525878906,39.02000045776367,37.96500015258789,38.04499816894531,447417
2024-06-28,38.02000045776367,38.1150016784668,37.29499816894531,37.53499984741211,251255
2024-07-01,39.4900016784668,39.69499969482422,38.415000915527344,38.415000915527344,331968
2024-07-02,37.900001525878906,38.20000076293945,37.529998779296875,38.130001068115234,181173
2024-07-03,38.595001220703125,39.400001525878906,38.439998626708984,39.119998931884766,166351
2024-07-04,39.48500061035156,39.810001373291016,39.474998474121094,39.724998474121094,112737
2024-07-05,39.84000015258789,40.18000030517578,39.185001373291016,39.52000045776367,374258
2024-07-08,39.185001373291016,40.25,39.040000915527344,39.040000915527344,384516
2024-07-09,38.685001373291016,38.755001068115234,37.54499816894531,37.744998931884766,517815
2024-07-10,37.875,38.51499938964844,37.56999969482422,38.435001373291016,409461
2024-07-11,38.779998779296875,39.16999816894531,38.46500015258789,38.970001220703125,288774
2024-07-12,39.3650016784668,40.07500076293945,39.279998779296875,39.93000030517578,166553
2024-07-15,39.375,39.83000183105469,38.8650016784668,38.95500183105469,169600
2024-07-16,38.375,38.69499969482422,38.22999954223633,38.470001220703125,319330
2024-07-17,38.314998626708984,38.709999084472656,37.93000030517578,38.41999816894531,239652
2024-07-18,38.849998474121094,39.19499969482422,38.244998931884766,38.540000915527344,237052
2024-07-19,38.20500183105469,38.345001220703125,37.79999923706055,37.93000030517578,279548
2024-07-22,38.349998474121094,39.15999984741211,38.279998779296875,38.8650016784668,148230
2024-07-23,38.900001525878906,39.275001525878906,38.36000061035156,38.63999938964844,277934
2024-07-24,37.5,38.029998779296875,37.255001068115234,37.755001068115234,340802
2024-07-25,36.709999084472656,36.92499923706055,36.01499938964844,36.875,444521
2024-07-26,37.040000915527344,37.84000015258789,36.845001220703125,37.7599983215332,306789
2024-07-29,37.96500015258789,37.96500015258789,36.869998931884766,37.02000045776367,162076
2024-07-30,37.23500061035156,37.58000183105469,37.084999084472656,37.33000183105469,49348
2024-07-31,38.10499954223633,38.380001068115234,37.75,37.8650016784668,248121
2024-08-01,37.30500030517578,37.40999984741211,36.11000061035156,36.25,334025
2024-08-02,36.0,36.04499816894531,34.84000015258789,35.01499938964844,648209
2024-08-05,33.3849983215332,34.18000030517578,32.88999938964844,34.084999084472656,738165
2024-08-06,34.20000076293945,34.40999984741211,33.31999969482422,33.904998779296875,442910
2024-08-07,34.084999084472656,35.369998931884766,34.060001373291016,35.154998779296875,662051
2024-08-08,34.55500030517578,35.119998931884766,34.21500015258789,35.0,238264
2024-08-09,35.04999923706055,35.65999984741211,34.81999969482422,35.20500183105469,195871
2024-08-12,35.435001373291016,35.529998779296875,34.810001373291016,35.005001068115234,136824
2024-08-13,35.290000915527344,35.290000915527344,34.70000076293945,35.224998474121094,160056
2024-08-14,35.66999816894531,35.76499938964844,35.415000915527344,35.76499938964844,153108
2024-08-15,35.89500045776367,36.78499984741211,35.63999938964844,36.64500045776367,270450
2024-08-16,36.775001525878906,36.9900016784668,36.6150016784668,36.880001068115234,131263
2024-08-19,36.935001373291016,37.58000183105469,36.84000015258789,37.40999984741211,124806
2024-08-20,37.599998474121094,37.689998626708984,37.209999084472656,37.255001068115234,239722
2024-08-21,37.349998474121094,37.689998626708984,37.31999969482422,37.66999816894531,49070
2024-08-22,37.64500045776367,38.04999923706055,37.599998474121094,37.630001068115234,248906
2024-08-23,37.779998779296875,38.189998626708984,37.70000076293945,38.1349983215332,201459
2024-08-26,38.17499923706055,38.43000030517578,38.14500045776367,38.27000045776367,163999
2024-08-27,38.40999984741211,38.6150016784668,38.0099983215332,38.0099983215332,115698
2024-08-28,38.25,38.46500015258789,38.1349983215332,38.1349983215332,37253
2024-08-29,38.20000076293945,38.775001525878906,38.20000076293945,38.71500015258789,179964
2024-08-30,38.83000183105469,39.27000045776367,38.6349983215332,38.6349983215332,91503
2024-09-02,38.625,38.814998626708984,38.07500076293945,38.79499816894531,163187
2024-09-03,39.0,39.029998779296875,37.935001373291016,38.06999969482422,153083
2024-09-04,37.439998626708984,37.61000061035156,37.130001068115234,37.30500030517578,160805
2024-09-05,36.94499969482422,37.244998931884766,36.6349983215332,36.6349983215332,108949
2024-09-06,36.470001220703125,36.939998626708984,35.70500183105469,35.814998626708984,197694
2024-09-09,36.10499954223633,36.709999084472656,36.0,36.540000915527344,151390
2024-09-10,36.32500076293945,37.01499938964844,36.1349983215332,36.290000915527344,222605
2024-09-11,36.52000045776367,36.779998779296875,35.90999984741211,36.2599983215332,405284
2024-09-12,37.005001068115234,37.04999923706055,36.18000030517578,36.57500076293945,208268
2024-09-13,36.69499969482422,37.11000061035156,36.650001525878906,36.900001525878906,128185
2024-09-16,36.70000076293945,37.0099983215332,36.630001068115234,36.724998474121094,121087
2024-09-17,37.095001220703125,37.46500015258789,36.96500015258789,37.099998474121094,145227
2024-09-18,37.06999969482422,37.185001373291016,36.65999984741211,36.665000915527344,88422
2024-09-19,37.625,38.34000015258789,37.400001525878906,38.34000015258789,212007
2024-09-20,38.18000030517578,38.209999084472656,37.17499923706055,37.17499923706055,125197
2024-09-23,37.0099983215332,37.31999969482422,36.70500183105469,37.244998931884766,171197
2024-09-24,38.19499969482422,38.459999084472656,37.88999938964844,38.154998779296875,340849
2024-09-25,37.689998626708984,38.154998779296875,37.66999816894531,37.834999084472656,178774
2024-09-26,38.71500015258789,39.56999969482422,38.70000076293945,39.56999969482422,723181
2024-09-27,39.875,40.22999954223633,39.619998931884766,40.1150016784668,358382
2024-09-30,39.59000015258789,39.82500076293945,38.5,38.505001068115234,297745
2024-10-01,38.470001220703125,38.70000076293945,37.59000015258789,37.875,196010
2024-10-02,38.060001373291016,38.349998474121094,37.619998931884766,37.880001068115234,111513
2024-10-03,37.66999816894531,37.66999816894531,36.70000076293945,36.88999938964844,265547
2024-10-04,36.845001220703125,37.79999923706055,36.79999923706055,37.5,181802
2024-10-07,37.7400016784668,37.95500183105469,37.22999954223633,37.849998474121094,161103
2024-10-08,36.904998779296875,37.52000045776367,36.849998474121094,37.310001373291016,285595
2024-10-09,37.2599983215332,37.7599983215332,37.130001068115234,37.709999084472656,86796
2024-10-10,37.54999923706055,37.70500183105469,37.189998626708984,37.494998931884766,194325
2024-10-11,37.310001373291016,37.94499969482422,37.095001220703125,37.849998474121094,199328
2024-10-14,37.875,38.18000030517578,37.5,38.04999923706055,160258
2024-10-15,38.08000183105469,38.08000183105469,37.18000030517578,37.27000045776367,176803
2024-10-16,36.5,37.20000076293945,36.435001373291016,37.0,179602
2024-10-17,37.165000915527344,38.28499984741211,37.150001525878906,37.900001525878906,183667
2024-10-18,37.8849983215332,38.47999954223633,37.849998474121094,38.165000915527344,121314
2024-10-21,37.900001525878906,38.165000915527344,37.334999084472656,37.39500045776367,321443
2024-10-22,37.20500183105469,37.5,36.7599983215332,37.404998779296875,372146
2024-10-23,37.16999816894531,37.47999954223633,36.720001220703125,36.994998931884766,384092
2024-10-24,37.16999816894531,37.650001525878906,36.974998474121094,37.07500076293945,191597
2024-10-25,36.970001220703125,37.189998626708984,36.59000015258789,37.005001068115234,239412
2024-10-28,37.42499923706055,37.79499816894531,36.95000076293945,37.564998626708984,284038
2024-10-29,37.939998626708984,38.150001525878906,37.060001373291016,37.06999969482422,422406
2024-10-30,36.60499954223633,36.71500015258789,35.779998779296875,36.25,451099
2024-10-31,35.875,35.95500183105469,35.189998626708984,35.4900016784668,265895
2024-11-01,35.724998474121094,36.310001373291016,35.70500183105469,36.095001220703125,137989
2024-11-04,35.95000076293945,36.41999816894531,35.71500015258789,35.71500015258789,90700
2024-11-05,35.81999969482422,36.099998474121094,35.494998931884766,36.025001525878906,88690
2024-11-06,36.529998779296875,37.650001525878906,35.310001373291016,35.66999816894531,522117
2024-11-07,35.665000915527344,36.41999816894531,35.5,36.20000076293945,187905
2024-11-08,36.20500183105469,36.224998474121094,35.275001525878906,35.34000015258789,286360
2024-11-11,35.939998626708984,36.415000915527344,35.8650016784668,36.165000915527344,453373
2024-11-12,35.345001220703125,35.595001220703125,34.13999938964844,34.2400016784668,376336
2024-11-13,34.119998931884766,34.53499984741211,33.584999084472656,34.130001068115234,242619
2024-11-14,34.19499969482422,35.099998474121094,34.1349983215332,35.029998779296875,224160
2024-11-15,34.505001068115234,35.125,34.279998779296875,34.6150016784668,392380
2024-11-18,34.720001220703125,34.814998626708984,34.279998779296875,34.66999816894531,371171
2024-11-19,34.88999938964844,34.89500045776367,33.31999969482422,34.220001220703125,337138
2024-11-20,34.51499938964844,34.70000076293945,33.845001220703125,33.935001373291016,151420
2024-11-21,33.94499969482422,34.15999984741211,33.279998779296875,34.07500076293945,334596
2024-11-22,34.349998474121094,34.599998474121094,33.459999084472656,34.439998626708984,239907
2024-11-25,35.15999984741211,35.20000076293945,34.29999923706055,34.45500183105469,226354
2024-11-26,33.939998626708984,34.45500183105469,33.779998779296875,33.8849983215332,241736
2024-11-27,33.290000915527344,33.5,32.900001525878906,33.3849983215332,530032
2024-11-28,33.630001068115234,33.959999084472656,33.57500076293945,33.720001220703125,222981
2024-11-29,33.584999084472656,34.290000915527344,33.54999923706055,34.209999084472656,286251
2024-12-02,33.54499816894531,34.654998779296875,33.48500061035156,34.27000045776367,505399
2024-12-03,34.47999954223633,35.09000015258789,34.2400016784668,34.47999954223633,280123
2024-12-04,34.665000915527344,35.119998931884766,34.56999969482422,34.92499923706055,154345
2024-12-05,34.92499923706055,35.38999938964844,34.85499954223633,35.19499969482422,274954
2024-12-06,35.224998474121094,36.279998779296875,35.220001220703125,36.130001068115234,232207
2024-12-09,36.654998779296875,36.92499923706055,36.279998779296875,36.61000061035156,271355
2024-12-10,36.35499954223633,36.415000915527344,35.68000030517578,35.76499938964844,160114
2024-12-11,35.689998626708984,36.18000030517578,35.625,36.064998626708984,130532
2024-12-12,36.334999084472656,36.34000015258789,35.95000076293945,36.025001525878906,98956
2024-12-13,35.96500015258789,36.36000061035156,35.70000076293945,35.89500045776367,85304
2024-12-16,35.65999984741211,35.95000076293945,35.20000076293945,35.39500045776367,135413
2024-12-17,35.130001068115234,35.63999938964844,34.994998931884766,35.44499969482422,303321
2024-12-18,35.599998474121094,35.779998779296875,35.44499969482422,35.63999938964844,104264
2024-12-19,34.69499969482422,35.099998474121094,34.459999084472656,34.77000045776367,506815
2024-12-20,34.224998474121094,34.724998474121094,33.79999923706055,34.60499954223633,235272
2024-12-23,34.415000915527344,34.7400016784668,34.17499923706055,34.54499816894531,65092
2024-12-24,34.810001373291016,34.959999084472656,34.709999084472656,34.94499969482422,35055
2024-12-27,34.459999084472656,35.310001373291016,34.459999084472656,35.310001373291016,102875
2024-12-30,35.025001525878906,35.470001220703125,34.7599983215332,34.8849983215332,70152
2024-12-31,34.88999938964844,35.5099983215332,34.79999923706055,35.5099983215332,278346
2025-01-02,35.7400016784668,35.779998779296875,34.65999984741211,35.724998474121094,273022
2025-01-03,35.46500015258789,35.46500015258789,34.525001525878906,34.625,215654
2025-01-06,35.084999084472656,36.2599983215332,34.849998474121094,36.17499923706055,516580
2025-01-07,36.14500045776367,36.869998931884766,35.95000076293945,36.625,249481
2025-01-08,36.494998931884766,36.65999984741211,35.689998626708984,36.2400016784668,213630
2025-01-09,35.8650016784668,36.724998474121094,35.8650016784668,36.599998474121094,178101
2025-01-10,36.58000183105469,36.89500045776367,35.89500045776367,35.98500061035156,170650
2025-01-13,35.80500030517578,35.935001373291016,35.255001068115234,35.78499984741211,242075
2025-01-14,36.48500061035156,36.66999816894531,35.91999816894531,35.91999816894531,273494
2025-01-15,36.084999084472656,36.79999923706055,35.869998931884766,36.45000076293945,101602
2025-01-16,37.5099983215332,37.95000076293945,37.334999084472656,37.95000076293945,351673
2025-01-17,38.29999923706055,38.91999816894531,38.29999923706055,38.709999084472656,291864
2025-01-20,38.86000061035156,39.279998779296875,38.654998779296875,38.91999816894531,186796
2025-01-21,38.845001220703125,39.349998474121094,38.845001220703125,39.30500030517578,154652
2025-01-22,39.38999938964844,40.349998474121094,39.349998474121094,39.98500061035156,213096
2025-01-23,40.06999969482422,40.58000183105469,39.89500045776367,40.54999923706055,214113
2025-01-24,41.165000915527344,41.529998779296875,40.63999938964844,40.8849983215332,183413
2025-01-27,40.38999938964844,40.8849983215332,40.04999923706055,40.65999984741211,218158
2025-01-28,40.65999984741211,41.16999816894531,40.39500045776367,40.599998474121094,109410
2025-01-29,40.439998626708984,40.47999954223633,40.04499816894531,40.279998779296875,82161
2025-01-30,40.505001068115234,41.09000015258789,40.459999084472656,40.9900016784668,72575
2025-01-31,41.17499923706055,41.54499816894531,40.86000061035156,41.064998626708984,109105
2025-02-03,39.5,40.310001373291016,39.380001068115234,40.064998626708984,296567
2025-02-04,40.099998474121094,40.709999084472656,39.619998931884766,40.61000061035156,344241
2025-02-05,40.400001525878906,40.58000183105469,40.150001525878906,40.44499969482422,82732
2025-02-06,40.70000076293945,41.79999923706055,40.599998474121094,41.63999938964844,326023
2025-02-07,41.54499816894531,41.849998474121094,41.01499938964844,41.20500183105469,90434
2025-02-10,41.40999984741211,41.689998626708984,41.25,41.619998931884766,84166
2025-02-11,41.78499984741211,41.93000030517578,41.4900016784668,41.85499954223633,51556
2025-02-12,42.060001373291016,42.220001220703125,41.35499954223633,41.974998474121094,130969
2025-02-13,42.744998931884766,43.380001068115234,42.474998474121094,43.209999084472656,196154
2025-02-14,43.29999923706055,43.72999954223633,43.18000030517578,43.375,84956
2025-02-17,43.33000183105469,43.58000183105469,43.25,43.494998931884766,54612
2025-02-18,43.599998474121094,43.86000061035156,43.17499923706055,43.70000076293945,145757
2025-02-19,43.650001525878906,43.69499969482422,42.525001525878906,42.625,155167
2025-02-20,42.849998474121094,43.279998779296875,42.599998474121094,42.77000045776367,207956
2025-02-21,42.904998779296875,43.349998474121094,42.814998626708984,43.07500076293945,79829
2025-02-24,42.90999984741211,43.02000045776367,42.13999938964844,42.404998779296875,89635
2025-02-25,42.29999923706055,42.59000015258789,41.900001525878906,41.970001220703125,46032
2025-02-26,42.59000015258789,43.224998474121094,42.31999969482422,42.94499969482422,106403
2025-02-27,42.4900016784668,42.83000183105469,41.91999816894531,42.47999954223633,263140
2025-02-28,41.915000915527344,42.58000183105469,41.75,42.58000183105469,91970
2025-03-03,42.974998474121094,44.099998474121094,42.32500076293945,43.564998626708984,192581
2025-03-04,42.790000915527344,42.834999084472656,41.400001525878906,41.880001068115234,405449
2025-03-05,43.040000915527344,43.95000076293945,42.92499923706055,43.20500183105469,402919
2025-03-06,43.665000915527344,43.77000045776367,42.43000030517578,43.439998626708984,250301
2025-03-07,43.064998626708984,43.14500045776367,42.040000915527344,42.599998474121094,225312
2025-03-10,42.959999084472656,42.959999084472656,41.7599983215332,41.8650016784668,180643
2025-03-11,42.06999969482422,42.5,40.53499984741211,40.724998474121094,207686
2025-03-12,41.494998931884766,42.04999923706055,40.70000076293945,41.224998474121094,188622
2025-03-13,41.150001525878906,41.650001525878906,40.56999969482422,40.68000030517578,240069
2025-03-14,40.5,41.7599983215332,40.45000076293945,41.59000015258789,247764
2025-03-17,41.56999969482422,42.20000076293945,41.45000076293945,42.060001373291016,151474
2025-03-18,42.310001373291016,42.75,42.209999084472656,42.48500061035156,163410
2025-03-19,42.380001068115234,43.20000076293945,42.310001373291016,43.09000015258789,195415
2025-03-20,42.91999816894531,43.01499938964844,41.92499923706055,42.25,349522
2025-03-21,41.8849983215332,42.04499816894531,41.35499954223633,41.67499923706055,220174
2025-03-24,42.345001220703125,42.45000076293945,41.29999923706055,41.5,275089
2025-03-25,41.84000015258789,42.720001220703125,41.79999923706055,42.39500045776367,264655
2025-03-26,42.20000076293945,42.20000076293945,41.56999969482422,41.63999938964844,333318
2025-03-27,41.20000076293945,41.43000030517578,40.540000915527344,41.19499969482422,181368
2025-03-28,40.875,41.06999969482422,40.2400016784668,40.435001373291016,490494
2025-03-31,39.6349983215332,39.80500030517578,38.79999923706055,39.17499923706055,573421
2025-04-01,39.720001220703125,40.099998474121094,39.400001525878906,39.97999954223633,176295
2025-04-02,39.77000045776367,39.810001373291016,39.16999816894531,39.810001373291016,73852
2025-04-03,38.119998931884766,38.6349983215332,37.04499816894531,37.185001373291016,840456
2025-04-04,36.63999938964844,36.72999954223633,33.43000030517578,34.08000183105469,797143
2025-04-07,30.065000534057617,33.0,29.549999237060547,30.780000686645508,774086
2025-04-08,31.969999313354492,33.0,30.950000762939453,32.30500030517578,786293
2025-04-09,30.434999465942383,31.360000610351562,29.450000762939453,30.155000686645508,710441
2025-04-10,33.665000915527344,33.8650016784668,32.439998626708984,32.439998626708984,788063
2025-04-11,33.14500045776367,33.18000030517578,31.334999084472656,32.224998474121094,630392
2025-04-14,33.54999923706055,34.09000015258789,33.275001525878906,33.7400016784668,760872
2025-04-15,33.709999084472656,34.400001525878906,33.439998626708984,34.29999923706055,223513
2025-04-16,33.84000015258789,34.275001525878906,33.459999084472656,34.2400016784668,601520
2025-04-17,34.025001525878906,34.25,33.59000015258789,33.845001220703125,228488
2025-04-22,33.790000915527344,34.375,33.38999938964844,34.35499954223633,507077
2025-04-23,35.38999938964844,36.45000076293945,35.23500061035156,35.86000061035156,631896
2025-04-24,35.45000076293945,36.150001525878906,35.220001220703125,36.125,559860
2025-04-25,36.82500076293945,36.970001220703125,36.40999984741211,36.540000915527344,329253
2025-04-28,36.90999984741211,37.33000183105469,36.81999969482422,36.900001525878906,235325
2025-04-29,36.88999938964844,37.01499938964844,36.5,36.70500183105469,208546
2025-04-30,37.04499816894531,37.22999954223633,36.29999923706055,37.11000061035156,231090
2025-05-02,38.13999938964844,38.91999816894531,37.88999938964844,38.81999969482422,627216
2025-05-05,38.86000061035156,38.91999816894531,38.584999084472656,38.75,138571
2025-05-06,38.84000015258789,38.86000061035156,37.939998626708984,38.45000076293945,203383
2025-05-07,38.21500015258789,38.29499816894531,37.619998931884766,37.77000045776367,180697
2025-05-08,38.16999816894531,38.70000076293945,37.970001220703125,38.459999084472656,200543
2025-05-09,38.84000015258789,39.189998626708984,38.75,38.974998474121094,165253
2025-05-12,40.02000045776367,40.54999923706055,39.57500076293945,40.275001525878906,331441
2025-05-13,40.29499816894531,40.630001068115234,40.25,40.55500030517578,337551
2025-05-14,40.560001373291016,40.59000015258789,39.875,40.17499923706055,249372
2025-05-15,39.994998931884766,40.369998931884766,39.810001373291016,40.369998931884766,57192
2025-05-16,40.64500045776367,41.0,40.400001525878906,40.685001373291016,218951
2025-05-19,40.70500183105469,40.959999084472656,40.369998931884766,40.959999084472656,149243
2025-05-20,41.14500045776367,41.75,40.959999084472656,41.59000015258789,234713
2025-05-21,41.369998931884766,41.529998779296875,40.93000030517578,41.29999923706055,108091
2025-05-22,41.05500030517578,41.06999969482422,40.22999954223633,40.834999084472656,164528
2025-05-23,41.04499816894531,41.095001220703125,38.29999923706055,39.439998626708984,451738
2025-05-26,40.6150016784668,40.70000076293945,40.25,40.529998779296875,176316
2025-05-27,40.439998626708984,40.869998931884766,40.38999938964844,40.595001220703125,117247
2025-05-28,40.64500045776367,40.845001220703125,40.150001525878906,40.150001525878906,68033
2025-05-29,40.86000061035156,41.025001525878906,40.10499954223633,40.19499969482422,140109
2025-05-30,40.08000183105469,40.439998626708984,39.77000045776367,39.79999923706055,51837
2025-06-02,39.6150016784668,39.75,38.94499969482422,39.68000030517578,126106
2025-06-03,39.93000030517578,40.0,39.31999969482422,39.96500015258789,275539
2025-06-04,40.27000045776367,40.76499938964844,40.15999984741211,40.40999984741211,172845
2025-06-05,40.54499816894531,40.849998474121094,39.935001373291016,40.244998931884766,108879
2025-06-06,40.28499984741211,40.48500061035156,40.040000915527344,40.3849983215332,42097
2025-06-09,40.41999816894531,40.5,40.09000015258789,40.290000915527344,56725
2025-06-10,40.349998474121094,40.54999923706055,40.08000183105469,40.349998474121094,54228
2025-06-11,40.599998474121094,40.79999923706055,40.11000061035156,40.130001068115234,115053
2025-06-12,39.78499984741211,40.189998626708984,39.31999969482422,39.9900016784668,119698
2025-06-13,39.07500076293945,39.46500015258789,38.85499954223633,39.17499923706055,244558
2025-06-16,39.44499969482422,40.029998779296875,39.400001525878906,39.7400016784668,99772
2025-06-17,39.16999816894531,39.334999084472656,38.7599983215332,39.15999984741211,284752
2025-06-18,39.30500030517578,39.404998779296875,38.709999084472656,38.82500076293945,132873
2025-06-19,38.540000915527344,38.55500030517578,37.900001525878906,37.900001525878906,129013
2025-06-20,38.26499938964844,38.75,38.125,38.26499938964844,78001
2025-06-23,37.75,38.345001220703125,37.40999984741211,37.75,105921
2025-06-24,39.025001525878906,39.13999938964844,38.43000030517578,38.529998779296875,242627
2025-06-25,38.665000915527344,38.95000076293945,37.95000076293945,37.974998474121094,236897
2025-06-26,38.25,38.279998779296875,37.70000076293945,37.939998626708984,92525
2025-06-27,38.52000045776367,39.26499938964844,38.52000045776367,39.26499938964844,163639
2025-06-30,39.42499923706055,39.45000076293945,38.959999084472656,39.02000045776367,77901
2025-07-01,39.119998931884766,39.125,38.48500061035156,39.01499938964844,121317
2025-07-02,39.470001220703125,40.09000015258789,39.154998779296875,39.779998779296875,220226
2025-07-03,40.0,40.04999923706055,39.54499816894531,39.915000915527344,123644
2025-07-04,39.38999938964844,39.43000030517578,38.900001525878906,39.31999969482422,276695
2025-07-07,39.404998779296875,39.67499923706055,39.20000076293945,39.58000183105469,54400
2025-07-08,39.619998931884766,40.06999969482422,39.29999923706055,40.03499984741211,90249
2025-07-09,40.39500045776367,41.2400016784668,40.27000045776367,41.18000030517578,332458
2025-07-10,41.4900016784668,41.79999923706055,41.22999954223633,41.415000915527344,146195
2025-07-11,41.125,41.14500045776367,40.47999954223633,40.630001068115234,84426
2025-07-14,39.970001220703125,40.44499969482422,39.939998626708984,40.404998779296875,99110
2025-07-15,40.53499984741211,40.70000076293945,39.9900016784668,39.9900016784668,68409
2025-07-16,39.665000915527344,40.09000015258789,39.540000915527344,39.540000915527344,49639
2025-07-17,40.255001068115234,40.55500030517578,40.154998779296875,40.54999923706055,70667
2025-07-18,40.939998626708984,41.04999923706055,40.470001220703125,40.560001373291016,136940
2025-07-21,40.599998474121094,40.69499969482422,39.86000061035156,40.290000915527344,141945
2025-07-22,40.04499816894531,40.07500076293945,39.54999923706055,39.71500015258789,118765
2025-07-23,40.77000045776367,41.0,40.45500183105469,40.82500076293945,238716
2025-07-24,41.040000915527344,41.290000915527344,40.25,40.474998474121094,121286
2025-07-25,40.025001525878906,40.810001373291016,39.86000061035156,40.625,135856
2025-07-28,41.560001373291016,41.599998474121094,40.21500015258789,40.28499984741211,169233
2025-07-29,40.595001220703125,41.560001373291016,40.595001220703125,40.845001220703125,165445
2025-07-30,40.8650016784668,41.5,40.790000915527344,40.92499923706055,70512
2025-07-31,41.0,41.29999923706055,40.029998779296875,40.029998779296875,124631
2025-08-01,38.98500061035156,39.224998474121094,37.415000915527344,37.665000915527344,593148
2025-08-04,37.915000915527344,38.5,37.915000915527344,38.5,308507
2025-08-05,38.78499984741211,38.810001373291016,38.27000045776367,38.400001525878906,83229
2025-08-06,38.70000076293945,38.89500045776367,38.380001068115234,38.53499984741211,84648
2025-08-07,38.63999938964844,39.51499938964844,38.595001220703125,39.23500061035156,333464
2025-08-08,39.52000045776367,39.900001525878906,39.220001220703125,39.56999969482422,107146
2025-08-11,39.689998626708984,39.720001220703125,39.07500076293945,39.095001220703125,113866
2025-08-12,39.5099983215332,39.73500061035156,39.13999938964844,39.63999938964844,74188
2025-08-13,39.93000030517578,40.33000183105469,39.81999969482422,40.209999084472656,144693
2025-08-14,40.34000015258789,40.8650016784668,40.31999969482422,40.8650016784668,175730
2025-08-15,41.314998626708984,41.599998474121094,41.095001220703125,41.404998779296875,155221
2025-08-18,41.27000045776367,41.32500076293945,40.70000076293945,40.974998474121094,91245
2025-08-19,41.15999984741211,42.040000915527344,41.06999969482422,41.94499969482422,182530
2025-08-20,41.529998779296875,42.22999954223633,41.48500061035156,41.90999984741211,60294
2025-08-21,41.775001525878906,41.845001220703125,41.22999954223633,41.529998779296875,72691
2025-08-22,41.4900016784668,42.154998779296875,41.400001525878906,41.86000061035156,64852
2025-08-25,41.54999923706055,41.564998626708984,40.439998626708984,40.505001068115234,234199
2025-08-26,39.314998626708984,39.58000183105469,38.689998626708984,39.18000030517578,305733
2025-08-27,39.3849983215332,39.70000076293945,39.099998474121094,39.4900016784668,146887
2025-08-28,40.0,40.375,39.3849983215332,39.70500183105469,318285
2025-08-29,39.525001525878906,39.650001525878906,39.060001373291016,39.060001373291016,91638
2025-09-01,39.29999923706055,39.459999084472656,39.0,39.084999084472656,74500
2025-09-02,39.35499954223633,39.41999816894531,38.494998931884766,38.55500030517578,175679
2025-09-03,39.10499954223633,39.36000061035156,38.720001220703125,39.185001373291016,68619
2025-09-04,39.03499984741211,39.26499938964844,38.77000045776367,39.0,125205
2025-09-05,39.15999984741211,39.30500030517578,38.474998474121094,38.72999954223633,236514
2025-09-08,39.04999923706055,39.43000030517578,38.790000915527344,39.334999084472656,220352
2025-09-09,39.459999084472656,39.869998931884766,39.290000915527344,39.505001068115234,86135
2025-09-10,39.78499984741211,40.20500183105469,39.47999954223633,39.54499816894531,178626
2025-09-11,39.80500030517578,40.45500183105469,39.720001220703125,40.22999954223633,108476
2025-09-12,40.28499984741211,40.38999938964844,39.63999938964844,40.220001220703125,106477
2025-09-15,40.52000045776367,41.349998474121094,40.52000045776367,40.94499969482422,184085
2025-09-16,40.75,41.0,40.06999969482422,40.095001220703125,126644
2025-09-17,40.334999084472656,40.44499969482422,39.71500015258789,39.790000915527344,176827
2025-09-18,40.20000076293945,40.810001373291016,40.20000076293945,40.525001525878906,176559
2025-09-19,40.790000915527344,41.31999969482422,40.48500061035156,40.48500061035156,205016
2025-09-22,40.45000076293945,40.474998474121094,39.91999816894531,40.26499938964844,122632
2025-09-23,40.595001220703125,41.150001525878906,40.5,40.71500015258789,138971
2025-09-24,40.60499954223633,40.650001525878906,40.04499816894531,40.209999084472656,130124
2025-09-25,39.82500076293945,40.060001373291016,39.52000045776367,39.900001525878906,260473
2025-09-26,40.41999816894531,40.790000915527344,40.25,40.790000915527344,219353
2025-09-29,40.849998474121094,41.04999923706055,40.7400016784668,40.85499954223633,101519
2025-09-30,40.650001525878906,40.94499969482422,40.334999084472656,40.94499969482422,98182
2025-10-01,41.064998626708984,42.0,40.79999923706055,41.80500030517578,228358
2025-10-02,42.525001525878906,43.04999923706055,42.349998474121094,42.724998474121094,171973
2025-10-03,43.03499984741211,43.119998931884766,42.58000183105469,42.94499969482422,76331
2025-10-06,42.40999984741211,42.494998931884766,41.119998931884766,41.79499816894531,429784
2025-10-07,41.79499816894531,42.19499969482422,41.435001373291016,41.89500045776367,169566
2025-10-08,42.099998474121094,42.869998931884766,41.9900016784668,42.755001068115234,188016
2025-10-09,42.95500183105469,43.279998779296875,42.525001525878906,42.525001525878906,107189
2025-10-10,42.75,42.9900016784668,41.119998931884766,41.189998626708984,131692
2025-10-13,41.560001373291016,42.04499816894531,41.07500076293945,41.42499923706055,129425
2025-10-14,40.720001220703125,41.42499923706055,40.29999923706055,41.314998626708984,279402
2025-10-15,43.1150016784668,43.47999954223633,42.89500045776367,42.89500045776367,399378
2025-10-16,42.93000030517578,44.095001220703125,42.630001068115234,44.095001220703125,225601
2025-10-17,43.03499984741211,44.459999084472656,42.900001525878906,43.935001373291016,251182
2025-10-20,44.40999984741211,44.619998931884766,43.66999816894531,44.28499984741211,79281
2025-10-21,44.220001220703125,44.959999084472656,44.220001220703125,44.810001373291016,76260
2025-10-22,44.28499984741211,44.71500015258789,44.10499954223633,44.244998931884766,138532
2025-10-23,44.28499984741211,44.755001068115234,44.28499984741211,44.45000076293945,115399
2025-10-24,44.45130157470703,44.45130157470703,44.45130157470703,44.45130157470703,0
2025-10-27,44.45000076293945,44.724998474121094,44.18000030517578,44.58000183105469,81889
2025-10-28,44.3650016784668,44.619998931884766,44.21500015258789,44.310001373291016,62937
2025-10-29,44.09000015258789,44.43000030517578,43.9900016784668,44.15999984741211,101796
2025-10-30,43.75,44.220001220703125,43.220001220703125,43.70000076293945,190192
2025-10-31,43.66999816894531,43.775001525878906,43.1349983215332,43.32500076293945,148045
2025-11-03,43.1150016784668,43.625,43.02000045776367,43.150001525878906,63410
2025-11-04,42.01499938964844,42.73500061035156,41.619998931884766,42.73500061035156,396071
2025-11-05,42.16999816894531,43.029998779296875,42.16999816894531,42.78499984741211,247784
2025-11-06,42.19499969482422,42.470001220703125,41.494998931884766,41.54999923706055,148708
2025-11-07,41.8849983215332,42.01499938964844,41.025001525878906,41.45000076293945,122354
2025-11-10,42.32500076293945,42.779998779296875,42.19499969482422,42.57500076293945,175365
2025-11-11,42.82500076293945,43.73500061035156,42.82500076293945,43.57500076293945,169882
2025-11-12,43.974998474121094,44.939998626708984,43.880001068115234,44.4900016784668,421568
2025-11-13,44.98500061035156,45.290000915527344,44.349998474121094,44.41999816894531,99265
2025-11-14,43.86000061035156,44.03499984741211,42.790000915527344,43.68000030517578,238535
2025-11-17,43.755001068115234,43.80500030517578,43.095001220703125,43.209999084472656,111452
2025-11-18,42.084999084472656,42.25,41.154998779296875,41.61000061035156,314052
2025-11-19,41.529998779296875,41.970001220703125,41.05500030517578,41.43000030517578,308976
2025-11-20,42.439998626708984,42.52000045776367,41.685001373291016,41.685001373291016,234240
2025-11-21,40.904998779296875,41.849998474121094,40.880001068115234,41.709999084472656,356407
2025-11-24,42.060001373291016,42.25,41.470001220703125,41.53499984741211,250553
2025-11-25,41.72999954223633,42.310001373291016,41.290000915527344,42.185001373291016,281501
2025-11-26,42.64500045776367,42.91999816894531,42.165000915527344,42.875,271560
2025-11-27,42.82500076293945,43.06999969482422,42.689998626708984,42.8849983215332,177636
2025-11-28,42.935001373291016,43.22999954223633,42.73500061035156,43.154998779296875,113204
2025-12-01,42.70000076293945,43.064998626708984,42.314998626708984,42.880001068115234,280758
2025-12-02,42.84000015258789,43.380001068115234,42.70500183105469,42.70500183105469,159784
2025-12-03,42.81999969482422,43.0099983215332,42.45000076293945,42.849998474121094,122796
2025-12-04,43.099998474121094,43.36000061035156,42.970001220703125,43.20000076293945,202854
2025-12-05,43.41999816894531,43.599998474121094,43.11000061035156,43.11000061035156,165311
2025-12-08,42.86000061035156,43.060001373291016,42.755001068115234,43.029998779296875,128116
2025-12-09,43.22999954223633,43.33000183105469,42.380001068115234,42.459999084472656,139399
2025-12-10,42.220001220703125,42.34000015258789,41.970001220703125,42.11000061035156,90664
2025-12-11,42.310001373291016,43.0,41.9900016784668,42.78499984741211,158820
2025-12-12,42.89500045776367,43.5099983215332,42.59000015258789,42.59000015258789,176124
2025-12-15,42.900001525878906,43.55500030517578,42.880001068115234,43.17499923706055,149265
2025-12-16,43.01499938964844,43.43000030517578,42.790000915527344,42.93000030517578,114007
2025-12-17,43.08000183105469,43.29999923706055,42.650001525878906,42.76499938964844,129103
2025-12-18,42.7599983215332,43.595001220703125,42.7599983215332,43.435001373291016,147678
2025-12-19,43.415000915527344,43.720001220703125,43.25,43.48500061035156,184528
2025-12-22,43.29999923706055,43.345001220703125,42.875,43.1150016784668,182828
2025-12-23,43.03499984741211,43.16999816894531,42.76499938964844,42.90999984741211,63665
2025-12-24,43.1150016784668,43.13999938964844,42.974998474121094,43.13999938964844,32223
2025-12-29,42.94499969482422,43.17499923706055,42.72999954223633,42.9900016784668,123725
2025-12-30,42.869998931884766,43.76499938964844,42.84000015258789,43.564998626708984,102405
2025-12-31,43.345001220703125,43.380001068115234,43.060001373291016,43.33000183105469,100977
2026-01-02,43.25,44.20000076293945,43.244998931884766,43.94499969482422,189667
2026-01-05,44.290000915527344,44.525001525878906,43.68000030517578,44.06999969482422,187673
2026-01-06,44.02000045776367,44.54999923706055,43.5,44.369998931884766,198743
2026-01-07,44.459999084472656,44.474998474121094,44.04999923706055,44.33000183105469,157458
2026-01-08,44.189998626708984,44.540000915527344,43.9900016784668,44.380001068115234,127375
2026-01-09,44.79499816894531,45.654998779296875,44.790000915527344,45.63999938964844,236060
2026-01-12,45.470001220703125,45.84000015258789,45.14500045776367,45.61000061035156,103880
2026-01-13,45.43000030517578,45.599998474121094,45.08000183105469,45.474998474121094,67634
2026-01-14,45.875,46.029998779296875,45.29999923706055,45.30500030517578,78837
2026-01-15,45.3849983215332,45.45000076293945,44.880001068115234,45.119998931884766,119580
2026-01-16,45.10499954223633,45.150001525878906,44.29999923706055,44.48500061035156,138252
2026-01-19,43.04999923706055,43.57500076293945,42.75,42.94499969482422,398193
2026-01-20,42.29999923706055,42.46500015258789,41.75,42.43000030517578,265708
2026-01-21,42.415000915527344,42.744998931884766,41.92499923706055,42.5,263463
2026-01-22,43.52000045776367,43.75,43.27000045776367,43.29999923706055,349957
2026-01-23,42.95500183105469,43.36000061035156,42.7599983215332,43.244998931884766,119258
2026-01-26,43.185001373291016,43.42499923706055,42.880001068115234,43.130001068115234,90125
2026-01-27,43.33000183105469,43.54999923706055,43.0,43.34000015258789,86796
2026-01-28,42.810001373291016,42.810001373291016,41.959999084472656,42.435001373291016,238479
2026-01-29,42.95500183105469,43.23500061035156,42.44499969482422,42.45500183105469,217215
2026-01-30,42.564998626708984,43.189998626708984,42.529998779296875,43.0,158222
2026-02-02,42.56999969482422,43.814998626708984,42.54499816894531,43.56999969482422,189833
2026-02-03,43.959999084472656,44.154998779296875,43.02000045776367,43.53499984741211,127163
2026-02-04,43.86000061035156,44.81999969482422,43.845001220703125,44.43000030517578,355718
2026-02-05,44.7599983215332,44.97999954223633,43.67499923706055,44.165000915527344,145779
2026-02-06,43.89500045776367,44.689998626708984,43.470001220703125,44.54499816894531,107733
2026-02-09,44.779998779296875,45.04999923706055,44.375,45.04499816894531,130947
2026-02-10,45.349998474121094,45.560001373291016,44.9900016784668,45.119998931884766,111460
2026-02-11,45.11000061035156,45.42499923706055,44.58000183105469,44.974998474121094,92640
2026-02-12,46.22999954223633,46.29999923706055,45.20000076293945,45.209999084472656,205997
2026-02-13,44.91999816894531,45.130001068115234,44.55500030517578,44.8650016784668,145497
2026-02-16,44.9900016784668,45.38999938964844,44.970001220703125,44.97999954223633,74017
2026-02-17,45.04999923706055,45.529998779296875,44.709999084472656,45.45500183105469,92114
2026-02-18,45.709999084472656,46.27000045776367,45.560001373291016,46.16999816894531,192322
2026-02-19,45.90999984741211,45.95500183105469,45.310001373291016,45.790000915527344,116853
2026-02-20,46.16999816894531,47.349998474121094,46.084999084472656,47.119998931884766,156122
2026-02-23,46.935001373291016,47.29999923706055,46.7599983215332,46.89500045776367,69867
2026-02-24,46.66999816894531,47.439998626708984,46.470001220703125,47.1150016784668,44481
2026-02-25,47.494998931884766,47.599998474121094,47.23500061035156,47.54999923706055,55753
2026-02-26,47.77000045776367,48.4900016784668,47.77000045776367,48.22999954223633,75616
2026-02-27,48.209999084472656,48.470001220703125,47.52000045776367,47.83000183105469,107255
2026-03-02,45.654998779296875,46.47999954223633,45.52000045776367,45.70000076293945,233139
2026-03-03,44.47999954223633,44.59000015258789,42.3849983215332,42.59000015258789,643472
2026-03-04,42.775001525878906,43.66999816894531,42.40999984741211,43.23500061035156,436568
2026-03-05,42.7599983215332,43.7400016784668,41.744998931884766,41.904998779296875,518824
2026-03-06,42.095001220703125,42.560001373291016,40.54999923706055,41.380001068115234,819025
2026-03-09,39.46500015258789,40.665000915527344,39.04999923706055,40.55500030517578,1200634
2026-03-10,42.06999969482422,42.5,41.35499954223633,42.005001068115234,447668
2026-03-11,41.279998779296875,41.970001220703125,40.970001220703125,41.775001525878906,285561
2026-03-12,41.400001525878906,41.72999954223633,40.505001068115234,41.21500015258789,189938
2026-03-13,40.435001373291016,41.540000915527344,40.064998626708984,40.494998931884766,232495
2026-03-16,40.540000915527344,41.040000915527344,39.900001525878906,40.71500015258789,243491
2026-03-17,40.619998931884766,41.59000015258789,40.57500076293945,41.130001068115234,148172
2026-03-18,41.599998474121094,42.04499816894531,40.79499816894531,41.064998626708984,234514
2026-03-19,39.95500183105469,40.22999954223633,39.07500076293945,39.42499923706055,623534
2026-03-20,40.0,40.1349983215332,37.95000076293945,37.98500061035156,654796
